manual_apply_status,manual_applied_at,manual_comment,manual_match_source,score,title,company,work_arrangement,office_location,remote_region,location,application_url,source_url,score_reasoning,apply_status,apply_error,tailored_resume_path,cover_letter_path,discovered_at
,,,,8,Agile Project Manager,Everforth ECS,remote,,,"Remote, US (Remote)",https://recruiting.adp.com/srccsh/public/RTI.home?r=5001197391406&c=2201039&d=ExternalCareerSite&rb=INDEED&idUnique=5001197391406,https://www.indeed.com/viewjob?jk=28de63ff303a47e6,"Agile Project Manager, Scrum, Kanban, SAFe, project management, cross-functional teams, Jira, data management, AI/ML readiness, stakeholder management
Brianna has strong experience as a Technical Project Manager with a solid background in Agile methodologies, including leading scrum ceremonies and managing cross-functional teams. She has relevant project management experience and familiarity with tools like Jira, which aligns well with the job requirements. While she may not have direct experience with Azure Boards or MS Planner, her skills in Agile project management and data initiatives make her a strong candidate for the role.",,,,,2026-05-14T21:50:40.094592+00:00
,,,,8,Agile Project Manager,Pinnacle Method Consulting,remote,,,Remote,,https://www.linkedin.com/jobs/view/4414436932,"Agile, Scrum, project management, cross-functional teams, Jira, Kanban, data analytics, communication
Brianna has strong experience in Agile project management, having led scrum ceremonies and managed cross-functional teams in her previous roles. She possesses relevant technical skills and has a solid understanding of project management tools like Jira, making her a strong candidate for this position. Minor gaps in specific Agile metrics and tools could be easily bridged given her background.",,,,,2026-05-14T21:40:03.505024+00:00
,,,,8,AI Technical Project Manager - Remote Work,BairesDev,remote,,,Remote,,https://www.linkedin.com/jobs/view/4414154751,"AI, automation, workflows, project management, JIRA, technical program management, operational efficiency, prototyping, scaling solutions
Brianna has strong experience in technical project management, particularly in AI and automation, which aligns well with the job requirements. Her work with NLP-powered workflows and AI-driven document processing demonstrates her ability to lead initiatives that streamline operational processes. While she has relevant experience, there may be minor gaps in specific tools or frameworks mentioned in the job description that could be bridged with some additional training.",,,,,2026-05-14T21:37:59.870693+00:00
,,,,8,Associate Product Manager,"Mastery Logistics Systems, Inc.",remote,,,"Remote, US (Remote)",https://ats.rippling.com/mastery-logistics-systems/jobs/d72afa67-a2cb-47b7-941e-88e89a62174e?jobSite=Indeed,https://www.indeed.com/viewjob?jk=234d69a36136e9d0,"product management, software business analysis, enterprise B2B SaaS, scrum, documentation, user advocacy, logistics, supply chain
Brianna has strong experience in product management and technical project management, particularly in data and AI platforms, which aligns well with the responsibilities of the Associate Product Manager role. She has demonstrated her ability to work with engineering teams and manage product requirements, though she lacks direct logistics or supply chain experience, which is a minor gap that could be bridged.",,,,,2026-05-14T21:37:59.870693+00:00
,,,,8,Associate Project Manager,RemoteHunter,remote,,,Remote,,https://www.linkedin.com/jobs/view/4414741193,"project management, Agile, Waterfall, IT projects, communication skills, risk mitigation, status reporting
Brianna has strong project management experience, particularly in Agile methodologies, which aligns well with the job requirements. She has over three years of experience managing technical projects and teams, demonstrating effective communication skills and familiarity with project management practices. While she may not have direct experience with SharePoint, her extensive background in managing IT projects and leading scrum ceremonies positions her as a strong candidate for this role.",,,,,2026-05-14T21:33:49.397717+00:00
,,,,8,"Associate Project Manager, Product and Data",Horizon Media,unknown,,,,,https://www.linkedin.com/jobs/view/4411510278,"project management, agile, scrum, data analytics, stakeholder management, Jira, communication, process improvement
Brianna has strong project management experience, particularly in technical environments, and has led agile teams effectively. Her background in data and analytics, along with her experience managing cross-functional teams, aligns well with the requirements of the Associate Project Manager role. While she may not have direct experience in media or ad tech, her skills in managing complex projects and stakeholder engagement make her a strong candidate.",,,,,2026-05-14T21:49:36.838746+00:00
,,,,8,Delivery Lead,Halo Media,unknown,,,,,https://www.linkedin.com/jobs/view/4414105916,"Delivery Lead, project management, Agile, Scrum, financial management, client relationship management, communication skills, continuous improvement
Brianna has strong experience in project management and Agile methodologies, having led scrum ceremonies and managed multiple projects with significant budgets. Her technical background in data and analytics, along with her ability to communicate effectively with stakeholders, aligns well with the requirements of the Delivery Lead role. While she has relevant experience, there may be minor gaps in specific financial management aspects that could be bridged with her existing skills.",,,,,2026-05-14T21:37:59.870693+00:00
,,,,8,Information Technology Project Manager,Call Quest Solution,remote,,,Remote,,https://www.linkedin.com/jobs/view/4414104991,"IT Project Manager, project scope, timelines, budgets, Agile, Scrum, communication, leadership, remote teams
The candidate has extensive experience in project management, particularly in technical environments, and has successfully led Agile and Scrum ceremonies. While they have strong leadership and communication skills, they do not explicitly mention a PMP certification, which is preferred for this role. Overall, they possess most of the required skills and experience, making them a strong match for the position.",,,,,2026-05-14T21:33:49.397717+00:00
,,,,8,IT Business Analyst III,Gama-1 Technologies,remote,,,"Remote, US (Remote)",https://secure.entertimeonline.com/ta/PayServ214003.careers?ShowJob=503664643,https://www.indeed.com/viewjob?jk=20bddd88e1307b39,"Scrum Master, Agile delivery, business analysis, project delivery, operational support, user stories, process improvement, documentation
The candidate has strong experience in Agile project management and has served as a Scrum Master, which aligns well with the job requirements. They have demonstrated skills in facilitating Agile ceremonies and collaborating with cross-functional teams, though they may lack specific certifications mentioned in the job description. Overall, they possess the necessary skills and experience to transition smoothly into this role.",,,,,2026-05-14T21:33:49.397717+00:00
,,,,8,Junior Project Manager,NineTwoThree AI Studio,remote,,,Remote,,https://www.linkedin.com/jobs/view/4413471203,"project management, Agile, Scrum, software development, communication, documentation, user stories
Brianna has extensive experience as a Technical Project Manager, demonstrating strong skills in Agile methodologies and project management, which align well with the job requirements. While she has more experience than the minimum required, her background in managing software development projects and her technical knowledge make her a strong candidate for this Junior Project Manager role.",,,,,2026-05-14T21:40:03.505024+00:00
,,,,8,Lead Technical Project Manager - Remote,Experian,hybrid,Remote,,Remote,,https://www.linkedin.com/jobs/view/4414517661,"Technical Project Manager, Agile methodologies, project management tools, SDLC, cloud platforms, executive reporting, financial institutions
Brianna has strong experience as a Technical Project Manager, particularly in data and AI platforms, which aligns well with the job's focus on delivering analytical solutions. Her background in leading Agile projects, managing cross-functional teams, and working with financial institutions positions her as a strong candidate, though she may need to bridge some gaps in specific technologies mentioned in the job description.",,,,,2026-05-14T21:33:49.397717+00:00
,,,,8,Middle Project Manager,NineTwoThree AI Studio,remote,,,Remote,,https://www.linkedin.com/jobs/view/4414609807,"project management, Agile, AI, software development, communication, testing, documentation
Brianna has strong experience as a Technical Project Manager, particularly in AI and data-driven projects, which aligns well with the job requirements. She has over 4 years of managing software development projects, excellent communication skills, and experience in Agile environments, making her a strong candidate for the role. Minor gaps may include specific experience with manual testing and distributed team management, but these can be bridged easily.",,,,,2026-05-14T21:40:03.505024+00:00
,,,,8,Product Manager 1 - (AI Focus),Principal Financial Group,hybrid,"Remote, US (Remote)",,"Remote, US (Remote)",https://careers.principal.com/us/jobs/51132/job?utm_source=indeed_integration&iis=Job%20Board&iisn=Indeed&indeed-apply-token=73a2d2b2a8d6d5c0a62696875eaebd669103652d3f0c2cd5445d3e66b1592b0f,https://www.indeed.com/viewjob?jk=a22f6bcc0fa2c1e3,"Product Management, AI, Data Science, Agile, JIRA, Stakeholder Management, KPIs, Cost-Benefit Analysis, Data Pipelines
Brianna has strong experience in product management, particularly in AI and data-related projects, which aligns well with the job's focus on AI-enabled products. She has demonstrated skills in stakeholder management, defining metrics, and using tools like JIRA, which are essential for this role. While she has relevant experience, there may be minor gaps in direct financial services experience, but her technical background and project management skills make her a strong candidate.",,,,,2026-05-14T21:31:37.952938+00:00
,,,,8,Product Manager I,Ad Hoc,remote,,,"Remote, US (Remote)",https://adhoc.hrmdirect.com/employment/view.php?req=3710904&jbsrc=1014&location=02e8ea78-dec7-490b-cfbf-a60f1ead3f16,https://www.indeed.com/viewjob?jk=ac7c90c7f7876ca9,"Product Manager, Agile, Scrum, JIRA, Confluence, data governance, user stories, collaboration, continuous improvement
Brianna has strong experience as a Technical Project Manager and Product Manager, with a solid background in Agile methodologies and running Scrum ceremonies. She is familiar with JIRA and has demonstrated the ability to manage teams and deliver projects effectively, aligning well with the job's requirements. While she lacks specific experience with FHIR terminology, her extensive project management and data governance experience makes her a strong candidate for the role.",,,,,2026-05-14T21:33:49.397717+00:00
,,,,8,Product Operations Associate,Victory Live,remote,,,"Remote, US (Remote)",https://ticketevolution.applytojob.com/apply/bXadMQNHfN/Product-Operations-Associate?source=INDE&~,https://www.indeed.com/viewjob?jk=3bd70671b4d7b249,"product management, Agile, Scrum, Jira, dashboards, communication, operations, analytics, automation
Brianna has strong experience in product management and project coordination, particularly in technical environments, which aligns well with the responsibilities of the Product Operations Associate role. She has demonstrated skills in Agile methodologies, Jira management, and creating dashboards, which are key requirements for the position. While she may not have direct experience in the ticketing or marketplace industry, her technical background and analytical mindset make her a strong candidate for this role.",,,,,2026-05-14T21:37:59.870693+00:00
,,,,8,Product Operations Intern,Roadie,remote,,,"Remote, US (Remote)",https://job-boards.greenhouse.io/roadie/jobs/8544156002,https://www.indeed.com/viewjob?jk=1ae2415552e975d9,"project management, Jira, Agile, documentation, collaboration, operations, product development
The candidate has strong experience in project management and Agile methodologies, evidenced by their roles as a Technical Project Manager and Product Manager. They have utilized Jira and have a solid understanding of documentation processes, making them a strong fit for the internship. While they may not have direct experience as an intern, their extensive project management background and familiarity with relevant tools suggest they can quickly adapt to the role.",,,,,2026-05-14T21:42:01.891331+00:00
,,,,8,Product Owner,Mutual of Omaha,remote,,,"Remote, US (Remote)",https://www.mutualofomaha.com/careers/jobs/detail/504814,https://www.indeed.com/viewjob?jk=2e5416e641318379,"Product Owner, Agile, backlog prioritization, stakeholder collaboration, leadership, data-driven decision-making, insurance industry, technical knowledge
Brianna has strong experience as a Technical Project Manager and Product Manager, demonstrating her ability to lead cross-functional teams and manage product backlogs effectively. She has a solid understanding of Agile methodologies and has worked on data governance and analytics projects, which aligns well with the job's requirements. While she may not have direct experience in the insurance industry, her technical skills and project management background make her a strong candidate for this role.",,,,,2026-05-14T21:31:37.952938+00:00
,,,,8,Product Owner,Realtime Clinical Trial Management Systems,remote,,,"Remote, US (Remote)",https://workforcenow.adp.com/mascsr/default/mdf/recruitment/recruitment.html?cid=9054646f-9aae-42c8-8167-93d86fefbae4&ccId=19000101_000001&jobId=573528&source=IN&lang=en_US,https://www.indeed.com/viewjob?jk=3a4de16dfbca176c,"Product Owner, Agile Development, Scrum, Backlog Management, User Stories, Functional Specifications, SaaS, Cross-functional Teams, JIRA
Brianna has strong experience as a Technical Project Manager and Product Manager, demonstrating her ability to translate product requirements into actionable tasks and manage backlogs effectively. Her familiarity with Agile methodologies and tools like JIRA aligns well with the job requirements, although she lacks direct experience as a Product Owner, which is a minor gap that could be bridged. Overall, her skills and experience make her a strong match for the role.",,,,,2026-05-14T21:37:59.870693+00:00
,,,,8,Project Coordinator,Sourcedpeople,unknown,,,,,https://www.linkedin.com/jobs/view/4414544095,"project management, administrative tasks, project coordination, Jira, Agile, team player, documentation, resource management
Brianna has extensive experience in project management and coordination, particularly in technical environments. Her background in managing projects, leading scrum ceremonies, and using tools like Jira aligns well with the requirements of the Project Coordinator role. While she may not have direct experience in e-commerce projects, her strong organizational and communication skills, along with her technical knowledge, make her a strong candidate for this position.",,,,,2026-05-14T21:40:03.505024+00:00
,,,,8,Project Coordinator,Tundra Technical Solutions,unknown,,,,,https://www.linkedin.com/jobs/view/4414212842,"project management, technology initiatives, documentation, reporting, organizational skills, Jira, Agile
Brianna has extensive experience in project management and technical roles, particularly in technology and data-driven environments. While she has more experience than the job requires, her skills in Agile methodologies, documentation, and communication align well with the responsibilities of a Project Coordinator. The only minor gap is her specific experience in a pure project coordination role, but her background suggests she can easily adapt to this position.",,,,,2026-05-14T21:44:13.352357+00:00
,,,,8,Project Coordinator (Scrum),OP,unknown,,,,,https://www.linkedin.com/jobs/view/4412998036,"Project Coordinator, Scrum Master, Agile, Jira, Confluence, delivery metrics, stakeholder communication, coordination, technical environments
Brianna has extensive experience in project management and Agile methodologies, having led scrum ceremonies and managed teams effectively in her previous roles. Her familiarity with tools like Jira and her ability to track project metrics align well with the job requirements, making her a strong candidate despite not having a specific certification in Scrum.",,,,,2026-05-14T21:40:03.505024+00:00
,,,,8,Project Management Officer,HFM,unknown,,,,,https://www.linkedin.com/jobs/view/4411156637,"Project Management, Product Management, Agile Development, User Flows, API, Jira, Figma, Timelines, Dependencies, Risk Management
Brianna has strong project management experience, particularly in technical environments, and has worked closely with cross-functional teams. She demonstrates proficiency in managing complex projects and has relevant skills in user flow creation and API-driven systems, which align well with the job requirements. Minor gaps in direct fintech experience could be bridged quickly given her background in data and analytics.",,,,,2026-05-14T21:31:37.952938+00:00
,,,,8,Project Manager,6ix,unknown,,,,,https://www.linkedin.com/jobs/view/4414606518,"Project Management, Scrum, Agile, KPIs, OKRs, communication, documentation, cross-functional team
Brianna has extensive experience in project management and Agile methodologies, demonstrated through her roles as a Technical Project Manager and Product Manager. She has successfully led teams, managed budgets, and communicated effectively with stakeholders, aligning well with the job's requirements. While she may not have specific experience in performance marketing projects, her strong project management skills and adaptability suggest she could bridge any minor gaps quickly.",,,,,2026-05-14T21:50:40.094592+00:00
,,,,8,PROJECT MANAGER,Atos,remote,,,"Remote, US (Remote)",https://jobs.atos.net/job/Remote-Home-PROJECT-MANAGER/1392538133/,https://www.indeed.com/viewjob?jk=3348aa4af1cdee09,"Project Management, Agile, SAFe, cross-functional teams, stakeholder management, digital transformation, data-driven solutions, customer-facing solutions
Brianna has strong project management experience, particularly in Agile environments, which aligns well with Atos's requirements. Her background in managing cross-functional teams and delivering complex solutions demonstrates her capability to lead projects effectively. While she has relevant experience, she may need to bridge minor gaps in specific SAFe methodologies and large-scale enterprise transformation programs.",,,,,2026-05-14T21:36:03.741595+00:00
,,,,8,PROJECT MANAGER,Atos,remote,,,"Remote, US (Remote)",https://jobs.atos.net/job/Remote-Home-PROJECT-MANAGER/1393494833/,https://www.indeed.com/viewjob?jk=26183c56ed3b2f89,"Project Management, Agile, SAFe, cross-functional teams, stakeholder management, performance metrics, digital transformation, data-driven insights
Brianna has strong project management experience, particularly in Agile environments, which aligns well with the job requirements. She has demonstrated leadership in managing cross-functional teams and delivering complex projects, although she may need to bridge some gaps in specific SAFe methodologies and large-scale service operations. Overall, her skills and experiences make her a strong candidate for the role.",,,,,2026-05-14T21:33:49.397717+00:00
,,,,8,Project Manager,Codekeeper,remote,,,Remote,,https://www.linkedin.com/jobs/view/4413976971,"Project Manager, Agile Development, Scrum Management, Communication, Problem-Solving, Organizational Skills, Data Pipelines, SQL, Python
Brianna has strong project management experience, particularly in technical environments, and has demonstrated her ability to lead teams and manage complex projects effectively. Her skills in Agile methodologies, communication, and problem-solving align well with the job requirements, although she may need to familiarize herself with specific tools mentioned in the job description. Overall, she is a strong match for the role.",,,,,2026-05-14T21:50:40.094592+00:00
,,,,8,Project Manager,CSG,hybrid,"Remote, US (Remote)",,"Remote, US (Remote)",https://csgi.wd5.myworkdayjobs.com/en-US/CSGCareers/job/United-States-Remote/Project-Manager_31900-1,https://www.indeed.com/viewjob?jk=77035283329ced6e,"Project Management, Agile, Stakeholder Management, Risk Management, Communication, Scrum, Budget Management
Brianna has strong project management experience, particularly in Agile environments, and has successfully managed multiple projects with significant budgets. She demonstrates effective communication and stakeholder management skills, which align well with the job requirements. While she has relevant experience, the job description emphasizes a need for specific project management certifications, which may be a minor gap.",,,,,2026-05-14T21:36:03.741595+00:00
,,,,8,Project Manager,Plusgrade,unknown,,,,,https://www.linkedin.com/jobs/view/4414607384,"project management, SaaS, technical implementation, risk management, AI tools, product delivery, client-facing projects, data governance, Agile, NLP
Brianna has strong experience in technical project management, particularly in SaaS environments, and has successfully led multiple projects that align with the job's requirements. Her background in managing complex projects, understanding technical and business needs, and utilizing AI tools positions her well for this role, although she may need to familiarize herself with the specific travel tech ecosystem.",,,,,2026-05-14T21:44:13.352357+00:00
,,,,8,Project Manager,RedStream Technology,hybrid,Remote,,Remote,,https://www.linkedin.com/jobs/view/4412168034,"Project Manager, Technology Implementation, Agile, AI, automation, delivery methodologies, Jira, risk tracking, status reporting
Brianna has strong project management experience, particularly in technology and data-driven environments, which aligns well with the role's requirements. She has utilized Agile methodologies and has experience with tools like Jira, making her a strong candidate despite being slightly overqualified for an early-career position. Her background in AI and automation further enhances her fit for the role.",,,,,2026-05-14T21:40:03.505024+00:00
,,,,8,Project Manager,The Project Shop,hybrid,"Remote, US (Remote)",,"Remote, US (Remote)",http://www.indeed.com/job/project-manager-f2a1b25d6979c8c7,https://www.indeed.com/viewjob?jk=f2a1b25d6979c8c7,"project management, Agile, Scrum, stakeholder management, process improvement, operational excellence, communication skills, Jira, collaboration tools
Brianna has strong project management experience, particularly in technical environments, and has demonstrated her ability to lead cross-functional teams and manage multiple projects simultaneously. Her familiarity with Agile methodologies and tools like Jira aligns well with the job requirements, though she may need to adapt to specific tools mentioned in the job description. Overall, she is a strong match with minor gaps that can be bridged.",,,,,2026-05-14T21:31:37.952938+00:00
,,,,8,Project Manager (English Speaking),Jobgether,hybrid,Remote,,Remote,,https://www.linkedin.com/jobs/view/4414127420,"Project Manager, Agile, Scrum, software development, communication skills, stakeholder management, project roadmaps, Jira
Brianna has extensive experience as a Technical Project Manager, particularly in Agile environments, which aligns well with the job requirements. She has managed multiple projects, worked with cross-functional teams, and utilized project management tools like Jira, demonstrating strong coordination and communication skills. While she lacks direct experience in the banking or fintech industries, her project management skills and technical background make her a strong candidate for the role.",,,,,2026-05-14T21:40:03.505024+00:00
,,,,8,Project Manager - Remote Work,BairesDev,remote,,,Remote,,https://www.linkedin.com/jobs/view/4414190184,"Project Manager, Agile, communication, technology projects, budget management, team coordination
Brianna has strong project management experience, particularly in technical environments, which aligns well with the requirements of the role. She demonstrates proficiency in Agile methodologies and has a solid background in managing budgets and coordinating teams, making her a strong candidate for this position. Minor gaps in specific technology implementation experience could be bridged easily.",,,,,2026-05-14T21:40:03.505024+00:00
,,,,8,Project Manager | Remote,Crossing Hurdles,remote,,,Remote,,https://www.linkedin.com/jobs/view/4414480381,"Agile methodologies, Scrum, project management, risk assessment, budget management, resource allocation, SDLC, communication skills
Brianna has strong experience in project management, particularly with Agile and Scrum methodologies, which aligns well with the job requirements. She has demonstrated budget management and resource allocation skills in her previous roles, and her technical background in data and AI platforms adds value to her candidacy. Minor gaps in specific risk assessment experience could be bridged with her existing skills.",,,,,2026-05-14T21:40:03.505024+00:00
,,,,8,Scrum Master,Helic & Co.,unknown,,,,,https://www.linkedin.com/jobs/view/4414622235,"Scrum Master, Agile practices, Scrum framework, facilitate Scrum ceremonies, coaching, Agile metrics, Jira
Brianna has strong experience in Agile project management, having led scrum ceremonies and tracked OKRs for engineering teams. Her background in facilitating Agile practices and managing projects aligns well with the responsibilities of a Scrum Master, although she lacks a specific Scrum Master certification. Overall, she is a strong match for the role with minor gaps that could be bridged.",,,,,2026-05-14T21:29:36.448824+00:00
,,,,8,Technical Client Engagement Manager,Aspira,remote,,,"Remote, US (Remote)",https://grnh.se/b53rq2v19us,https://www.indeed.com/viewjob?jk=1eb7a61564811435,"Agile Delivery, Sprint Management, Jira, Project Management, Client Engagement, Change Management, Technical Leadership, Multi-Client Project Management
Brianna has strong project management experience, particularly in Agile environments, and has demonstrated proficiency with Jira, which aligns well with the job requirements. Her background in managing technical projects and leading teams in a software development context makes her a strong candidate, though she may need to bridge minor gaps in specific client engagement strategies and SLA management.",,,,,2026-05-14T21:33:49.397717+00:00
,,,,8,Technical Program Manager,Abnormal AI,unknown,,,,,https://www.linkedin.com/jobs/view/4413783610,"Technical Program Manager, AI-driven SaaS products, project management, Agile, SQL, communication, software engineering, product lifecycle management
Brianna has strong experience as a Technical Project Manager with a focus on AI and data-driven products, which aligns well with the role's requirements. She has demonstrated skills in project management, Agile methodologies, and technical communication, making her a strong candidate. While she has relevant experience, the job specifies a need for 1-3 years in a Technical Program Manager role, which she may not fully meet, resulting in a minor gap.",,,,,2026-05-14T21:46:30.549281+00:00
,,,,8,Technical Program Manager,Hanson Consulting Group,unknown,,,,,https://www.linkedin.com/jobs/view/4413843297,"Technical Program Manager, software development lifecycle, Agile delivery, requirements, functional specifications, project management, compliance, security
Brianna has strong experience in technical project management, particularly in data and AI platforms, which aligns well with the responsibilities of the Technical Program Manager role. She has demonstrated skills in writing requirements, managing delivery timelines, and working with engineering teams, though she may need to bridge minor gaps in specific Agile tools mentioned in the job description. Overall, her background in managing complex projects and cross-functional teams makes her a strong candidate for this position.",,,,,2026-05-14T21:44:13.352357+00:00
,,,,8,Technical Program Manager - AI & Security/Executive /leadershp level communication,Ahura Workforce Solutions,remote,,,Remote,,https://www.linkedin.com/jobs/view/4414492446,"Technical Program Manager, AI, ML, Project Management, Executive Communication, Security, Stakeholders
Brianna has strong experience in technical project management with a focus on AI and ML, demonstrated through her roles involving NLP and machine learning models. She has also shown proficiency in executive communication and stakeholder management, which aligns well with the job requirements. While she may not have direct experience in security principles, her background in data governance and product management in data-centric environments suggests she could bridge that gap effectively.",,,,,2026-05-14T21:46:30.549281+00:00
,,,,8,Technical Project Manager,Gravitate,unknown,,,,,https://www.linkedin.com/jobs/view/4411529384,"Technical Project Manager, SaaS integrations, APIs, data mapping, project management, Agile, customer-facing delivery, integration testing, UAT, production cutover
The candidate has strong experience as a Technical Project Manager, particularly in managing technical projects and integrations, which aligns well with the job requirements. They have demonstrated skills in coordinating with multiple stakeholders and managing timelines, as well as a solid understanding of APIs and data pipelines. While they may not have direct experience in the fuel or logistics sectors, their background in data governance and machine learning projects indicates they can bridge any minor gaps effectively.",,,,,2026-05-14T21:29:36.448824+00:00
,,,,8,Technical Project Manager,Insight Global,remote,,,Remote,,https://www.linkedin.com/jobs/view/4413194470,"Technical Program Management, Agile delivery, engineering teams, project management, communication, AI workflow, GitHub, digital commerce
Brianna has extensive experience as a Technical Project Manager, demonstrating strong skills in Agile delivery, managing engineering teams, and translating requirements into execution plans. She has relevant project experience with data and AI platforms, which aligns well with the job's focus on digital commerce initiatives, though she lacks specific experience with GitHub and CPG environments. Overall, she is a strong match with minor gaps that could be bridged.",,,,,2026-05-14T21:44:13.352357+00:00
,,,,8,Technical Project Manager,MANTECH,remote,,,"Remote, US (Remote)",https://careers.mantech.com/en_US/careers/JobDetail/Technical-Project-Manager/63789,https://www.indeed.com/viewjob?jk=e0d7afed313dc9ea,"Technical Project Manager, Agile, project management, vendor integration, project documentation, resource plans, schedules
Brianna has strong experience as a Technical Project Manager, particularly in agile environments, which aligns well with the job requirements. She has demonstrated her ability to manage complex projects, lead technical teams, and develop detailed project documentation. While she lacks specific experience with cyber risk and compliance automation tools, her technical background and project management skills make her a strong candidate for the role.",,,,,2026-05-14T21:31:37.952938+00:00
,,,,8,Technical Project Manager,Norstella,remote,,,"Remote, US (Remote)",https://careers.norstella.com/jobs/17733290-technical-project-manager?tm_job=R-1957&tm_event=view&tm_company=90918,https://www.indeed.com/viewjob?jk=40ba07f0b140f9a4,"Technical Project Manager, project management, data solutions, cross-functional teams, client communication, Agile, risk management, healthcare IT
Brianna has strong experience as a Technical Project Manager, particularly in managing large projects and cross-functional teams. She has relevant experience in data solutions and has demonstrated effective client communication and project management skills, which align well with the job requirements. While she lacks specific healthcare IT experience, her background in data governance and analytics can be leveraged in this role, making her a strong candidate.",,,,,2026-05-14T21:33:49.397717+00:00
,,,,8,Technical Project Manager,System One,hybrid,,,,,https://www.linkedin.com/jobs/view/4411501234,"Technical Project Manager, Agile, Scrum, BI reporting, Power BI, compliance, project plans, status reports, Risk, Audit
Brianna has strong experience as a Technical Project Manager, particularly in managing complex projects and utilizing Agile methodologies. She has hands-on experience with Power BI and analytics platforms, which aligns well with the job requirements. While she may not have direct experience in compliance or risk environments, her project management skills and technical background make her a strong candidate for the role.",,,,,2026-05-14T21:29:36.448824+00:00
,,,,8,Technical Project Manager,Yalo,unknown,,,,,https://www.linkedin.com/jobs/view/4410354262,"Technical Project Manager, SaaS, AI, Agile, Scrum, Jira, API integrations, product management, Python, data governance
The candidate has strong experience as a Technical Project Manager with a focus on AI-driven solutions and SaaS projects, which aligns well with the job requirements. They have demonstrated proficiency in Agile methodologies and tools like Jira, and their background in Python and data governance adds to their technical skill set. While they may not have direct experience with all specific technologies mentioned in the job posting, their relevant project management and technical experience suggest they could bridge any minor gaps effectively.",,,,,2026-05-14T21:33:49.397717+00:00
,,,,8,Technical Project Manager (TPM),The Cadmus Group,unknown,,,,,https://www.linkedin.com/jobs/view/4403524849,"Technical Project Manager, Agile, data engineering, analytics, machine learning, cross-functional projects, Jira, risk management, automation, communication
Brianna has strong experience as a Technical Project Manager, particularly in data and AI platforms, which aligns well with the job's requirements. She has demonstrated her ability to manage cross-functional teams and projects, lead Agile ceremonies, and work with data engineering and analytics teams. While she lacks specific experience in the automotive entertainment space, her technical proficiency and project management skills make her a strong candidate for the role.",,,,,2026-05-14T21:31:37.952938+00:00
,,,,7,(US) Customer Operation Launch Manager,PointClickCare,unknown,,,,,https://www.linkedin.com/jobs/view/4403994467,"project management, product management, cross-functional teams, SaaS, customer support, healthcare systems, data-driven process improvement, communication skills
Brianna has strong project management and product management experience, particularly in SaaS environments, which aligns well with the job requirements. While she lacks direct experience in healthcare systems, her skills in managing cross-functional teams and implementing data-driven strategies suggest she could adapt to this role with some training.",,,,,2026-05-14T21:48:33.976678+00:00
,,,,7,AI Application Specialist,Motorola Solutions,remote,,,Texas Remote Work,https://motorolasolutions.wd5.myworkdayjobs.com/Careers/job/Texas-Remote-Work/AI-Application-Specialist_R64508,https://motorolasolutions.wd5.myworkdayjobs.com/Careers/job/Texas-Remote-Work/AI-Application-Specialist_R64508,"AI, agent build, prompt engineering, customer deployments, technical workshops, communication, public safety, telephony
Brianna has strong experience in technical project management and product management, particularly with AI and machine learning applications, which aligns well with the requirements for the AI Application Specialist role. While she lacks direct experience in telephony and public safety, her skills in leading technical workshops and translating complex operational inputs into structured outputs suggest she could bridge these gaps effectively.",,,,,2026-05-14T22:09:56.379824+00:00
,,,,7,AI Marketing Systems Manager,Onist Digital Agency,remote,,,"Remote, US (Remote)",http://www.indeed.com/job/ai-marketing-systems-manager-ac70c05461c2b40d,https://www.indeed.com/viewjob?jk=ac70c05461c2b40d,"AI, automation, project management, digital marketing systems, workflows, reporting, dashboards, operational systems, problem-solving, website project management
The candidate has strong experience in project management and technical product management, particularly in data and AI platforms, which aligns well with the role's focus on improving operational workflows and using AI tools. While they have relevant skills in data management and automation, they lack direct experience with specific marketing tools and platforms mentioned in the job description, which creates a minor gap. Overall, the candidate demonstrates a strong match with the potential to bridge these gaps quickly.",,,,,2026-05-14T21:36:03.741595+00:00
,,,,7,Analytics Product Manager,Cotiviti,remote,,,"Remote, US (Remote)",https://careers-cotiviti.icims.com/jobs/19116/job?utm_source=indeed_integration&iis=Job%20Board&iisn=Indeed&indeed-apply-token=73a2d2b2a8d6d5c0a62696875eaebd669103652d3f0c2cd5445d3e66b1592b0f,https://www.indeed.com/viewjob?jk=cedbdf906206a9c5,"Product Management, AI, ML, Data Analytics, SQL, Business Intelligence, Stakeholder Communication, Roadmap Development, Client Engagement
The candidate has strong experience in product management and analytics, particularly in AI and ML, which aligns well with the job requirements. They have demonstrated skills in SQL and have led projects that involve data analysis and stakeholder communication. However, they lack specific experience in healthcare analytics and the minimum years of experience required for the role, which are key gaps.",,,,,2026-05-14T21:40:03.505024+00:00
,,,,7,Application Specialist,Motorola Solutions,remote,,,"Texas Remote Work, More...",https://motorolasolutions.wd5.myworkdayjobs.com/Careers/job/Texas-Remote-Work/Application-Specialist_R64478,https://motorolasolutions.wd5.myworkdayjobs.com/Careers/job/Texas-Remote-Work/Application-Specialist_R64478,"implementation, SaaS, cloud-native, data sourcing, platform configuration, project management, customer support, communication
The candidate has strong experience in technical project management and product implementation, particularly with data governance and cloud-native applications. While they have relevant skills in data analysis and customer support, they lack direct experience in the public safety industry and specific RapidDeploy products, which are preferred for this role. However, their technical background and project management skills suggest they could bridge the minor gaps effectively.",,,,,2026-05-14T21:59:19.671411+00:00
,,,,7,Associate Consultant - 26187,Enverus,remote,,,"Remote, US (Remote)",https://app.jobvite.com/CompanyJobs/Job.aspx?j=ovh7zfwc&loc=CsDzWfwk&s=Indeed,https://www.indeed.com/viewjob?jk=c05ea3efc7fdc75b,"business processes, data analysis, project management, customer success, communication skills, process improvement, product training
The candidate has strong project management experience and a background in data and analytics, which aligns well with the requirements for the Associate Consultant role. However, while they have relevant experience in managing projects and improving processes, they lack specific experience in the mineral management business processes mentioned in the job description. Overall, they are a strong match with minor gaps that could be bridged with training.",,,,,2026-05-14T21:48:33.976678+00:00
,,,,7,Associate Project Manager,System Automation Corporation,remote,,,Remote,,https://www.linkedin.com/jobs/view/4410608301,"project management, Agile, SaaS, documentation, communication, budgeting, coordination
The candidate has strong project management experience, particularly in technical environments, which aligns well with the requirements of the Associate Project Manager role. While they have extensive experience in managing projects and teams, they may lack direct experience in a dedicated project coordination role within a SaaS environment, which could be a minor gap. Overall, their skills in Agile methodologies and technical project management make them a strong fit for the position.",,,,,2026-05-14T21:40:03.505024+00:00
,,,,7,"Associate Project Manager (Digital, Pharma Agency)",Avalere Health,hybrid,"Remote, US (Remote)",,"Remote, US (Remote)",https://jobs.lever.co/avalerehealth/85feb1db-8abf-4005-9a5b-05e4b105b281?lever-source=Indeed,https://www.indeed.com/viewjob?jk=2728e5f8874efb9b,"project management, client management, financial management, Agile, cross-functional teams, risk management, budgeting
Brianna has strong project management experience, particularly in technical and data-driven environments, which aligns well with the role's requirements. While she lacks direct experience in a pharma agency setting, her skills in managing budgets, leading cross-functional teams, and delivering projects effectively suggest she could transition smoothly into this role with minor adjustments.",,,,,2026-05-14T21:52:47.996850+00:00
,,,,7,Associate Technical Ecommerce Manager,ePromos,remote,,,"Remote, US (Remote)",https://epromos.applytojob.com/apply/3j3j7ZSTLz/Associate-Technical-Ecommerce-Manager?source=INDE&~,https://www.indeed.com/viewjob?jk=6d4d68fedec5ecaf,"Technical SEO, site health, analytics, tracking, ecommerce, project management, data pipelines, collaboration, accessibility
Brianna has strong experience in technical project management and data analytics, which aligns well with the responsibilities of the Associate Technical Ecommerce Manager role. She has demonstrated skills in managing technical projects, optimizing data processes, and collaborating with cross-functional teams. However, she lacks direct experience in technical SEO and ecommerce-specific tools, which are critical for this position, leading to a minor gap in her qualifications.",,,,,2026-05-14T21:52:47.996850+00:00
,,,,7,Associate Technical Program Manager,Guidewire,remote,,,"Remote, US (Remote)",https://www.guidewire.com/about/careers/jobs/associate-technical-program-manager-jr_14800/,https://www.indeed.com/viewjob?jk=bc42251231ad736e,"Technical Program Manager, project management, cloud technologies, Agile, Jira, communication skills, risk mitigation, execution plans
Brianna has strong project management experience, particularly in technical environments, and has worked with cloud technologies and Agile methodologies. While she has relevant skills and experience, she may lack specific experience with Guidewire Cloud and managing small projects independently, which could be a minor gap. Overall, she is a strong candidate with the potential to bridge these gaps quickly.",,,,,2026-05-14T21:29:36.448824+00:00
,,,,7,Business Analyst - SaaS,Motorola Solutions,remote,,,"Texas Remote Work, More...",https://motorolasolutions.wd5.myworkdayjobs.com/Careers/job/Texas-Remote-Work/Business-Data-Analyst---SaaS_R64689-1,https://motorolasolutions.wd5.myworkdayjobs.com/Careers/job/Texas-Remote-Work/Business-Data-Analyst---SaaS_R64689-1,"Business Analyst, SaaS, data analysis, reporting, system requirements, client service, relationship management, business process improvement, technical reporting
The candidate has strong experience in technical project management and data analytics, which aligns well with the requirements for the Business Analyst role. They possess skills in SQL, data modeling, and reporting tools like Power BI, which are relevant for generating reports and analyzing data. However, the candidate lacks direct experience specifically in a Business Analyst capacity and SaaS product expertise, which are key aspects of the job description.",,,,,2026-05-14T21:59:19.671411+00:00
,,,,7,Client Program Manager,Academian,remote,,,"Remote, US (Remote)",http://www.indeed.com/job/client-program-manager-4c3b5a6ed386dea0,https://www.indeed.com/viewjob?jk=4c3b5a6ed386dea0,"program management, project management, client-facing communication, enterprise learning, stakeholder management, virtual sessions, reporting, analytics
Brianna has strong project management experience, particularly in technical and product management roles, which aligns well with the requirements for managing enterprise learning programs. While she lacks direct experience in learning operations or facilitation of virtual sessions, her skills in stakeholder management and analytics suggest she could bridge these gaps effectively.",,,,,2026-05-14T21:52:47.996850+00:00
,,,,7,Client Project Manager,Thomson Reuters,hybrid,,,,https://thomsonreuters.wd5.myworkdayjobs.com/External_Career_Site/job/Poland-Gdansk/Client-Project-Manager_JREQ199616,https://thomsonreuters.wd5.myworkdayjobs.com/External_Career_Site/job/Poland-Gdansk/Client-Project-Manager_JREQ199616,"project management, client satisfaction, cross-functional teams, budget management, communication skills, e-invoicing, global customers
Brianna has strong project management experience, particularly in leading cross-functional teams and managing budgets, which aligns well with the requirements of the Client Project Manager role. However, she lacks specific experience in e-invoicing or ERP implementation, which is a preferred qualification for this position. Overall, her skills and experience make her a strong candidate, but the absence of direct experience in e-invoicing presents a minor gap.",,,,,2026-05-14T22:01:57.065581+00:00
,,,,7,Client Project Manager,Thomson Reuters,hybrid,,,,https://thomsonreuters.wd5.myworkdayjobs.com/External_Career_Site/job/Spain-Madrid-Madrid/Client-Project-Manager_JREQ200098,https://thomsonreuters.wd5.myworkdayjobs.com/External_Career_Site/job/Spain-Madrid-Madrid/Client-Project-Manager_JREQ200098,"project management, client satisfaction, cross-functional teams, Agile development, communication skills, risk management, e-invoicing, budget management
The candidate has strong project management experience, particularly in technical environments, and has demonstrated leadership in managing cross-functional teams. While they lack specific e-invoicing or ERP implementation experience, their background in data governance and product management suggests they could adapt quickly to the role's requirements. Minor gaps in direct experience with e-invoicing can be bridged with their existing skills.",,,,,2026-05-14T22:01:57.065581+00:00
,,,,7,Commercial Delivery Manager - The Insurer,Thomson Reuters,hybrid,,,,https://thomsonreuters.wd5.myworkdayjobs.com/External_Career_Site/job/United-Kingdom-London/Commercial-Delivery-Manager---The-Insurer_JREQ200498,https://thomsonreuters.wd5.myworkdayjobs.com/External_Career_Site/job/United-Kingdom-London/Commercial-Delivery-Manager---The-Insurer_JREQ200498,"delivery management, project management, client communication, campaign execution, reporting, cross-functional coordination, organizational skills
The candidate has strong project management experience, particularly in technical and data-driven environments, which aligns well with the delivery management aspects of the role. While they lack direct experience in B2B media or the specific insurance industry, their skills in managing complex projects, coordinating teams, and producing reports are relevant and transferable. Minor gaps in industry-specific knowledge could be bridged with training.",,,,,2026-05-14T22:01:57.065581+00:00
,,,,7,Customer Strategy and Delivery Lead,Keebler Health,unknown,,,,,https://www.linkedin.com/jobs/view/4413284444,"customer strategy, implementation, healthcare technology, AI solutions, SaaS, project management, stakeholder engagement, data-driven products
Brianna has strong experience in project management and product delivery, particularly in data and AI platforms, which aligns well with the role's focus on implementing AI solutions in healthcare. While she lacks direct experience in healthcare technology, her skills in managing complex customer relationships and leading cross-functional teams are relevant and transferable. Minor gaps in specific healthcare knowledge could be bridged with her existing technical and project management skills.",,,,,2026-05-14T21:37:59.870693+00:00
,,,,7,Customer Success Engineer (Americas),Deepgram,remote,,,"Remote, US (Remote)",https://jobs.ashbyhq.com/Deepgram/faef2c32-5084-48ca-8fff-e86d653f2697?employmentType=FullTime,https://www.indeed.com/viewjob?jk=15b33b4968305c11,"Customer Success Engineer, APIs, technical expertise, AI-driven solutions, integration, technical enablement, product demos, customer relationships, technical challenges
Brianna has strong experience in technical project management and product management, particularly in data and AI platforms, which aligns well with the technical aspects of the Customer Success Engineer role. She has demonstrated skills in managing customer relationships and technical solutions, but may need to bridge some gaps in direct experience with APIs and voice technologies specific to Deepgram. Overall, she has a solid foundation that could be built upon for this role.",,,,,2026-05-14T21:44:13.352357+00:00
,,,,7,Data & Analytics (ML-Enabled Systems),Thomson Reuters,hybrid,,,,https://thomsonreuters.wd5.myworkdayjobs.com/External_Career_Site/job/United-States-of-America-Eagan-Minnesota/Data---Analytics--ML-Enabled-Systems-_JREQ200344,https://thomsonreuters.wd5.myworkdayjobs.com/External_Career_Site/job/United-States-of-America-Eagan-Minnesota/Data---Analytics--ML-Enabled-Systems-_JREQ200344,"Python, SQL, Snowflake, Power BI, data pipelines, data governance, analytics, ETL, AI, ML
The candidate has strong experience in data management and analytics, particularly with Snowflake and Power BI, which aligns well with the job requirements. They have demonstrated skills in building data pipelines and working with AI/ML data, but they lack the specified 8+ years of experience in data engineering roles, which is a key requirement for this position. Overall, they are a strong match with minor gaps that could be bridged with additional experience.",,,,,2026-05-14T22:01:57.065581+00:00
,,,,7,"Data Analyst, Product Analytics",Thomson Reuters,hybrid,,,,https://thomsonreuters.wd5.myworkdayjobs.com/External_Career_Site/job/Canada-Toronto-Ontario/Data-Analyst--Product-Analytics_JREQ200602,https://thomsonreuters.wd5.myworkdayjobs.com/External_Career_Site/job/Canada-Toronto-Ontario/Data-Analyst--Product-Analytics_JREQ200602,"Data Analyst, product analytics, SQL, Python, AI, NLP, dashboards, reporting, stakeholder management, Pendo
The candidate has strong experience in data analytics and product management, with relevant skills in SQL and Python, as well as experience with AI and NLP techniques. While they have demonstrated the ability to drive data-driven decision-making and have experience with analytics tools, they lack direct experience with Pendo and some specific product analytics methodologies mentioned in the job description. Overall, they are a strong match with minor gaps that could be bridged.",,,,,2026-05-14T22:01:57.065581+00:00
,,,,7,DC to Cloud Scrum Master/Project Manager,Sogeti,hybrid,,,,,https://www.linkedin.com/jobs/view/4413517269,"Scrum Master, Agile, cloud migration, project management, Jira, cross-functional teams, cloud transformation, communication, leadership
The candidate has strong experience in project management and Agile methodologies, having led scrum ceremonies and managed teams in various technical projects. However, they lack specific experience with cloud migration strategies and hands-on cloud platform experience, which are critical for this role. Their technical background and project management skills provide a solid foundation, but there are notable gaps in direct cloud migration experience.",,,,,2026-05-14T21:42:01.891331+00:00
,,,,7,Decision Strategy Management – Dialer and Campaign Management Strategist,BMO,remote,,,"REMOTE/TELETRAVAIL, ON, CAN",https://bmo.wd3.myworkdayjobs.com/External/job/REMOTETELETRAVAIL-ON-CAN/Decision-Strategy-Management---Dialer-and-Campaign-Management-Strategist_R260013109-1,https://bmo.wd3.myworkdayjobs.com/External/job/REMOTETELETRAVAIL-ON-CAN/Decision-Strategy-Management---Dialer-and-Campaign-Management-Strategist_R260013109-1,"data analytics, decision strategy, data modeling, reporting, business intelligence, SQL, Python, data governance, predictive modeling, stakeholder management
The candidate has strong experience in data analytics and project management, particularly in developing data-driven solutions and managing complex projects. While they have relevant skills in SQL and Python, which are important for the role, they may lack specific experience in decision strategy frameworks and business rule engines as outlined in the job description. However, their background in product management and analytics positions them well for the role with minor gaps that could be bridged.",,,,,2026-05-14T23:00:30.910192+00:00
,,,,7,Delivery Lead,RELISH,remote,,,Remote,,https://www.linkedin.com/jobs/view/4414671214,"Delivery Manager, implementation, Agile, project management, SaaS, APIs, customer success, software delivery, team management
Brianna has strong experience in technical project management and product management, particularly in data and AI platforms, which aligns well with the role's requirements. She has demonstrated skills in Agile methodologies, managing teams, and overseeing software implementations, though she may lack specific experience with SaaS procurement platforms and cloud/DevOps environments, which could be minor gaps. Overall, her background suggests she could transition effectively into this role with some additional training.",,,,,2026-05-14T21:37:59.870693+00:00
,,,,7,Delivery Lead,RWS Group,remote,,,Remote,,https://www.linkedin.com/jobs/view/4414619425,"Agile Delivery, Cross-Team Delivery Leadership, Stakeholder Management, Delivery Excellence, Developer Productivity, Transformation Leadership, Roadmap Collaboration
Brianna has strong experience in project management and Agile methodologies, leading teams and overseeing delivery across multiple projects. While she has relevant skills in stakeholder management and delivery optimization, her experience does not explicitly mention overseeing 10+ teams or direct experience with CI/CD and DevOps, which are key requirements for the role. Overall, she is a strong candidate with minor gaps that could be bridged.",,,,,2026-05-14T21:37:59.870693+00:00
,,,,7,Delivery Manager / Delivery Lead,SR Talent Solution Inc.,onsite,,,,,https://www.linkedin.com/jobs/view/4414720657,"Delivery Manager, Delivery Lead, financial industry, Agile Development, Scrum Management, SDLC, Jira, reporting deliveries, risk management
The candidate has strong experience in project management and delivery within the financial sector, particularly with ML models and data governance. They demonstrate leadership in managing teams and delivering complex projects, aligning well with the job's requirements. However, there are minor gaps in specific tools and technologies mentioned in the job description, such as AWS and Kafka, which may require some bridging.",,,,,2026-05-14T21:39:02.422718+00:00
,,,,7,Digital Producer (Project Manager),Sia/Ready Set Rocket,unknown,,,,,https://www.linkedin.com/jobs/view/4413826406,"project management, digital marketing, Agile, communication skills, multi-tasking, resource planning, client satisfaction, timelines, collaboration software
Brianna has strong project management experience, particularly in technical and data-driven environments, which aligns well with the role's requirements. While she lacks direct experience in traditional digital marketing campaigns and some specific tools mentioned in the job description, her skills in managing complex projects and her ability to adapt to changing needs suggest she could bridge these gaps effectively.",,,,,2026-05-14T21:41:03.898519+00:00
,,,,7,Digital Project Manager,ApTask,unknown,,,,,https://www.linkedin.com/jobs/view/4410628583,"project management, governance, compliance, risk management, communication skills, program planning, digital initiatives
The candidate has strong project management experience, particularly in technical and data-driven environments, which aligns well with the requirements of the Digital Project Manager role. While they have demonstrated leadership in complex projects and stakeholder management, they may lack specific experience in marketing or media-focused environments, which could be a minor gap. Overall, the candidate has relevant skills and experience that can be effectively applied to this role.",,,,,2026-05-14T21:41:03.898519+00:00
,,,,7,Director / Senior Director of Product Management,ONTIC TECHNOLOGIES,remote,,,"Remote, US (Remote)",https://jobs.ashbyhq.com/Ontic/3510b6f7-7b20-41ab-a51e-1ab64ec876a4?embed=js,https://www.indeed.com/viewjob?jk=42ba7d9b5c75c493,"Product Management, SaaS, B2B, Roadmap, Customer Success, Agile Development, Cross-functional teams, Software Development Lifecycle, AI, Data Governance
Brianna has strong experience in product management and project management, particularly in data and AI platforms, which aligns well with the requirements of the role. While she has relevant experience, she lacks the specified 10 years of SaaS product management and direct experience in the physical security industry, which are key requirements for this position. However, her skills in managing complex products and working with cross-functional teams suggest she could bridge the gaps with some additional training.",,,,,2026-05-14T21:29:36.448824+00:00
,,,,7,"Director, Program Management, Office of the COO",Horizon Media,unknown,,,,,https://www.linkedin.com/jobs/view/4411504880,"program management, project management, AI, data platforms, stakeholder management, Agile, communication, cross-functional, JIRA
Brianna has strong experience in project management and product management, particularly in data and AI platforms, which aligns well with the job's focus on strategic initiatives and operational excellence. While she has relevant skills and experience, she may lack some specific qualifications like direct experience in an agency or ad tech environment and the required years of experience, which could be bridged with her strong technical background and leadership skills.",,,,,2026-05-14T21:49:36.838746+00:00
,,,,7,"Director, Program Management, Product and Data (Temp)",Horizon Media,unknown,,,,,https://www.linkedin.com/jobs/view/4411508619,"program management, project management, AI, data platforms, stakeholder management, Agile, JIRA, media, product development
Brianna has strong experience in project and product management, particularly in data and AI platforms, which aligns well with the job's focus on strategic program management. She has demonstrated skills in managing complex projects and stakeholder engagement, but lacks the specific 8+ years of experience required for this director-level role, which may present a challenge in a high-stakes environment.",,,,,2026-05-14T21:49:36.838746+00:00
,,,,7,"Engineering Program Manager, Infrastructure",Stripe,hybrid,Remote,,Remote,,https://www.linkedin.com/jobs/view/4413485632,"program management, software engineering, systems engineering, automation, data migration, compliance, stakeholder communication, process improvements
Brianna has strong experience in technical project management and product management, particularly in data and AI platforms, which aligns well with the program management aspects of the role. She demonstrates relevant skills in automation, stakeholder communication, and managing cross-functional teams, though she may lack direct experience in some specific areas like IT and corporate technology systems. Overall, she is a strong candidate with minor gaps that could be bridged.",,,,,2026-05-14T21:46:30.549281+00:00
,,,,7,Enterprise Implementation Specialist,Kollective Group,hybrid,,,,,https://www.linkedin.com/jobs/view/4414678549,"SaaS implementation, project management, enterprise-level projects, stakeholder management, integrations, APIs, technical fluency
The candidate has strong experience in project management and technical product management, particularly in SaaS environments, which aligns well with the role's requirements. While they have relevant skills in managing complex projects and working with technical teams, they may lack specific experience in legal operations and direct SaaS implementation for legal tech, which could be a minor gap. Overall, the candidate is a strong match with the potential to bridge these gaps quickly.",,,,,2026-05-14T21:49:36.838746+00:00
,,,,7,General Program Manager,AnsibleHealth,remote,,,Remote,,https://www.linkedin.com/jobs/view/4414256615,"Program Manager, project management, healthcare technology, organizational skills, communication, stakeholder management, adaptability, continuous improvement
Brianna has strong project management experience, particularly in technical environments, which aligns well with the responsibilities of overseeing complex programs. While she lacks direct healthcare experience, her technical background and ability to manage cross-functional teams suggest she could adapt to the healthcare technology space. Minor gaps in specific healthcare knowledge can be bridged with her demonstrated passion for technology and continuous improvement mindset.",,,,,2026-05-14T21:44:13.352357+00:00
,,,,7,GERENTE DE PROJETO,CAST,unknown,,,,,https://www.linkedin.com/jobs/view/4413485777,"gestão de projetos, Agile, Power BI, comunicação com stakeholders, integração de dados
The candidate has strong experience in project management and Agile methodologies, as demonstrated in their roles managing technical projects and leading scrum teams. They also have proficiency in Power BI and data integration, which aligns well with the job requirements. However, the candidate lacks specific experience with Power Apps and Power Automate, which are mentioned in the job description, leading to a minor gap. Overall, the candidate is a strong match for the role.",,,,,2026-05-14T21:40:03.505024+00:00
,,,,7,Implementation Consultant – Legal AI Solutions,Thomson Reuters,unknown,,,,https://thomsonreuters.wd5.myworkdayjobs.com/External_Career_Site/job/Poland-Gdansk/Implementation-Consultant---Legal-AI-Solutions--CoCounsel-_JREQ195875,https://thomsonreuters.wd5.myworkdayjobs.com/External_Career_Site/job/Poland-Gdansk/Implementation-Consultant---Legal-AI-Solutions--CoCounsel-_JREQ195875,"Implementation Consultant, AI-powered legal solutions, client-focused, project management, legal technology, onboarding, training, SaaS, communication skills
The candidate has strong project management experience and a background in data and AI platforms, which aligns well with the technical aspects of the role. However, they lack direct experience in legal technology and specific AI-powered legal tools, which are crucial for this position. Their skills in client engagement and solution design are relevant, but the absence of legal domain expertise presents a minor gap.",,,,,2026-05-14T22:01:57.065581+00:00
,,,,7,Implementation Manager,avante,onsite,,,,,https://www.linkedin.com/jobs/view/4414162029,"implementation, project management, SaaS, technical fluency, data integration, customer experience, APIs, SQL
The candidate has strong project management experience and technical fluency, particularly in managing implementations and working with data pipelines and integrations. While they have relevant experience in technical project management and product management, they may lack specific experience in HR tech or benefits administration, which could be a minor gap. Overall, the candidate's skills align well with the job requirements, making them a strong match.",,,,,2026-05-14T21:49:36.838746+00:00
,,,,7,Implementation Manager (AI / HealthTech),evoke,onsite,,,,,https://www.linkedin.com/jobs/view/4413442717,"Implementation Manager, AI, HealthTech, project management, software implementations, APIs, integrations, enterprise systems, Python, SQL
The candidate has strong project management experience and technical skills, particularly in data and AI platforms, which align well with the role's requirements. While they lack direct experience in healthcare or HealthTech, their background in managing complex software implementations and familiarity with APIs and SQL suggest they could bridge the gap effectively.",,,,,2026-05-14T21:49:36.838746+00:00
,,,,7,Implementation Project Manager,Attentive,unknown,,,,,https://www.linkedin.com/jobs/view/4413755360,"project management, technical delivery, data integrations, APIs, enterprise SaaS, stakeholder management, Agile, Jira
Brianna has strong project management experience, particularly in technical environments, and has led complex projects involving data integrations and cross-functional teams. While she has relevant skills and experience, she may lack direct experience with specific martech implementations and the required years of experience for this senior role, which could present minor gaps.",,,,,2026-05-14T21:36:03.741595+00:00
,,,,7,Implementation Project Manager,Medallion,remote,,,"Remote, US (Remote)",https://grnh.se/jyvmc15r9us,https://www.indeed.com/viewjob?jk=1ad5fe317dde2b99,"project management, implementation, SaaS, APIs, data exchange, customer experience, stakeholder communication, process improvement
Brianna has strong project management experience, particularly in technical environments, and has worked with data and analytics tools relevant to the role. While she lacks direct experience in healthcare technology and specific SaaS implementation, her skills in managing complex projects and customer interactions align well with the job requirements, making her a strong candidate with minor gaps.",,,,,2026-05-14T21:36:03.741595+00:00
,,,,7,Implementation Project Manager,Medallion,unknown,,,,,https://www.linkedin.com/jobs/view/4413822677,"project management, implementation, SaaS, customer experience, APIs, data exchange, healthcare technology, stakeholder communication
The candidate has strong project management experience and has worked with SaaS products, which aligns well with the job requirements. However, there are gaps in direct experience with healthcare technology and specific implementation of enterprise-level projects in that sector, which may require some ramp-up. Overall, the candidate's skills and experience make them a strong match for the role.",,,,,2026-05-14T21:36:03.741595+00:00
,,,,7,Implementation Specialist,PatientNOW,remote,,,"Remote, US (Remote)",https://ats.rippling.com/patientnow/jobs/71475feb-3a88-4cf0-a1ff-b92c637696bb?jobSite=Indeed,https://www.indeed.com/viewjob?jk=042e4321654956ea,"implementation, onboarding, project management, customer training, software configuration, SaaS, EMR, CRM
The candidate has strong project management experience and has worked with data platforms, which aligns well with the implementation and onboarding responsibilities of the role. While they lack direct experience with EMR or CRM systems, their technical background and ability to communicate complex concepts suggest they could bridge this gap effectively. Overall, they are a strong match with minor gaps.",,,,,2026-05-14T21:33:49.397717+00:00
,,,,7,Implementation/Project Manager,Rising Medical Solutions,unknown,,,,,https://www.linkedin.com/jobs/view/4414669505,"project management, client management, business analysis, technical requirements, healthcare industry, data modeling, implementation, leadership experience
Brianna has strong project management experience and technical skills, particularly in data and analytics, which align well with the job requirements. While she lacks direct experience in the healthcare industry and specific project management certification, her background in managing technical projects and client interactions positions her as a strong candidate with minor gaps that could be bridged.",,,,,2026-05-14T21:36:03.741595+00:00
,,,,7,Information Services Manager (ISM),Mutual of Omaha,hybrid,"Remote, US (Remote)",,"Remote, US (Remote)",https://www.mutualofomaha.com/careers/jobs/detail/504764,https://www.indeed.com/viewjob?jk=65f364fdd6eb9300,"Information Services Manager, data platforms, legacy systems, microservices, operational data, Agile, leadership, data governance, modernization
The candidate has strong experience in managing data platforms and leading technical projects, particularly in data governance and machine learning. While they lack direct experience with legacy systems like COBOL and Java, their background in modernizing data architectures and leading teams through transitions aligns well with the job requirements. Minor gaps in specific legacy technology experience could be bridged with their existing skills.",,,,,2026-05-14T21:40:03.505024+00:00
,,,,7,Information Systems Project Manager,Northrop Grumman,remote,,,"Remote, US (Remote)",https://jsv3.recruitics.com/redirect?rx_cid=3658&rx_jobId=R10232622&rx_url=https%3A%2F%2Fjobs.northropgrumman.com%2Fcareers%2Fjob%2F1340071695500%3Fcode%3DJB-17946%26domain%3Dngc.com%26rx_a%3D0%26rx_c%3D%26rx_ch%3Djobp4p%26rx_group%3D288254%26rx_id%3D8752792d-4ecc-11f1-a11c-f7ac312d4d1c%26rx_job%3DR10232622%26rx_medium%3Dcpc%26rx_r%3Dnone%26rx_source%3Dindeed%26rx_ts%3D20260514T200413Z%26rx_vp%3Dcpc%26source%3DJB-17946%26utm_audience%3Dprospectivetalentemployees%26utm_campaign%3Dta-general%26utm_content%3Djobfeed%26utm_format%3Dcpl%26utm_medium%3Djobboard%26utm_source%3Dindeed,https://www.indeed.com/viewjob?jk=d9a31766dc6a869a,"project management, Agile, scheduling, cost management, risk management, communication, JIRA, Scrum, IT projects
Brianna has strong experience in project management and Agile methodologies, having led multiple projects and teams in her previous roles. She has relevant technical skills in data management and analytics, which align with the IT focus of the job. However, she lacks specific experience in Earned Value Management and may need to bridge some gaps in IT project specifics, which is why she scores a 7.",,,,,2026-05-14T21:33:49.397717+00:00
,,,,7,Information Technology Project Manager,Salt,remote,,,Remote,,https://www.linkedin.com/jobs/view/4411157289,"Project Manager, SaaS, digital product, vendor management, delivery governance, integration, execution, risk management, MVP delivery
Brianna has strong project management experience in SaaS and digital product environments, particularly with her roles at FriendsWithMeasurements.com and ALTR. She has demonstrated skills in managing vendor relationships and driving execution, which aligns well with the job requirements. However, her experience in event technology specifically is limited, which is a minor gap in her fit for this role.",,,,,2026-05-14T21:29:36.448824+00:00
,,,,7,Information Technology Project Manager,Talentmatics,hybrid,,,,,https://www.linkedin.com/jobs/view/4413808462,"Project Management, Data Integration, Agile, AI-enabled solutions, application development, SDLC, stakeholder communication
Brianna has strong project management experience, particularly in technical and data-driven environments, which aligns well with the job's requirements. However, she lacks specific experience in the P&C insurance domain and hands-on experience with tools like MS Project and Planview, which are preferred for this role. Overall, she has relevant skills and experience that could be leveraged effectively, but there are some gaps that would need to be addressed.",,,,,2026-05-14T21:29:36.448824+00:00
,,,,7,Information Technology Project Manager,Wilson & Sterling Consulting,hybrid,Remote,,Remote,,https://www.linkedin.com/jobs/view/4413952427,"project management, SDLC, Agile, risk management, digital transformation, Jira, stakeholder management, software implementation
The candidate has strong project management experience, particularly in technical environments, and has worked with Agile methodologies. While they have relevant skills in managing software projects and stakeholder relationships, they may lack specific experience with the SDLC in a traditional sense and the required years of experience (5+ years) in project management roles. However, their technical background and experience with tools like Jira make them a strong match overall.",,,,,2026-05-14T21:29:36.448824+00:00
,,,,7,IT - Digital Platform Ops - Sr Business Systems Analyst - Digital,Golden 1 Credit Union,remote,,,"Remote, US (Remote)",https://jobs.dayforcehcm.com/en-US/golden1/CANDIDATEPORTAL/jobs/49096,https://www.indeed.com/viewjob?jk=70da02dd55bd7c71,"Agile, software development lifecycle, business analysis, product development, process improvement, SQL, technical writing, project management
The candidate has strong experience in technical project management and product development, particularly in data and AI platforms, which aligns well with the requirements for a Senior Business Systems Analyst. While they have relevant skills in Agile practices and technical analysis, they lack specific experience in the financial services sector and the Azure ecosystem, which are preferred for this role. Overall, the candidate is a strong match with some minor gaps.",,,,,2026-05-14T21:40:03.505024+00:00
,,,,7,IT Program & Project Management Consultant,Conduent,unknown,,,,,https://www.linkedin.com/jobs/view/4393282404,"IT project management, agile, waterfall, stakeholder management, project delivery, cross-functional teams, project management tools, Power BI
Brianna has significant experience in project management, particularly in technical environments, and has demonstrated her ability to lead teams and deliver complex projects. While she has relevant skills and experience, she lacks the required 8+ years of IT project management experience and specific advanced project management tools like Microsoft Project, which are essential for this role. However, her strong background in Agile methodologies and stakeholder management makes her a strong candidate.",,,,,2026-05-14T21:40:03.505024+00:00
,,,,7,IT Project Manager,OpenLoop,remote,,,Remote,,https://www.linkedin.com/jobs/view/4413874019,"IT Project Manager, project management, Jira, Agile, communication, technology initiatives, healthcare, systems administration, vendor coordination, SaaS implementation
Brianna has strong project management experience, particularly in technical environments, and has utilized tools like Jira. While she has relevant experience in managing IT projects and leading teams, she lacks specific experience in healthcare and IT infrastructure, which are preferred for this role. However, her background in data and AI platforms, along with her ability to thrive in fast-paced environments, positions her as a strong candidate with minor gaps.",,,,,2026-05-14T21:29:36.448824+00:00
,,,,7,IT Solutions Project Manager - Supply Chain Planning Systems,"ERP Logic Israel, SAP Partner",unknown,,,,,https://www.linkedin.com/jobs/view/4411174756,"Project Management, Product Management, Supply Chain Planning, System Integrations, APIs, Data and AI technologies, Stakeholder Management
The candidate has strong project management experience and has worked with data and AI technologies, which aligns well with the job requirements. However, there is no direct experience mentioned in supply chain planning processes or specific knowledge of SAP systems, which are key for this role. Overall, the candidate is a strong match with minor gaps that could be bridged with some additional training or experience.",,,,,2026-05-14T21:50:40.094592+00:00
,,,,7,Junior Product Life Cycle Program Manager,Ciena,unknown,,,,,https://www.linkedin.com/jobs/view/4402765363,"project management, cross-functional teams, risk management, product lifecycle, communication skills, planning, issue resolution
The candidate has strong project management experience, particularly in technical environments, which aligns well with the requirements of the Junior Product Life Cycle Program Manager role. While they have relevant skills and experience, they may lack specific experience in hardware project deliveries and the exact years of experience requested, which could be a minor gap. Overall, the candidate demonstrates a solid fit for the position.",,,,,2026-05-14T21:44:13.352357+00:00
,,,,7,Junior Project Manager,Ruby Labs,remote,,,Remote,,https://www.linkedin.com/jobs/view/4414258750,"project management, task management, backlog management, Agile, Jira, documentation, AI tools, attention to detail, structured thinking
Brianna has extensive experience in project management and has worked with Agile methodologies, making her a strong candidate for the Junior Project Manager role. While she has more experience than the required 1-2 years, her skills in task breakdown, backlog management, and documentation align well with the job description, though she may need to adjust to the junior level expectations.",,,,,2026-05-14T21:40:03.505024+00:00
,,,,7,Lead Project Manager,Humana,remote,,,"Remote, US (Remote)",https://click.appcast.io/t/2cEM0HuqZB6u5ANBmUk3bfHgvxv8j2lsICyDyZHUsYg=,https://www.indeed.com/viewjob?jk=af8e965976b5b3ac,"project management, leadership, stakeholder management, Agile, compliance, healthcare, multi-workstream initiatives, problem-solving
Brianna has strong project management experience, particularly in technical and data-driven environments, which aligns well with the requirements of the Lead Project Manager role. While she lacks direct experience in healthcare, her proven ability to manage complex initiatives and collaborate with diverse stakeholders suggests she can adapt to the healthcare context. Minor gaps in specific healthcare knowledge and certifications could be bridged with training.",,,,,2026-05-14T21:40:03.505024+00:00
,,,,7,Lead Project Manager,Humana,remote,,,Remote,,https://www.linkedin.com/jobs/view/4411130639,"project management, leadership, compliance, stakeholder management, Agile, healthcare, operational plans, multi-workstream initiatives
Brianna has strong project management experience, particularly in technical and data-driven environments, which aligns well with the requirements for leading complex initiatives. While she lacks direct experience in healthcare, her skills in managing diverse stakeholder groups and her proficiency in Agile methodologies suggest she could adapt to the healthcare context with some ramp-up.",,,,,2026-05-14T21:40:03.505024+00:00
,,,,7,Líder de entrega ágil,Comfama Empleo,unknown,,,,,https://www.linkedin.com/jobs/view/4414687889,"Agile, Scrum, leadership, software development, Power BI, project management, team coordination
The candidate has strong experience in project management and has led teams using Agile methodologies, particularly Scrum. They have relevant technical skills in data analytics and tools like Power BI, which aligns with the job requirements. However, they lack specific experience in software development roles and the required years as a Scrum Master, which presents minor gaps.",,,,,2026-05-14T21:37:59.870693+00:00
,,,,7,Manager - Software Application Specialists,Motorola Solutions,remote,,,"California Northern Remote Work, More...",https://motorolasolutions.wd5.myworkdayjobs.com/Careers/job/California-Northern-Remote-Work/Manager---Software-Application-Specialists_R62262,https://motorolasolutions.wd5.myworkdayjobs.com/Careers/job/California-Northern-Remote-Work/Manager---Software-Application-Specialists_R62262,"project management, software deployment, public safety, business process reengineering, user acceptance testing, training development, stakeholder communication
The candidate has strong project management experience and technical skills relevant to software deployment, particularly in the context of data and AI platforms. While they lack direct experience in public safety technology, their background in managing complex software projects and leading teams aligns well with the job's requirements. Minor gaps exist in specific public safety knowledge, but their transferable skills and experience in similar environments could bridge these effectively.",,,,,2026-05-14T21:59:19.671411+00:00
,,,,7,Manager Operations Research 2,Northrop Grumman,remote,,,"Remote, US (Remote)",https://jsv3.recruitics.com/redirect?rx_cid=3658&rx_jobId=R10232846&rx_url=https%3A%2F%2Fjobs.northropgrumman.com%2Fcareers%2Fjob%2F1340071720278%3Fcode%3DJB-17946%26domain%3Dngc.com%26rx_a%3D0%26rx_c%3D%26rx_ch%3Djobp4p%26rx_group%3D288254%26rx_id%3De2f052b5-4fa3-11f1-b6e7-450a7bbceede%26rx_job%3DR10232846%26rx_medium%3Dcpc%26rx_r%3Dnone%26rx_source%3Dindeed%26rx_ts%3D20260514T200413Z%26rx_vp%3Dcpc%26source%3DJB-17946%26utm_audience%3Dprospectivetalentemployees%26utm_campaign%3Dta-general%26utm_content%3Djobfeed%26utm_format%3Dcpl%26utm_medium%3Djobboard%26utm_source%3Dindeed,https://www.indeed.com/viewjob?jk=0cfef4705b8e5746,"program management, project management, Agile, Scrum, SharePoint, communication, software development, data analytics
The candidate has strong experience in project management and product ownership, particularly in technical environments, which aligns well with the job's requirements. While they lack direct experience with some specific tools mentioned in the job description, their familiarity with Agile methodologies and data analytics suggests they could bridge those gaps effectively.",,,,,2026-05-14T21:29:36.448824+00:00
,,,,7,Manager Technical Program Management- Remote,Veradigm®,hybrid,Remote,,Remote,,https://www.linkedin.com/jobs/view/4331738689,"Technical Program Manager, project management, Agile methodologies, SDLC, healthcare, communication, stakeholder management
The candidate has strong experience in technical project management and Agile methodologies, which aligns well with the job requirements. However, they lack specific experience in the healthcare industry and do not meet the 8+ years of relevant work experience requirement, which presents a minor gap. Overall, the candidate demonstrates a solid fit with relevant skills and project experience that could be leveraged in this role.",,,,,2026-05-14T21:44:13.352357+00:00
,,,,7,"Manager, Data Platform",Thomson Reuters,hybrid,,,,https://thomsonreuters.wd5.myworkdayjobs.com/External_Career_Site/job/India-Bengaluru-Karnataka/Manager--Data-Platform_JREQ199546,https://thomsonreuters.wd5.myworkdayjobs.com/External_Career_Site/job/India-Bengaluru-Karnataka/Manager--Data-Platform_JREQ199546,"Snowflake, AWS, data warehousing, data management, Python, SQL, ETL/ELT, Agile, DevOps
The candidate has strong experience in data management and analytics, particularly with Snowflake and Python, which aligns well with the job requirements. However, they lack extensive hands-on experience with AWS cloud services and some specific data platform administration tasks, which are crucial for this role. Overall, the candidate is a strong match with minor gaps that could be bridged with additional training or experience.",,,,,2026-05-14T22:01:57.065581+00:00
,,,,7,"Manager, Healthcare Data Analytics",Valenz,remote,,,"Remote, US (Remote)",https://valenz.applytojob.com/apply/Yw6gh0Owlg/Manager-Healthcare-Data-Analytics?source=Our%20Career%20Page%20Widget,https://www.indeed.com/viewjob?jk=4c8ebdbf67f13b69,"SQL, Python, data transformation, healthcare data, analytics, data modeling, project management, leadership
The candidate has strong experience in data analytics and project management, with relevant skills in SQL and Python, which are crucial for the role. However, they lack direct experience in healthcare data analytics and leadership in a healthcare context, which are significant requirements for this position. Overall, the candidate has a strong foundation but would need to bridge the gap in healthcare-specific experience.",,,,,2026-05-14T21:29:36.448824+00:00
,,,,7,"Manager, Implementation Management",Hightouch,remote,,,Remote,,https://www.linkedin.com/jobs/view/4375083863,"Implementation Management, technical expertise, customer onboarding, data integration, APIs, Snowflake, team leadership, project management, customer success
The candidate has strong experience in technical project management and product management, particularly with data platforms and integrations, which aligns well with the role's requirements. While they have relevant skills and experience, they lack direct experience in managing a team of Implementation Managers and may need to bridge some gaps in specific customer success metrics and frameworks. Overall, they are a strong match with minor gaps.",,,,,2026-05-14T21:50:40.094592+00:00
,,,,7,"Manager, Strategic Initiatives – Commissions",Thomson Reuters,hybrid,,,,https://thomsonreuters.wd5.myworkdayjobs.com/External_Career_Site/job/India-Hyderabad-Telangana/Manager--Strategic-Initiatives---Commissions_JREQ200257,https://thomsonreuters.wd5.myworkdayjobs.com/External_Career_Site/job/India-Hyderabad-Telangana/Manager--Strategic-Initiatives---Commissions_JREQ200257,"project management, reporting tools, data visualization, process improvement, user acceptance testing, stakeholder collaboration, change management
Brianna has strong project management experience and a solid background in data analytics and reporting tools like Power BI, which aligns well with the job requirements. However, she lacks direct experience in commissions operations and specific familiarity with Varicent, which are critical for this role. Overall, she has many relevant skills but some key areas are missing.",,,,,2026-05-14T22:01:57.065581+00:00
,,,,7,Oracle EPM Implementation Project Manager,Performance Architects,remote,,,"Remote, US (Remote)",https://apply.appone.com:443/job/6a035b5b9624268c0211ebeb?utm_source=INDEED,https://www.indeed.com/viewjob?jk=0d4259fa2e2a4e49,"project management, Oracle Cloud EPM, consulting, analytics, communication, problem-solving, Agile, data pipelines
Brianna has strong project management experience, particularly in technical and data-driven environments, which aligns well with the requirements of managing Oracle Cloud EPM projects. While she lacks specific experience with Oracle EPM, her background in data analytics and project management methodologies, along with her ability to lead teams and communicate effectively, suggests she could bridge the minor gaps in knowledge with some training.",,,,,2026-05-14T21:36:03.741595+00:00
,,,,7,Partner Success Engineer,Deepgram,remote,,,"Remote, US (Remote)",https://jobs.ashbyhq.com/Deepgram/8a010608-6239-42ca-81de-c01139153eb2?employmentType=FullTime,https://www.indeed.com/viewjob?jk=fc2b932adbbdae58,"APIs, customer outcomes, technical expertise, integration, AI-driven solutions, partner relationships, technical account manager, implementation engineer
Brianna has strong experience in technical project management and product management, particularly in data and AI platforms, which aligns well with the technical foundation required for the Partner Success Engineer role. She has worked with APIs and has a solid understanding of AI-driven solutions, but may need to bridge some gaps in direct experience with customer success and partner management. Overall, her skills and experience make her a strong candidate for the position.",,,,,2026-05-14T21:44:13.352357+00:00
,,,,7,Pleno Project Analyst,Thomson Reuters,unknown,,,,https://thomsonreuters.wd5.myworkdayjobs.com/External_Career_Site/job/Brazil-So-Paulo-So-Paulo/Pleno-Project-Analyst_JREQ199294,https://thomsonreuters.wd5.myworkdayjobs.com/External_Career_Site/job/Brazil-So-Paulo-So-Paulo/Pleno-Project-Analyst_JREQ199294,"project management, risk analysis, project governance, Agile methodologies, stakeholder collaboration, Microsoft Office, reporting, data analysis, PM tools
Brianna has strong project management experience and has worked with data governance and analytics, which aligns well with the role's requirements. While she lacks direct experience with specific PM tools mentioned in the job description, her familiarity with Agile methodologies and her ability to produce high-quality documentation suggest she could bridge these gaps effectively. Overall, she is a strong candidate for the position.",,,,,2026-05-14T22:01:57.065581+00:00
,,,,7,"PMP Service Manager, E-invoicing",Thomson Reuters,hybrid,,,,https://thomsonreuters.wd5.myworkdayjobs.com/External_Career_Site/job/United-States-of-America-Eagan-Minnesota/Service-Manager--E-invoicing_JREQ199490-1,https://thomsonreuters.wd5.myworkdayjobs.com/External_Career_Site/job/United-States-of-America-Eagan-Minnesota/Service-Manager--E-invoicing_JREQ199490-1,"Service Manager, project management, IT integration, digitalization, automation, international clients, SaaS, customer-focused, data flows
The candidate has strong project management experience, particularly in technical environments, and has worked on data-related projects that align with the role's focus on IT integration and digitalization. While they lack specific experience in e-invoicing or direct ERP projects, their background in managing complex projects and working with international clients indicates they could bridge the minor gaps in experience.",,,,,2026-05-14T22:01:57.065581+00:00
,,,,7,Practices Senior Manager — Enterprise Collaboration & Technical Transformation Leader,Salesforce,unknown,,,,,https://www.linkedin.com/jobs/view/4413708190,"Technical Project Manager, enterprise collaboration, technical leadership, APIs, integrations, automation, data governance, SQL, Python, Agile, customer engagement
Brianna has strong experience in technical project management and product management, particularly in data and AI platforms, which aligns well with the role's focus on enterprise collaboration and technical transformation. She has hands-on experience with SQL and Python, and her work with APIs and integrations is relevant. However, she lacks direct experience with Slack and specific object-oriented programming languages mentioned in the job description, which are key requirements for the role.",,,,,2026-05-14T21:49:36.838746+00:00
,,,,7,"Principal Program Manager, Product Operations, Circle Payments Network",Circle,hybrid,,,,,https://www.linkedin.com/jobs/view/4401660582,"technical program management, product operations, payments infrastructure, SQL, AI tools, cross-functional programs, operational performance, dashboards, compliance workflows, Agile development, Jira
The candidate has strong experience in technical project management and product operations, particularly in data and AI platforms, which aligns well with the role's requirements. They have demonstrated skills in managing complex projects, using SQL for data analysis, and implementing AI-assisted workflows. However, they lack specific experience in payments infrastructure and financial institution integrations, which are critical for this position, leading to a strong but not perfect match.",,,,,2026-05-14T21:41:03.898519+00:00
,,,,7,Principal Technical Program Manager,Moderna,onsite,,,,https://modernatx.wd1.myworkdayjobs.com/M_tx/job/Cambridge-Massachusetts/Principal-Technical-Program-Manager_R18730-1,https://modernatx.wd1.myworkdayjobs.com/M_tx/job/Cambridge-Massachusetts/Principal-Technical-Program-Manager_R18730-1,"Technical Program Management, cross-functional software, digital initiatives, stakeholder management, data governance, Agile Development, product roadmaps, compliance, digital delivery
Brianna has strong experience in technical project management and product management, particularly in data and AI platforms, which aligns well with the requirements of the Principal Technical Program Manager role. While she has relevant skills in managing complex projects and cross-functional teams, she lacks direct experience in regulated industries like biotech or pharma, which is a key requirement for this position. Overall, she is a strong candidate with minor gaps that could be bridged with additional industry-specific knowledge.",,,,,2026-05-14T22:02:20.415246+00:00
,,,,7,Principal Technical Program Manager,Zillow,remote,,,Remote,,https://www.linkedin.com/jobs/view/4383330524,"Technical Program Manager, cross-functional programs, software initiatives, data platforms, AI capabilities, Agile, product management, project management, customer impact
Brianna has strong experience in technical project management and product management, particularly in data and AI platforms, which aligns well with the requirements of the Principal Technical Program Manager role. She has led cross-functional teams and has a solid understanding of software systems, though she may lack some specific experience in CRM and communications platforms, which could be a minor gap. Overall, her background in managing complex projects and her technical skills make her a strong candidate for this position.",,,,,2026-05-14T21:44:13.352357+00:00
,,,,7,Product Management Lead,Ad Hoc,remote,,,"Remote, US (Remote)",https://adhoc.hrmdirect.com/employment/view.php?req=3707360&jbsrc=1014&location=184bbe6f-b8d9-92da-af64-49cd5e6ed79a,https://www.indeed.com/viewjob?jk=421ca574957edb8b,"Product Management, Agile Development, mentoring, coaching, technical projects, AI-powered tools, communication, team development
Brianna has strong experience in product management and technical project management, with a focus on data and AI platforms. She has demonstrated leadership and mentoring skills, which align well with the job's requirements. However, she lacks specific experience in government contracting and may need to bridge some gaps in understanding the unique challenges of public-sector service delivery.",,,,,2026-05-14T21:40:03.505024+00:00
,,,,7,Product Manager,Cotiviti,remote,,,"Remote, US (Remote)",https://careers-cotiviti.icims.com/jobs/19147/job?utm_source=indeed_integration&iis=Job%20Board&iisn=Indeed&indeed-apply-token=73a2d2b2a8d6d5c0a62696875eaebd669103652d3f0c2cd5445d3e66b1592b0f,https://www.indeed.com/viewjob?jk=f8780e4820986982,"product lifecycle, requirements gathering, Agile development, stakeholder management, data models, system integrations, user stories, product documentation
Brianna has strong experience in product management and project management, particularly in technical environments involving data and AI platforms. While she lacks direct experience in healthcare enrollment processes, her skills in managing product lifecycles, Agile methodologies, and stakeholder collaboration align well with the job requirements. Minor gaps in specific healthcare knowledge could be bridged with training or onboarding.",,,,,2026-05-14T21:40:03.505024+00:00
,,,,7,Product Manager,Thomson Reuters,hybrid,,,,https://thomsonreuters.wd5.myworkdayjobs.com/External_Career_Site/job/United-States-of-America-Frisco-Texas/Product-Manager_JREQ199813,https://thomsonreuters.wd5.myworkdayjobs.com/External_Career_Site/job/United-States-of-America-Frisco-Texas/Product-Manager_JREQ199813,"Product Manager, AI, automation, data governance, Agile, cross-functional collaboration, customer experience, tax products, SaaS, machine learning
The candidate has strong experience in product management and technical project management, particularly in data and AI platforms, which aligns well with the job's focus on AI and automation. While they lack direct experience in tax products, their background in fintech and data governance suggests they could bridge this gap. Overall, they possess many relevant skills and experiences, making them a strong match for the role.",,,,,2026-05-14T22:01:57.065581+00:00
,,,,7,"Product Manager II - Financials, Access & Integrations",Snapsheet,remote,,,"Remote, US (Remote)",https://snapsheet.applytojob.com/apply/DpfxQwdw4O/Product-Manager-II-Financials-Access-Integrations?source=INDE&~,https://www.indeed.com/viewjob?jk=e5e9b0cbecd30848,"Product Management, B2B SaaS, data-driven, customer-centric, integrations, financial products, Agile, Jira, NLP, data governance
Brianna has strong experience in product management and project management within data and AI platforms, which aligns well with the job's requirements. She has demonstrated her ability to manage complex projects, work with cross-functional teams, and leverage data for decision-making. However, she lacks direct experience in fintech and payment systems, which are crucial for this role, leading to a minor gap in her qualifications.",,,,,2026-05-14T21:48:33.976678+00:00
,,,,7,"Product Manager, Handpiece, Small Equipment & Rotary",Henry Schein,remote,,,"Remote, US (Remote)",https://henryschein.wd1.myworkdayjobs.com/nl-NL/External_Careers/job/United-States---Remote/Product-Manager--Handpiece--Small-Equipment---Rotary_R133694,https://www.indeed.com/viewjob?jk=8f895dc9f21df7f5,"Product Manager, project management, product development, cross-functional collaboration, customer advocacy, market analysis, product lifecycle management, technical background
The candidate has strong experience in product management and project management, with a focus on data and AI platforms, which aligns with the technical aspects of the role. While they lack specific experience in the dental market and medical device regulations, their skills in cross-functional collaboration and market analysis are relevant and can be adapted to the new industry.",,,,,2026-05-14T21:46:30.549281+00:00
,,,,7,"Product Manager, New Products",OrderlyMeds,remote,,,"Remote, US (Remote)",https://ats.rippling.com/orderly-wellness/jobs/52989a59-2318-4330-bfba-ce33f92586ff?jobSite=Indeed,https://www.indeed.com/viewjob?jk=214cc1f1f72f4f22,"product management, market research, product development, cross-functional teams, go-to-market, consumer insights, agile, documentation
Brianna has strong experience in product management and has worked on various aspects of product development, including market research and cross-functional collaboration. While she has relevant skills and experience, there may be minor gaps in specific consumer goods or health and wellness industry experience, which could be bridged with her existing skills. Overall, she is a strong candidate for the role.",,,,,2026-05-14T21:52:47.996850+00:00
,,,,7,Product Operations Analyst,Interlace Health,remote,,,"Remote, US (Remote)",https://interlacehealth.applytojob.com/apply/BirEd5b4gv/Product-Operations-Analyst?source=INDE&~,https://www.indeed.com/viewjob?jk=df9ef801f49fdb39,"Product Analyst, Agile, Scrum, documentation, user stories, software development, AI tools, collaboration, backlog management
Brianna has strong experience in product management and project coordination, particularly in Agile environments, which aligns well with the job requirements. She has demonstrated skills in translating product requirements into actionable tasks and managing documentation, although her experience is more senior than what the role specifies, which may lead to minor gaps in expectations around execution versus strategy.",,,,,2026-05-14T21:33:49.397717+00:00
,,,,7,Product Operations Coordinator,EPIC Insurance Brokers & Consultants,remote,,,"Remote, US (Remote)",https://grnh.se/nd44bhxc2us,https://www.indeed.com/viewjob?jk=c2bf6a0a3ade0998,"project coordination, product operations, data lifecycle, SQL, Power BI, client implementation, Azure DevOps, analytics, communication skills
The candidate has strong experience in project management and product operations, particularly in data and analytics, which aligns well with the role's requirements. They possess relevant technical skills such as SQL and Power BI, and have experience in client-facing environments, though they may need to bridge some gaps in specific tools like Azure DevOps and pharmacy claims data structures. Overall, they are a strong match with minor gaps.",,,,,2026-05-14T21:33:49.397717+00:00
,,,,7,Product Specialist,BriViz LLC,remote,,,"Remote, US (Remote)",http://www.indeed.com/job/product-specialist-1ce890d2895787db,https://www.indeed.com/viewjob?jk=1ce890d2895787db,"product management, stakeholder management, Agile methodologies, data analysis, SQL, product requirements, user stories, performance monitoring, cross-functional collaboration
The candidate has strong experience in product management, particularly in data and AI platforms, which aligns well with the job's requirements. While they lack direct experience in underwriting policy and the specific insurance domain, their technical skills and project management background suggest they could bridge the gap with some training. Overall, they demonstrate a solid fit with minor gaps.",,,,,2026-05-14T21:40:03.505024+00:00
,,,,7,Professional Services Lead,OneUp Sales,remote,,,Remote,,https://www.linkedin.com/jobs/view/4413431846,"onboarding, support, team leadership, SaaS, client communication, process improvement, AI, automation, operational KPIs
The candidate has strong experience in project management and technical product management, particularly in SaaS environments, which aligns well with the role's requirements. They have demonstrated leadership and organizational skills, but may lack direct experience in a dedicated onboarding or support role, which could be a minor gap. Overall, they possess many relevant skills and experiences that could be easily adapted to this position.",,,,,2026-05-14T21:48:33.976678+00:00
,,,,7,"Program Manager, Customer Experience",Sprinto,remote,,,Remote,,https://www.linkedin.com/jobs/view/4414414788,"Program Management, Customer Experience, B2B SaaS, Stakeholder Management, Data Fluency, Onboarding, Implementation, Change Management, SQL, BI Tools
The candidate has strong experience in project management and product management, particularly in data and AI platforms, which aligns well with the requirements of the Program Manager role. While they have relevant skills in data fluency and stakeholder management, they may lack direct experience in customer success operations and specific tools mentioned in the job description, which could be a minor gap. Overall, they are a strong match with the potential to bridge these gaps quickly.",,,,,2026-05-14T21:48:33.976678+00:00
,,,,7,Project Management Manager II,Motorola Solutions,remote,,,"Florida Remote Work, More...",https://motorolasolutions.wd5.myworkdayjobs.com/Careers/job/Florida-Remote-Work/Project-Management-Manager-II_R64138-1,https://motorolasolutions.wd5.myworkdayjobs.com/Careers/job/Florida-Remote-Work/Project-Management-Manager-II_R64138-1,"Project Management, Program Management, Agile Development, Risk Assessment, Customer Satisfaction, Budget Management, Mobile Video Solutions
Brianna has strong project management experience, particularly in technical environments, and has successfully led teams and projects that align with the responsibilities outlined in the job description. While she lacks specific experience in mobile video technology and public safety communications, her skills in managing budgets, timelines, and customer relationships are highly relevant and could be adapted to meet the role's requirements.",,,,,2026-05-14T21:59:19.671411+00:00
,,,,7,Project Manager,Blu Omega LLC,hybrid,"Remote, US (Remote)",,"Remote, US (Remote)",https://bluomega.com/wp-content/plugins/bullhorn-oscp/#/jobs/2139,https://www.indeed.com/viewjob?jk=ebf35f23353de952,"Project Management, Agile, Jira, Stakeholder Communication, Risk Management, Public Health, Technical Projects
The candidate has strong project management experience, particularly in technical environments, and has demonstrated skills in Agile methodologies and stakeholder communication. However, they lack direct experience in public health initiatives and managing federal programs, which are key requirements for this role. Overall, the candidate has a solid foundation that could be adapted to meet the specific needs of the position.",,,,,2026-05-14T21:31:37.952938+00:00
,,,,7,Project Manager,CSG,remote,,,Remote,,https://www.linkedin.com/jobs/view/4414176873,"project management, Agile, Scrum, stakeholder engagement, risk management, communication plans, budget management, IT, data governance
Brianna has strong project management experience, particularly in technical environments, and has demonstrated her ability to lead complex projects and manage budgets effectively. While she lacks the 10+ years of experience specified in the job description, her relevant skills in Agile methodologies and stakeholder engagement align well with the role's requirements, making her a strong candidate despite some gaps in experience.",,,,,2026-05-14T21:40:03.505024+00:00
,,,,7,Project Manager,IOON,unknown,,,,,https://www.linkedin.com/jobs/view/4411171028,"project manager, functional analysis, requirements definition, documentation, microservices, cloud environments, SQL, APIs, communication
The candidate has strong project management experience and relevant technical skills, particularly in SQL and cloud-based solutions. However, they lack specific experience in microservices architecture and functional analysis as outlined in the job description, which are key requirements for this role. Overall, the candidate is a strong match but has some gaps that would need to be addressed.",,,,,2026-05-14T21:50:40.094592+00:00
,,,,7,Project Manager,Latacora,remote,,,Remote,,https://www.linkedin.com/jobs/view/4411768378,"project management, Agile, client engagement, communication skills, Jira, scheduling, problem-solving, security practices
Brianna has strong project management experience, particularly in technical environments, and has worked with security-related projects, which aligns well with the job description. However, while she has relevant skills and experience, she may lack direct experience in cybersecurity, which is a key focus of the role. Overall, she is a strong candidate with minor gaps that could be bridged.",,,,,2026-05-14T21:40:03.505024+00:00
,,,,7,Project Manager,Outsourcey,remote,,,Remote,,https://www.linkedin.com/jobs/view/4413274924,"project management, agile, Jira, KPI, delivery management, stakeholder management, risk management
The candidate has strong project management experience, particularly in technical environments, and has demonstrated the ability to manage complex projects with a focus on data and AI platforms. While they have relevant experience in agile methodologies and tools like Jira, they lack specific experience in regulated financial services or payments delivery, which is a key requirement for this role. However, their skills in managing delivery and stakeholder relationships align well with the job description.",,,,,2026-05-14T21:40:03.505024+00:00
,,,,7,Project Manager,Woven Health Collective,remote,,,"Remote, US (Remote)",https://woven.hrmdirect.com/employment/view.php?req=3709926&jbsrc=1014&location=b642d2e6-6a8a-7977-c756-55b9055c9f37,https://www.indeed.com/viewjob?jk=4b2923f4caf884d7,"project management, budget management, cross-functional teams, timelines, deliverables, communication, remote work, process improvements
The candidate has strong project management experience, particularly in technical and data-driven environments, which aligns well with the role's requirements. While they lack specific experience in pharmaceutical advertising or commercialization, their skills in managing budgets, timelines, and cross-functional teams are relevant and transferable. Minor gaps in industry-specific knowledge could be bridged with some training.",,,,,2026-05-14T21:52:47.996850+00:00
,,,,7,Project Manager (Web Design) | US Clients | Pharma,eStoreLabs,unknown,,,,,https://www.linkedin.com/jobs/view/4414625159,"project management, website design, digital projects, cross-functional teams, UX, compliance, stakeholder management, Figma
The candidate has strong project management experience and relevant skills in web design and digital project delivery, particularly in managing cross-functional teams and ensuring quality standards. However, they lack specific experience in the pharmaceutical industry and familiarity with CMS platforms mentioned in the job description, which are key requirements for this role.",,,,,2026-05-14T21:40:03.505024+00:00
,,,,7,"Project Manager - ALBERTA, CANADA",Motorola Solutions,remote,,,Alberta Remote Work,https://motorolasolutions.wd5.myworkdayjobs.com/Careers/job/Alberta-Remote-Work/Project-Manager---REMOTE_R64777,https://motorolasolutions.wd5.myworkdayjobs.com/Careers/job/Alberta-Remote-Work/Project-Manager---REMOTE_R64777,"project management, Agile development, customer satisfaction, communication systems, budget management, technical background, PMBOK, cross-functional teams
Brianna has strong project management experience, particularly in technical environments, which aligns well with the requirements of the Motorola Solutions position. While she lacks specific experience in communication systems and public safety, her extensive background in managing complex projects and teams, along with her technical skills, positions her as a strong candidate with minor gaps that could be bridged.",,,,,2026-05-14T21:59:19.671411+00:00
,,,,7,Project Manager - Mid-Atlantic Territory Software Deployment,Motorola Solutions,remote,,,"Maryland Remote Work, More...",https://motorolasolutions.wd5.myworkdayjobs.com/Careers/job/Maryland-Remote-Work/Project-Manager---Mid-Atlantic-Territory-Software-Deployment_R64022,https://motorolasolutions.wd5.myworkdayjobs.com/Careers/job/Maryland-Remote-Work/Project-Manager---Mid-Atlantic-Territory-Software-Deployment_R64022,"Project Management, Agile Development, Budgeting, Risk Management, Communication, Emergency Call Handling, Public Safety, Cloud-based Document Management
Brianna has strong project management experience, particularly in technical environments, and has successfully managed budgets and led teams. While she lacks direct experience with public safety communications systems, her skills in Agile development and risk management align well with the job requirements, making her a strong candidate with minor gaps.",,,,,2026-05-14T21:59:19.671411+00:00
,,,,7,Project Manager - ONESOURCE & Pagero E-Invoicing,Thomson Reuters,hybrid,,,,https://thomsonreuters.wd5.myworkdayjobs.com/External_Career_Site/job/Australia-Pyrmont-New-South-Wales/Senior-Project-Manager_JREQ197891-1,https://thomsonreuters.wd5.myworkdayjobs.com/External_Career_Site/job/Australia-Pyrmont-New-South-Wales/Senior-Project-Manager_JREQ197891-1,"Project Management, SaaS, Implementation, Risk Management, Stakeholder Management, Agile, Communication, Change Control, E-invoicing
The candidate has strong project management experience, particularly in technical and data-driven environments, which aligns well with the requirements of managing complex B2B software implementations. While they have relevant skills in risk management and stakeholder communication, they lack specific experience with e-invoicing and ONESOURCE implementations, which are preferred qualifications for the role. Overall, the candidate is a strong match with minor gaps that could be bridged.",,,,,2026-05-14T22:01:57.065581+00:00
,,,,7,Project Manager - Payment,Cotiviti,unknown,,,,,https://www.linkedin.com/jobs/view/4403625876,"project management, Agile, stakeholder communication, issue resolution, schedule management, Jira, RAID logs, cross-functional projects
The candidate has strong project management experience, particularly in technical environments, and has demonstrated skills in Agile methodologies and stakeholder communication. While they have relevant experience, they lack specific qualifications such as a PMP certification and direct experience in healthcare operations, which are preferred for this role. Overall, the candidate is a strong match with minor gaps that could be bridged.",,,,,2026-05-14T21:40:03.505024+00:00
,,,,7,Project Manager - Pleno,Runtalent,unknown,,,,,https://www.linkedin.com/jobs/view/4414261896,"Project Management, Agile, Scrum, AI, analytics, data solutions, stakeholder management, Azure DevOps
The candidate has strong project management experience in technology, particularly in data and AI platforms, which aligns well with the job requirements. They have demonstrated proficiency in Agile methodologies and have experience managing cross-functional teams. However, they lack specific experience with Azure DevOps and the required PMP certification, which are key components of the job description.",,,,,2026-05-14T21:40:03.505024+00:00
,,,,7,Project Manager - SaaS Transformation (1875),Focus Systems Inc.,remote,,,Remote,,https://www.linkedin.com/jobs/view/4414736282,"Project Manager, SaaS implementation, enterprise projects, data migrations, stakeholder management, budgeting, Agile, governance, executive communication
The candidate has strong project management experience, particularly in SaaS and data-related projects, which aligns well with the job requirements. While they have relevant experience leading projects and managing budgets, they may lack some specific qualifications such as the required years of direct SaaS implementation experience and certifications like PMP or SAFe Agile, which could be easily bridged with their existing skills.",,,,,2026-05-14T21:44:13.352357+00:00
,,,,7,Project Manager - Sr.,Highstep Technologies,remote,,,"Remote, US (Remote)",http://www.indeed.com/job/project-manager-sr-1159413b2a2920b5,https://www.indeed.com/viewjob?jk=1159413b2a2920b5,"project management, communication, risk management, operational coordination, enterprise environments, stakeholder alignment, delivery management
Brianna has strong project management experience, particularly in technical environments, and has demonstrated skills in communication and risk management. While she lacks specific experience with IBM Maximo and the utilities industry, her background in managing complex projects and working with technical teams makes her a strong candidate for this role. Minor gaps in industry-specific knowledge could be bridged with training.",,,,,2026-05-14T21:33:49.397717+00:00
,,,,7,Project Manager I (East Region),Panorama Education,remote,,,Remote,,https://www.linkedin.com/jobs/view/4413722958,"project management, client partnership, data integrity, cross-functional collaboration, SaaS, education, product management, Agile, technical concepts
Brianna has strong project management experience and a solid background in technical product management, which aligns well with the requirements of the Project Manager I role. While she has relevant experience in managing projects and collaborating with cross-functional teams, her direct experience with K-12 education or school districts is not explicitly mentioned, which is a minor gap. Overall, she possesses many of the necessary skills and experiences, making her a strong candidate for the position.",,,,,2026-05-14T21:48:33.976678+00:00
,,,,7,Project Manager Scrum Master,CloudIngest,hybrid,,,,,https://www.linkedin.com/jobs/view/4413845775,"Scrum Master, Agile, cloud migration, project management, cross-functional teams, Jira, communication, problem-solving
Brianna has strong experience in project management and Agile methodologies, having led scrum ceremonies and managed cross-functional teams in her previous roles. However, she lacks specific experience with cloud migration strategies and hands-on cloud platform knowledge, which are critical for this position. Overall, she has relevant skills and experience but would need to bridge some gaps in cloud-specific knowledge.",,,,,2026-05-14T21:40:03.505024+00:00
,,,,7,Project Manager Senior - Remote,INDI Staffing Services,remote,,,Remote,,https://www.linkedin.com/jobs/view/4414203950,"Project Management, Agile Methodology, Budget Management, IT experience, Customer oriented work, Software Engineering
Brianna has strong project management experience, particularly in technical environments, and has utilized Agile methodologies effectively. While she does not have a formal degree in Software Engineering or Computer Science, her technical skills in data management and programming, along with her experience in managing budgets and customer-oriented projects, make her a strong candidate for the role. However, there are minor gaps in direct software engineering experience that could be bridged with her existing skills.",,,,,2026-05-14T21:44:13.352357+00:00
,,,,7,"Project Manager, PMO",Simpson Thacher & Bartlett LLP,onsite,,,,,https://www.linkedin.com/jobs/view/4414644861,"project management, Agile, Scrum, team leadership, risk mitigation, stakeholder engagement, project plans, documentation, MS Project
Brianna has strong project management experience, particularly in technical environments, and has demonstrated leadership skills managing teams and projects. While she has relevant experience in Agile and Scrum methodologies, she lacks specific experience in a law firm or financial services sector, which is a key requirement for this role. However, her technical background and project management skills make her a strong candidate with minor gaps that could be bridged.",,,,,2026-05-14T21:41:03.898519+00:00
,,,,7,Project Manager/Scrum Master (100% Remote) (Colombia Only),Allshore Talent,hybrid,Remote,,Remote,,https://www.linkedin.com/jobs/view/4413476941,"Project Manager, Scrum Master, Agile, capacity planning, risk management, Jira, team facilitation, communication, data-driven insights
The candidate has strong experience as a Technical Project Manager and has led Agile teams, demonstrating relevant skills in Scrum facilitation and project management. While they have a solid background in data and AI platforms, they may lack specific experience with some Agile tools mentioned in the job description, such as Azure DevOps or Confluence, which could be a minor gap. Overall, the candidate's experience aligns well with the role's requirements.",,,,,2026-05-14T21:40:03.505024+00:00
,,,,7,Revenue Operations Project Manager,Dutchie,unknown,,,,,https://www.linkedin.com/jobs/view/4392101954,"project management, change management, data-driven, revenue operations, cross-functional, stakeholder communication, reporting, dashboards, SaaS
Brianna has strong project management experience, particularly in technical environments, and has demonstrated her ability to lead cross-functional teams and manage complex projects. While she lacks direct experience in revenue operations and specific tools like Salesforce or HubSpot, her background in data analytics and change management aligns well with the role's requirements, making her a strong candidate with minor gaps.",,,,,2026-05-14T21:48:33.976678+00:00
,,,,7,Scrum Master,Optomi,remote,,,Remote,,https://www.linkedin.com/jobs/view/4414704697,"Scrum Master, Agile, project management, stakeholder engagement, communication, risk management, delivery roadmaps
The candidate has significant experience in project management and Agile methodologies, having led scrum ceremonies and managed teams in previous roles. However, they do not explicitly mention a Certified Scrum Master (CSM) certification or the required 7+ years of direct Scrum Master experience, which presents a minor gap in meeting the job requirements. Overall, the candidate demonstrates strong relevant skills and experience that could be effectively leveraged in this role.",,,,,2026-05-14T21:29:36.448824+00:00
,,,,7,Scrum Master (Payer-Provider Integration),Pinnacle Method Consulting,remote,,,Remote,,https://www.linkedin.com/jobs/view/4413536220,"Scrum Master, Agile, Scrum, Kanban, project management, healthcare, documentation, stakeholder management
Brianna has strong experience in Agile project management and has led scrum ceremonies, which aligns well with the job's requirements. However, she lacks specific experience in healthcare payer environments and familiarity with FHIR, APIs, and EDI, which are preferred qualifications for the role. Overall, she demonstrates a solid foundation in relevant skills but has some gaps in industry-specific knowledge.",,,,,2026-05-14T21:42:01.891331+00:00
,,,,7,Scrum Master - Remote Work,BairesDev,remote,,,Remote,,https://www.linkedin.com/jobs/view/4414190318,"Scrum Master, Agile methodology, Agile ceremonies, project lifecycle, team member support, IT companies
The candidate has significant experience in Agile project management and has led scrum ceremonies, which aligns well with the Scrum Master role. However, they do not explicitly mention a Scrum Master certification or the required 4+ years of experience specifically in that role, which creates a minor gap. Overall, the candidate's skills and experience are strong and relevant, making them a good fit for the position.",,,,,2026-05-14T21:29:36.448824+00:00
,,,,7,SCRUM Master/ Project Manager (Experience w/AI),Ampleshift,unknown,,,,,https://www.linkedin.com/jobs/view/4414657249,"Scrum Master, Project Manager, AI Products, Agile Development, Automation, Data Pipelines, SQL, Python
The candidate has strong experience in project management and agile methodologies, with a solid background in AI-related projects. However, they lack a specific Scrum Master certification and direct experience with the integration technologies mentioned in the job description (MuleSoft, Workato, Boomi). Overall, they have relevant skills and experience but would need to bridge some gaps to fully meet the job requirements.",,,,,2026-05-14T21:42:01.891331+00:00
,,,,7,Scrum Master/Project Manager,Pinnacle Method Consulting,remote,,,Remote,,https://www.linkedin.com/jobs/view/4414438978,"Scrum, Agile, project management, backlog tracking, conflict management, SDLC, automation
Brianna has strong experience in project management and agile methodologies, having led scrum ceremonies and managed teams effectively in her previous roles. While she lacks specific experience with Microsoft AzureDevOps and is not located in Denver, her extensive background in coordinating scrum events and managing conflicts makes her a strong candidate for the position.",,,,,2026-05-14T21:42:01.891331+00:00
,,,,7,Senior Consultant - Delivery Manager,Ensono,remote,,,Remote,,https://www.linkedin.com/jobs/view/4414698491,"Agile Delivery Management, project management, Azure DevOps, Atlassian products, risk management, stakeholder management, communication skills, cloud, microservices
Brianna has strong experience in project management and Agile methodologies, demonstrated through her roles managing technical projects and leading scrum ceremonies. While she lacks direct experience with Azure DevOps, her proficiency with Atlassian products and project management tools suggests she could adapt quickly. Her background in data and AI platforms aligns well with the technical aspects of the role, but she may need to bridge some gaps in cloud-specific experience and microservices.",,,,,2026-05-14T21:37:59.870693+00:00
,,,,7,Senior Delivery Manager,Ensono,unknown,,,,,https://www.linkedin.com/jobs/view/4414903293,"Agile Delivery, Project Management, Azure DevOps, Atlassian, Risk Management, Stakeholder Management, Communication Skills, Cloud Services, Microservices
Brianna has strong experience in project management and Agile methodologies, which aligns well with the requirements for the Senior Delivery Manager role. She has worked on complex projects involving data and AI platforms, demonstrating her ability to manage deliverables and stakeholder expectations. However, she lacks specific experience with Azure DevOps and direct cloud service integrations, which are important for this position, leading to a strong but not perfect match.",,,,,2026-05-14T21:37:59.870693+00:00
,,,,7,Senior Delivery Manager,EPAM Systems,unknown,,,,,https://www.linkedin.com/jobs/view/4395832461,"project management, Agile methodologies, team leadership, data-driven approach, product development cycle, stakeholder communication, enterprise solutions
Brianna has strong experience in project management and Agile methodologies, with a proven track record of leading teams and managing complex projects. While she has relevant skills and experience, she may lack direct experience in managing larger teams of 50+ members and specific industry knowledge in E-Commerce, Healthcare, and Life Sciences, which are key requirements for this role.",,,,,2026-05-14T21:37:59.870693+00:00
,,,,7,Senior Functional Consultant,nCino,remote,,,"Remote, US (Remote)",https://ncino.wd5.myworkdayjobs.com/en-US/nCinoCareers/job/Remote-USA/Senior-Project-Manager_R6221,https://www.indeed.com/viewjob?jk=fd72ca49db3d8a06,"project management, banking, agile, data governance, SQL, communication, problem-solving, training, customer satisfaction
Brianna has strong project management experience and a solid background in data and AI platforms, which aligns well with the role's requirements. While she lacks direct banking experience, her work with financial contracts and data governance demonstrates transferable skills. Minor gaps in specific banking knowledge and Salesforce experience could be bridged with some training.",,,,,2026-05-14T21:33:49.397717+00:00
,,,,7,Senior Information Technology Project Manager,Motion Recruitment,remote,,,Remote,,https://www.linkedin.com/jobs/view/4413905293,"IT Project Manager, project management, Agile, PMBOK, technical teams, vendor management, SDLC, JIRA, communication skills
Brianna has strong project management experience, particularly in technical environments, and has worked with Agile methodologies. While she has relevant skills and experience, she may lack some specific requirements such as direct experience with MS Project and extensive vendor management, which could be bridged with her existing knowledge of JIRA and agile frameworks. Overall, she is a strong candidate but may need some adjustment to fully meet the job's expectations.",,,,,2026-05-14T21:29:36.448824+00:00
,,,,7,Senior IT Project Manager - US,mSupply,hybrid,Remote,,Remote,,https://www.linkedin.com/jobs/view/4409618751,"IT project management, Agile, cross-functional initiatives, ERP, data platforms, communication skills, risk management, Jira
The candidate has strong project management experience, particularly in technical environments, and has worked with Agile methodologies. While they have relevant skills in data management and analytics, they lack specific experience with ERP systems and the preferred project management tools mentioned in the job description, which could be a minor gap. Overall, the candidate is a strong match with the potential to bridge these gaps.",,,,,2026-05-14T21:36:03.741595+00:00
,,,,7,Senior IT Project Manager/Agile Coach,ASRC Federal,hybrid,"Remote, US (Remote)",,"Remote, US (Remote)",https://jobs.dayforcehcm.com/en-US/asrcfh/CANDIDATEPORTAL/jobs/22971,https://www.indeed.com/viewjob?jk=aac45397098d2b7d,"IT Project Manager, Agile Coach, Scrum, project management, risk management, stakeholder engagement, Jira, Agile methodologies
The candidate has strong experience in project management and Agile methodologies, demonstrated through their roles as a Technical Project Manager and Product Manager. They have led Agile teams and facilitated Scrum ceremonies, which aligns well with the job requirements. However, the candidate lacks specific experience with federal or DoD IT programs and does not mention an active security clearance, which are significant gaps for this role.",,,,,2026-05-14T21:42:01.891331+00:00
,,,,7,"Senior Manager, Indicator Enablement",Save the Children,hybrid,"Remote, US (Remote)",,"Remote, US (Remote)",https://www.savethechildren.net/careers/apply/details?jid=16424,https://www.indeed.com/viewjob?jk=8a6315187d1010c3,"product management, data governance, indicators, data-driven decision-making, agile development, stakeholder engagement, measurement standards, team management
The candidate has strong experience in product management and data analytics, particularly in roles that involve managing complex data systems and leading teams. While they have relevant skills in data governance and stakeholder engagement, they may lack direct experience with global indicators and the specific context of the development sector, which could present minor gaps. Overall, the candidate is a strong match with the potential to bridge these gaps.",,,,,2026-05-14T21:52:47.996850+00:00
,,,,7,"Senior Manager, Technical Program Management",Icertis,hybrid,,,,,https://www.linkedin.com/jobs/view/4280179505,"Technical Program Manager, AI product delivery, Agile, Scrum, project management, Jira, software development lifecycle, cloud platforms, APIs, systems architecture
The candidate has strong experience in technical project management and has worked on AI/ML projects, which aligns well with the job requirements. While they have relevant skills in Agile methodologies and project management tools like Jira, they lack the specified 12+ years of experience and some deeper technical qualifications in cloud platforms and systems architecture, which could be a gap for this senior role.",,,,,2026-05-14T21:44:13.352357+00:00
,,,,7,Senior Product Manager,Thomson Reuters,hybrid,,,,https://thomsonreuters.wd5.myworkdayjobs.com/External_Career_Site/job/United-States-of-America-New-York-New-York/Senior-Product-Manager_JREQ200108,https://thomsonreuters.wd5.myworkdayjobs.com/External_Career_Site/job/United-States-of-America-New-York-New-York/Senior-Product-Manager_JREQ200108,"Product Management, Enterprise SaaS, AI-driven product development, API integration, customer research, cross-functional collaboration, data governance, NLP, Agile development
Brianna has strong experience in product management and technical project management, particularly in data and AI platforms, which aligns well with the requirements of the Senior Product Manager role. She has demonstrated skills in managing complex projects, engaging with customers, and developing data-driven solutions, though she may lack direct experience in corporate tax and accounting workflows, which could be a minor gap. Overall, her technical background and project experience make her a strong candidate for the position.",,,,,2026-05-14T22:01:57.065581+00:00
,,,,7,"Senior Product Manager - CoCounsel, Core Product",Thomson Reuters,hybrid,,,,https://thomsonreuters.wd5.myworkdayjobs.com/External_Career_Site/job/United-States-of-America-Brooklyn-New-York/Senior-Product-Manager---CoCounsel--Core-Product_JREQ200109,https://thomsonreuters.wd5.myworkdayjobs.com/External_Career_Site/job/United-States-of-America-Brooklyn-New-York/Senior-Product-Manager---CoCounsel--Core-Product_JREQ200109,"Product Management, UX, AI, B2B SaaS, Agile, Data Governance, NLP, SQL, Snowflake, Data Pipelines
The candidate has strong experience in product management and technical project management, particularly in data and AI platforms, which aligns well with the requirements of the Senior Product Manager role. They demonstrate relevant skills in UX design, data governance, and have experience with AI and machine learning, though they may lack direct experience in tax and accounting software, which is a key aspect of the job. Overall, the candidate is a strong match with minor gaps that could be bridged.",,,,,2026-05-14T22:01:57.065581+00:00
,,,,7,Senior Product Manager Remote - US • Remote,Daxko,remote,,,"Remote, US (Remote)",https://jobs.gem.com/daxko/am9icG9zdDqHGetaLk6XlRLPL6GbeQrE,https://www.indeed.com/viewjob?jk=7df0ef285d8100f7,"Product Management, B2B, market analysis, customer experience, product roadmap, Agile, cross-functional leadership, data governance, analytics
The candidate has strong experience in product management and technical project management, particularly in data and AI platforms, which aligns well with the requirements of the Senior Product Manager role. While they have relevant skills in market analysis and customer experience, they may lack specific experience in the fitness and wellness sector and managing international franchise operations, which could be a minor gap. Overall, the candidate demonstrates a strong match with the role's expectations.",,,,,2026-05-14T21:37:59.870693+00:00
,,,,7,"Senior Product Manager, Growth & Enrollment",Imagine Pediatrics,remote,,,"Remote, US (Remote)",https://grnh.se/ryn9ezuu5us,https://www.indeed.com/viewjob?jk=de83e36fd3e3717b,"Product Management, healthcare, growth, operational platforms, conversion, onboarding, workflows, cross-functional execution, metrics, patient engagement
The candidate has strong experience in product management and technical project management, particularly in data and AI platforms, which aligns well with the role's requirements. However, while they have relevant skills in managing complex workflows and cross-functional teams, they lack direct experience in healthcare and the specific metrics mentioned in the job description, which are critical for this position.",,,,,2026-05-14T21:46:30.549281+00:00
,,,,7,"Senior Product Manager, New Products",OrderlyMeds,remote,,,"Remote, US (Remote)",https://ats.rippling.com/orderly-wellness/jobs/1a58b2b4-5085-4ced-bbc9-fba424abbb6e?jobSite=Indeed,https://www.indeed.com/viewjob?jk=d0f0c4fce1d14402,"product management, market analysis, Go-To-Market strategies, project management, cross-functional teams, consumer trends, innovation, data-driven, agile
Brianna has strong experience in product management and project management, particularly in data and AI platforms, which aligns well with the role's requirements. She has demonstrated her ability to lead products from concept to launch and has experience with market analysis and Go-To-Market strategies. However, her experience is more focused on technical products rather than consumer goods or wellness, which presents a minor gap in industry-specific knowledge.",,,,,2026-05-14T21:52:47.996850+00:00
,,,,7,Senior Program Manager,ATR International,unknown,,,,,https://www.linkedin.com/jobs/view/4414715054,"program management, operational transformation, vendor migration, project planning, stakeholder coordination, process improvement, governance, delivery management
Brianna has strong experience in project management and has led multiple initiatives in operational environments, particularly in data and AI platforms. While she has relevant skills in governance and delivery management, her experience does not directly align with the financial services or alternative investments sectors, which may present a gap in industry-specific knowledge. However, her ability to manage multiple projects and drive transformation initiatives makes her a strong candidate for the role.",,,,,2026-05-14T21:30:36.685596+00:00
,,,,7,Senior Program Manager,Function Health,unknown,,,,,https://www.linkedin.com/jobs/view/4414199555,"program management, project management, cross-functional teams, Agile development, communication, data-driven insights, systems thinking, high-growth environment
Brianna has strong experience in project management and has worked in fast-paced environments, which aligns well with the role's requirements. She has demonstrated skills in managing complex initiatives and cross-functional teams, although she may lack some specific experience in M&A processes and the health industry. Overall, she possesses many relevant skills and experiences that would allow her to bridge any minor gaps effectively.",,,,,2026-05-14T21:46:30.549281+00:00
,,,,7,Senior Project Manager,BlastX Consulting,remote,,,Remote,,https://www.linkedin.com/jobs/view/4409076916,"project management, Agile, Scrum, resource planning, client engagement, communication, risk mitigation, JIRA, consulting
Brianna has strong project management experience, particularly in technical environments, and has demonstrated her ability to lead teams and manage complex projects. While she has relevant skills and experience, she lacks specific consulting industry experience and a PMP certification, which are key requirements for this role. However, her background in managing client relationships and delivering projects aligns well with the job description.",,,,,2026-05-14T21:29:36.448824+00:00
,,,,7,Senior Project Manager,Centific,unknown,,,,,https://www.linkedin.com/jobs/view/4414492576,"project management, data collection, Microsoft Office 365, PowerBI, leadership, process improvements, Agile development
Brianna has strong project management experience and has worked with data analytics tools like Power BI and SQL, which aligns well with the job requirements. While she has demonstrated leadership and communication skills, the role may require more direct experience in overseeing single projects and implementing process improvements, which could be a minor gap. Overall, she is a strong candidate with relevant experience that can be leveraged in this position.",,,,,2026-05-14T21:29:36.448824+00:00
,,,,7,Senior Project Manager,Guidewire,remote,,,"Remote, US (Remote)",https://www.guidewire.com/about/careers/jobs/senior-project-manager-jr_14799/,https://www.indeed.com/viewjob?jk=c875272897aca916,"Project Management, Agile Development, Communication, Stakeholder Management, Risk Management, Budgeting, Customer Engagement, SQL, Python
Brianna has strong project management experience, particularly in technical environments, and has demonstrated her ability to manage budgets and deliver projects on time. While she lacks the required 10+ years of experience, her relevant skills in Agile methodologies, communication, and stakeholder management align well with the job description, making her a strong candidate with minor gaps.",,,,,2026-05-14T21:36:03.741595+00:00
,,,,7,Senior Project Manager,Körber,remote,,,"Remote, US (Remote)",https://jobs.koerber.com/pharma/job/Remote-work-Senior-Project-Manager/1393035233/,https://www.indeed.com/viewjob?jk=21ba93a5e376f249,"project management, budgeting, resource management, Agile, leadership, communication, risk management, customer satisfaction, MES, ERP
Brianna has strong experience in project management and has led teams in Agile environments, which aligns well with the job requirements. She has demonstrated leadership and communication skills, as well as experience in managing budgets and resources. However, she lacks specific experience with MES/ERP systems and does not mention any relevant certifications, which are preferred for this role.",,,,,2026-05-14T21:52:47.996850+00:00
,,,,7,Senior Project Manager,Körber,unknown,,,,,https://www.linkedin.com/jobs/view/4413754575,"project management, budgeting, resource management, Agile, leadership, communication, risk management, customer satisfaction, MES, ERP
Brianna has strong project management experience, particularly in technical environments, and has demonstrated leadership skills in managing teams and projects. While she lacks specific experience with MES/ERP systems and the pharmaceutical industry, her background in data and AI platforms, along with her technical project management skills, suggest she could bridge these gaps with some training.",,,,,2026-05-14T21:44:13.352357+00:00
,,,,7,Senior Project Manager,LanguageLine Solutions,unknown,,,,,https://www.linkedin.com/jobs/view/4414679006,"project management, client relationship, communication skills, organizational skills, mentoring, database functions, localization, Agile development
Brianna has strong project management experience, particularly in technical environments, and has demonstrated leadership and mentoring skills. While she lacks direct experience in localization and some specific tools mentioned in the job description, her technical background and ability to manage client relationships align well with the requirements of the Senior Project Manager role. Minor gaps in specific industry knowledge could be bridged with training.",,,,,2026-05-14T21:33:49.397717+00:00
,,,,7,Senior Project Manager,nesto,unknown,,,,,https://www.linkedin.com/jobs/view/4395286349,"project management, Agile, Scrum, IT infrastructure, data operations, system integration, cybersecurity, risk management, JIRA, stakeholder communication
The candidate has strong project management experience and a solid understanding of data operations and IT infrastructure, which aligns well with the job requirements. However, they lack specific experience in the Canadian mortgage industry and do not mention a PMP or ITIL certification, which are required for the role. Overall, the candidate has relevant skills but has some gaps that would need to be addressed.",,,,,2026-05-14T21:33:49.397717+00:00
,,,,7,Senior Project Manager,PeopleCaddie,hybrid,Remote,,Remote,,https://www.linkedin.com/jobs/view/4414593879,"Data transformation, data migration, data integration, Snowflake, UAT, project management, analytics, data governance, Agile, stakeholder management
The candidate has strong experience in project management and data analytics, particularly with Snowflake and data ingestion pipelines. While they have relevant experience leading data-driven projects, they may lack the extensive 8-10 years of direct project management experience specified in the job description, which could be a minor gap. Overall, they are a strong match with transferable skills and relevant project experience.",,,,,2026-05-14T21:29:36.448824+00:00
,,,,7,Senior Project Manager,Percepta,remote,,,Remote,,https://www.linkedin.com/jobs/view/4413466716,"Project Management, Agile, Scrum, Client Management, Risk Management, Budget Management, Communication, Team Leadership, Change Management
Brianna has strong project management experience, particularly in technical environments, and has led multiple projects involving complex data systems and teams. While she has relevant skills and experience, she lacks specific experience in the call center or business process outsourcing industry, which is a key requirement for this role. However, her ability to manage budgets, lead teams, and communicate effectively positions her as a strong candidate with minor gaps.",,,,,2026-05-14T21:42:01.891331+00:00
,,,,7,Senior Project Manager,Presidio,unknown,,,,,https://www.linkedin.com/jobs/view/4365639389,"project management, Agile, Scrum, cloud infrastructure, AWS, Azure, IT consulting, stakeholder management, documentation
The candidate has strong project management experience, particularly in technical environments, and has worked with Agile methodologies. However, there is no direct mention of experience with AWS or Azure cloud technologies, which is a key requirement for this role. The candidate's experience in managing technical projects and leading teams aligns well with the responsibilities outlined in the job description, but the lack of specific cloud experience presents a minor gap.",,,,,2026-05-14T21:36:03.741595+00:00
,,,,7,Senior Project Manager (Remote),Trace3,remote,,,Remote,,https://www.linkedin.com/jobs/view/4404228370,"project management, Agile, budgeting, stakeholder communication, vendor management, SQL, data governance, automation
Brianna has strong project management experience, particularly in technical environments, and has demonstrated her ability to manage budgets and lead teams effectively. While she lacks the specific 10 years of experience in a VAR or consulting organization and the PMP certification, her skills in Agile methodologies and technical product management align well with the role's requirements, making her a strong candidate with minor gaps.",,,,,2026-05-14T21:29:36.448824+00:00
,,,,7,Senior Project Manager (Systemwide/Higher Education/SaaS/ERP),Ellucian,remote,,,"Remote, US (Remote)",https://careers.ellucian.com/jobs/7474/job?utm_source=indeed_integration&iis=Job%20Board&iisn=Indeed&indeed-apply-token=73a2d2b2a8d6d5c0a62696875eaebd669103652d3f0c2cd5445d3e66b1592b0f,https://www.indeed.com/viewjob?jk=b2086b083c174cc7,"Project Management, SaaS, Cloud Solutions, Stakeholder Management, Agile, ERP, Customer Satisfaction, Team Leadership
Brianna has strong project management experience, particularly in technical environments, and has led multiple projects involving SaaS and data governance. While she lacks direct experience in higher education and ERP implementations, her skills in managing complex projects, stakeholder communication, and Agile methodologies align well with the job requirements, making her a strong candidate with minor gaps.",,,,,2026-05-14T21:33:49.397717+00:00
,,,,7,Senior Project Manager - Customer Migration (Contract),Oho,hybrid,Remote,,Remote,,https://www.linkedin.com/jobs/view/4414408193,"project management, customer migration, SaaS, Agile, risk management, communication, product management, customer success
The candidate has strong project management experience, particularly in technical environments, and has led complex projects involving customer interactions and product migrations. While they have relevant experience in product management and customer success, they may need to adapt to the specific requirements of a SaaS startup focused on customer migration, which could present minor gaps. Overall, the candidate's skills align well with the job requirements, making them a strong match.",,,,,2026-05-14T21:33:49.397717+00:00
,,,,7,"Senior Project Manager, Solutions","GXO Logistics, Inc.",unknown,,,,,https://www.linkedin.com/jobs/view/4413739813,"project management, Agile, resource management, communication strategies, mentoring, logistics, supply chain
Brianna has strong project management experience, particularly in technical environments, and has led teams using Agile methodologies. While she lacks direct experience in logistics or supply chain, her skills in managing complex projects and mentoring team members align well with the job requirements. Minor gaps in industry-specific knowledge could be bridged with training.",,,,,2026-05-14T21:42:01.891331+00:00
,,,,7,Senior Technical and Financial Crime Intelligence Analyst,Manulife,remote,,,"CAN, Ontario - Full Time Remote",https://manulife.wd3.myworkdayjobs.com/MFCJH_Jobs/job/CAN-Ontario---Full-Time-Remote/Senior-Technical---Financial-Crime-Intelligence-Analyst_JR25110828,https://manulife.wd3.myworkdayjobs.com/MFCJH_Jobs/job/CAN-Ontario---Full-Time-Remote/Senior-Technical---Financial-Crime-Intelligence-Analyst_JR25110828,"data visualization, dashboard development, SQL, Python, data analysis, Power BI, predictive modeling, trend analysis, data integrity, communication skills
The candidate has strong experience in data analysis and visualization, particularly with Power BI and SQL, which aligns well with the job requirements. While they lack specific experience in criminal risk intelligence analysis and knowledge of Canadian financial regulations, their technical skills and project management experience suggest they could bridge these gaps with some training.",,,,,2026-05-14T22:05:22.908404+00:00
,,,,7,"Senior Technical Product Manager, Billing & Payments",Thomson Reuters,hybrid,,,,https://thomsonreuters.wd5.myworkdayjobs.com/External_Career_Site/job/Canada-Toronto-Ontario/Senior-Technical-Product-Manager--Billing---Payments_JREQ198733,https://thomsonreuters.wd5.myworkdayjobs.com/External_Career_Site/job/Canada-Toronto-Ontario/Senior-Technical-Product-Manager--Billing---Payments_JREQ198733,"Technical Product Manager, Billing, Payments, APIs, integration, compliance, automation, data models, e-invoicing, Stripe, Zuora
Brianna has strong experience in technical product management and has worked with data governance and analytics platforms, which aligns well with the requirements for managing billing and payments systems. While she lacks direct experience with billing platforms like Zuora and payment systems like Stripe, her background in managing complex projects and integrating data solutions suggests she could bridge these gaps effectively.",,,,,2026-05-14T22:01:57.065581+00:00
,,,,7,Senior Technical Program Manager,BeyondTrust,unknown,,,,,https://www.linkedin.com/jobs/view/4413718124,"Technical Program Manager, project management, Agile, software development, cybersecurity, Jira, risk management, process improvement
Brianna has strong experience as a Technical Project Manager with a focus on data and AI platforms, which aligns well with the requirements for overseeing engineering initiatives. She has relevant skills in Agile methodologies and project management tools like Jira, but lacks specific experience in cybersecurity and cloud software engineering, which are emphasized in the job description. Overall, she has a solid foundation but would need to bridge some gaps in cybersecurity knowledge.",,,,,2026-05-14T21:46:30.549281+00:00
,,,,7,"Senior Technical Program Manager, Ads",Instacart,remote,,,Remote,,https://www.linkedin.com/jobs/view/4411244403,"Technical Program Manager, project management, cross-functional teams, software development lifecycle, communication, data infrastructure, Agile, product management, SQL, Python
The candidate has strong experience as a Technical Project Manager and Product Manager, demonstrating skills in managing complex projects and cross-functional teams. While they possess relevant technical skills and experience in data and analytics, they lack direct experience in the Ads domain specifically, which is a key requirement for this role. However, their background in data governance and machine learning projects indicates a solid foundation that could be leveraged in this position.",,,,,2026-05-14T21:44:13.352357+00:00
,,,,7,"Senior Technical Program Manager, FUB Engineering",Zillow,remote,,,Remote,,https://www.linkedin.com/jobs/view/4383359492,"technical program management, cross-functional, AI capabilities, product initiatives, infrastructure, APIs, agile environments, data science, communication skills
Brianna has strong experience in technical project management and has led cross-functional teams, which aligns well with the requirements for the Senior Technical Program Manager role. She has experience with AI and ML projects, as well as managing complex programs, but may lack some specific experience with modern web and mobile architectures and distributed systems, which could be a minor gap. Overall, her skills and experience make her a strong candidate for the position.",,,,,2026-05-14T21:46:30.549281+00:00
,,,,7,"Senior Technical Program Manager, Hosting Services",Airbnb,remote,,,Remote,,https://www.linkedin.com/jobs/view/4394934830,"Technical Program Manager, AI, automation, software development, ML models, project management, Agile, stakeholder communication
Brianna has strong experience in technical project management and has worked with AI and ML models, which aligns well with the job's requirements. While she has relevant skills and experience, she may lack some specific experience in large-scale ML/AI platforms and the extensive years of experience required for a senior role, which could present minor gaps. Overall, she is a strong match with the potential to bridge these gaps.",,,,,2026-05-14T21:44:13.352357+00:00
,,,,7,Senior Technical Program Manager- Remote,BeyondTrust,remote,,,Remote,,https://www.linkedin.com/jobs/view/4413742907,"Technical Program Manager, project management, Agile, software development, cybersecurity, Jira, risk management, data analysis
The candidate has strong experience in technical project management, particularly in data and AI platforms, which aligns well with the requirements of overseeing engineering initiatives. They have experience with Agile methodologies and tools like Jira, but their background does not explicitly mention cybersecurity, which is a key aspect of the role. Overall, the candidate has relevant skills and experience, but there are minor gaps in specific cybersecurity knowledge.",,,,,2026-05-14T21:46:30.549281+00:00
,,,,7,Senior Technical Project Manager (6-month Contract),Activision,hybrid,,,,,https://www.linkedin.com/jobs/view/4414153599,"Technical Project Manager, Agile, Scrum, cross-functional initiatives, product management, stakeholder communication, digital solutions, Marketing Technology, Jira, collaboration tools
The candidate has strong experience in project management and has worked with cross-functional teams, particularly in technical environments. They have relevant skills in Agile methodologies and tools like Jira, but they lack specific experience in Marketing Technology ecosystems and customer-facing platforms, which are emphasized in the job description. Overall, they are a strong match with minor gaps that could be bridged.",,,,,2026-05-14T21:31:37.952938+00:00
,,,,7,"Senior Technical Project Manager, Remote",Experian,hybrid,Remote,,Remote,,https://www.linkedin.com/jobs/view/4414531462,"Technical Project Manager, Agile methodology, software development life cycle, analytics, Jira, API, cloud platforms, executive status reporting
Brianna has strong experience as a Technical Project Manager with a focus on data and AI platforms, which aligns well with the job description. She has demonstrated her ability to manage technical projects and teams, utilize Agile methodologies, and work with analytics tools. However, she lacks explicit experience in consulting roles with financial institutions and does not mention a PMP certification, which are key requirements for this position.",,,,,2026-05-14T21:44:13.352357+00:00
,,,,7,Senior Technical Specialist (Coordination of Benefits),Cotiviti,remote,,,"Remote, US (Remote)",https://careers-cotiviti.icims.com/jobs/19175/job?utm_source=indeed_integration&iis=Job%20Board&iisn=Indeed&indeed-apply-token=73a2d2b2a8d6d5c0a62696875eaebd669103652d3f0c2cd5445d3e66b1592b0f,https://www.indeed.com/viewjob?jk=ec67497f38a64ac2,"project management, SQL, Python, healthcare, data processing, Agile, cross-functional teams, technical direction, requirements gathering
Brianna has strong project management experience, particularly in technical environments, and possesses relevant skills in SQL and Python. While she lacks direct experience in medical claims processing and the healthcare industry, her background in data governance and analytics, along with her ability to lead cross-functional teams, makes her a strong candidate for this role. Minor gaps in specific healthcare knowledge could be bridged with training.",,,,,2026-05-14T21:33:49.397717+00:00
,,,,7,Service & Quality Delivery Manager (m/f/d),JTI,remote,,,Remote,,https://www.linkedin.com/jobs/view/4413563625,"SQL, Python, data quality, data governance, root cause analysis, Power BI, project management, agile, data analysis
The candidate has strong experience in data management and analytics, particularly with SQL and Python, which are essential for the role. They have demonstrated project management skills and experience in data governance and quality assurance, aligning well with the job requirements. However, the candidate lacks specific experience with Azure Databricks and may need to bridge some gaps in direct service delivery experience, which prevents a higher score.",,,,,2026-05-14T21:37:59.870693+00:00
,,,,7,Service Delivery Manager,Astronomer,unknown,,,,,https://www.linkedin.com/jobs/view/4387867401,"project management, technical program management, SaaS, customer engagements, stakeholder management, data platforms, implementation manager
Brianna has strong experience in technical project management and has worked with data platforms, which aligns well with the requirements of the Service Delivery Manager role. While she has relevant skills and experience, there are minor gaps in direct experience with SaaS environments and managing multiple simultaneous customer engagements, which could be bridged with her existing project management skills.",,,,,2026-05-14T21:48:33.976678+00:00
,,,,7,Service Delivery Manager,Pythian,remote,,,Remote,,https://www.linkedin.com/jobs/view/4410123046,"service delivery, customer relationship management, project management, resource management, service quality assurance, financial management, risk management, continuous improvement
The candidate has strong project management experience and a solid background in data and analytics, which aligns well with the requirements of the Service Delivery Manager role. While they lack direct experience in managing service delivery processes and customer relationships specifically, their technical project management experience and ability to work with cross-functional teams suggest they could bridge these gaps effectively.",,,,,2026-05-14T21:37:59.870693+00:00
,,,,7,Services Product Manager,Motorola Solutions,remote,,,"Illinois Remote Work, More...",https://motorolasolutions.wd5.myworkdayjobs.com/Careers/job/Illinois-Remote-Work/Services-Product-Manager_R62043,https://motorolasolutions.wd5.myworkdayjobs.com/Careers/job/Illinois-Remote-Work/Services-Product-Manager_R62043,"product management, data analysis, project leadership, cross-functional collaboration, service offerings, market research, revenue growth
Brianna has strong experience in product management and project leadership, particularly in data and AI platforms, which aligns well with the responsibilities of the Services Product Manager role. While she has relevant experience in managing product strategies and collaborating with cross-functional teams, she lacks specific experience in services product management within tech or telecommunications, which is a key requirement for this position.",,,,,2026-05-14T21:59:19.671411+00:00
,,,,7,Solution Success Manager,Flexera,hybrid,"Remote, US (Remote)",,"Remote, US (Remote)",https://flexerasoftware.wd1.myworkdayjobs.com/en-US/FlexeraSoftware/job/Home-United-States/Solution-Success-Manager_17340,https://www.indeed.com/viewjob?jk=068e178a08ef9fc9,"customer success, project management, cross-functional teams, SaaS, IT, communication, leadership, relationship management
Brianna has strong experience in project management and product management, particularly in data and AI platforms, which aligns well with the responsibilities of a Solution Success Manager. While she has not explicitly worked in a customer success role or with SaaS licensing models, her experience in managing complex projects and leading cross-functional teams demonstrates her capability to adapt to this position. Minor gaps in direct customer success experience could be bridged with her existing skills.",,,,,2026-05-14T21:48:33.976678+00:00
,,,,7,Sr. Analyst- Revenue Operations,Adobe,remote,,,Remote India,https://adobe.wd5.myworkdayjobs.com/external_experienced/job/Remote-India/Sales-Operations-Analyst_R168147,https://adobe.wd5.myworkdayjobs.com/external_experienced/job/Remote-India/Sales-Operations-Analyst_R168147,"Revenue Operations, Data Analysis, SQL, Power BI, strategic insights, dashboards, customer behavior, storytelling, collaboration
The candidate has strong experience in data analysis and project management, particularly with tools like Power BI and SQL, which are essential for the role. While they have relevant experience in product management and analytics, they may lack direct experience in Revenue Operations specifically, which could be a minor gap. Overall, they possess many of the required skills and have demonstrated the ability to synthesize complex data into actionable insights, making them a strong match for the position.",,,,,2026-05-14T22:08:34.888181+00:00
,,,,7,Sr. IT Project Manager,IQVIA,hybrid,,,,,https://www.linkedin.com/jobs/view/4404433702,"project management, software development, Agile, cross-functional teams, product development, risk management, financial management, JIRA
Brianna has strong experience in project management and has worked with cross-functional teams in software and product development, which aligns well with the job requirements. While she lacks specific experience in healthcare or life sciences, her technical project management skills and familiarity with Agile methodologies make her a strong candidate with minor gaps that could be bridged.",,,,,2026-05-14T21:33:49.397717+00:00
,,,,7,Sr. Principal Technical Program Manager,Jobgether,remote,,,Remote,,https://www.linkedin.com/jobs/view/4413527218,"Technical Program Manager, SaaS, AI-driven development, program management, Jira, execution frameworks, Agile, communication skills
Brianna has strong experience in technical project management and product management within SaaS environments, particularly with AI-driven projects. She demonstrates relevant skills in managing complex programs, utilizing Agile methodologies, and has experience with tools like Jira. However, she lacks the required 10+ years of experience and specific familiarity with generative AI and LLMs, which are emphasized in the job description.",,,,,2026-05-14T21:46:30.549281+00:00
,,,,7,Sr. Program Manager,Thomson Reuters,hybrid,,,,https://thomsonreuters.wd5.myworkdayjobs.com/External_Career_Site/job/Mexico-Mexico-City/Sr-Program-Manager_JREQ198855-1,https://thomsonreuters.wd5.myworkdayjobs.com/External_Career_Site/job/Mexico-Mexico-City/Sr-Program-Manager_JREQ198855-1,"Program Management, Agile, Stakeholder Engagement, Transformation Initiatives, Cross-Functional Collaboration, Budget Management, KPIs, Communication Skills
Brianna has strong experience in project and product management, particularly in technical environments, which aligns well with the requirements for the Senior Program Manager role. She has demonstrated leadership in managing complex projects and cross-functional teams, although she may lack some specific experience in large-scale transformation initiatives within a global organization, which could be a minor gap. Overall, her skills in Agile methodologies and stakeholder engagement make her a strong candidate for the position.",,,,,2026-05-14T22:01:57.065581+00:00
,,,,7,Sr. Project Manager,Blytheco,remote,,,Remote,,https://www.linkedin.com/jobs/view/4405269260,"project management, Agile, Scrum, ERP, client-facing, risk management, budget management, implementation, stakeholder communication
Brianna has strong experience in project management, particularly in technical and data-driven environments, which aligns well with the requirements for managing ERP implementations. She has demonstrated skills in Agile methodologies and has experience leading teams, though she lacks specific ERP implementation experience and the required years in a consulting environment, which are key for this role.",,,,,2026-05-14T21:29:36.448824+00:00
,,,,7,Sr. Project Manager,Net2Source (N2S),hybrid,Remote,,Remote,,https://www.linkedin.com/jobs/view/4410995300,"project management, application modernization, cloud transformation, AWS, Agile, cross-functional teams, risk management, stakeholder communication
The candidate has strong project management experience, particularly in technical environments, and has led complex initiatives involving data and AI platforms. While they lack direct experience with AWS and containerization, their background in managing cross-functional teams and executing detailed project plans aligns well with the job requirements. Minor gaps in specific technologies can be bridged with their existing skills.",,,,,2026-05-14T21:36:03.741595+00:00
,,,,7,"Sr. Project Manager, Program Management - Product & Data",Horizon Media,unknown,,,,,https://www.linkedin.com/jobs/view/4411512224,"project management, data, AI, MarTech, client relationships, Agile, JIRA, stakeholder management
Brianna has strong project management experience, particularly in technical environments, and has worked with data and AI-driven projects. While she lacks direct experience in a media agency or MarTech setting, her skills in managing cross-functional teams and client relationships align well with the job requirements. Minor gaps in specific industry experience could be bridged with her existing technical and project management skills.",,,,,2026-05-14T21:30:36.685596+00:00
,,,,7,Sr. Technical Delivery Manager (East Region),World Wide Technology,hybrid,,,,,https://www.linkedin.com/jobs/view/4413817281,"Technical Delivery Manager, client leadership, relationship management, program oversight, automation, cloud architecture, financial performance, Agile development, data governance, NLP, project management
Brianna has strong experience in technical project management and product management, particularly in data and AI platforms, which aligns well with the responsibilities of a Technical Delivery Manager. She has demonstrated skills in managing complex projects, client relationships, and delivering measurable business outcomes, though she may lack direct experience in multi-cloud architecture and some specific technical areas mentioned in the job description. Overall, she is a strong candidate with minor gaps that could be bridged with additional training or experience.",,,,,2026-05-14T21:32:43.337726+00:00
,,,,7,Sr. Technical Program Manager,Thomson Reuters,hybrid,,,,https://thomsonreuters.wd5.myworkdayjobs.com/External_Career_Site/job/United-States-of-America-McLean-Virginia/Sr-Technical-Program-Manager_JREQ200684,https://thomsonreuters.wd5.myworkdayjobs.com/External_Career_Site/job/United-States-of-America-McLean-Virginia/Sr-Technical-Program-Manager_JREQ200684,"Technical Program Manager, project management, Agile, cross-functional teams, software integrations, technical delivery, client engagement, data-driven platforms
Brianna has strong experience in technical project management and has worked with cross-functional teams, which aligns well with the job requirements. She has demonstrated skills in managing technical delivery roadmaps and has experience with system-to-system software integrations. However, she lacks the specified 8 years of experience in technical program management, which is a minor gap that could be bridged with her relevant experience.",,,,,2026-05-14T22:01:57.065581+00:00
,,,,7,Sr. Technical Program Manager (Remote from Bulgaria),Smartsheet,remote,,,Remote,,https://www.linkedin.com/jobs/view/4384844786,"Project Management, Program Management, API platforms, cross-departmental processes, communication, problem solving, user experience
Brianna has strong experience in project and product management, particularly in technical environments, which aligns well with the requirements of the Sr. Technical Program Manager role. She has demonstrated skills in managing cross-departmental processes and leading projects from start to finish, although her experience with API platforms is not explicitly detailed. Overall, she has a solid foundation that would allow her to bridge communication between technical and product-focused teams effectively.",,,,,2026-05-14T21:46:30.549281+00:00
,,,,7,"Sr. Technical Program Manager, Professional Services - Digital Native Business (DNB)",Databricks,unknown,,,,,https://www.linkedin.com/jobs/view/4410122055,"Technical Program Manager, project management, data management, customer engagement, technical leadership, risk mitigation, communication, BI, big data technologies
The candidate has strong experience in technical project management and product management, particularly in data and AI platforms, which aligns well with the requirements of the role. They have demonstrated skills in managing complex projects, technical leadership, and communication, though they may lack direct experience with big data technologies specifically mentioned in the job description. Overall, they are a strong match with minor gaps that could be bridged.",,,,,2026-05-14T21:46:30.549281+00:00
,,,,7,Staff Product Analyst,Deepgram,remote,,,"Remote, US (Remote)",https://jobs.ashbyhq.com/Deepgram/790579d8-6474-42ca-9104-9a4bafcf13e9?employmentType=FullTime,https://www.indeed.com/viewjob?jk=73a64b81894e7ffe,"analytics, product management, experimentation, API, dashboards, data pipelines, SQL, Python, self-serve growth
Brianna has strong experience in product management and analytics, particularly in data-driven environments, which aligns well with the role's focus on building measurement infrastructure and driving insights. While she has relevant skills in SQL and Python, there are some gaps in direct experience with specific tools mentioned in the job description, such as Superset and Heap Analytics, which could be bridged with her existing technical background. Overall, she demonstrates a solid fit for the role with minor gaps.",,,,,2026-05-14T21:44:13.352357+00:00
,,,,7,Staff Product Manager - Enterprise AI,Twilio,remote,,,"Remote, US (Remote)",https://jobs.twilio.com/careers/job/1099553537887?domain=twilio.com,https://www.indeed.com/viewjob?jk=7fe92a95cee1b2fb,"Product Manager, AI, automation, workflows, data governance, NLP, SQL, Snowflake, Agile, cross-functional, stakeholder management
The candidate has strong experience in product management and technical project management, particularly in AI and data-driven environments. They have relevant skills in SQL, Snowflake, and automation, which align with the job's focus on AI-powered solutions. However, they may lack direct experience in some specific corporate functions like finance and HR, which could be a minor gap.",,,,,2026-05-14T21:46:30.549281+00:00
,,,,7,"Staff Program Manager, Product Operations",GitHub,remote,,,"Remote, US (Remote)",https://www.github.careers/jobs/5336/job?utm_source=indeed_integration&iis=Job%20Board&iisn=Indeed&indeed-apply-token=73a2d2b2a8d6d5c0a62696875eaebd669103652d3f0c2cd5445d3e66b1592b0f,https://www.indeed.com/viewjob?jk=c6fb61021e627e50,"program management, product management, project management, cross-functional alignment, SaaS, cloud platform, operational frameworks, release management, data-driven reporting, AI tools
Brianna has strong experience in technical project management and product management, particularly in data and AI platforms, which aligns well with the requirements of the Staff Program Manager role. She has demonstrated her ability to lead cross-functional teams and manage complex projects, though she may lack some specific experience in SaaS or cloud platform product development lifecycles and extensive operational frameworks, which are preferred qualifications for this position.",,,,,2026-05-14T21:29:36.448824+00:00
,,,,7,"Staff Technical Program Manager, Infrastructure FinOps",Pinterest,onsite,,,,,https://www.linkedin.com/jobs/view/4405465260,"Technical Program Manager, infrastructure strategy, budgeting, forecasting, AI, cross-functional programs, capacity planning, data governance, product management, Agile, SQL, Python
The candidate has strong project management experience and technical skills relevant to the role, particularly in data governance and AI, which are crucial for the position. However, they lack direct experience in infrastructure management and financial modeling specific to cloud economics, which are key components of the job description. Overall, the candidate is a strong match with some minor gaps.",,,,,2026-05-14T21:46:30.549281+00:00
,,,,7,System Analyst / Technical Product Manager,Capgemini,remote,,,"Remote, US (Remote)",https://capgemini.talentnet.community/jobs/bb0a0b96-47a8-4e8a-a7b4-3cac7b97ec60,https://www.indeed.com/viewjob?jk=721dad35c27480c4,"ERP Transformation, Data Migration, SQL, Power BI, Product Management, API Design, Business Analysis
The candidate has strong experience in product management and data analytics, with relevant skills in SQL and Power BI, which align well with the job requirements. However, they lack direct experience with Microsoft Dynamics GP and Oracle ERP systems, which are critical for this role, resulting in a strong but not perfect match.",,,,,2026-05-14T21:31:37.952938+00:00
,,,,7,Technical Business Analyst-Veeva Vault,Newpage Digital Healthcare solutions,remote,,,"Remote, US (Remote)",https://newpage.io/careers/z5G7h3l6a1kMvyS65NP3c40jNNCid8R-dJh3jwMp5dc=,https://www.indeed.com/viewjob?jk=f6abe54644d6cb07,"Technical Business Analyst, Veeva Vault, requirement gathering, user stories, Jira, Agile, data analysis, stakeholder engagement, communication
The candidate has strong experience in technical project management and product management, with a solid background in data analytics and Agile methodologies. They demonstrate proficiency in stakeholder engagement and have experience with tools like Jira, which aligns well with the job requirements. However, the candidate lacks specific experience with Veeva Vault and may need to bridge that gap to fully meet the role's expectations.",,,,,2026-05-14T21:29:36.448824+00:00
,,,,7,Technical Customer Success Manager,Livable,remote,,,"Remote, US (Remote)",http://www.indeed.com/job/technical-customer-success-manager-2080f3f1594d334b,https://www.indeed.com/viewjob?jk=2080f3f1594d334b,"Technical Customer Success Manager, customer-facing role, technical support, SaaS platform, problem-solving, Google Suite, Jira, billing, utility compliance
Brianna has strong technical project management experience and a solid background in data and analytics, which aligns well with the technical aptitude required for the role. While she has not specifically held a customer success position, her experience in managing client relationships and technical projects suggests she can bridge the gap. Minor gaps in direct customer success experience could be easily addressed with her existing skills.",,,,,2026-05-14T21:29:36.448824+00:00
,,,,7,Technical Program Lead,Kraken,remote,,,Remote,,https://www.linkedin.com/jobs/view/4413962855,"technical program management, client relationship management, software deployment, agile development, technical aptitude, business transformation, data governance, communication skills
Brianna has strong experience in technical project management and product management, particularly in data and AI platforms, which aligns well with the technical and program management aspects of the role. While she has relevant skills in managing complex projects and stakeholder relationships, her experience is more focused on data governance and AI rather than direct energy sector experience, which could be a minor gap. Overall, she demonstrates a strong fit with the majority of the required skills and responsibilities.",,,,,2026-05-14T21:44:13.352357+00:00
,,,,7,Technical Program Manager,Acorns,remote,,,Remote,,https://www.linkedin.com/jobs/view/4393223315,"Technical Program Manager, Fintech, Risk, Financial Operations, APIs, SQL, Machine Learning, Agile, Customer Experience, Operational Efficiency
The candidate has strong experience in project management and technical product management, particularly in data and AI platforms, which aligns well with the requirements of the Technical Program Manager role. They possess relevant technical skills in SQL and have experience with machine learning and data analysis, though they may lack direct experience in fintech and risk management, which are key aspects of the job. Overall, they are a strong match with minor gaps that could be bridged.",,,,,2026-05-14T21:31:37.952938+00:00
,,,,7,Technical Program Manager,Enzo Tech Group,remote,,,Remote,,https://www.linkedin.com/jobs/view/4413958975,"Technical Program Manager, AWS, Data Lakehouse, Data Platform, Agile, cross-functional delivery, enterprise data services
The candidate has strong project management experience and technical skills, particularly in data management and analytics, which align well with the requirements of the role. However, there is no direct mention of AWS or specific experience with Data Lakehouse environments, which are key components of the job description. Overall, the candidate is a strong match with minor gaps that could be bridged with additional training or experience.",,,,,2026-05-14T21:46:30.549281+00:00
,,,,7,Technical Program Manager,Tredence Inc.,unknown,,,,,https://www.linkedin.com/jobs/view/4414589594,"program management, data platforms, analytics technologies, Agile, Scrum, stakeholder management, execution, communication, GCP, BigQuery, Teradata, Informatica, Databricks, Tableau
The candidate has strong experience in technical project management and has worked with data and analytics platforms, which aligns well with the job requirements. While they lack specific experience with some of the preferred technologies like GCP and BigQuery, their background in managing cross-functional teams and delivering complex projects indicates they can bridge these minor gaps. Overall, they are a strong match for the role.",,,,,2026-05-14T21:46:30.549281+00:00
,,,,7,Technical Program Manager (TPM),"Changeis, Inc.",remote,,,Remote,,https://www.linkedin.com/jobs/view/4414925645,"Technical Project Manager, program management, project management plan, quality control plan, Agile development, risk register, documentation, stakeholder communication
The candidate has strong experience in technical project management and has successfully led projects involving data and AI platforms, which aligns well with the role's requirements. While there are some gaps in specific government contracting experience and the detailed PMP and QCP requirements, the candidate's skills in Agile methodologies, stakeholder communication, and project documentation can be leveraged effectively in this role.",,,,,2026-05-14T21:46:30.549281+00:00
,,,,7,Technical Program Manager - Infrastructure Engineering,Netflix,unknown,,,,,https://www.linkedin.com/jobs/view/4394894613,"Technical Program Manager, Cloud Infrastructure, AI Platform, scalability, reliability, machine learning, cross-functional programs, Agile, data pipelines, SQL, Python
The candidate has strong experience in technical project management and product management, particularly in data and AI platforms, which aligns well with the requirements for the Technical Program Manager role at Netflix. While they have relevant skills in managing large-scale projects and working with cross-functional teams, they may lack direct experience in cloud infrastructure at the scale Netflix requires, which presents a minor gap. Overall, the candidate demonstrates a solid fit with transferable skills and relevant project experience.",,,,,2026-05-14T21:50:40.094592+00:00
,,,,7,"Technical Program Manager, Identity and Access Management Programs",Stripe,hybrid,Remote,,Remote,,https://www.linkedin.com/jobs/view/4413482663,"Technical Program Manager, security initiatives, API security, project management, cross-functional collaboration, product engineering, communication skills, risk prevention
Brianna has strong experience in technical project management and has worked on security-focused initiatives, particularly in her role at ALTR where she dealt with data governance and security workflows. While she has relevant experience, she may lack specific exposure to identity and access management systems and direct experience with API security, which are crucial for this role. However, her background in managing complex projects and collaborating with engineering teams positions her as a strong candidate.",,,,,2026-05-14T21:46:30.549281+00:00
,,,,7,"Technical Program Manager, North Delivery & Release Operations",Cohere,remote,,,Remote,,https://www.linkedin.com/jobs/view/4404297144,"Technical Program Manager, release coordination, software release processes, AI/ML products, project management, Agile Development, Jira, GitHub
The candidate has strong experience in project management and technical product management, particularly in AI and data platforms, which aligns well with the job's focus on AI/ML products. They have demonstrated skills in managing release processes and cross-functional teams, though they may need to bridge some gaps in specific release tooling mentioned in the job description. Overall, the candidate is a strong match with minor gaps.",,,,,2026-05-14T21:44:13.352357+00:00
,,,,7,"Technical Program Manager, Research",Deepgram,remote,,,"Remote, US (Remote)",https://jobs.ashbyhq.com/Deepgram/69d7f329-968a-4c9d-a0b4-972f83f1206c?employmentType=FullTime,https://www.indeed.com/viewjob?jk=4b3aacc67f60b535,"Technical Program Manager, Research, AI, data pipelines, cross-functional execution, Agile, NLP, project management, delivery, risk management
The candidate has strong experience in technical project management, particularly in data and AI platforms, which aligns well with the requirements of the Technical Program Manager role. They have demonstrated skills in managing cross-functional teams and delivering complex projects, although they may lack direct experience with voice AI technologies and specific audio processing challenges mentioned in the job description. Overall, they possess most of the required skills with minor gaps that could be bridged.",,,,,2026-05-14T21:29:36.448824+00:00
,,,,7,Technical Project Manager,Identify Solutions,hybrid,Remote,,Remote,,https://www.linkedin.com/jobs/view/4414131027,"Technical Project Manager, delivery, technical projects, agile, supplier management, public sector, governance, compliance
Brianna has strong experience as a Technical Project Manager, particularly in managing complex projects and working with technical teams. While she lacks direct experience in the UK public sector, her skills in agile methodologies, supplier management, and technical project delivery align well with the job requirements. Minor gaps in public sector experience could be bridged with her existing project management skills.",,,,,2026-05-14T21:31:37.952938+00:00
,,,,7,Technical Project Manager,Rezilient Health,unknown,,,,,https://www.linkedin.com/jobs/view/4413433932,"Technical Project Manager, data quality workflows, data analysis, eligibility matching, claims validation, SQL, Python, healthcare data, communication skills, cross-functional collaboration
The candidate has strong experience in technical project management and data analytics, particularly in healthcare-related projects. While they have relevant skills in SQL and Python, they lack direct experience with eligibility and claims data, which is a key requirement for the role. However, their experience in managing data pipelines and working with cross-functional teams positions them as a strong candidate with minor gaps that could be bridged.",,,,,2026-05-14T21:37:59.870693+00:00
,,,,6,Contract Operations & Strategic Enablement Manager,Reserv,remote,,,"Remote, US (Remote)",https://ats.rippling.com/reserv/jobs/c20cbf0a-a5ce-49bd-a58d-421eab411e72?jobSite=Indeed,https://www.indeed.com/viewjob?jk=4b0788833c939cea,"contract management, negotiation, cross-functional collaboration, operational efficiency, project management, SaaS, insurance, compliance
The candidate has relevant experience in project management and product management, particularly in data governance and automation, which aligns with the operational and process-oriented aspects of the role. However, they lack direct experience in contract management and negotiation, which are critical for this position, resulting in a moderate match.",,,,,2026-05-14T21:48:33.976678+00:00
,,,,6,Country Launch Manager,Thomson Reuters,hybrid,,,,https://thomsonreuters.wd5.myworkdayjobs.com/External_Career_Site/job/Sweden-Gothenburg/Country-Launch-Manager_JREQ199382,https://thomsonreuters.wd5.myworkdayjobs.com/External_Career_Site/job/Sweden-Gothenburg/Country-Launch-Manager_JREQ199382,"project management, integration projects, stakeholder coordination, business analysis, compliance, technical skills, communication skills
The candidate has strong project management experience and technical skills, particularly in data and AI platforms, which could be relevant for managing integration projects. However, they lack direct experience in eInvoicing compliance and the specific requirements of the Country Launch Manager role, leading to a moderate match overall.",,,,,2026-05-14T22:01:57.065581+00:00
,,,,6,CS Operations Lead – Forecasting & Reporting,Thomson Reuters,hybrid,,,,https://thomsonreuters.wd5.myworkdayjobs.com/External_Career_Site/job/India-Bengaluru-Karnataka/CS-Operations-Lead---Forecasting---Reporting_JREQ200607,https://thomsonreuters.wd5.myworkdayjobs.com/External_Career_Site/job/India-Bengaluru-Karnataka/CS-Operations-Lead---Forecasting---Reporting_JREQ200607,"forecasting, performance management, operational reporting, data-driven decisions, SQL, Power BI, customer success, analytics, revenue operations
The candidate has relevant experience in data analytics and project management, particularly in building data pipelines and dashboards, which aligns with the job's requirements for operational reporting and performance metrics. However, they lack direct experience in customer success operations and specific forecasting models, which are critical for this role, resulting in a moderate match.",,,,,2026-05-14T22:01:57.065581+00:00
,,,,6,CS Operations Lead – Retention & Renewal Analytics,Thomson Reuters,hybrid,,,,https://thomsonreuters.wd5.myworkdayjobs.com/External_Career_Site/job/India-Bengaluru-Karnataka/CS-Operations-Lead---Retention---Renewal-Analytics_JREQ200608,https://thomsonreuters.wd5.myworkdayjobs.com/External_Career_Site/job/India-Bengaluru-Karnataka/CS-Operations-Lead---Retention---Renewal-Analytics_JREQ200608,"Customer Success Operations, retention analytics, churn risk, predictive models, SQL, Power BI, Salesforce, data-driven, reporting, cross-functional collaboration
The candidate has relevant experience in product management and analytics, particularly with data governance and retention strategies. However, they lack direct experience in Customer Success Operations and specific tools like Gainsight, which are critical for the role. While they possess strong analytical skills and familiarity with SQL and BI tools, the gaps in direct experience with retention metrics and customer success platforms limit their fit for this position.",,,,,2026-05-14T22:01:57.065581+00:00
,,,,6,Delivery Manager,Robots & Pencils,unknown,,,,,https://www.linkedin.com/jobs/view/4414424240,"delivery manager, AI product development, agile environments, stakeholder management, Jira, Scrum, project management, education, performance metrics
The candidate has relevant experience in project and product management, particularly in AI and data-driven environments, but lacks the required 10+ years of experience in software development or technical delivery. While they have strong skills in Agile methodologies and tools like Jira, there are gaps in direct experience with educational environments and the specific AI tools mentioned in the job description.",,,,,2026-05-14T21:40:03.505024+00:00
,,,,6,Delivery Manager - US,GeorgeJon,remote,,,"Remote, US (Remote)",https://georgejon.applytojob.com/apply/bzOL9ESNpa/Delivery-Manager-US?source=INDE&~,https://www.indeed.com/viewjob?jk=468e53e126b0e770,"delivery management, project management, infrastructure, risk management, SQL, VMware, Windows Server, Agile, communication, stakeholder alignment
The candidate has strong project management experience and technical fluency, particularly in data and AI platforms, but lacks specific experience with VMware and Windows Server, which are critical for this role. While they have demonstrated leadership in technical projects and risk management, the absence of direct infrastructure project experience may require a ramp-up period to fully meet the job's demands.",,,,,2026-05-14T21:36:03.741595+00:00
,,,,6,Digital Enablement Developer,Thomson Reuters,hybrid,,,,https://thomsonreuters.wd5.myworkdayjobs.com/External_Career_Site/job/Mexico-Mexico-City/Digital-Enablement-Manager_JREQ199387,https://thomsonreuters.wd5.myworkdayjobs.com/External_Career_Site/job/Mexico-Mexico-City/Digital-Enablement-Manager_JREQ199387,"Digital solutions, procurement, real estate, facilities management, GenAI technologies, Power Platform, Power Apps, Power Automate, SQL, database management, project management
The candidate has relevant experience in project management and technical product management, particularly in data and AI platforms, which aligns with the digital enablement focus of the role. However, they lack specific experience with Microsoft Power Platform and GenAI technologies, which are emphasized in the job description. While they have strong technical skills and project management experience, the gaps in specific tools and technologies prevent a higher score.",,,,,2026-05-14T22:01:57.065581+00:00
,,,,6,"Director, Partner-Integrated Delivery & Launch PMO",Thomson Reuters,remote,,,,https://thomsonreuters.wd5.myworkdayjobs.com/External_Career_Site/job/United-States-of-America-Eagan-Minnesota/Director--Partner-Integrated-Delivery---Launch-PMO_JREQ200714,https://thomsonreuters.wd5.myworkdayjobs.com/External_Career_Site/job/United-States-of-America-Eagan-Minnesota/Director--Partner-Integrated-Delivery---Launch-PMO_JREQ200714,"PMO, governance, partner launches, risk management, strategic direction, Agile, project management, data analysis
The candidate has relevant experience in project management and product delivery, particularly in data and AI platforms, which aligns with the strategic and operational aspects of the role. However, they lack direct experience in building a PMO from the ground up and managing complex partner launches, which are critical for this position. While they possess strong technical and analytical skills, the absence of specific experience in governance and partner management limits their fit for this senior role.",,,,,2026-05-14T22:01:57.065581+00:00
,,,,6,ECH Application Specialist - US Remote,Motorola Solutions,remote,,,"California Southern Remote Work, More...",https://motorolasolutions.wd5.myworkdayjobs.com/Careers/job/California-Southern-Remote-Work/ECH-Application-Specialist---US-Remote_R64053,https://motorolasolutions.wd5.myworkdayjobs.com/Careers/job/California-Southern-Remote-Work/ECH-Application-Specialist---US-Remote_R64053,"Software Provisioning, Deployment, Public Safety, Technical Training, Customer Communication, Documentation, Troubleshooting
The candidate has relevant experience in technical project management and product management, particularly in data and AI platforms, which involves similar skills such as documentation, customer communication, and troubleshooting. However, they lack direct experience in public safety applications and the specific software provisioning and deployment experience required for this role, resulting in a moderate match.",,,,,2026-05-14T21:59:19.671411+00:00
,,,,6,End to End Associate Solutions Architect ,Thomson Reuters,hybrid,,,,https://thomsonreuters.wd5.myworkdayjobs.com/External_Career_Site/job/United-States-of-America-Eagan-Minnesota/End-to-End-Associate-Solutions-Architect-_JREQ200452,https://thomsonreuters.wd5.myworkdayjobs.com/External_Career_Site/job/United-States-of-America-Eagan-Minnesota/End-to-End-Associate-Solutions-Architect-_JREQ200452,"Solutions Architecture, Agile, Stakeholder Management, Data Migration, AWS, CRM, Integration, Technical Leadership, Communication
The candidate has relevant experience in project management and technical product management, particularly in data and AI platforms, which aligns with some aspects of the role. However, they lack direct experience in solutions architecture and specific technologies mentioned in the job description, such as AWS services and CRM integration. While they demonstrate strong analytical and communication skills, there are significant gaps in the required technical background and consulting experience.",,,,,2026-05-14T22:01:57.065581+00:00
,,,,6,Engineering Manager - Data,indeed,remote,,,"Remote, US (Remote)",https://jobs.lever.co/bellese/5b298c96-72e1-415a-bae4-131875f59108?lever-source=Indeed,https://www.indeed.com/viewjob?jk=72a07425cb69aff1,"software development, Agile methodologies, Python, team management, project management, SDLC, leadership, communication
The candidate has strong project management experience and a solid background in data and AI platforms, but lacks direct experience in a managerial role for software engineering teams, which is a key requirement for this position. While they have relevant technical skills, including Python and experience with Agile methodologies, they do not meet the 7+ years of software development experience or the specific leadership experience required for this role.",,,,,2026-05-14T21:40:03.505024+00:00
,,,,6,"Engineering Manager, Data Platform & ML Ops",Fingerprint,remote,,,"Remote, US (Remote)",https://fingerprint.com/careers/jobs/apply/?gh_jid=5994857004,https://www.indeed.com/viewjob?jk=0be581c6c95800e5,"data engineering, ML engineering, product management, Agile, Snowflake, data infrastructure, ML Ops, AWS
The candidate has relevant experience in technical project management and product management, particularly in data and AI platforms, which aligns with the job's focus on data infrastructure and ML operations. However, they lack direct experience leading a team in a data engineering or ML engineering capacity, which is a key requirement for the role. While they have strong technical skills and project experience, the absence of specific leadership experience in the required domains results in a moderate match.",,,,,2026-05-14T21:40:03.505024+00:00
,,,,6,FBS Director of Portfolio Delivery,Capgemini,remote,,,Remote,,https://www.linkedin.com/jobs/view/4410174971,"Agile, Scrum, software development, project management, leadership, governance, IT budget, stakeholder management
The candidate has relevant experience in project management and Agile methodologies, particularly in managing technical projects and leading teams. However, they lack direct experience in a senior leadership role overseeing large-scale programs and managing a significant IT budget, which are critical for this position. While they possess strong technical and product management skills, the gaps in leadership experience and specific industry focus may require additional ramp-up.",,,,,2026-05-14T21:50:40.094592+00:00
,,,,6,Hackathon Program Manager - APAC,NVIDIA,remote,,,"Singapore, Remote",https://nvidia.wd5.myworkdayjobs.com/NVIDIAExternalCareerSite/job/Singapore-Remote/Hackathon-Program-Manager---APAC_JR2002853,https://nvidia.wd5.myworkdayjobs.com/NVIDIAExternalCareerSite/job/Singapore-Remote/Hackathon-Program-Manager---APAC_JR2002853,"event management, logistics, data management, communication, Python, project management, training events
The candidate has strong project management experience and technical skills, particularly in Python and data management, which are relevant to the role. However, they lack direct experience in technical event management and facilitation of group training events, which are key requirements for the position. Overall, while there are relevant skills, significant gaps exist in specific event management experience.",,,,,2026-05-14T22:07:43.149559+00:00
,,,,6,Implementation Consultant - Global Trade,Thomson Reuters,unknown,,,,https://thomsonreuters.wd5.myworkdayjobs.com/External_Career_Site/job/United-States-of-America-Frisco-Texas/Implementation-Consultant---Global-Trade_JREQ200621,https://thomsonreuters.wd5.myworkdayjobs.com/External_Career_Site/job/United-States-of-America-Frisco-Texas/Implementation-Consultant---Global-Trade_JREQ200621,"Implementation Consultant, Global Trade, SQL, project management, requirements gathering, enterprise software, communication skills, problem-solving, compliance
The candidate has relevant experience in project management and technical product management, with strong skills in SQL and data analytics. However, they lack specific experience in Global Trade or Compliance processes, which are crucial for this role. While they have transferable skills, the absence of direct experience in the required domain and technologies limits their fit for this position.",,,,,2026-05-14T22:01:57.065581+00:00
,,,,6,Implementations Specialist,Billee,remote,,,"Remote, US (Remote)",https://billee.applytojob.com/apply/TRVHUXM2fz/Implementations-Specialist?source=INDE&~,https://www.indeed.com/viewjob?jk=a2e359091ef86e9e,"implementation, client engagement, data migration, SQL, project management, system integration, utility billing
The candidate has relevant experience in project management and technical product management, particularly in data and AI platforms, which involves similar skills to those required for the Implementations Specialist role. However, they lack direct experience with utility billing software implementations and specific knowledge of utility rate structures and regulatory frameworks, which are key requirements for this position.",,,,,2026-05-14T21:36:03.741595+00:00
,,,,6,Integration Engineering Senior Manager,Simpson Thacher & Bartlett LLP,unknown,,,,,https://www.linkedin.com/jobs/view/4414658400,"integration architecture, APIs, middleware platforms, automation workflows, SQL, Python, data pipelines, cloud platforms, DevOps, CI/CD
The candidate has relevant experience in data management, project management, and automation, but lacks direct experience with integration platforms like MuleSoft or Azure Logic Apps, which are critical for the role. While they have strong technical skills in SQL and Python, the absence of specific integration experience and the requirement for 10+ years in systems integration limits their fit for this senior position.",,,,,2026-05-14T21:45:28.863915+00:00
,,,,6,"Manager, Onboarding",Lumistry,remote,,,"Remote, US (Remote)",https://ats.rippling.com/lumistry/jobs/2866ee8d-f026-4f16-b230-42bbb7712695?jobSite=Indeed,https://www.indeed.com/viewjob?jk=cfa737c527e82b0d,"project management, customer communication, B2B SaaS, onboarding, team management, scope management, Agile development
The candidate has strong project management experience and has worked in technical roles that involve customer-facing responsibilities, which aligns with the job's requirements. However, they lack specific experience in a B2B SaaS environment and do not mention familiarity with tools like TaskRay or Salesforce, which are crucial for this role. Overall, while there are relevant skills, there are key gaps that would require additional training and adaptation.",,,,,2026-05-14T21:36:03.741595+00:00
,,,,6,"Manager, Professional Services",Origami Risk LLC,hybrid,"Remote, US (Remote)",,"Remote, US (Remote)",https://careers-origamirisk.icims.com/jobs/4394/job?utm_source=indeed_integration&iis=Job%20Board&iisn=Indeed&indeed-apply-token=73a2d2b2a8d6d5c0a62696875eaebd669103652d3f0c2cd5445d3e66b1592b0f,https://www.indeed.com/viewjob?jk=eeae2dd0a9f299f7,"Professional Services, client facing experience, project management, SQL, data governance, Agile, team leadership, insurance, risk management
The candidate has relevant experience in technical project management and product management, with a strong background in data and analytics, which aligns with the responsibilities of managing a professional services team. However, they lack direct experience in the insurance or risk management sectors and do not meet the specified years of people leadership experience, resulting in a moderate match.",,,,,2026-05-14T21:29:36.448824+00:00
,,,,6,"Manager, Research Engineering (Foundational Research)",Thomson Reuters,hybrid,,,,https://thomsonreuters.wd5.myworkdayjobs.com/External_Career_Site/job/United-Kingdom-London/Manager--Research-Engineering--Foundational-Research-_JREQ198844,https://thomsonreuters.wd5.myworkdayjobs.com/External_Career_Site/job/United-Kingdom-London/Manager--Research-Engineering--Foundational-Research-_JREQ198844,"Python, Machine Learning, LLM, Data Pipelines, Agile Development, Cloud Resources, Kubernetes, MLOps, Product Management
The candidate has relevant experience in technical project management and product management within data and AI platforms, showcasing skills in Python, data pipelines, and machine learning. However, they lack direct experience in leading engineering teams and managing distributed training infrastructure, which are critical for the role. While they have a solid foundation in related areas, key requirements such as extensive leadership experience and familiarity with specific tools like Kubernetes and MLOps are missing.",,,,,2026-05-14T22:01:57.065581+00:00
,,,,6,Model Evaluation QA Lead,Deepgram,remote,,,"Remote, US (Remote)",https://jobs.ashbyhq.com/Deepgram/1111c5de-2f90-4f38-a353-115a64a9ca33?employmentType=FullTime,https://www.indeed.com/viewjob?jk=ee9809b59bf3a932,"QA engineering, model evaluation, automation, ML operations, data quality, CI/CD, pipelines, metrics, Python
The candidate has relevant experience in project management and technical roles, particularly in data pipelines and ML model evaluation, which aligns with the job's focus on model quality assurance. However, they lack direct experience in QA engineering and building automated evaluation pipelines specifically for ML models, which are key requirements for this role.",,,,,2026-05-14T21:44:13.352357+00:00
,,,,6,Partner Delivery Manager,SailPoint,remote,,,Remote,,https://www.linkedin.com/jobs/view/4414910899,"project management, SaaS consulting, technical project management, enterprise account management, relationship building, training and enablement, identity security, IGA, problem-solving
The candidate has strong project management experience and a background in technical product management, which aligns with the responsibilities of the Partner Delivery Manager role. However, they lack direct experience in identity security or IAM/IGA, which is a key requirement for the position. While they possess relevant skills in consulting and relationship management, the absence of specific experience in the identity security domain presents a moderate gap.",,,,,2026-05-14T21:48:33.976678+00:00
,,,,6,Product Manager,"SureTest, Inc.",remote,,,"Remote, US (Remote)",http://www.indeed.com/job/product-manager-04e550a5110df027,https://www.indeed.com/viewjob?jk=04e550a5110df027,"Product Manager, test automation, healthcare IT, AI-driven products, SDLC, CI/CD, Jira, Agile, documentation
The candidate has relevant experience in product management and technical project management, particularly in data and AI platforms, but lacks specific experience in healthcare IT and test automation solutions. While they have strong skills in project management and data analytics, the absence of direct experience with healthcare applications and testing frameworks presents a moderate gap in meeting the job requirements.",,,,,2026-05-14T21:29:36.448824+00:00
,,,,6,Program Analyst Senior (CCN NG Technology Implementation Focused),Artemis ARC,remote,,,"Remote, US (Remote)",https://artemisarc-aptiveresources.icims.com/jobs/4332/job?utm_source=indeed_integration&iis=Job%20Board&iisn=Indeed&indeed-apply-token=73a2d2b2a8d6d5c0a62696875eaebd669103652d3f0c2cd5445d3e66b1592b0f,https://www.indeed.com/viewjob?jk=85b5cd517549fe33,"Agile, project management, program analysis, systems integration, EDI, stakeholder coordination, JIRA, healthcare systems
The candidate has relevant experience in project management and Agile methodologies, particularly in technical environments, which aligns with the job's requirements. However, they lack direct experience in federal healthcare programs and specific EDI workflows, which are critical for this role. While they have strong technical skills and project management experience, the absence of direct federal healthcare experience limits their fit for this position.",,,,,2026-05-14T21:33:49.397717+00:00
,,,,6,Program Manager - Supply Chain,World Wide Technology,remote,,,"Remote, US (Remote)",https://recruiting.adp.com/srccsh/public/RTI.home?r=5001197792000&c=2166501&d=WWTExternalCareerSite&rb=INDEED&idUnique=5001197792000,https://www.indeed.com/viewjob?jk=61bc4e366f744351,"project management, cross-functional teams, customer facing, financial processes, contract management, supply chain, communication skills, MS Office, program management software
The candidate has strong project management experience and has led cross-functional teams, which aligns well with the job requirements. However, there are gaps in specific supply chain experience and financial processes related to contract management that are crucial for this role. While the candidate possesses relevant skills, they would need to bridge these gaps to fully meet the job expectations.",,,,,2026-05-14T21:52:47.996850+00:00
,,,,6,Project Manager,Thomson Reuters,unknown,,,,https://thomsonreuters.wd5.myworkdayjobs.com/External_Career_Site/job/Brazil-So-Paulo-So-Paulo/Project-Manager_JREQ198406,https://thomsonreuters.wd5.myworkdayjobs.com/External_Career_Site/job/Brazil-So-Paulo-So-Paulo/Project-Manager_JREQ198406,"project management, tax automation, cross-functional teams, Agile, Jira, communication skills, software development, enterprise applications
The candidate has strong project management experience and technical skills, particularly in data and AI platforms, which are relevant to the role. However, they lack specific experience in tax applications and the required understanding of tax regulations, which are key components of the job description. While they have managed complex projects and cross-functional teams, the absence of direct tax-related experience limits their fit for this position.",,,,,2026-05-14T22:01:57.065581+00:00
,,,,6,Project Technical Delivery Manager,NVIDIA,remote,,,"France, Remote",https://nvidia.wd5.myworkdayjobs.com/NVIDIAExternalCareerSite/job/France-Remote/Project-Technical-Delivery-Manager_JR2016237-1,https://nvidia.wd5.myworkdayjobs.com/NVIDIAExternalCareerSite/job/France-Remote/Project-Technical-Delivery-Manager_JR2016237-1,"project delivery management, data center environments, technical solutions, customer support, communication skills, Agile development, SQL, Python
The candidate has relevant experience in project management and technical delivery, particularly in data and AI platforms, which aligns with the job requirements. However, they lack specific experience in data center environments and hardware/software support, which are crucial for this role. While they possess strong technical skills and project management experience, the absence of direct experience in the required areas results in a moderate match.",,,,,2026-05-14T21:57:02.905092+00:00
,,,,6,Remote Implementation Project Manager (ONESOURCE),Piper Companies,remote,,,Remote,,https://www.linkedin.com/jobs/view/4413816358,"Implementation Project Manager, ERP Integration, SAP Project Manager, Oracle Project Manager, ONESOURCE Implementation, Tax Technology, Professional Services, Software Deployment, Techno-Functional PM, Project Budgeting, Client-Facing PM, Global ERP Integration, Change Management
The candidate has strong project management experience and technical skills, particularly in data and AI platforms, but lacks direct experience with tax technology and ERP systems like SAP or Oracle, which are crucial for this role. While they have managed multiple projects and have a consultative approach, the absence of specific ONESOURCE or tax technology experience presents a moderate gap in qualifications.",,,,,2026-05-14T21:36:03.741595+00:00
,,,,6,Senior Data Scientist – Election & News Products,Thomson Reuters,hybrid,,,,https://thomsonreuters.wd5.myworkdayjobs.com/External_Career_Site/job/United-States-of-America-Washington-District-of-Columbia/Senior-Data-Scientist---Editorial---News-Products_JREQ199598,https://thomsonreuters.wd5.myworkdayjobs.com/External_Career_Site/job/United-States-of-America-Washington-District-of-Columbia/Senior-Data-Scientist---Editorial---News-Products_JREQ199598,"Data Science, Machine Learning, Python, SQL, Snowflake, Data Pipelines, AI, Product Management, Communication
The candidate has relevant experience in data management and product development, particularly with data pipelines and machine learning models. However, they lack specific experience with U.S. elections data and the required years of experience in data science, which are critical for this senior role. Their technical skills in Python and SQL align well, but the absence of direct experience in election-related projects and generative AI solutions limits their fit.",,,,,2026-05-14T22:01:57.065581+00:00
,,,,6,Senior IT Project Manager,Precision Medicine Group,hybrid,,,,,https://www.linkedin.com/jobs/view/4404432328,"IT Project Manager, program delivery, governance, Agile, OKRs, stakeholder influence, risk management, transformation initiatives
The candidate has relevant experience in project management and technical product management, with a strong background in Agile methodologies and data-driven decision-making. However, they lack the extensive experience (10-12 years) and specific certifications (PMP, PgMP) required for the seniority of this role, which presents a moderate gap in fit.",,,,,2026-05-14T21:29:36.448824+00:00
,,,,6,Senior Product Owner/Manager - Broker-Dealer & RIA,Penn Mutual,remote,,,"Remote, US (Remote)",https://pennmutual.wd1.myworkdayjobs.com/en-US/_penn-careers/job/Remote---United-States/Senior-Product-Owner-Manager_R-100586,https://www.indeed.com/viewjob?jk=87fe3515635e429f,"product management, Agile development, data governance, stakeholder management, compliance, backlog ownership, financial services, broker-dealer, RIA, SQL, data structures
The candidate has relevant experience in product management and technical project management, particularly in data and AI platforms, which aligns with the job's focus on product vision and strategy. However, they lack direct experience in broker-dealer/RIA operations and specific financial services environments, which are critical for this role. While they possess strong technical skills and project management capabilities, the absence of direct industry experience limits their fit for this senior position.",,,,,2026-05-14T21:40:03.505024+00:00
,,,,6,Senior Program Manager,Ad Hoc,remote,,,"Remote, US (Remote)",https://adhoc.hrmdirect.com/employment/view.php?req=3715422&jbsrc=1014&location=4400ba57-164e-8aae-6767-e570c8a49188,https://www.indeed.com/viewjob?jk=d4b12486b1d1b140,"program management, Agile, project management, customer relationships, technology service delivery, government contracting, communication skills
The candidate has strong experience in project management and Agile methodologies, particularly in technical environments, which aligns well with the job requirements. However, they lack direct government contracting experience and the specific certifications mentioned in the job posting, which are critical for this role. Overall, while there are relevant skills, the absence of key qualifications results in a moderate match.",,,,,2026-05-14T21:52:47.996850+00:00
,,,,6,Senior Project Manager,Hays,unknown,,,,,https://www.linkedin.com/jobs/view/4410172909,"project management, global projects, stakeholder management, business process optimization, Agile, data governance, financial services, communication
The candidate has relevant experience in project management and has worked on large-scale projects, particularly in the financial services sector. However, they lack the extensive experience (10+ years) and specific focus on business and process initiatives outside of IT that the job requires, which are critical for this senior role.",,,,,2026-05-14T21:29:36.448824+00:00
,,,,6,Senior Project Manager,LanguageLine Solutions,unknown,,,,,https://www.linkedin.com/jobs/view/4414661496,"project management, client relationships, communication skills, organizational skills, database functions, localization, Agile development, mentoring
The candidate has strong project management experience and technical skills, particularly in data and AI platforms, which could be beneficial in a localization context. However, there are gaps in direct experience with localization industry specifics and the required knowledge of MS Word suite, which may hinder immediate effectiveness in the role. Overall, the candidate has relevant skills but lacks some key requirements for a perfect match.",,,,,2026-05-14T21:52:47.996850+00:00
,,,,6,Senior Project Manager,Motorola Solutions,remote,,,"Texas Remote Work, More...",https://motorolasolutions.wd5.myworkdayjobs.com/Careers/job/Texas-Remote-Work/Senior-Project-Manager_R64245-1,https://motorolasolutions.wd5.myworkdayjobs.com/Careers/job/Texas-Remote-Work/Senior-Project-Manager_R64245-1,"Project Management, AI Integration, Telecommunications, Public Safety Technology, Agile Development, Risk Mitigation, Stakeholder Alignment, P&L Responsibility
The candidate has strong project management experience and has worked with AI and data-driven technologies, which aligns with the job's focus on AI integration and public safety technology. However, they lack specific experience in telecommunications and the required PMP certification, which are key requirements for the role. Overall, the candidate has relevant skills but misses some critical qualifications.",,,,,2026-05-14T21:59:19.671411+00:00
,,,,6,Senior Project Manager,Pinnacle Method Consulting,unknown,,,,,https://www.linkedin.com/jobs/view/4414438980,"project management, digital process, timelines, mentoring, organizational skills, communication, budget management
The candidate has strong project management experience and has worked with budgets, but lacks specific experience in the medical communications field and managing large brand marketing budgets as required. While they have relevant skills in managing teams and developing project plans, the absence of direct industry experience and the specific budget management requirement limits their fit for this role.",,,,,2026-05-14T21:52:47.996850+00:00
,,,,6,Senior Solutions Consultant,Adobe,remote,,,Remote Chile,https://adobe.wd5.myworkdayjobs.com/external_experienced/job/Remote-Chile/Senior-Solutions-Consultant_R167534,https://adobe.wd5.myworkdayjobs.com/external_experienced/job/Remote-Chile/Senior-Solutions-Consultant_R167534,"Solutions Consultant, customer engagement technologies, data management, analytics, AI capabilities, presentations, enterprise software, Adobe Experience Platform
The candidate has relevant experience in technical project management and product management, particularly with data and AI platforms, which aligns with the role's focus on customer engagement technologies and analytics. However, they lack direct experience as a Solutions Consultant and specific knowledge of Adobe's products, which are critical for this role. The candidate's experience in managing technical projects and presenting to stakeholders provides some transferable skills, but there are significant gaps in direct experience and familiarity with Adobe's ecosystem.",,,,,2026-05-14T21:57:56.024402+00:00
,,,,6,"Senior Technical Program Manager, QC Digital GxP Systems",Moderna,hybrid,,,,https://modernatx.wd1.myworkdayjobs.com/M_tx/job/Warsaw---Poland/Senior-Technical-Program-Manager--QC-Digital-GxP-Systems_R19088-1,https://modernatx.wd1.myworkdayjobs.com/M_tx/job/Warsaw---Poland/Senior-Technical-Program-Manager--QC-Digital-GxP-Systems_R19088-1,"Technical Program Management, cross-functional programs, Agile, laboratory systems, compliance, stakeholder management, data integrity, risk management
The candidate has relevant experience in technical project management and has worked with data systems and analytics, which aligns with some of the job requirements. However, they lack direct experience in regulated environments like Pharma or Biotech, and their experience with laboratory systems is not explicitly mentioned, leading to a moderate match overall.",,,,,2026-05-14T22:12:00.818278+00:00
,,,,6,Senior Treasury Management Product Manager – Integrated Receivables,Fifth Third Bank,remote,,,"Remote, US (Remote)",https://fifththird.wd5.myworkdayjobs.com/en-US/53careers/job/Virtual/Senior-Treasury-Management-Product-Manager---Integrated-Receivables_R68123,https://www.indeed.com/viewjob?jk=585ea699793ae747,"product management, treasury management, payments, API integrations, data analysis, operational efficiency, client workflows, automation, cross-functional collaboration
The candidate has relevant experience in product management and data analytics, particularly in the context of financial products and automation. However, they lack direct experience in treasury management and integrated receivables, which are key requirements for the role. While they possess transferable skills, the absence of specific experience in payments and treasury management limits their fit for this senior position.",,,,,2026-05-14T21:46:30.549281+00:00
,,,,6,Solution Architect,Speed & Function,remote,,,"Remote, US (Remote)",https://speedandfunction.peopleforce.io/careers/v/208386-solution-architect,https://www.indeed.com/viewjob?jk=b7b28db4087d60fa,"architecture, product management, cloud platforms, backend frameworks, APIs, data flows, SQL, Python, machine learning
The candidate has strong experience in product management and technical project management, particularly in data and AI platforms, which aligns with the role's focus on architecture and product development. However, they lack direct experience in building products from scratch and making architectural decisions in a hands-on engineering capacity, which are critical for this Solution Architect position. Additionally, while they have experience with SQL and Python, they do not explicitly mention familiarity with cloud platforms or frontend frameworks, which are essential for the role.",,,,,2026-05-14T21:31:37.952938+00:00
,,,,6,"Solution Architect, Urban AI",NVIDIA,remote,,,"UK, Remote",https://nvidia.wd5.myworkdayjobs.com/NVIDIAExternalCareerSite/job/UK-Remote/Solution-Architect--Urban-AI_JR2012722,https://nvidia.wd5.myworkdayjobs.com/NVIDIAExternalCareerSite/job/UK-Remote/Solution-Architect--Urban-AI_JR2012722,"AI, computer vision, Python, PyTorch, data pipelines, technical consulting, software development, NLP, Agile, product management
The candidate has relevant experience in technical project management and product management, particularly in AI and data analytics, which aligns with some of the job requirements. However, they lack direct experience in deploying computer vision models and the specific technologies mentioned, such as NVIDIA software libraries and Kubernetes, which are critical for the role. Overall, while there are transferable skills, there are significant gaps in key technical areas.",,,,,2026-05-14T22:39:14.264800+00:00
,,,,6,Solutions Architect,Signifyd,remote,,,"Remote, US (Remote)",https://job-boards.greenhouse.io/signifyd95/jobs/7913439,https://www.indeed.com/viewjob?jk=979c532775d8c05a,"Solutions Architect, API integrations, machine learning, fraud detection, data strategy, technical presentations, enterprise commerce
The candidate has relevant experience in technical project management and product management, particularly in data and AI platforms, which aligns with the technical aspects of the Solutions Architect role. However, they lack direct experience in a Solutions Architect position and specific exposure to fraud detection and risk decisioning, which are critical for this role. While they have strong technical skills, the gaps in direct experience and specific domain knowledge limit their fit.",,,,,2026-05-14T21:31:37.952938+00:00
,,,,6,Staff Program Manager,Airbnb,remote,,,Remote,,https://www.linkedin.com/jobs/view/4413942274,"program management, cross-functional collaboration, strategic communication, project delivery, stakeholder communication, operational excellence
The candidate has relevant experience in project management and cross-functional collaboration, particularly in technical environments. However, they lack the extensive 12+ years of program management experience specified in the job description, which is a key requirement. While they demonstrate strong skills in communication and managing complex projects, the gap in years of experience and the specific focus on program management limits their fit for this senior role.",,,,,2026-05-14T21:29:36.448824+00:00
,,,,6,"Strategic Project Lead, Finance",micro1,remote,,,"Remote, US (Remote)",https://jobs.micro1.ai/post/37928108-3e72-4682-a9fb-16a9628e7d17?first_page=/careers&last_page=/careers,https://www.indeed.com/viewjob?jk=f7c01073288a276b,"leadership, data operations, finance, project management, data pipelines, stakeholder management
The candidate has relevant experience in project management and data operations, particularly in the context of AI and finance-related projects. However, they lack direct experience in a leadership role specifically focused on finance-heavy data projects and managing teams of finance domain experts, which are critical for this position. While they have strong technical skills and project management experience, the absence of a strong finance background and leadership in that domain limits their fit for this role.",,,,,2026-05-14T21:33:49.397717+00:00
,,,,6,"Strategic Project Lead, MD/Health",micro1,remote,,,"Remote, US (Remote)",https://jobs.micro1.ai/post/1e517627-0b81-452e-aa8f-40ba8e78f19f?first_page=/careers&last_page=/careers,https://www.indeed.com/viewjob?jk=eb603ea1087ccab1,"leadership, data operations, healthcare, project management, data pipelines, AI, stakeholder management
The candidate has strong project management experience and a background in data operations, particularly in AI and healthcare-related projects. However, they lack direct experience in managing healthcare and medical data pipelines and do not have an MD, which is a preferred qualification for this role. While they possess relevant skills, the absence of specific healthcare experience and leadership in that domain presents a moderate match.",,,,,2026-05-14T21:33:49.397717+00:00
,,,,6,Technical Engineering Manager - Master Data Management,Thomson Reuters,hybrid,,,,https://thomsonreuters.wd5.myworkdayjobs.com/External_Career_Site/job/India-Bengaluru-Karnataka/Technical-Engineering-Manager---Master-Data-Management_JREQ199331,https://thomsonreuters.wd5.myworkdayjobs.com/External_Career_Site/job/India-Bengaluru-Karnataka/Technical-Engineering-Manager---Master-Data-Management_JREQ199331,"Technical Engineering Manager, Master Data Management, data platforms, SQL, AWS, Python, data governance, MDM, APIs, incident response
The candidate has relevant experience in technical project management and product management, with a strong background in data analytics and SQL. However, they lack direct experience in managing teams and specific MDM tools, as well as the required years of experience in people management and AWS services. While they possess some transferable skills, there are significant gaps in leadership and specific technical requirements for this role.",,,,,2026-05-14T22:01:57.065581+00:00
,,,,6,Technical Lead - System Integrations,Thomson Reuters,hybrid,,,,https://thomsonreuters.wd5.myworkdayjobs.com/External_Career_Site/job/India-Bengaluru-Karnataka/Technical-Lead---System-Integrations_JREQ200064,https://thomsonreuters.wd5.myworkdayjobs.com/External_Career_Site/job/India-Bengaluru-Karnataka/Technical-Lead---System-Integrations_JREQ200064,"systems integration, technical architecture, project management, cross-functional teams, design specifications, troubleshooting, communication skills
The candidate has relevant experience in project management and technical roles, particularly in data and AI platforms, which involves some aspects of systems integration. However, they lack direct experience specifically in systems integration and the required 6+ years in that field, which are key requirements for the role. While they possess strong technical skills and project management experience, the gaps in direct systems integration experience lead to a moderate match.",,,,,2026-05-14T22:01:57.065581+00:00
,,,,6,Technical Program Manager,LMI,remote,,,"Remote, US (Remote)",https://careers-lmi.icims.com/jobs/14021/job?utm_source=indeed_integration&iis=Job%20Board&iisn=Indeed&indeed-apply-token=73a2d2b2a8d6d5c0a62696875eaebd669103652d3f0c2cd5445d3e66b1592b0f,https://www.indeed.com/viewjob?jk=f2861c93a7b4adca,"ETL, data delivery, cloud deployments, software engineering, stakeholder management, cybersecurity, data governance, Agile, Scrum
The candidate has relevant experience in project management and data-related roles, particularly with ETL processes and data governance. However, they lack direct experience with federal defense customers and do not mention an active security clearance, which is a critical requirement for this position. While they possess strong technical skills and project management experience, the gaps in specific industry experience and security clearance prevent a higher score.",,,,,2026-05-14T21:40:03.505024+00:00
,,,,6,Technical Project Manager,DMI,remote,,,"Remote, US (Remote)",https://careers-dminc.icims.com/jobs/28710/job?utm_source=indeed_integration&iis=Job%20Board&iisn=Indeed&indeed-apply-token=73a2d2b2a8d6d5c0a62696875eaebd669103652d3f0c2cd5445d3e66b1592b0f,https://www.indeed.com/viewjob?jk=f0dd499f62ac41ff,"Technical Project Manager, project management, IT projects, Agile, Scrum, PMP, network management, data security, communication skills
The candidate has strong project management experience and relevant technical skills, particularly in data and AI platforms. However, they lack specific experience in managing IT-related projects and enterprise network infrastructure, which are critical for this role. While they have a solid foundation in project management methodologies, the absence of a PMP certification and direct experience with network management limits their fit for this position.",,,,,2026-05-14T21:36:03.741595+00:00
,,,,6,Technical Project Manager,Penta Consulting,unknown,,,,,https://www.linkedin.com/jobs/view/4413463784,"Technical Project Manager, cloud delivery, operational excellence, AI-driven solutions, program governance, Microsoft Cloud, Azure architecture, delivery lifecycle
The candidate has strong project management experience and technical skills, particularly in data and AI platforms, but lacks specific experience with the Microsoft Cloud ecosystem and Azure architecture, which are critical for this role. While they have relevant skills in managing technical projects and leading teams, the absence of direct cloud transformation experience and familiarity with Microsoft technologies presents a moderate gap.",,,,,2026-05-14T21:29:36.448824+00:00
,,,,6,Utility Integration Program Manager,EnergyHub,remote,,,"Remote, US (Remote)",https://job-boards.greenhouse.io/energyhub/jobs/8533502002,https://www.indeed.com/viewjob?jk=d4f389da7bda342b,"API integrations, project management, communication skills, cloud-based SaaS, technical program management, data governance, automation
The candidate has relevant experience in technical project management and product management, particularly with data platforms and integrations. However, they lack direct experience in the energy sector and specific knowledge of demand response or utility systems, which are key requirements for the role. While they possess strong technical and communication skills, the absence of direct experience with the energy industry and specific integration protocols limits their fit for this position.",,,,,2026-05-14T21:36:03.741595+00:00
,,,,6,UX Research Ops – Program Manager ,Thomson Reuters,hybrid,,,,https://thomsonreuters.wd5.myworkdayjobs.com/External_Career_Site/job/United-States-of-America-Eagan-Minnesota/Senior-UX-Producer_JREQ197377-1,https://thomsonreuters.wd5.myworkdayjobs.com/External_Career_Site/job/United-States-of-America-Eagan-Minnesota/Senior-UX-Producer_JREQ197377-1,"UX research, program management, AI tooling, product decisions, stakeholder management, data pipelines, communication
The candidate has strong project management experience and a background in data and AI platforms, which aligns with the role's requirements for program management and AI tooling. However, they lack direct experience in UX research methodologies and building internal tools, which are critical for this position. Their experience with data pipelines and automation could be beneficial, but there are significant gaps in UX-specific knowledge and experience.",,,,,2026-05-14T22:01:57.065581+00:00
,,,,5,(Fixed Term) Data Quality Control Specialist. Clinical Biomarker Laboratory,Moderna,remote,,,,https://modernatx.wd1.myworkdayjobs.com/M_tx/job/Oxford---England/XMLNAME--Fixed-Term--Data-Quality-Control-Specialist-Clinical-Biomarker-Laboratory_R19122,https://modernatx.wd1.myworkdayjobs.com/M_tx/job/Oxford---England/XMLNAME--Fixed-Term--Data-Quality-Control-Specialist-Clinical-Biomarker-Laboratory_R19122,"data quality, QC review, clinical laboratory, data integrity, regulatory compliance, data analysis, GCP, Excel, LIMS
The candidate has relevant experience in data management and analytics, particularly in a technical project management role, but lacks direct experience in a clinical laboratory setting and specific knowledge of laboratory techniques mentioned in the job description. While they have strong skills in data analysis and project management, they do not meet the required years of experience in a GxP regulated environment or the specific qualifications related to biological sciences.",,,,,2026-05-14T22:35:44.018180+00:00
,,,,5,-SENIOR PROJECT MANAGER,Pinnacle Method Consulting,hybrid,,,,,https://www.linkedin.com/jobs/view/4413868656,"project management, cross-functional teams, leadership, execution, risk management, Gantt charts, stakeholder coordination
The candidate has relevant project management experience and has led cross-functional teams, which aligns with the job requirements. However, they lack the specified senior-level experience (8-15 years) and Big4 experience, which are critical for this role. While they possess some transferable skills, the gaps in seniority and specific industry experience limit their fit.",,,,,2026-05-14T21:42:01.891331+00:00
,,,,5,"2026 Co-Op, Business Support, Planning & Scheduling",Moderna,remote,,,,https://modernatx.wd1.myworkdayjobs.com/M_tx/job/Norwood-Massachusetts/XMLNAME-2026-Co-Op--Business-Support--Planning---Scheduling_R19007,https://modernatx.wd1.myworkdayjobs.com/M_tx/job/Norwood-Massachusetts/XMLNAME-2026-Co-Op--Business-Support--Planning---Scheduling_R19007,"planning, scheduling, data analysis, reporting, asset management, compliance, collaboration, maintenance, dashboards
The candidate has strong project management and data analysis skills, but lacks direct experience in maintenance planning and scheduling, which are key requirements for the role. While they have relevant technical skills and experience in data management and analytics, the absence of specific experience in GMP operations and asset management limits their fit for this co-op position.",,,,,2026-05-14T22:12:00.818278+00:00
,,,,5,Account Manager II,Blackhawk Network,hybrid,"Remote, US (Remote)",,"Remote, US (Remote)",https://careers-blackhawknetwork.icims.com/jobs/26579/job?utm_source=indeed_integration&iis=Job%20Board&iisn=Indeed&indeed-apply-token=73a2d2b2a8d6d5c0a62696875eaebd669103652d3f0c2cd5445d3e66b1592b0f,https://www.indeed.com/viewjob?jk=0224e7ff8b94fe32,"project management, client relationship management, cross-functional teams, customer service, compliance, technical skills, AI tools
The candidate has strong project management experience and has worked with cross-functional teams, which aligns with the job's requirements. However, the candidate lacks direct experience in client services and account management, which are critical for this role. While they have relevant skills in data and AI, the focus of their experience does not fully match the expectations for an Account Manager position.",,,,,2026-05-14T21:31:37.952938+00:00
,,,,5,"Account Manager, Capital Markets",NVIDIA,remote,,,"US, NC, Remote",https://nvidia.wd5.myworkdayjobs.com/NVIDIAExternalCareerSite/job/US-NC-Remote/Account-Manager--Capital-Markets_JR2017747,https://nvidia.wd5.myworkdayjobs.com/NVIDIAExternalCareerSite/job/US-NC-Remote/Account-Manager--Capital-Markets_JR2017747,"Account Manager, capital markets, client engagement, technology solutions, sales, revenue growth, communication skills
The candidate has a strong background in technical project management and product management, with experience in data and AI platforms. However, they lack direct experience in sales and account management within the capital markets industry, which is a key requirement for the role. While they possess relevant technical skills and project experience, the significant gap in sales experience and industry knowledge limits their fit for this position.",,,,,2026-05-14T21:57:02.905092+00:00
,,,,5,Account Support Manager - Technology,Premier Inc.,remote,,,"Remote, US (Remote)",https://premierinc.wd1.myworkdayjobs.com/en-US/External_Professional/job/Remote/Account-Support-Manager---Technology_R0008371,https://www.indeed.com/viewjob?jk=259c7f8754d7391a,"account management, project management, data analysis, communication, problem-solving, customer relationships, strategic planning
The candidate has a strong background in project management and data analytics, but lacks direct experience in account management and the specific supply chain context mentioned in the job description. While they have relevant skills in data presentation and stakeholder communication, the absence of experience in managing supplier relationships and understanding healthcare systems presents a moderate gap for this role.",,,,,2026-05-14T21:40:03.505024+00:00
,,,,5,Agile Coaching Senior Advisor - ACoE,The Cigna Group,remote,,,"Remote, US (Remote)",https://jobs.thecignagroup.com/us/en/job/CIGNUS26004413EXTERNALENUS/Agile-Coaching-Senior-Advisor-ACoE?utm_source=indeed&utm_medium=phenom-feeds,https://www.indeed.com/viewjob?jk=3a615eb3c7151356,"Agile, Scrum, coaching, project management, product management, metrics, training, leadership
The candidate has experience in project management and agile methodologies, but lacks the extensive hands-on agile coaching experience required for this senior role. While they have led teams and managed agile processes, they do not explicitly mention experience in an Agile Center of Enablement or the depth of agile coaching across multiple teams as specified in the job description.",,,,,2026-05-14T21:33:49.397717+00:00
,,,,5,AI Product Security Manager,Thomson Reuters,hybrid,,,,https://thomsonreuters.wd5.myworkdayjobs.com/External_Career_Site/job/Canada-Toronto-Ontario/AI-Product-Security-Manager_JREQ199374,https://thomsonreuters.wd5.myworkdayjobs.com/External_Career_Site/job/Canada-Toronto-Ontario/AI-Product-Security-Manager_JREQ199374,"product security, secure software development lifecycle, threat modeling, security testing, vulnerability management, AI security, automation, APIs, cloud platforms, Python
The candidate has relevant experience in product management and technical project management, particularly in data and AI platforms. However, they lack direct experience in product security and the specific requirements outlined in the job description, such as leading a Secure SDLC program and hands-on experience with cloud security. While they have some transferable skills, significant gaps exist in the required security domain expertise.",,,,,2026-05-14T22:01:57.065581+00:00
,,,,5,Analyst,Thomson Reuters,hybrid,,,,https://thomsonreuters.wd5.myworkdayjobs.com/External_Career_Site/job/United-States-of-America-McLean-Virginia/Analyst_JREQ200541,https://thomsonreuters.wd5.myworkdayjobs.com/External_Career_Site/job/United-States-of-America-McLean-Virginia/Analyst_JREQ200541,"research, analysis, public records, data visualization, risk assessments, KYC, critical thinking, data processing
The candidate has relevant experience in data management and analytics, particularly in their roles involving data pipelines and product management. However, they lack direct experience in the specific areas of public records and open-source research as required by the job description, which are critical for this analyst role. Additionally, the candidate's experience does not clearly demonstrate the required 3+ years of focused research and analysis work.",,,,,2026-05-14T22:01:57.065581+00:00
,,,,5,Analyst,Thomson Reuters,hybrid,,,,https://thomsonreuters.wd5.myworkdayjobs.com/External_Career_Site/job/United-States-of-America-McLean-Virginia/Analyst_JREQ196033,https://thomsonreuters.wd5.myworkdayjobs.com/External_Career_Site/job/United-States-of-America-McLean-Virginia/Analyst_JREQ196033,"analysis, research, public records, data visualization, data processing, threat management, client support, critical thinking, data streams
The candidate has relevant experience in data management and analytics, particularly with SQL and data pipelines, which aligns with some of the analytical requirements of the role. However, they lack direct experience in public records and social media analysis, which are key components of the job description. Additionally, while they have project management experience, they do not meet the 3+ years of specific research and analysis experience required.",,,,,2026-05-14T22:01:57.065581+00:00
,,,,5,"Analyst, US Commercial Contract Operations",Moderna,onsite,,,,https://modernatx.wd1.myworkdayjobs.com/M_tx/job/Warsaw---Poland/Analyst--US-Commercial-Contract-Operations_R18902,https://modernatx.wd1.myworkdayjobs.com/M_tx/job/Warsaw---Poland/Analyst--US-Commercial-Contract-Operations_R18902,"contract operations, data analysis, Excel, customer records, compliance, reporting, collaboration, problem-solving, project management
The candidate has relevant experience in project management and data analytics, particularly in the context of contract operations and data governance. However, they lack direct experience in contract pricing structures and the specific pharmaceutical market dynamics mentioned in the job description, which are key requirements for the role. The candidate's technical skills and project management experience provide a moderate match, but significant gaps remain in the specific contract operations and industry knowledge needed for this position.",,,,,2026-05-14T22:26:35.890133+00:00
,,,,5,Applications Engineer,Canadian Solar,remote,,,Remote Country,https://canadiansolar.wd5.myworkdayjobs.com/CanadianSolar/job/Remote-Country/Applications-Engineer_10000993-1,https://canadiansolar.wd5.myworkdayjobs.com/CanadianSolar/job/Remote-Country/Applications-Engineer_10000993-1,"Applications Engineer, energy storage systems, BESS, technical support, system sizing, project management, engineering, technical documentation
The candidate has relevant experience in project management and technical product management, particularly in data and AI platforms, but lacks direct experience in battery energy storage systems (BESS) and the specific engineering qualifications required for this role. While they possess strong technical skills in data analytics and programming, they do not meet the minimum requirement of 3 years in the BESS industry, which is a key gap for this position.",,,,,2026-05-14T22:03:23.687348+00:00
,,,,5,APX Next Customer Advocate Manager - US Remote,Motorola Solutions,remote,,,"Washington DC Remote Work, More...",https://motorolasolutions.wd5.myworkdayjobs.com/Careers/job/Washington-DC-Remote-Work/Software-Customer-Success-Manager_R62074,https://motorolasolutions.wd5.myworkdayjobs.com/Careers/job/Washington-DC-Remote-Work/Software-Customer-Success-Manager_R62074,"Customer Advocacy, Project Management, Relationship Management, Technical Advocacy, Public Safety, Enterprise Accounts
The candidate has strong project management experience and has worked with technical products, but lacks direct experience in customer advocacy specifically within the public safety sector. While they have relevant skills in data and analytics, their experience does not fully align with the requirements for managing enterprise-level accounts or cultivating relationships in a public safety context.",,,,,2026-05-14T21:59:19.671411+00:00
,,,,5,APX Next Customer Success Advocate,Motorola Solutions,remote,,,"Illinois Remote Work, More...",https://motorolasolutions.wd5.myworkdayjobs.com/Careers/job/Illinois-Remote-Work/APX-Next-Customer-Success-Advocate_R61274,https://motorolasolutions.wd5.myworkdayjobs.com/Careers/job/Illinois-Remote-Work/APX-Next-Customer-Success-Advocate_R61274,"customer advocacy, project management, relationship management, operational excellence, technical advocacy, public safety
The candidate has relevant experience in project management and product management, but lacks direct experience in customer advocacy specifically within the public safety sector. While they have strong technical skills and experience managing complex projects, the role requires a deeper understanding of public safety operations and direct customer relationship management, which the candidate does not fully demonstrate.",,,,,2026-05-14T21:59:19.671411+00:00
,,,,5,Assistant Manager Tax Projects - US Taxation (Form 1040),Thomson Reuters,hybrid,,,,https://thomsonreuters.wd5.myworkdayjobs.com/External_Career_Site/job/India-Hyderabad-Telangana/Assistant-Manager-Tax-Projects--Project-Management-_JREQ198115,https://thomsonreuters.wd5.myworkdayjobs.com/External_Career_Site/job/India-Hyderabad-Telangana/Assistant-Manager-Tax-Projects--Project-Management-_JREQ198115,"project management, SQL, tax software, data governance, Agile development, communication, risk management
The candidate has strong project management experience and technical skills in data and analytics, but lacks direct experience in tax projects and familiarity with US tax laws, which are critical for this role. While they have relevant skills in SQL and Agile methodologies, the absence of specific tax software integration experience and the required 8+ years in tax-related projects creates a moderate match.",,,,,2026-05-14T22:01:57.065581+00:00
,,,,5,Associate Construction Task Catalog Publisher,Gordian,remote,,,"Remote, US (Remote)",https://fortive.eightfold.ai/careers/job/893395087363?domain=fortive.com,https://www.indeed.com/viewjob?jk=62e695e739b39552,"document production, publishing, data entry, structured workflow, process documentation, Excel
The candidate has strong project management and technical skills, particularly in data management and analytics, but lacks direct experience in document production and publishing, which are key requirements for this role. While there are transferable skills in managing workflows and documentation, the candidate's background is more aligned with technical product management rather than the administrative and publishing focus of this position.",,,,,2026-05-14T21:37:59.870693+00:00
,,,,5,Associate Content Developer,Thomson Reuters,hybrid,,,,https://thomsonreuters.wd5.myworkdayjobs.com/External_Career_Site/job/India-Hyderabad-Telangana/Associate-Content-Developer_JREQ199784,https://thomsonreuters.wd5.myworkdayjobs.com/External_Career_Site/job/India-Hyderabad-Telangana/Associate-Content-Developer_JREQ199784,"Arabic language, financial reporting, documentation, testing, defect management, Excel, communication skills
The candidate has strong project management and technical skills, particularly in data analytics and product management, but lacks direct experience in financial reporting and the specific requirements of the Associate Content Developer role. Additionally, there is no mention of proficiency in the Arabic language, which is a critical requirement for this position. While the candidate has relevant skills, they do not align closely enough with the job description to warrant a higher score.",,,,,2026-05-14T22:01:57.065581+00:00
,,,,5,"Associate Customer Success Manager, Growth - Audit",Thomson Reuters,unknown,,,,https://thomsonreuters.wd5.myworkdayjobs.com/External_Career_Site/job/United-States-of-America-Eagan-Minnesota/Associate-Customer-Success-Manager--Growth---Audit_JREQ199692,https://thomsonreuters.wd5.myworkdayjobs.com/External_Career_Site/job/United-States-of-America-Eagan-Minnesota/Associate-Customer-Success-Manager--Growth---Audit_JREQ199692,"Customer Success, relationship management, product adoption, CRM, data-informed, SaaS, communication, collaboration
The candidate has strong project management and technical skills, particularly in data and analytics, but lacks direct experience in customer success or account management roles. While they have experience in managing relationships and driving product usage, the specific requirements for customer success in a SaaS environment are not fully met, resulting in a moderate match.",,,,,2026-05-14T22:01:57.065581+00:00
,,,,5,"Associate Director, Clinical Operations Pricing and Analytics",Moderna,onsite,,,,https://modernatx.wd1.myworkdayjobs.com/M_tx/job/Cambridge-Massachusetts/Associate-Director--Business-Analytics---Insights--Clinical-Operations_R18479-2,https://modernatx.wd1.myworkdayjobs.com/M_tx/job/Cambridge-Massachusetts/Associate-Director--Business-Analytics---Insights--Clinical-Operations_R18479-2,"analytics, financial systems, data governance, SQL, Power BI, project management, clinical operations, automation, forecasting
The candidate has relevant experience in data analytics and project management, particularly in the context of product and technical management. However, they lack direct experience in the clinical research environment and specific tools like VBA and Spotfire, which are crucial for the role. While they have strong skills in SQL and Power BI, the absence of clinical pricing and benchmarking experience is a significant gap.",,,,,2026-05-14T22:35:44.018180+00:00
,,,,5,"Associate Director, Clinical Operations, Pricing and Analytics",Moderna,onsite,,,,https://modernatx.wd1.myworkdayjobs.com/M_tx/job/Oxford---England/Associate-Director--Clinical-Operations--Pricing-and-Analytics_R19044,https://modernatx.wd1.myworkdayjobs.com/M_tx/job/Oxford---England/Associate-Director--Clinical-Operations--Pricing-and-Analytics_R19044,"clinical operations, data analytics, financial systems, forecasting, SQL, Power BI, data governance, project management, collaboration
The candidate has relevant experience in project management and data analytics, particularly in the context of product management and technical project management. However, they lack direct experience in a clinical research environment and do not meet the 10+ years of experience requirement specified in the job description, which is a key gap for this role.",,,,,2026-05-14T22:35:44.018180+00:00
,,,,5,"Associate Director, CMC Digital Operations and Strategic Portfolio Lead",Moderna,onsite,,,,https://modernatx.wd1.myworkdayjobs.com/M_tx/job/Cambridge-Massachusetts/Associate-Director--CMC-Digital-Operations-and-Strategic-Portfolio-Lead_R19000-1,https://modernatx.wd1.myworkdayjobs.com/M_tx/job/Cambridge-Massachusetts/Associate-Director--CMC-Digital-Operations-and-Strategic-Portfolio-Lead_R19000-1,"digital operations, project management, strategic initiatives, cross-functional teams, Agile practices, data-driven strategy, budgeting, stakeholder engagement
The candidate has relevant experience in project management and digital operations, particularly in data and AI platforms. However, they lack the extensive 10+ years of experience in digital operations or IT management specifically within the pharmaceutical industry, which is a key requirement for this role. While they have strong skills in Agile practices and stakeholder engagement, the absence of direct experience in the pharmaceutical sector and the required seniority level limits their fit for this position.",,,,,2026-05-14T22:02:20.415246+00:00
,,,,5,"Associate Director, Commercial Operations (Trade Operations)",Moderna,onsite,,,,https://modernatx.wd1.myworkdayjobs.com/M_tx/job/USA---New-Jersey---Princeton---5-Vaughn-Drive/Associate-Director--Commercial-Operations--Trade-Operations-_R18925-2,https://modernatx.wd1.myworkdayjobs.com/M_tx/job/USA---New-Jersey---Princeton---5-Vaughn-Drive/Associate-Director--Commercial-Operations--Trade-Operations-_R18925-2,"order management, data integration, EDI, customer support, supply chain, operational excellence, performance tracking, cross-functional collaboration
The candidate has relevant experience in project management and data analytics, but lacks direct experience in the biopharmaceutical industry and specific operational roles related to order management and supply chain logistics. While they have strong technical skills and project management experience, they do not meet the required years of experience or the specific industry knowledge needed for this role.",,,,,2026-05-14T22:35:44.018180+00:00
,,,,5,"Associate Director, Resilience Strategic Partnerships – UK",Moderna,onsite,,,,https://modernatx.wd1.myworkdayjobs.com/M_tx/job/London---England/Associate-Director--Resilience-Strategic-Partnerships---UK_R19054-1,https://modernatx.wd1.myworkdayjobs.com/M_tx/job/London---England/Associate-Director--Resilience-Strategic-Partnerships---UK_R19054-1,"project management, cross-functional teams, stakeholder engagement, governance frameworks, healthcare ecosystem, agile methodologies, communication skills
The candidate has strong project management experience and has worked with cross-functional teams, which aligns with some of the job requirements. However, they lack direct experience in the biopharmaceutical sector and specific knowledge of the UK healthcare ecosystem, which are crucial for this role. Additionally, while they have demonstrated leadership and stakeholder engagement skills, the absence of relevant industry experience presents a significant gap.",,,,,2026-05-14T22:12:00.818278+00:00
,,,,5,"Associate Engineer, GxP IT Support",Moderna,onsite,,,,https://modernatx.wd1.myworkdayjobs.com/M_tx/job/Oxford---England/Associate-GxP-IT-Systems-Engineer--Manufacturing-and-Labs_R18315,https://modernatx.wd1.myworkdayjobs.com/M_tx/job/Oxford---England/Associate-GxP-IT-Systems-Engineer--Manufacturing-and-Labs_R18315,"IT support, GxP, manufacturing, troubleshooting, SQL, Windows, VMware, cybersecurity, documentation
The candidate has experience in technical project management and product management, with a focus on data and AI platforms, but lacks direct experience in GxP environments and the specific IT support role outlined in the job description. While they possess some relevant technical skills such as SQL and troubleshooting, they do not meet the required years of experience in a manufacturing setting or familiarity with the specific tools and systems mentioned, resulting in a moderate match.",,,,,2026-05-14T22:12:00.818278+00:00
,,,,5,"Associate Manager, Consolidations",Thomson Reuters,hybrid,,,,https://thomsonreuters.wd5.myworkdayjobs.com/External_Career_Site/job/Canada-Toronto-Ontario/Associate-Manager--Consolidations_JREQ200536,https://thomsonreuters.wd5.myworkdayjobs.com/External_Career_Site/job/Canada-Toronto-Ontario/Associate-Manager--Consolidations_JREQ200536,"financial reporting, consolidations, IFRS, data integrity, accounting records, automation, project management
The candidate has a strong background in technical project management and data analytics but lacks direct experience in financial reporting and consolidations, which are critical for this role. While they have relevant skills in data management and automation, they do not meet the specific requirements for IFRS knowledge or hands-on experience with consolidation tools, resulting in a moderate match.",,,,,2026-05-14T22:01:57.065581+00:00
,,,,5,Associate Product Manager,Thomson Reuters,hybrid,,,,https://thomsonreuters.wd5.myworkdayjobs.com/External_Career_Site/job/United-States-of-America-Eagan-Minnesota/Associate-Product-Manager_JREQ200222,https://thomsonreuters.wd5.myworkdayjobs.com/External_Career_Site/job/United-States-of-America-Eagan-Minnesota/Associate-Product-Manager_JREQ200222,"product management, AI, data analysis, legal research, requirements documentation, collaboration, communication
The candidate has strong experience in product management and technical project management, particularly in data and AI platforms. However, they lack direct legal expertise and experience in legal research, which is a key requirement for this role. While they have relevant technical skills and project experience, the absence of a legal background and specific experience in legal workflows presents a significant gap.",,,,,2026-05-14T22:01:57.065581+00:00
,,,,5,Associate Project Manager,Savills North America,remote,,,Remote,,https://www.linkedin.com/jobs/view/4414265547,"project management, documentation, coordination, communication, organizational skills, construction, design, vendor management
The candidate has relevant experience in project management and technical roles, but lacks direct experience in design and construction projects, which is a key requirement for the Associate Project Manager position. While they possess strong organizational and communication skills, the absence of specific experience in the construction sector and the required degree makes this a moderate match.",,,,,2026-05-14T21:32:43.337726+00:00
,,,,5,"AVP, Longer Healthier Better Advisor Network",Manulife,remote,,,US Full time - Remote,https://manulife.wd3.myworkdayjobs.com/MFCJH_Jobs/job/US-Full-time---Remote/Director--LongerHealthierBetter-Advisor-Network_JR26011305,https://manulife.wd3.myworkdayjobs.com/MFCJH_Jobs/job/US-Full-time---Remote/Director--LongerHealthierBetter-Advisor-Network_JR26011305,"strategic leadership, program design, agent network development, sales desk operations, analytics, budget oversight, communication, relationship building
The candidate has strong project management and product management experience, particularly in data and AI platforms, but lacks direct experience in life insurance distribution or managing agent networks, which are critical for this role. While they possess relevant skills in analytics and strategic planning, the absence of specific industry experience and licensing requirements significantly limits their fit for this position.",,,,,2026-05-14T22:30:10.315458+00:00
,,,,5,Azure Certified Project Manager,Amazech Solutions,unknown,,,,,https://www.linkedin.com/jobs/view/4411169645,"Azure, cloud migration, Agile, Scrum, stakeholder management, enterprise IT infrastructure
The candidate has strong project management experience and Agile/Scrum delivery skills, but lacks specific Azure certification and direct experience with Azure cloud migration projects. While they have relevant skills in data management and product development, the absence of Azure-related experience and certification presents a significant gap for this role.",,,,,2026-05-14T21:50:40.094592+00:00
,,,,5,Banco de Talentos SAP (AdvCon) | Advisory,PwC,unknown,,,,https://pwc.wd3.myworkdayjobs.com/Global_Experienced_Careers/job/Banco-de-Talentos-SAP--AdvCon----Advisory_663974WD,https://pwc.wd3.myworkdayjobs.com/Global_Experienced_Careers/job/Banco-de-Talentos-SAP--AdvCon----Advisory_663974WD,"SAP, project management, Agile, business applications, software solutions, cross-functional team coordination, program management
The candidate has strong project management experience and technical skills in data and AI platforms, but lacks direct experience with SAP implementation and specific business application consulting. While they have relevant skills in Agile methodologies and cross-functional team coordination, the absence of SAP-related experience is a significant gap for this role.",,,,,2026-05-14T22:02:48.190234+00:00
,,,,5,Business & Proposal Development Intern,Technology & Bussiness Managment Inc.,remote,,,"Remote, US (Remote)",http://www.indeed.com/job/business-proposal-development-intern-7403d4f838cc74e5,https://www.indeed.com/viewjob?jk=7403d4f838cc74e5,"proposal development, federal government, market research, communications, project management, writing, editing, strategic analysis
The candidate has strong project management experience and technical skills, particularly in data and analytics, but lacks direct experience in proposal development and federal contracting, which are key aspects of the internship. While they have relevant skills in communication and organization, the absence of specific experience in the federal sector and proposal processes limits their fit for this role.",,,,,2026-05-14T21:40:03.505024+00:00
,,,,5,Business Developer Manager - Medical Imaging (US),Intelerad,remote,,,"Remote, US (Remote)",https://jobs.smartrecruiters.com/Intelerad/744000126548316-business-developer-manager-medical-imaging-us-,https://www.indeed.com/viewjob?jk=c2cbb355f85477b2,"Business Development, Professional Services, Sales, Solutions Consulting, Project Management, Client Outcomes, Technical Requirements, Engagement Lifecycle
The candidate has strong project management experience and a background in technical product management, but lacks direct experience in professional services sales or clinical project delivery in imaging environments, which are key requirements for the role. While they possess relevant skills in managing projects and collaborating with teams, the absence of specific experience in medical imaging and professional services sales limits their fit for this position.",,,,,2026-05-14T21:29:36.448824+00:00
,,,,5,Business Growth Manager,Thomson Reuters,unknown,,,,https://thomsonreuters.wd5.myworkdayjobs.com/External_Career_Site/job/Argentina-Buenos-Aires/Business-Growth-Manager_JREQ200545,https://thomsonreuters.wd5.myworkdayjobs.com/External_Career_Site/job/Argentina-Buenos-Aires/Business-Growth-Manager_JREQ200545,"growth strategy, performance analytics, market analysis, data-driven decision-making, team management, customer acquisition, revenue expansion, CRM platforms, AI-based tools
The candidate has strong project management experience and technical skills in data analytics and product management, but lacks direct experience in growth strategy and business development as outlined in the job description. While they have relevant skills in data analysis and team management, the absence of specific experience in leading growth initiatives and market analysis for a business growth role results in a moderate match.",,,,,2026-05-14T22:56:56.263840+00:00
,,,,5,Business Operations Coordinator,Thomson Reuters,unknown,,,,https://thomsonreuters.wd5.myworkdayjobs.com/External_Career_Site/job/Philippines-Manila/Business-Operations-Coordinator_JREQ199300,https://thomsonreuters.wd5.myworkdayjobs.com/External_Career_Site/job/Philippines-Manila/Business-Operations-Coordinator_JREQ199300,"executive support, administrative role, organizational skills, time management, cross-functional team, onboarding, offboarding, process improvements
The candidate has strong project management and technical skills but lacks direct experience in an administrative role or providing executive support to senior leadership, which is a key requirement for this position. While they have relevant experience in managing teams and projects, the specific administrative and organizational tasks outlined in the job description are not directly addressed in their background.",,,,,2026-05-14T22:01:57.065581+00:00
,,,,5,CAD (Computer Aided Dispatch) & RMS System Manager,Motorola Solutions,remote,,,Virginia Remote Work,https://motorolasolutions.wd5.myworkdayjobs.com/Careers/job/Virginia-Remote-Work/CAD--Computer-Aided-Dispatch--RMS-System-Manager_R62166,https://motorolasolutions.wd5.myworkdayjobs.com/Careers/job/Virginia-Remote-Work/CAD--Computer-Aided-Dispatch--RMS-System-Manager_R62166,"Public Safety Applications, Records Management Systems, CAD, IT experience, customer operations support, problem solving, process improvement
The candidate has strong project management experience and technical skills, particularly in data management and analytics, but lacks direct experience with CAD/RMS systems and public safety applications, which are critical for this role. While their background in managing technical projects and customer relationships is relevant, the absence of specific public safety experience and the required technical knowledge in CAD/RMS systems presents a significant gap.",,,,,2026-05-14T21:59:19.671411+00:00
,,,,5,CAD/RMS Technical Co-Op (CO-OP Program),Motorola Solutions,remote,,,"Georgia Remote Work, More...",https://motorolasolutions.wd5.myworkdayjobs.com/Careers/job/Georgia-Remote-Work/CAD-RMS-Technical-Co-Op--CO-OP-Program-_R61563,https://motorolasolutions.wd5.myworkdayjobs.com/Careers/job/Georgia-Remote-Work/CAD-RMS-Technical-Co-Op--CO-OP-Program-_R61563,"SQL, data analytics, database management, environment management, troubleshooting, security compliance
The candidate has strong experience in data management and analytics, particularly with SQL and data pipelines, which aligns with the job's focus on database management and data analysis. However, the candidate lacks direct experience with CAD/RMS systems and the specific requirements of the internship, such as familiarity with Windows Server environments and CJIS standards, which are essential for this role.",,,,,2026-05-14T21:59:19.671411+00:00
,,,,5,Campaign Planning Manager,Thomson Reuters,hybrid,,,,https://thomsonreuters.wd5.myworkdayjobs.com/External_Career_Site/job/United-States-of-America-Eagan-Minnesota/Campaign-Planning-Manager_JREQ200571,https://thomsonreuters.wd5.myworkdayjobs.com/External_Career_Site/job/United-States-of-America-Eagan-Minnesota/Campaign-Planning-Manager_JREQ200571,"campaign strategy, omni-channel campaigns, project management, stakeholder management, analytics, marketing technology
The candidate has strong project management and technical skills, particularly in data and analytics, but lacks direct experience in integrated marketing and campaign strategy as outlined in the job description. While they have managed projects and teams, their experience does not align closely with the specific requirements of developing and executing marketing campaigns, especially in a B2B legal context.",,,,,2026-05-14T22:01:57.065581+00:00
,,,,5,Channel Manufacture Program Lead - (Central Region),Motorola Solutions,remote,,,"Illinois Remote Work, More...",https://motorolasolutions.wd5.myworkdayjobs.com/Careers/job/Illinois-Remote-Work/Channel-Manufacture-Program-Lead----Central-Region-_R63432,https://motorolasolutions.wd5.myworkdayjobs.com/Careers/job/Illinois-Remote-Work/Channel-Manufacture-Program-Lead----Central-Region-_R63432,"project management, sales, customer sales management, channel sales, account manager, collaboration, data analysis, training, Salesforce
The candidate has strong project management experience and technical skills, particularly in data and analytics, but lacks direct experience in sales and channel management, which are critical for this role. While they have relevant experience in product management and collaboration, the absence of specific sales and account management experience presents a significant gap for the position.",,,,,2026-05-14T21:59:19.671411+00:00
,,,,5,"Client Executive, SafeSend/SurePrep",Thomson Reuters,hybrid,,,,https://thomsonreuters.wd5.myworkdayjobs.com/External_Career_Site/job/United-States-of-America-Ann-Arbor-Michigan/Client-Executive--SafeSend-SurePrep_JREQ200132-1,https://thomsonreuters.wd5.myworkdayjobs.com/External_Career_Site/job/United-States-of-America-Ann-Arbor-Michigan/Client-Executive--SafeSend-SurePrep_JREQ200132-1,"Customer Success Manager, SAAS, client support, relationship management, sales growth, account strategy, communication skills
The candidate has strong project management and product management experience, particularly in data and AI platforms, but lacks direct experience in a customer success or sales role. While they have relevant skills in client relationship management and understanding customer needs, they do not meet the specific requirement of 2+ years in a Customer Success Manager role or experience in the SAAS industry, which are critical for this position.",,,,,2026-05-14T22:01:57.065581+00:00
,,,,5,Client Solutions Manager,VC3,remote,,,"Remote, US (Remote)",https://careers.vc3.com/postings/c8e2e958-d882-417e-8acf-e27387688e7b?utm_medium=job_board&utm_source=indeed,https://www.indeed.com/viewjob?jk=6f183d9075bab862,"client solutions, leadership, project management, data analysis, communication, IT service delivery, employee development
The candidate has strong project management and product management experience, which is relevant to the leadership and client service aspects of the role. However, they lack specific experience in IT hardware and software sales, as well as the required 5+ years of management experience in an IT context, which are key requirements for this position.",,,,,2026-05-14T21:37:59.870693+00:00
,,,,5,Client Success Manager,EGiftify,remote,,,"Remote, US (Remote)",https://egiftify.breezy.hr/p/ec539d006882-client-success-manager?source=indeed,https://www.indeed.com/viewjob?jk=67e06fbe4d2fa88a,"Client Success, Account Management, Project Management, SaaS, Technical Troubleshooting, Problem Solving, Relationship Building, API, Hospitality, Retail
The candidate has strong project management experience and technical skills, particularly in data and AI platforms, which could be beneficial in a client success role. However, they lack direct experience in client success or account management within the specified industries (hospitality, restaurant, retail), and their experience does not clearly demonstrate the required relationship-building skills or familiarity with POS integrations. This results in a moderate match with key gaps in industry-specific experience.",,,,,2026-05-14T21:29:36.448824+00:00
,,,,5,Client Success Specialist (Southeast or Midwest Candidates),Basic Home Infusion,remote,,,"Remote, US (Remote)",http://www.indeed.com/job/client-success-specialist-southeast-or-midwest-candidates-e7a5f45d7884a65f,https://www.indeed.com/viewjob?jk=e7a5f45d7884a65f,"client success, customer support, account management, healthcare, communication skills, project management, data analysis
The candidate has strong project management and technical skills, but lacks direct experience in customer success or account management, particularly in the healthcare industry. While they have relevant experience in managing client relationships and analyzing data, the absence of specific customer success roles and healthcare experience presents a moderate gap for this position.",,,,,2026-05-14T21:29:36.448824+00:00
,,,,5,CMAAS - Manager,PwC,unknown,,,,https://pwc.wd3.myworkdayjobs.com/Global_Experienced_Careers/job/CMAAS---Manager_703180WD-2,https://pwc.wd3.myworkdayjobs.com/Global_Experienced_Careers/job/CMAAS---Manager_703180WD-2,"financial analysis, budgeting, forecasting, risk management, project management, mentoring, data analysis, SQL, Agile development
The candidate has experience in project management and data analytics, which are relevant to the role. However, they lack direct experience in financial analysis, budgeting, and accounting practices, which are key requirements for the position. While they have strong technical skills and project management experience, the absence of specific financial expertise limits their fit for this role.",,,,,2026-05-14T22:12:35.179630+00:00
,,,,5,CMC Digital Support Lead,Moderna,onsite,,,,https://modernatx.wd1.myworkdayjobs.com/M_tx/job/Norwood-Massachusetts/CMC-Digital-Support-Lead_R19070-1,https://modernatx.wd1.myworkdayjobs.com/M_tx/job/Norwood-Massachusetts/CMC-Digital-Support-Lead_R19070-1,"GxP, application support, Lab systems, incident management, troubleshooting, data integrity, customer service, process improvement
The candidate has relevant experience in project management and technical oversight, particularly in data and AI platforms, but lacks direct experience in GxP environments and specific lab systems like Labvantage or Veeva. While they have strong technical skills and experience in managing teams and processes, the absence of direct experience in the pharmaceutical or biotech sectors and GxP compliance presents a moderate gap for this role.",,,,,2026-05-14T22:02:20.415246+00:00
,,,,5,Competitive Intelligence Manager,Trellix,remote,,,"Remote, US (Remote)",https://careers.trellix.com/jobs/competitive-intelligence-manager/,https://www.indeed.com/viewjob?jk=9e30c7c1568d7970,"Competitive Intelligence, Market Research, Product Marketing, Cybersecurity, Sales Enablement, SWOT analysis, Data Analytics, AI-driven insights
The candidate has relevant experience in product management and technical project management, particularly in data and AI platforms, but lacks direct experience in competitive intelligence and cybersecurity. While they have strong analytical and project management skills, the specific domain expertise and years of experience in competitive intelligence and market research required for this role are not clearly demonstrated in their resume.",,,,,2026-05-14T21:46:30.549281+00:00
,,,,5,"Consultant Relations, Central",Manulife,hybrid,"USA, Illinois - Full Time Remote",,"USA, Illinois - Full Time Remote",https://manulife.wd3.myworkdayjobs.com/MFCJH_Jobs/job/USA-Illinois---Full-Time-Remote/Consultant-Relations--Central_JR26040724,https://manulife.wd3.myworkdayjobs.com/MFCJH_Jobs/job/USA-Illinois---Full-Time-Remote/Consultant-Relations--Central_JR26040724,"Consultant Relations, institutional investment, project management, CRM, communication skills, data-driven decision-making
The candidate has strong project management and technical skills, particularly in data and analytics, but lacks direct experience in consultant relations and institutional investment, which are critical for this role. While they have relevant experience in product management and data governance, the absence of a background in managing relationships with institutional consultants and understanding of investment products presents a significant gap.",,,,,2026-05-14T22:17:10.020978+00:00
,,,,5,CQV Senior Project Manager,CAI,unknown,,,,,https://www.linkedin.com/jobs/view/4313221691,"Project Management, Project Execution, Stakeholder Engagement, Communication Management, Risk Analysis, Agile Development, Operational Readiness
The candidate has relevant project management experience, particularly in technical environments, but lacks specific experience in Commissioning, Qualification, and Validation (CQV) processes, which are critical for this role. While they demonstrate strong skills in project execution and stakeholder engagement, the absence of direct experience in the life sciences sector and CQV methodologies results in a moderate match.",,,,,2026-05-14T21:31:37.952938+00:00
,,,,5,"Critical Incident, Change and Problem Lead",Ciena,remote,,,Remote-US,https://ciena.wd5.myworkdayjobs.com/Careers/job/Remote-US/Critical-Incident--Change-and-Problem-Lead_R030095,https://ciena.wd5.myworkdayjobs.com/Careers/job/Remote-US/Critical-Incident--Change-and-Problem-Lead_R030095,"incident management, problem resolution, change management, communication skills, design thinking, technology-driven environments
The candidate has relevant experience in project management and product management, particularly in technology-driven environments. However, they lack direct experience in managing critical incidents and change management processes as outlined in the job description, which are key requirements for this role. While they possess strong communication skills and some familiarity with design thinking, the gaps in specific incident and change management experience limit their fit for this position.",,,,,2026-05-14T21:55:51.922966+00:00
,,,,5,Curriculum Certification Program Manager,Thomson Reuters,hybrid,,,,https://thomsonreuters.wd5.myworkdayjobs.com/External_Career_Site/job/United-States-of-America-Eagan-Minnesota/Customer-Education-Certification-Program-Manager_JREQ200256,https://thomsonreuters.wd5.myworkdayjobs.com/External_Career_Site/job/United-States-of-America-Eagan-Minnesota/Customer-Education-Certification-Program-Manager_JREQ200256,"certification, credentialing, program management, curriculum design, assessment development, stakeholder management, adult learning principles
The candidate has strong project management experience and has worked with data governance and analytics, which could be relevant for developing certification programs. However, they lack direct experience in designing and launching certification or credentialing programs, which is a key requirement for this role. Their experience in product management and analytics may provide some transferable skills, but significant gaps remain in the specific areas of curriculum and assessment development.",,,,,2026-05-14T22:01:57.065581+00:00
,,,,5,Customer Adoption Manager,Higharc,remote,,,Remote,,https://www.linkedin.com/jobs/view/4404205858,"Customer Success, project management, SaaS, technical project owner, communication, AI, analytics
The candidate has strong project management experience and technical skills, particularly in data and AI platforms, which could be beneficial in a Customer Success role. However, they lack direct experience in the homebuilding domain and specific Customer Success platforms, which are key requirements for the position. While they have relevant skills, the absence of domain knowledge and specific tools results in a moderate match.",,,,,2026-05-14T21:50:40.094592+00:00
,,,,5,Customer Experience Operations Manager,Realtime Clinical Trial Management Systems,remote,,,"Remote, US (Remote)",https://workforcenow.adp.com/mascsr/default/mdf/recruitment/recruitment.html?cid=9054646f-9aae-42c8-8167-93d86fefbae4&ccId=19000101_000001&jobId=573582&source=IN&lang=en_US,https://www.indeed.com/viewjob?jk=96a5557a81b12ad2,"Customer Experience, Data Analytics, Process Management, Automation, AI, Dashboards, Metrics, Reporting, Agile, Product Management
The candidate has relevant experience in product and project management, particularly in data and analytics, which aligns with the analytical depth required for the role. However, there are significant gaps in direct experience with customer experience operations, process audits, and the specific tools mentioned in the job description. While the candidate has strong technical skills, they would need substantial ramp-up to meet the specific requirements of this position.",,,,,2026-05-14T21:44:13.352357+00:00
,,,,5,Customer Success / Account Manager,Softengine,remote,,,"Remote, US (Remote)",https://ats.rippling.com/softengine/jobs/7b9d26ec-1060-4a31-8218-d9bf9943680d?jobSite=Indeed,https://www.indeed.com/viewjob?jk=016e5fd363949b24,"Customer Success, Account Management, relationship management, executive communication, customer satisfaction, CRM, SaaS, project management
The candidate has strong project management and product management experience, but lacks direct experience in customer success or account management roles, which are crucial for this position. While they have relevant skills in relationship management and communication, the absence of specific experience in managing customer accounts and driving customer satisfaction metrics presents a significant gap for this role.",,,,,2026-05-14T21:48:33.976678+00:00
,,,,5,Customer Success Account Manager,Adobe,remote,,,Remote India,https://adobe.wd5.myworkdayjobs.com/external_experienced/job/Remote-India/Customer-Success-Account-Manager---Digital-Sales-ICX_R160747,https://adobe.wd5.myworkdayjobs.com/external_experienced/job/Remote-India/Customer-Success-Account-Manager---Digital-Sales-ICX_R160747,"Customer Success, Account Manager, SaaS, relationship management, upsell, cross-sell, communication skills, strategic account plans
The candidate has strong project management and product management experience, particularly in data and AI platforms, but lacks direct experience in account management or sales roles, which are critical for the Customer Success Account Manager position. While they have demonstrated skills in managing relationships and understanding customer needs, the absence of specific SaaS sales experience and the required ability to engage at the C-suite level presents significant gaps.",,,,,2026-05-14T22:21:34.326711+00:00
,,,,5,Customer Success Account Manager,Adobe,remote,,,Remote India,https://adobe.wd5.myworkdayjobs.com/external_experienced/job/Remote-India/Customer-Success-Account-Manager_R144410,https://adobe.wd5.myworkdayjobs.com/external_experienced/job/Remote-India/Customer-Success-Account-Manager_R144410,"Account Manager, customer relationships, revenue growth, cross-sell, upsell, SaaS solutions, strategic account planning, communication skills
The candidate has strong project management and product management experience, particularly in data and AI platforms, but lacks direct experience in account management and sales, which are crucial for this role. While they have relevant skills in analytics and customer engagement, the absence of specific SaaS sales experience and the need for strong relationships with C-suite executives presents a significant gap.",,,,,2026-05-14T22:21:34.326711+00:00
,,,,5,Customer Success Advocate - Critical Connect / Wave PTX,Motorola Solutions,remote,,,"Illinois Remote Work, More...",https://motorolasolutions.wd5.myworkdayjobs.com/Careers/job/Illinois-Remote-Work/Customer-Success-Advocate---Critical-Connect---Wave-PTX_R63814,https://motorolasolutions.wd5.myworkdayjobs.com/Careers/job/Illinois-Remote-Work/Customer-Success-Advocate---Critical-Connect---Wave-PTX_R63814,"Customer Success, Product Management, Technical Aptitude, Communication, Project Management, Public Safety, Data Analytics
The candidate has strong project management and product management experience, particularly in technical environments, which aligns with the role's requirements. However, they lack direct experience in customer success or public safety, which are key aspects of the job description. While they possess relevant skills in data analytics and technical communication, the absence of specific customer success experience and public safety knowledge limits their fit for this role.",,,,,2026-05-14T21:59:19.671411+00:00
,,,,5,Customer Success Advocate - US Remote,Motorola Solutions,hybrid,"Arizona Remote Work, More...",,"Arizona Remote Work, More...",https://motorolasolutions.wd5.myworkdayjobs.com/Careers/job/Arizona-Remote-Work/Customer-Success-Advocate---US-Remote_R64085,https://motorolasolutions.wd5.myworkdayjobs.com/Careers/job/Arizona-Remote-Work/Customer-Success-Advocate---US-Remote_R64085,"customer success, product adoption, workflow optimization, data analysis, communication skills, CRM tools, public safety, customer engagement
The candidate has strong project management and data analytics experience, which aligns with the customer success role's focus on driving product adoption and managing customer relationships. However, they lack direct experience in customer success roles and specific familiarity with public safety operations, which are key components of the job description.",,,,,2026-05-14T21:59:19.671411+00:00
,,,,5,Customer Success Advocate - US Remote - Eastern Region,Motorola Solutions,hybrid,"Virginia Remote Work, More...",,"Virginia Remote Work, More...",https://motorolasolutions.wd5.myworkdayjobs.com/Careers/job/Virginia-Remote-Work/Customer-Success-Advocate---US-Remote_R63974,https://motorolasolutions.wd5.myworkdayjobs.com/Careers/job/Virginia-Remote-Work/Customer-Success-Advocate---US-Remote_R63974,"customer success, product adoption, data analysis, workflow optimization, customer engagement, communication skills, CRM, BI tools
The candidate has experience in product management and technical project management, which involves customer engagement and data analysis. However, they lack direct experience in customer success roles and specific familiarity with public safety operations, which are key requirements for the position. While they possess relevant skills, there are significant gaps in direct experience with customer success metrics and the specific industry context.",,,,,2026-05-14T21:59:19.671411+00:00
,,,,5,Customer Success Advocate - West Coast Region,Motorola Solutions,hybrid,"California Southern Remote Work, More...",,"California Southern Remote Work, More...",https://motorolasolutions.wd5.myworkdayjobs.com/Careers/job/California-Southern-Remote-Work/Customer-Success-Advocate---West-Coast-Region_R64082,https://motorolasolutions.wd5.myworkdayjobs.com/Careers/job/California-Southern-Remote-Work/Customer-Success-Advocate---West-Coast-Region_R64082,"customer success, product adoption, workflow optimization, data analysis, communication skills, CRM tools, public safety technology
The candidate has strong project management and data analytics experience, which are relevant to the Customer Success Advocate role. However, they lack direct experience in customer success and public safety technology, which are key components of the job description. While they possess transferable skills, they would need to bridge significant gaps in specific customer engagement and public safety knowledge.",,,,,2026-05-14T21:59:19.671411+00:00
,,,,5,Customer Success Manager,Edynamic Learning,remote,,,"Remote, US (Remote)",https://edynamiclearning.applytojob.com/apply/yRpAR3OO06/Customer-Success-Manager?source=INDE&~,https://www.indeed.com/viewjob?jk=2112e4a968e23aaf,"Customer Success, communication skills, CRM, education management, presentation skills, STEM, workforce development
The candidate has strong project management and technical experience, particularly in data and AI platforms, but lacks direct experience in customer success roles and K-12 education management. While they possess relevant skills in communication and presentation, the absence of specific customer success experience and familiarity with the education sector presents significant gaps for this role.",,,,,2026-05-14T21:52:47.996850+00:00
,,,,5,Customer Success Manager,Embrava,hybrid,,,,,https://www.linkedin.com/jobs/view/4411184484,"customer success, account management, onboarding, enterprise accounts, SaaS solutions, relationship management, communication skills
The candidate has strong project management and product management experience, particularly in technical environments, but lacks direct experience in customer success or account management roles. While they have worked with enterprise clients and have relevant technical skills, they do not meet the specific requirement of 4 to 6 years in customer success or account management, which is a key aspect of the role.",,,,,2026-05-14T21:37:03.391393+00:00
,,,,5,Customer Success Manager,Metaforms,hybrid,,,,,https://www.linkedin.com/jobs/view/4413987368,"customer success, account management, B2B SaaS, AI, workflow automation, product management, data processing, communication
The candidate has strong project management and product management experience, particularly in data and AI platforms, but lacks direct experience in customer success or account management roles. While they have relevant technical skills and experience with data processing, they do not meet the specific requirements for managing customer relationships or driving adoption in a B2B SaaS context, which are critical for this role.",,,,,2026-05-14T21:37:03.391393+00:00
,,,,5,Customer Success Manager,Thomson Reuters,hybrid,,,,https://thomsonreuters.wd5.myworkdayjobs.com/External_Career_Site/job/Philippines-Manila/Customer-Success-Manager_JREQ200538-1,https://thomsonreuters.wd5.myworkdayjobs.com/External_Career_Site/job/Philippines-Manila/Customer-Success-Manager_JREQ200538-1,"customer success, customer engagement, B2B SaaS, project management, communication strategies, data-driven, automation
The candidate has strong project management and product management experience, but lacks direct customer success experience and specific tools mentioned in the job description like Gainsight and Eloqua. While they have relevant skills in data analytics and automation, the absence of a customer-facing role in a B2B SaaS context and the specific experience required for customer engagement programs presents significant gaps.",,,,,2026-05-14T22:01:57.065581+00:00
,,,,5,Customer Success Manager,Thomson Reuters,unknown,,,,https://thomsonreuters.wd5.myworkdayjobs.com/External_Career_Site/job/United-States-of-America-Eagan-Minnesota/Customer-Success-Manager_JREQ200254,https://thomsonreuters.wd5.myworkdayjobs.com/External_Career_Site/job/United-States-of-America-Eagan-Minnesota/Customer-Success-Manager_JREQ200254,"Customer Success, SaaS, executive presence, stakeholder management, legal technology, product expertise, customer adoption, Salesforce, AI
The candidate has strong project management and product management experience, particularly in data and AI platforms, but lacks direct experience in customer success roles or the legal technology sector. While they possess relevant technical skills and have worked with enterprise clients, they do not meet the specific requirement of 3+ years in a customer success portfolio, which is a key aspect of the role.",,,,,2026-05-14T22:01:57.065581+00:00
,,,,5,Customer Success Manager,Thomson Reuters,hybrid,,,,https://thomsonreuters.wd5.myworkdayjobs.com/External_Career_Site/job/United-States-of-America-New-York-New-York/Customer-Success-Manager_JREQ200626,https://thomsonreuters.wd5.myworkdayjobs.com/External_Career_Site/job/United-States-of-America-New-York-New-York/Customer-Success-Manager_JREQ200626,"Customer Success, Implementation, Project Management, SaaS, Onboarding, AI, Data-driven, Communication, Stakeholders
The candidate has strong project management experience and has worked with data-driven products, which aligns with the role's requirements. However, they lack direct experience in customer success or implementation specifically within a SaaS environment and do not have a background in legal technology, which are key aspects of the job.",,,,,2026-05-14T22:01:57.065581+00:00
,,,,5,Customer Success Manager,Thomson Reuters,hybrid,,,,https://thomsonreuters.wd5.myworkdayjobs.com/External_Career_Site/job/United-Kingdom-London/Customer-Success-Manager_JREQ199334,https://thomsonreuters.wd5.myworkdayjobs.com/External_Career_Site/job/United-Kingdom-London/Customer-Success-Manager_JREQ199334,"Customer Success, legal technology, relationship building, onboarding, use cases, SaaS, collaboration, strategic guidance
The candidate has strong project management and technical skills, particularly in data and AI platforms, but lacks direct experience in the legal industry and customer success roles. While they have experience in product management and working with cross-functional teams, the absence of a legal background and specific customer success experience presents a moderate match for the role.",,,,,2026-05-14T22:01:57.065581+00:00
,,,,5,Customer Success Manager,Thomson Reuters,hybrid,,,,https://thomsonreuters.wd5.myworkdayjobs.com/External_Career_Site/job/Philippines-Manila/Customer-Success-Manager_JREQ196637,https://thomsonreuters.wd5.myworkdayjobs.com/External_Career_Site/job/Philippines-Manila/Customer-Success-Manager_JREQ196637,"Customer Success, post-sales support, software products, relationship building, customer satisfaction, KPIs, communication, training, SaaS, analytics
The candidate has strong project management experience and technical skills, particularly in data and AI platforms, but lacks direct experience in customer success or sales roles. While they have demonstrated the ability to manage projects and collaborate with teams, the specific focus on customer relationship management and retention strategies in the job description is not fully aligned with their background. This results in a moderate match.",,,,,2026-05-14T22:01:57.065581+00:00
,,,,5,"Customer Success Manager, Merchant Services",Versapay,remote,,,"Remote, US (Remote)",https://jobs.lever.co/versapay/a55913e5-907b-4280-95d2-3a3abfb69ca0?lever-source=Indeed,https://www.indeed.com/viewjob?jk=2c86bdc90b1f5a91,"Customer Success, SaaS, B2B, payments, merchant services, account management, customer relationships, data analytics, problem resolution
The candidate has strong project management and product management experience, particularly in data and AI platforms, but lacks direct experience in customer success roles and the specific payments/merchant services background required for this position. While they have relevant skills in data analytics and customer interaction, they do not meet the 5+ years of experience in a customer success role or the specific knowledge of payment processing that is critical for this job.",,,,,2026-05-14T21:48:33.976678+00:00
,,,,5,"Customer Success Manager, Open Coverage - Audit",Thomson Reuters,hybrid,,,,https://thomsonreuters.wd5.myworkdayjobs.com/External_Career_Site/job/United-States-of-America-Eagan-Minnesota/Customer-Success-Manager--Open-Coverage---Audit_JREQ200282,https://thomsonreuters.wd5.myworkdayjobs.com/External_Career_Site/job/United-States-of-America-Eagan-Minnesota/Customer-Success-Manager--Open-Coverage---Audit_JREQ200282,"Customer Success, relationship building, product adoption, data-driven, account management, SaaS, CRM
The candidate has strong project management experience and a background in data and analytics, which could be beneficial in a Customer Success role. However, they lack direct experience in customer success or account management within a SaaS context, which is a key requirement for this position. The candidate's skills in data-driven decision-making and relationship management are relevant but not sufficient to fully meet the job's expectations.",,,,,2026-05-14T22:01:57.065581+00:00
,,,,5,Customer Success Operations Manager,Thomson Reuters,unknown,,,,https://thomsonreuters.wd5.myworkdayjobs.com/External_Career_Site/job/Brazil-So-Paulo-So-Paulo/Customer-Success-Operations-Manager_JREQ199202,https://thomsonreuters.wd5.myworkdayjobs.com/External_Career_Site/job/Brazil-So-Paulo-So-Paulo/Customer-Success-Operations-Manager_JREQ199202,"Customer Success, Operations, Project Management, Data Analysis, Power BI, Salesforce, Automation, Team Leadership
The candidate has relevant experience in project management and data analytics, particularly in roles that involve product management and technical project oversight. However, they lack direct experience in Customer Success Operations and specific tools like Salesforce and Gainsight, which are crucial for the role. While they have strong analytical skills and experience with BI tools, the absence of direct customer success experience and team management in that context limits their fit for this position.",,,,,2026-05-14T22:56:56.263840+00:00
,,,,5,Customer Support Representative,Nelnet,remote,,,"Remote, US (Remote)",https://nelnet.wd1.myworkdayjobs.com/en-US/MyNelnet/job/Remote/Customer-Support-Representative_R22610,https://www.indeed.com/viewjob?jk=4e9518cd66376ffb,"customer support, project management, training, SaaS, financial aid, troubleshooting, communication, client feedback
The candidate has strong project management and technical skills, but lacks direct customer support experience and specific knowledge in financial aid or scholarships, which are critical for this role. While they have experience in managing teams and product development, the absence of hands-on customer service experience and familiarity with the higher education sector limits their fit for this position.",,,,,2026-05-14T21:29:36.448824+00:00
,,,,5,Cybersecurity & Compliance Delivery Specialist (Gov Frameworks | Contract-to-Hire | Remote),eSilo,remote,,,"Remote, US (Remote)",http://www.indeed.com/job/cybersecurity-compliance-delivery-specialist-gov-frameworks-contract-hire-remote-0ad8ce6d925a00b9,https://www.indeed.com/viewjob?jk=0ad8ce6d925a00b9,"Cybersecurity, Compliance, NIST 800-171, HIPAA, risk assessment, project management, data governance, SQL, Python, automation
The candidate has relevant experience in project management and data governance, but lacks direct experience in cybersecurity and compliance frameworks like CMMC, NIST 800-171, and HIPAA. While they have strong technical skills in SQL and Python, which are beneficial, they do not meet the required years of experience in cybersecurity or compliance roles, indicating a moderate match with significant gaps in key requirements.",,,,,2026-05-14T21:48:33.976678+00:00
,,,,5,Cybersecurity Operations Program Manager,Electrosoft Services Inc,remote,,,"Remote, US (Remote)",https://job-boards.greenhouse.io/electrosoft/jobs/4201763009,https://www.indeed.com/viewjob?jk=e3668061d8faebf6,"cybersecurity, project management, compliance, RMF, FISMA, IT, enterprise technology, risk management, stakeholder relationships
The candidate has strong project management experience and some exposure to data governance and security, but lacks direct experience in cybersecurity operations and compliance with federal regulations like RMF and FISMA. While they have relevant skills in managing teams and projects, the significant gap in specific cybersecurity experience and certifications (like PMP and CISSP) limits their fit for this role.",,,,,2026-05-14T21:29:36.448824+00:00
,,,,5,Data Scientist,Community Care of North Carolina Inc,remote,,,"Remote, US (Remote)",https://workforcenow.adp.com/mascsr/default/mdf/recruitment/recruitment.html?cid=e19abba7-a8ad-4c26-948f-cf26888754a7&ccId=19000101_000001&jobId=588437&source=IN&lang=en_US,https://www.indeed.com/viewjob?jk=0d18563009247b29,"Data Scientist, predictive models, machine learning, SQL, AWS, healthcare data, program evaluation, population health management
The candidate has relevant experience in data management and analytics, particularly with SQL and machine learning in a healthcare context. However, they lack a master's degree or higher in a related field and do not have direct experience with large healthcare datasets or the specific requirements of the role, such as working with Medicaid data. This results in a moderate match with key gaps in qualifications.",,,,,2026-05-14T21:37:59.870693+00:00
,,,,5,Data Scientist,Moderna,remote,,,,https://modernatx.wd1.myworkdayjobs.com/M_tx/job/Warsaw---Poland/Data-Scientist_R19010-1,https://modernatx.wd1.myworkdayjobs.com/M_tx/job/Warsaw---Poland/Data-Scientist_R19010-1,"Data Scientist, machine learning, optimization, Python, SQL, data analysis, statistical modeling, data visualization, cross-functional collaboration
The candidate has relevant experience in data management and machine learning through their roles as a Technical Project Manager and Product Manager, particularly in building data pipelines and implementing NLP models. However, they lack a Ph.D. or Master's degree in a quantitative STEM field and do not demonstrate direct experience with optimization techniques or large-scale data science projects, which are critical for the Data Scientist role at Moderna.",,,,,2026-05-14T22:02:20.415246+00:00
,,,,5,"Deals - Financial Due Diligence, Manager",PwC,unknown,,,,https://pwc.wd3.myworkdayjobs.com/Global_Experienced_Careers/job/Deals---Financial-Due-Diligence--Manager_163514WD,https://pwc.wd3.myworkdayjobs.com/Global_Experienced_Careers/job/Deals---Financial-Due-Diligence--Manager_163514WD,"financial due diligence, project management, data analysis, SQL, team leadership, client relationships, business development
The candidate has relevant experience in project management and data analytics, particularly in the context of financial products and governance. However, they lack direct experience in financial due diligence or audit, which is a key requirement for the role. While they possess transferable skills, the absence of specific financial due diligence experience results in a moderate match.",,,,,2026-05-14T23:07:49.170628+00:00
,,,,5,Deals Strategy & Operation Manager - HR Specialist - M&A Integration and Transformation Projects,PwC,unknown,,,,https://pwc.wd3.myworkdayjobs.com/Global_Experienced_Careers/job/Deals-Strategy---Operation-Manager---HR-Specialist---M-A-Integration-and-Transformation-Projects_626717WD,https://pwc.wd3.myworkdayjobs.com/Global_Experienced_Careers/job/Deals-Strategy---Operation-Manager---HR-Specialist---M-A-Integration-and-Transformation-Projects_626717WD,"M&A, HR integration, project management, stakeholder management, strategic planning, communication skills
The candidate has strong project management experience and has worked with data governance and analytics, which could be relevant for HR transformation initiatives. However, they lack direct experience in HR consulting, M&A projects, and specific HR principles, which are key requirements for this role. The candidate's background in technical product management does not align closely with the HR-focused nature of the position.",,,,,2026-05-14T22:02:48.190234+00:00
,,,,5,Delivery Manager,Undelucram.ro,remote,,,Remote,,https://www.linkedin.com/jobs/view/4414193995,"IT infrastructure, networks, devices, stakeholder management, communication, lab environments, hardware testing, retail systems, POS, IoT
The candidate has relevant experience in project management and technical product management, particularly in data and AI platforms, but lacks direct experience in IT infrastructure and device management as required by the job. While they have strong communication and stakeholder management skills, they do not meet the 7+ years of experience in the specific areas mentioned in the job description, resulting in a moderate match.",,,,,2026-05-14T21:37:59.870693+00:00
,,,,5,"Delivery Manager, SRE",Thomson Reuters,hybrid,,,,https://thomsonreuters.wd5.myworkdayjobs.com/External_Career_Site/job/United-States-of-America-Eagan-Minnesota/Delivery-Manager--SRE_JREQ199394,https://thomsonreuters.wd5.myworkdayjobs.com/External_Career_Site/job/United-States-of-America-Eagan-Minnesota/Delivery-Manager--SRE_JREQ199394,"Delivery Manager, SRE, software development, technology infrastructure, operations, Python, PostgreSQL, cloud systems, incident detection, compliance, Agile, project management
The candidate has relevant experience in technical project management and product management, with skills in Python and PostgreSQL, which are relevant to the role. However, they lack direct experience in SRE and managing cloud infrastructure, which are key requirements for the position. While they have some transferable skills, the significant gaps in specific SRE experience and the required years of experience limit their fit for this role.",,,,,2026-05-14T22:01:57.065581+00:00
,,,,5,DELIVERY TECHNICAL LEAD (DTL),Nasscomm,remote,,,Remote,,https://www.linkedin.com/jobs/view/4414485105,"AWS, network connectivity, IoT, data ingestion, project management, technical delivery, architecture decisions
The candidate has strong project management experience and technical skills in data pipelines and cloud-based solutions, but lacks direct experience with AWS Cloud WAN, Transit Gateway, and enterprise network security, which are critical for this role. While they have relevant skills in data management and automation, the significant gaps in specific AWS experience and networking make this a moderate match.",,,,,2026-05-14T21:37:59.870693+00:00
,,,,5,Deputy Program Manager,AEM Corporation,remote,,,"Remote, US (Remote)",http://www.indeed.com/job/deputy-program-manager-765050bba19fe700,https://www.indeed.com/viewjob?jk=765050bba19fe700,"program management, Agile development, cross-functional teams, operational performance, digital services, federal IT programs
The candidate has relevant experience in project management and Agile environments, but lacks direct experience with federal IT programs and the required 10 years of experience. While they have strong technical skills and project management experience, the significant gap in federal program experience and the specific requirement for a PMP certification lowers the overall fit for this role.",,,,,2026-05-14T21:31:37.952938+00:00
,,,,5,Developer Relations Manager - ANZ,NVIDIA,remote,,,"Australia, Remote",https://nvidia.wd5.myworkdayjobs.com/NVIDIAExternalCareerSite/job/Australia-Remote/Developer-Relations-Manager---ANZ_JR2006800-1,https://nvidia.wd5.myworkdayjobs.com/NVIDIAExternalCareerSite/job/Australia-Remote/Developer-Relations-Manager---ANZ_JR2006800-1,"AI, LLM, GPU, project management, software architecture, data pipelines, technical leadership, problem-solving, communication
The candidate has relevant experience in technical project management and product management, particularly in AI and data analytics, but lacks direct experience with GPU accelerated computing and the specific tools mentioned in the job description. While they have strong project management skills and a background in AI, they do not meet the requirement of over 10 years in a technical leadership role or hands-on experience with Generative AI and LLM ecosystems, which are critical for this position.",,,,,2026-05-14T21:57:02.905092+00:00
,,,,5,Developer Relations Manager - Robotics and Generative AI,NVIDIA,remote,,,"Singapore, Remote",https://nvidia.wd5.myworkdayjobs.com/NVIDIAExternalCareerSite/job/Singapore-Remote/Developer-Relations-Manager---Robotics-and-Generative-AI_JR2003346,https://nvidia.wd5.myworkdayjobs.com/NVIDIAExternalCareerSite/job/Singapore-Remote/Developer-Relations-Manager---Robotics-and-Generative-AI_JR2003346,"AI, Robotics, GPU Accelerated Computing, LLM, project management, software architecture, problem-solving, communication
The candidate has relevant experience in AI and project management but lacks direct experience with GPU accelerated computing and robotics, which are critical for the role. While they have a strong background in data management and product development, the significant gaps in specific technical requirements and years of experience for a leadership role in this domain lead to a moderate match.",,,,,2026-05-14T21:57:02.905092+00:00
,,,,5,"Developer Relations Manager, Mexico",NVIDIA,remote,,,"Mexico, Remote",https://nvidia.wd5.myworkdayjobs.com/NVIDIAExternalCareerSite/job/Mexico-Remote/Developer-Relations-Manager--Mexico_JR2015203-1,https://nvidia.wd5.myworkdayjobs.com/NVIDIAExternalCareerSite/job/Mexico-Remote/Developer-Relations-Manager--Mexico_JR2015203-1,"Developer Relations, AI, Generative AI, technical partnerships, software engineering, technical advisor, ecosystem, integration, product management
The candidate has a strong background in product management and technical project management, with experience in AI and data platforms. However, they lack direct experience in developer relations and the specific NVIDIA technologies mentioned in the job description. While they have relevant skills in data and analytics, the absence of hands-on experience in AI and Generative AI, as well as the required years in a developer relations role, results in a moderate match.",,,,,2026-05-14T22:52:11.948793+00:00
,,,,5,DevSecOps Engineer,AEM Corporation,remote,,,"Remote, US (Remote)",http://www.indeed.com/job/devsecops-engineer-8f5d31102f481f5e,https://www.indeed.com/viewjob?jk=8f5d31102f481f5e,"DevSecOps, CI/CD pipelines, Agile delivery, cloud hosted applications, security integration, automation, troubleshooting
The candidate has relevant experience in project management and product delivery, particularly in data and AI platforms, but lacks direct experience in DevSecOps roles and the specific technical skills required for CI/CD pipeline implementation and cloud environments. While they have some transferable skills in automation and Agile methodologies, they do not meet the critical requirement of 3 years in a DevSecOps role or direct experience with security integration in development workflows.",,,,,2026-05-14T21:37:59.870693+00:00
,,,,5,Digital Banking Implementation Specialist,Computer Services Inc.,remote,,,"Remote, US (Remote)",https://csiweb.wd1.myworkdayjobs.com/en-US/CSI_Careers/job/Remote-USA/Digital-Banking-Implementation-Specialist_R-100396,https://www.indeed.com/viewjob?jk=7af06150568cf60f,"implementation, customer support, data conversion, application configuration, communication skills, project management, banking knowledge
The candidate has relevant experience in project management and technical product management, which includes customer interaction and data handling. However, they lack specific banking knowledge and direct experience with digital banking solutions, which are key requirements for the role. While they possess strong technical skills, the gaps in banking domain knowledge and specific implementation experience limit their fit for this position.",,,,,2026-05-14T21:33:49.397717+00:00
,,,,5,Digital Strategist AI Adoption,Adobe,remote,,,Remote Virginia,https://adobe.wd5.myworkdayjobs.com/external_experienced/job/Remote-Virginia/Digital-Strategist-AI-Adoption_R165797,https://adobe.wd5.myworkdayjobs.com/external_experienced/job/Remote-Virginia/Digital-Strategist-AI-Adoption_R165797,"AI transformation, organizational design, digital transformation, governance models, analytical skills, project management, stakeholder engagement, communication skills
The candidate has relevant experience in project management and product management, particularly in AI and data-driven environments. However, they lack direct experience in organizational design and the specific consulting background required for the role, which creates a moderate skill gap. The candidate's technical skills and project experience are strong, but they do not fully align with the job's focus on enterprise-level transformation and governance.",,,,,2026-05-14T22:21:34.326711+00:00
,,,,5,"Director of Business Development, Power Solutions",Canadian Solar,remote,,,US - Remote,https://canadiansolar.wd5.myworkdayjobs.com/CanadianSolar/job/US---Remote/Director-of-Business-Development--Power-Solutions_10000944,https://canadiansolar.wd5.myworkdayjobs.com/CanadianSolar/job/US---Remote/Director-of-Business-Development--Power-Solutions_10000944,"Business Development, Power Solutions, energy storage, data center, technical sales, grid availability, power quality, energy resilience, hyperscale, solution structuring
The candidate has strong project management and technical experience, particularly in data and AI platforms, but lacks direct experience in energy solutions and business development within the power sector. While they have relevant skills in data analytics and product management, the specific requirements for technical fluency in the data center energy value chain and experience with hyperscale accounts are not evident in their background. This results in a moderate match with significant gaps in industry-specific knowledge and experience.",,,,,2026-05-14T22:13:28.680494+00:00
,,,,5,Director of IT Operations,Spatial Data Logic,remote,,,"Remote, US (Remote)",https://ats.rippling.com/sdl/jobs/88458c2b-b2b6-48fe-a555-bb7e2f7c284a?jobSite=Indeed,https://www.indeed.com/viewjob?jk=0cc927cbed287449,"IT Operations, systems administration, infrastructure, IT security, SaaS environments, vendor management, team management, documentation
The candidate has relevant experience in project management and product management within tech environments, particularly with data and AI platforms. However, they lack direct experience in IT operations, systems administration, and managing IT infrastructure, which are critical for the Director of IT Operations role. Their experience with data pipelines and security in a product context does not fully align with the operational focus required for this position.",,,,,2026-05-14T21:29:36.448824+00:00
,,,,5,"Director, AI and Innovations Communications",Thomson Reuters,hybrid,,,,https://thomsonreuters.wd5.myworkdayjobs.com/External_Career_Site/job/Canada-Toronto-Ontario/Director--AI-and-Innovations-Communications_JREQ200073,https://thomsonreuters.wd5.myworkdayjobs.com/External_Career_Site/job/Canada-Toronto-Ontario/Director--AI-and-Innovations-Communications_JREQ200073,"AI, communications strategy, product launches, customer success stories, partnership communications, executive thought leadership, B2B technology, SaaS, enterprise software
The candidate has strong experience in product management and project management within data and AI platforms, which aligns with the technology aspect of the role. However, they lack direct experience in communications strategy and public relations, which are critical for this position. While they have relevant skills in data and analytics, the significant gap in communications experience and the specific focus on AI and innovation communications limits their fit for this director-level role.",,,,,2026-05-14T22:01:57.065581+00:00
,,,,5,"Director, AI and Innovations Communications",Thomson Reuters,hybrid,,,,https://thomsonreuters.wd5.myworkdayjobs.com/External_Career_Site/job/United-States-of-America-Frisco-Texas/Director--AI-and-Innovations-Communications_JREQ200294,https://thomsonreuters.wd5.myworkdayjobs.com/External_Career_Site/job/United-States-of-America-Frisco-Texas/Director--AI-and-Innovations-Communications_JREQ200294,"AI, communications strategy, product launches, customer success stories, partnerships, executive thought leadership, technology communications, B2B, SaaS
The candidate has relevant experience in product management and technical project management, particularly in AI and data-driven projects. However, they lack direct experience in communications strategy and public relations, which are critical for the Director role. While they have some transferable skills, significant gaps exist in the required communications disciplines and industry experience.",,,,,2026-05-14T22:01:57.065581+00:00
,,,,5,"Director, AI Customer Success",Thomson Reuters,hybrid,,,,https://thomsonreuters.wd5.myworkdayjobs.com/External_Career_Site/job/Canada-Toronto-Ontario/Director--AI-Customer-Success_JREQ200424,https://thomsonreuters.wd5.myworkdayjobs.com/External_Career_Site/job/Canada-Toronto-Ontario/Director--AI-Customer-Success_JREQ200424,"AI, customer success, leadership, strategy, SaaS, relationship building, data-driven, cross-functional collaboration
The candidate has strong project management experience and a background in AI and data platforms, which aligns with some aspects of the role. However, they lack direct experience in leading customer success teams and specific knowledge of the Canadian legal market, which are critical for this position. Their experience in product management and technical project management provides some transferable skills, but significant gaps remain in leadership and industry-specific expertise.",,,,,2026-05-14T22:01:57.065581+00:00
,,,,5,"Director, Investment Consulting",Manulife,remote,,,"CAN, Quebec - Full Time Remote",https://manulife.wd3.myworkdayjobs.com/MFCJH_Jobs/job/CAN-Quebec---Full-Time-Remote/Director--Investment-Consulting_JR26040038-1,https://manulife.wd3.myworkdayjobs.com/MFCJH_Jobs/job/CAN-Quebec---Full-Time-Remote/Director--Investment-Consulting_JR26040038-1,"investment consulting, portfolio management, risk management, asset allocation, communication skills, relationship-building, analytics
The candidate has strong experience in project management and data analytics, particularly in the context of product management and technical project delivery. However, they lack direct experience in investment consulting, portfolio analysis, and the specific financial qualifications (CFA, CIM) required for this role, which are critical for success. While they have transferable skills, the significant gaps in investment-specific knowledge and experience lead to a moderate match.",,,,,2026-05-14T22:17:10.020978+00:00
,,,,5,"Director, Marketing Analytics",loanDepot,hybrid,"Remote, US (Remote)",,"Remote, US (Remote)",https://app.jobvite.com/CompanyJobs/Job.aspx?j=oxM6zfwI&loc=CrRFVfwC&s=Indeed,https://www.indeed.com/viewjob?jk=a051b04ac5e274d7,"marketing analytics, customer insights, data manipulation, Power BI, digital marketing ROI, cohort analysis, machine learning models, A/B testing, data science
The candidate has relevant experience in data analytics and product management, particularly with tools like Power BI and SQL. However, they lack direct experience in marketing analytics specific to the mortgage industry and do not demonstrate the required depth in measuring digital marketing ROI or working with mortgage-specific KPIs. While they have strong technical skills, the gaps in industry-specific knowledge and experience with marketing strategies limit their fit for this role.",,,,,2026-05-14T21:52:47.996850+00:00
,,,,5,"Director, Operations Delivery Lead",Healthmap Solutions,unknown,,,,,https://www.linkedin.com/jobs/view/4413580566,"operations delivery, population health, project management, data analytics, healthcare administration, stakeholder collaboration, value-based care
The candidate has strong project management and data analytics experience, particularly in healthcare-related projects, but lacks direct clinical leadership experience and specific knowledge of chronic kidney disease management. While they have relevant skills in data and analytics, the absence of a healthcare administration background and the required years of progressive clinical leadership experience presents significant gaps for this role.",,,,,2026-05-14T21:37:59.870693+00:00
,,,,5,"Director, Trade Operations, US",Moderna,onsite,,,,https://modernatx.wd1.myworkdayjobs.com/M_tx/job/Princeton-New-Jersey/Director--Trade-Operations--US_R19125,https://modernatx.wd1.myworkdayjobs.com/M_tx/job/Princeton-New-Jersey/Director--Trade-Operations--US_R19125,"vaccines, pharmaceuticals, supply chain, order fulfillment, data integrations, customer experience, team leadership, process improvements
The candidate has strong project management and technical skills, particularly in data and analytics, but lacks direct experience in the vaccines or pharmaceuticals industry, which is crucial for this role. While they have experience in managing teams and improving processes, the significant gap in industry-specific knowledge and the required years of experience in a similar role limits their fit for this position.",,,,,2026-05-14T22:35:44.018180+00:00
,,,,5,"Director, Web Engineering",Insight Software,remote,,,"Remote, US (Remote)",https://magnitudesoftware.wd1.myworkdayjobs.com/en-US/External/job/USA---Remote/Director--Web-Engineering_REQ000642,https://www.indeed.com/viewjob?jk=2b3b65eab0a097a4,"web engineering, technical architecture, embedded platforms, performance optimization, CI/CD, JavaScript, Node.js, React, leadership
The candidate has strong project management experience and some technical skills, particularly in data and analytics, but lacks direct experience in modern web technologies like TypeScript, React, and Node.js, which are crucial for this role. While they have led teams and managed projects involving data pipelines and analytics, they do not meet the senior engineering leadership experience or the specific technical requirements outlined in the job description.",,,,,2026-05-14T21:37:59.870693+00:00
,,,,5,"Director, Website & SEO",Dodge Construction Network,remote,,,"Remote, US (Remote)",https://apply.workable.com/dodge-construction-network/j/0328B7DA81/,https://www.indeed.com/viewjob?jk=f2e1f609a7ea1b9a,"website management, SEO, digital growth, product management, analytics, conversion optimization, technical SEO, GA4, user experience
The candidate has relevant experience in product management and technical project management, particularly in data and AI platforms, which includes some aspects of website management and analytics. However, they lack direct experience in SEO strategy and execution, as well as the extensive years of experience (10+) required for this director-level role. Their skills in data analytics and project management are valuable but do not fully align with the specific requirements of the job.",,,,,2026-05-14T21:48:33.976678+00:00
,,,,5,"E-File Analyst - US Tax (Form 1040,1041,1120 & 1065)",Thomson Reuters,hybrid,,,,https://thomsonreuters.wd5.myworkdayjobs.com/External_Career_Site/job/India-Hyderabad-Telangana/Associate-QA---E-File-Analyst---Tax-Forms_JREQ197388,https://thomsonreuters.wd5.myworkdayjobs.com/External_Career_Site/job/India-Hyderabad-Telangana/Associate-QA---E-File-Analyst---Tax-Forms_JREQ197388,"QA testing, issue management, regression testing, collaboration, analytical skills, U.S. tax compliance, XML output, automation, AI tools
The candidate has strong project management and technical skills, particularly in data analytics and automation, but lacks direct experience in U.S. tax compliance and the specific QA testing required for tax software. While they have relevant experience in managing technical projects and implementing data solutions, the absence of hands-on experience with tax forms and the specific QA processes needed for this role presents a significant gap.",,,,,2026-05-14T22:01:57.065581+00:00
,,,,5,Ecosystem Demonstration Specialist,Motorola Solutions,remote,,,"Texas Remote Work, More...",https://motorolasolutions.wd5.myworkdayjobs.com/Careers/job/Texas-Remote-Work/Ecosystem-Demonstration-Specialist_R62864,https://motorolasolutions.wd5.myworkdayjobs.com/Careers/job/Texas-Remote-Work/Ecosystem-Demonstration-Specialist_R62864,"public safety, software demonstrations, technical product support, communication skills, Agile development, data analytics, SQL, project management
The candidate has strong project management and technical skills, particularly in data analytics and software development, but lacks direct experience in the public safety industry, which is a key requirement for the role. While they have relevant technical experience, the absence of specific public safety software knowledge and the required years of experience in that field limits their fit for this position.",,,,,2026-05-14T21:59:19.671411+00:00
,,,,5,Engagement Delivery Sr. Manager,Salesforce,remote,,,Mexico - Remote,https://salesforce.wd12.myworkdayjobs.com/External_Career_Site/job/Mexico---Remote/Engagement-Delivery-Director_JR332527,https://salesforce.wd12.myworkdayjobs.com/External_Career_Site/job/Mexico---Remote/Engagement-Delivery-Director_JR332527,"project management, customer success, delivery leadership, complex technology implementations, executive relationships, Agile, Scrum, financial acumen, Salesforce
The candidate has relevant experience in project management and technical product management, but lacks specific experience with Salesforce implementations, which is a key requirement for the role. While they demonstrate strong skills in managing projects and customer relationships, the absence of direct Salesforce experience and the required years in professional services limits their fit for this senior position.",,,,,2026-05-14T22:07:01.612876+00:00
,,,,5,Engagement Manager,Neo4j,remote,,,"Remote, US (Remote)",https://boards.greenhouse.io/neo4j/jobs/4681406006?gh_jid=4681406006,https://www.indeed.com/viewjob?jk=2387e083dc5a0c83,"project management, Agile, database technologies, customer relationships, communication, risk assessment, financial management, resource planning
The candidate has relevant experience in project management and technical product management, particularly in data and AI platforms, which aligns with some of the responsibilities of the Engagement Manager role. However, they lack direct experience with graph databases and specific familiarity with Professional Services Automation tools like Certinia, which are crucial for this position. Additionally, while they have strong technical skills, the candidate's experience does not fully meet the required years in managing complex engagements autonomously.",,,,,2026-05-14T21:33:49.397717+00:00
,,,,5,"Engineer II, Data Systems",Moderna,remote,,,,https://modernatx.wd1.myworkdayjobs.com/M_tx/job/Norwood-Massachusetts/Engineer-II--Data-Systems_R18799-1,https://modernatx.wd1.myworkdayjobs.com/M_tx/job/Norwood-Massachusetts/Engineer-II--Data-Systems_R18799-1,"data integration, APIs, databases, SQL, Python, Power BI, automation, troubleshooting, incident response
The candidate has relevant experience in data management and analytics, particularly with SQL and Power BI, which aligns with the job's requirements. However, they lack direct experience in key areas such as JavaScript, GraphQL, and containerized applications, which are critical for the role. Additionally, the candidate's experience is more focused on product management rather than engineering, indicating a moderate match with significant gaps in technical skills required for the position.",,,,,2026-05-14T22:02:20.415246+00:00
,,,,5,"Engineering Manager, Active Learning",Deepgram,hybrid,"Remote, US (Remote)",,"Remote, US (Remote)",https://jobs.ashbyhq.com/Deepgram/4e87eb01-262c-4978-9a29-b8cdf09386df?employmentType=FullTime,https://www.indeed.com/viewjob?jk=066f748b044b7568,"Engineering Manager, ML training systems, data pipelines, team management, software architecture, mentoring, Agile development, AI, product management
The candidate has strong experience in product and project management, particularly in data and AI platforms, which aligns with some aspects of the role. However, they lack direct experience in managing engineering teams and building ML training systems, which are critical for this position. While they have relevant technical skills, the absence of specific engineering management experience and deep machine learning expertise results in a moderate match.",,,,,2026-05-14T21:29:36.448824+00:00
,,,,5,"Engineering Manager, Console Team (Product-Led Growth Strategy)",Deepgram,hybrid,"Remote, US (Remote)",,"Remote, US (Remote)",https://jobs.ashbyhq.com/Deepgram/e90eefc1-88ec-4d3c-948b-b21c57ef6b18?employmentType=FullTime,https://www.indeed.com/viewjob?jk=adcb8977b812efda,"Engineering Manager, AI, software architecture, product management, leadership, SQL, Postgres, NLP, data pipelines, automation
The candidate has relevant experience in technical project management and product management, particularly in data and AI platforms. However, they lack direct experience in managing engineering teams and building user-facing applications, which are critical for the Engineering Manager role. While they have strong technical skills in SQL and Postgres, the absence of experience with LLMs, hybrid cloud models, and specific programming languages mentioned in the job description limits their fit for this position.",,,,,2026-05-14T21:29:36.448824+00:00
,,,,5,"Engineering Manager, Core APIs",Fingerprint,remote,,,"Remote, US (Remote)",https://fingerprint.com/careers/jobs/apply/?gh_jid=5994225004,https://www.indeed.com/viewjob?jk=8dccf0c419b597c1,"software engineering, agile environment, API services, cloud infrastructure, technical leadership, mentoring, SaaS, team management, continuous improvement
The candidate has strong project management experience and has worked with data and AI platforms, but lacks direct experience managing software engineering teams and hands-on software engineering in a SaaS environment. While they possess relevant skills in data pipelines and automation, they do not meet the required years of experience in software engineering or familiarity with specific programming languages like Go or TypeScript, which are essential for this role.",,,,,2026-05-14T21:48:33.976678+00:00
,,,,5,"Engineering Manager, Engine Team",Deepgram,hybrid,"Remote, US (Remote)",,"Remote, US (Remote)",https://jobs.ashbyhq.com/Deepgram/d6558e6d-cefe-41f1-97aa-21e964cab0f4?employmentType=FullTime,https://www.indeed.com/viewjob?jk=96c6cfa40a026665,"engineering manager, team leadership, mentoring, software architecture, machine learning, APIs, product management, Agile, technical strategy
The candidate has strong experience in product and project management, particularly in data and AI platforms, but lacks direct experience in managing engineering teams or building scalable software solutions, which are critical for the Engineering Manager role. While they have relevant technical skills and project experience, the absence of specific engineering management experience and familiarity with voice AI technologies presents significant gaps for this position.",,,,,2026-05-14T21:29:36.448824+00:00
,,,,5,"Engineering Manager, Materia",Thomson Reuters,hybrid,,,,https://thomsonreuters.wd5.myworkdayjobs.com/External_Career_Site/job/Canada-Toronto-Ontario/Engineering-Manager--Materia_JREQ199496,https://thomsonreuters.wd5.myworkdayjobs.com/External_Career_Site/job/Canada-Toronto-Ontario/Engineering-Manager--Materia_JREQ199496,"Engineering Manager, software development, Agile development, Python, team leadership, project management, strategic planning, cross-functional teams
The candidate has relevant experience in project management and technical product management, but lacks direct experience in a formal engineering leadership role and does not meet the 8+ years of software development experience required. While they have some technical skills and experience with Python and Agile processes, they do not demonstrate the depth of software development or people management experience necessary for this position.",,,,,2026-05-14T22:01:57.065581+00:00
,,,,5,"Engineering Manager, Materia AI",Thomson Reuters,hybrid,,,,https://thomsonreuters.wd5.myworkdayjobs.com/External_Career_Site/job/United-States-of-America-Brooklyn-New-York/Engineering-Manager--Materia_JREQ197845,https://thomsonreuters.wd5.myworkdayjobs.com/External_Career_Site/job/United-States-of-America-Brooklyn-New-York/Engineering-Manager--Materia_JREQ197845,"Engineering Manager, software development, Agile development, Python, team leadership, project management, strategic planning
The candidate has relevant experience in project management and technical product management, with a focus on data and AI platforms. However, they lack direct experience in a formal engineering management role and do not meet the 8+ years of software development experience required. While they have some technical skills, including Python and Agile methodologies, they do not demonstrate the depth of experience in software development or team leadership that the role demands.",,,,,2026-05-14T22:01:57.065581+00:00
,,,,5,Engineering Program Manager 5,Adobe,remote,,,Remote India,https://adobe.wd5.myworkdayjobs.com/external_experienced/job/Remote-India/Engineering-Program-Manager-5_R167614-1,https://adobe.wd5.myworkdayjobs.com/external_experienced/job/Remote-India/Engineering-Program-Manager-5_R167614-1,"Engineering Program Manager, AI, Agile Development, Product Management, Project Management, Data Analytics, SQL, Python, Automation
The candidate has relevant experience in product and project management, particularly in data and AI platforms, which aligns with Adobe's focus on innovation and AI. However, the candidate lacks specific experience in engineering program management and does not demonstrate a strong technical background in the tools and platforms mentioned in the job description, resulting in a moderate match.",,,,,2026-05-14T22:21:34.326711+00:00
,,,,5,Engineering Project Manager,ANS,remote,,,"Remote, US (Remote)",https://jobs.lever.co/ans/34fa209e-f240-4582-b068-ca08222ade41?lever-source=Indeed,https://www.indeed.com/viewjob?jk=87829c1fbe8b3ad8,"project management, engineering, budget management, client communication, risk mitigation, Agile, data-driven decisions
The candidate has significant experience in project management and technical product management, particularly in data and AI platforms, which involves some relevant skills such as budget management and client communication. However, they lack direct experience in engineering project management, particularly in large construction projects or the solar industry, which are key requirements for this role.",,,,,2026-05-14T21:29:36.448824+00:00
,,,,5,Epic Beacon Analyst,Altec RG,remote,,,"Remote, US (Remote)",http://www.indeed.com/job/epic-beacon-analyst-d4d41d924458efd3,https://www.indeed.com/viewjob?jk=d4d41d924458efd3,"Epic application certification, IT application experience, System Development Life Cycle (SDLC), application development, troubleshooting, electronic health record (EHR) systems
The candidate has strong project management and technical skills, particularly in data and AI platforms, but lacks direct experience with Epic applications and the specific certifications required for the role. While they have relevant experience in application development and data management, they do not meet the minimum experience requirement in IT applications or have the necessary Epic certification, resulting in a moderate match.",,,,,2026-05-14T21:31:37.952938+00:00
,,,,5,Executive Program Manager - Mexico,JumpCloud,remote,,,Remote,,https://www.linkedin.com/jobs/view/4402802810,"program management, cross-functional, communication, operational processes, SaaS, metrics reporting, executive level presentation
The candidate has relevant experience in project management and product management, particularly in technical environments, which aligns with the program management aspect of the role. However, they lack direct experience in executive-level communication and M&A operations, which are critical for this position. Overall, while there are transferable skills, significant gaps exist in the specific requirements for this executive role.",,,,,2026-05-14T21:48:33.976678+00:00
,,,,5,Federal DoD Customer Support Manager - Remote,Motorola Solutions,remote,,,"Kansas Remote Work, More...",https://motorolasolutions.wd5.myworkdayjobs.com/Careers/job/Kansas-Remote-Work/Federal-DoD-Customer-Support-Manager---Remote_R64587,https://motorolasolutions.wd5.myworkdayjobs.com/Careers/job/Kansas-Remote-Work/Federal-DoD-Customer-Support-Manager---Remote_R64587,"customer support, account management, project management, government contracts, sales, P&L tracking, Excel, technical services
The candidate has experience in project management and customer-facing roles, but lacks direct experience in LMR sales or managing service contracts specifically for government clients. While they have strong technical skills and some relevant project experience, the absence of specific knowledge in Motorola RF systems and federal contracts presents a moderate gap for this role.",,,,,2026-05-14T21:59:19.671411+00:00
,,,,5,Federal Software Customer Service Manager - Remote,Motorola Solutions,remote,,,"Maryland Remote Work, More...",https://motorolasolutions.wd5.myworkdayjobs.com/Careers/job/Maryland-Remote-Work/Federal-Software-Customer-Service-Manager---Remote_R64004,https://motorolasolutions.wd5.myworkdayjobs.com/Careers/job/Maryland-Remote-Work/Federal-Software-Customer-Service-Manager---Remote_R64004,"customer service, account management, technical issues, service contract lifecycle, system performance, Microsoft business software, public safety systems
The candidate has strong project management and technical skills, particularly in data and AI platforms, but lacks direct experience in public safety systems and customer service management. While they have relevant experience in managing technical projects and working with cross-functional teams, the specific requirements for lifecycle service account management and knowledge of Motorola's systems are not present, resulting in a moderate match.",,,,,2026-05-14T21:59:19.671411+00:00
,,,,5,"Fellow, AI Architecture",Moderna,onsite,,,,https://modernatx.wd1.myworkdayjobs.com/M_tx/job/Cambridge-Massachusetts/Senior-AI-Architect_R18147,https://modernatx.wd1.myworkdayjobs.com/M_tx/job/Cambridge-Massachusetts/Senior-AI-Architect_R18147,"AI strategy, multi-cloud, LLM, security, data integration, product management, Agile, project management, data governance
The candidate has relevant experience in product and project management, particularly in AI and data-driven projects, but lacks the extensive hands-on experience (10 years) specifically in architecting AI/ML solutions in large organizations as required by the job. While they have worked with data pipelines and some AI technologies, they do not demonstrate the deep expertise in multi-cloud environments or the specific security frameworks mentioned in the job description.",,,,,2026-05-14T22:02:20.415246+00:00
,,,,5,FP&A Manager,Deepgram,remote,,,"Remote, US (Remote)",https://jobs.ashbyhq.com/Deepgram/98bf5dd8-f42e-4158-9d53-8368f2fdcd99?employmentType=FullTime,https://www.indeed.com/viewjob?jk=e2a9bacad6d3ce2b,"FP&A, financial modeling, automation, AI tooling, revenue forecasting, SaaS, data pipelines, executive communication
The candidate has strong experience in project management and data analytics, with some exposure to financial modeling and automation through their work with data governance and analytics platforms. However, they lack direct experience in FP&A roles and specific financial metrics like ARR and CAC, which are crucial for this position. While they have relevant skills, the absence of direct FP&A experience and the specific financial background needed results in a moderate match.",,,,,2026-05-14T21:44:13.352357+00:00
,,,,5,FP&A Manager,ID Logistics,remote,,,"Remote, US (Remote)",https://recruiting.adp.com/srccsh/public/RTI.home?r=5001198900406&c=1098841&d=External&rb=INDEED&idUnique=5001198900406,https://www.indeed.com/viewjob?jk=04f37fba9805870d,"financial planning, budgeting, forecasting, financial modeling, analysis, Excel, communication, analytical skills
The candidate has experience in project management and data analytics, but lacks direct experience in financial planning and analysis roles, which is a key requirement for the FP&A Manager position. While they have strong analytical skills and experience with data modeling, they do not meet the required 5+ years of specific FP&A experience, which is a significant gap for this role.",,,,,2026-05-14T21:44:13.352357+00:00
,,,,5,Full Stack Developer,LMI,remote,,,"Remote, US (Remote)",https://careers-lmi.icims.com/jobs/14022/job?utm_source=indeed_integration&iis=Job%20Board&iisn=Indeed&indeed-apply-token=73a2d2b2a8d6d5c0a62696875eaebd669103652d3f0c2cd5445d3e66b1592b0f,https://www.indeed.com/viewjob?jk=fba46a3953f19693,"Full Stack Developer, ETL, Angular, Python, PostgreSQL, RESTful APIs, SQL, AI coding tools
The candidate has relevant experience in project management and data handling but lacks direct full stack development experience, particularly with Angular and TypeScript. While they have worked with Python and PostgreSQL, their experience does not fully align with the technical requirements of the role, particularly in terms of frontend development and ETL solutions.",,,,,2026-05-14T21:52:47.996850+00:00
,,,,5,FY24 - Senior Associate - Risk Assurance - Digital Audit,PwC,unknown,,,,https://pwc.wd3.myworkdayjobs.com/Global_Experienced_Careers/job/FY24---Senior-Associate---Risk-Assurance---Digital-Audit_462136WD,https://pwc.wd3.myworkdayjobs.com/Global_Experienced_Careers/job/FY24---Senior-Associate---Risk-Assurance---Digital-Audit_462136WD,"IT controls, data analytics, financial reporting, project management, automation, SQL, Python, Agile, risk assurance
The candidate has relevant experience in project management and data analytics, particularly in the context of financial services and risk management. However, they lack direct experience with specific IT controls and frameworks mentioned in the job description, such as COSO or CoBIT, which are critical for the role. While they have strong technical skills, the absence of specific financial reporting and IT control experience limits their fit for this position.",,,,,2026-05-14T23:07:49.170628+00:00
,,,,5,GIS IT Project Manager of Land Management Software (LMS),MAPDEVS CORP.,remote,,,"Remote, US (Remote)",http://www.indeed.com/job/gis-it-project-manager-land-management-software-lms-9cb73846b333e998,https://www.indeed.com/viewjob?jk=9cb73846b333e998,"IT Project Manager, Land Management Software, project management, software integrations, vendor coordination, public sector, regulatory requirements, GIS
The candidate has strong project management experience and has worked with data and analytics, but lacks specific experience in land management systems and the public sector. While they have led significant projects, the absence of direct experience with GIS and regulatory environments presents a moderate gap in meeting the job requirements.",,,,,2026-05-14T21:36:03.741595+00:00
,,,,5,"Global Client Director, GLLF",Thomson Reuters,unknown,,,,https://thomsonreuters.wd5.myworkdayjobs.com/External_Career_Site/job/United-Kingdom-London/Global-Client-Director--GLLF_JREQ198936,https://thomsonreuters.wd5.myworkdayjobs.com/External_Career_Site/job/United-Kingdom-London/Global-Client-Director--GLLF_JREQ198936,"client management, strategic sales, relationship building, account strategy, negotiation skills, collaboration, legal workflow
The candidate has strong project management and product management experience, particularly in data and AI platforms, but lacks direct experience in client management and strategic sales within the legal industry. While they have demonstrated skills in building relationships and managing complex projects, the absence of specific experience with high-profile accounts and legal workflows presents a moderate gap for the Global Client Director role.",,,,,2026-05-14T22:01:57.065581+00:00
,,,,5,"Global GSI Lead, Healthcare and Life Sciences Ecosystem",NVIDIA,remote,,,"US, CA, Remote",https://nvidia.wd5.myworkdayjobs.com/NVIDIAExternalCareerSite/job/US-CA-Remote/Global-GSI-Lead--Healthcare-and-Life-Sciences-Ecosystem_JR2003681,https://nvidia.wd5.myworkdayjobs.com/NVIDIAExternalCareerSite/job/US-CA-Remote/Global-GSI-Lead--Healthcare-and-Life-Sciences-Ecosystem_JR2003681,"AI, Healthcare, Life Sciences, Global System Integrators, product management, go-to-market strategies, partner business management, machine learning
The candidate has relevant experience in product management and technical project management, particularly in data and AI platforms. However, they lack direct experience with Global System Integrators (GSIs) and the specific healthcare and life sciences domain, which are critical for this role. While they possess some transferable skills, the significant gaps in industry-specific experience and strategic partner management limit their fit for this position.",,,,,2026-05-14T22:32:17.257383+00:00
,,,,5,"Global Lead, Customer Engagement Platforms (CRM)",Moderna,onsite,,,,https://modernatx.wd1.myworkdayjobs.com/M_tx/job/Cambridge-Massachusetts/Global-Lead--Customer-Engagement-Platforms--CRM-_R18977-2,https://modernatx.wd1.myworkdayjobs.com/M_tx/job/Cambridge-Massachusetts/Global-Lead--Customer-Engagement-Platforms--CRM-_R18977-2,"Salesforce CRM, customer engagement, platform strategy, omnichannel engagement, product owner, data & analytics, stakeholder management
The candidate has strong project management experience and a background in data and analytics, which are relevant to the role. However, they lack direct experience with Salesforce CRM implementations and the specific commercial strategy required for this position. While they have transferable skills, they do not meet the 12+ years of experience requirement or demonstrate familiarity with the specific CRM technologies mentioned in the job description.",,,,,2026-05-14T22:35:44.018180+00:00
,,,,5,Global Process Owner - Sales and Operations Planning,Ciena,remote,,,Remote-US,https://ciena.wd5.myworkdayjobs.com/Careers/job/Remote-US/Global-Process-Owner---Sales-and-Operations-Planning_R029895,https://ciena.wd5.myworkdayjobs.com/Careers/job/Remote-US/Global-Process-Owner---Sales-and-Operations-Planning_R029895,"Sales and Operations Planning, process governance, digital transformation, automation, artificial intelligence, machine learning, cross-functional alignment, supply chain, operations, planning
The candidate has strong project management experience and some exposure to data-driven transformation, but lacks direct experience in Sales and Operations Planning (S&OP) and the specific advanced planning systems mentioned in the job description. While they have relevant skills in data analytics and automation, they do not meet the required years of experience or the specific domain expertise needed for this role.",,,,,2026-05-14T22:18:53.128608+00:00
,,,,5,Global Supply Planner,Motorola Solutions,remote,,,Mexico Remote Work,https://motorolasolutions.wd5.myworkdayjobs.com/Careers/job/Mexico-Remote-Work/Global-Supply-Planner_R60730,https://motorolasolutions.wd5.myworkdayjobs.com/Careers/job/Mexico-Remote-Work/Global-Supply-Planner_R60730,"Supply Chain Management, ERP, data analysis, SQL, Power BI, continuous improvement, relationship building
The candidate has strong experience in data analysis and project management, particularly in technical environments, but lacks direct experience in supply chain management roles and specific ERP systems mentioned in the job description. While they have relevant skills in data analysis and tools like SQL and Power BI, the absence of direct supply chain experience and the required educational background in Supply Chain Management or a closely related field limits their fit for this role.",,,,,2026-05-14T21:59:19.671411+00:00
,,,,5,Go-To-Market (GTM) Territory Design Lead,Thomson Reuters,hybrid,,,,https://thomsonreuters.wd5.myworkdayjobs.com/External_Career_Site/job/United-States-of-America-Eagan-Minnesota/Go-To-Market--GTM--Territory-Design-Lead_JREQ200662,https://thomsonreuters.wd5.myworkdayjobs.com/External_Career_Site/job/United-States-of-America-Eagan-Minnesota/Go-To-Market--GTM--Territory-Design-Lead_JREQ200662,"Go-To-Market, territory design, revenue operations, sales compensation, data analysis, project management, SQL, Salesforce, communication
The candidate has relevant experience in project management and data analytics, particularly in roles that involve product management and data governance. However, they lack direct experience in sales operations or territory design, which are critical for this role. While they possess some transferable skills, the absence of specific territory modeling and sales compensation experience results in a moderate match.",,,,,2026-05-14T22:01:57.065581+00:00
,,,,5,Go-to-Market Enablement Manager,ProShop ERP,remote,,,"Remote, US (Remote)",https://ats.rippling.com/proshop/jobs/c0c6db1e-0f2f-4c4e-bbec-949bbff070d3?jobSite=Indeed,https://www.indeed.com/viewjob?jk=94c65df35acbaa6d,"sales enablement, onboarding, training programs, B2B, SaaS, project management, AI tools, communication, CRM, analytics
The candidate has relevant experience in project management and product management, but lacks direct experience in sales enablement and the specific requirements outlined in the job description. While they have worked with data and analytics, their background does not strongly align with the sales-focused aspects of the role, particularly in a high-growth SaaS environment.",,,,,2026-05-14T21:48:33.976678+00:00
,,,,5,GSI Client Manager,NVIDIA,remote,,,"UK, Remote",https://nvidia.wd5.myworkdayjobs.com/NVIDIAExternalCareerSite/job/UK-Remote/GSI-Client-Manager_JR2014412,https://nvidia.wd5.myworkdayjobs.com/NVIDIAExternalCareerSite/job/UK-Remote/GSI-Client-Manager_JR2014412,"AI, deep learning, cloud datacenter, project management, communication, business strategy, GSI, partner management
The candidate has strong project management experience and some exposure to AI and data platforms, but lacks direct experience managing large GSIs or in a sophisticated sales environment. While they possess relevant technical skills and a solid understanding of data and analytics, they do not meet the extensive experience requirements outlined in the job description, particularly in sales and partner management.",,,,,2026-05-14T23:03:36.733136+00:00
,,,,5,GSI Client Manager,NVIDIA,remote,,,"UK, Remote",https://nvidia.wd5.myworkdayjobs.com/NVIDIAExternalCareerSite/job/UK-Remote/GSI-Client-Manager_JR2015716,https://nvidia.wd5.myworkdayjobs.com/NVIDIAExternalCareerSite/job/UK-Remote/GSI-Client-Manager_JR2015716,"AI, deep learning, GPU, business relationship, partner management, communication, sales, strategy, fast-paced environment
The candidate has strong project management experience and some exposure to AI and data analytics, but lacks direct experience in sales or partner management environments, particularly with GSIs. While they have relevant technical skills, the role requires extensive experience in business management and client relations, which the candidate does not fully meet.",,,,,2026-05-14T23:03:36.733136+00:00
,,,,5,GTM AI Strategist for Adaptive Planning,Workday,remote,,,"USA, CA, Remote",https://workday.wd5.myworkdayjobs.com/Workday/job/USA-CA-Remote/GTM-AI-Strategist-for-Adaptive-Planning_JR-0106005-1,https://workday.wd5.myworkdayjobs.com/Workday/job/USA-CA-Remote/GTM-AI-Strategist-for-Adaptive-Planning_JR-0106005-1,"AI, predictive modeling, orchestration, SaaS, product management, data governance, NLP, automation, customer advocacy
The candidate has relevant experience in product management and technical project management, particularly in AI and data platforms, which aligns with some aspects of the role. However, they lack the extensive GTM strategy experience and specific SaaS EPM background required for this position, resulting in a moderate match.",,,,,2026-05-14T22:06:53.275878+00:00
,,,,5,Head of Commercial & Corporate Engineering,Thomson Reuters,hybrid,,,,https://thomsonreuters.wd5.myworkdayjobs.com/External_Career_Site/job/United-States-of-America-New-York-New-York/Head-of-Commercial---Corporate-Engineering_JREQ200470,https://thomsonreuters.wd5.myworkdayjobs.com/External_Career_Site/job/United-States-of-America-New-York-New-York/Head-of-Commercial---Corporate-Engineering_JREQ200470,"engineering, digital transformation, enterprise platforms, CRM, ERP, AI-driven, modernization, customer experience, project management, data analytics
The candidate has relevant experience in technical project management and product management, particularly in data and AI platforms, which aligns with the need for modernization and digital transformation. However, they lack direct experience in leading large-scale engineering organizations and managing complex enterprise systems like CRM and ERP, which are critical for this role. The candidate's background suggests they would need substantial ramp-up to meet the expectations of a Head of Commercial & Corporate Engineering position.",,,,,2026-05-14T22:01:57.065581+00:00
,,,,5,Healthcare IT Project Manager,"Konica Minolta Healthcare Americas, Inc.",remote,,,Remote,,https://www.linkedin.com/jobs/view/4412900875,"project management, healthcare IT, clinical workflows, DICOM, HL7, Agile, communication, leadership
The candidate has strong project management experience and technical skills, particularly in data and AI platforms, but lacks direct experience in healthcare IT environments and specific knowledge of healthcare interoperability standards like DICOM and HL7. While they have relevant skills in managing projects and leading teams, the absence of healthcare-specific experience is a significant gap for this role.",,,,,2026-05-14T21:36:03.741595+00:00
,,,,5,Implementation Consultant,Cotiviti,remote,,,"Remote, US (Remote)",https://careers-cotiviti.icims.com/jobs/19158/job?utm_source=indeed_integration&iis=Job%20Board&iisn=Indeed&indeed-apply-token=73a2d2b2a8d6d5c0a62696875eaebd669103652d3f0c2cd5445d3e66b1592b0f,https://www.indeed.com/viewjob?jk=8c81adac4742ff85,"implementation, configuration, client coordination, Agile, software lifecycle, EDI, Java, enterprise software
The candidate has relevant experience in project management and product implementation, particularly in data and AI platforms, but lacks direct experience with Java stack-based applications and EDI mapping, which are critical for this role. While they demonstrate strong technical skills and project management capabilities, the absence of specific experience with Edifecs solutions and the required technologies presents a moderate match for the Implementation Consultant position.",,,,,2026-05-14T21:40:03.505024+00:00
,,,,5,Implementation Consultant,Thomson Reuters,hybrid,,,,https://thomsonreuters.wd5.myworkdayjobs.com/External_Career_Site/job/India-Hyderabad-Telangana/Implementation-Consultant_JREQ200483,https://thomsonreuters.wd5.myworkdayjobs.com/External_Career_Site/job/India-Hyderabad-Telangana/Implementation-Consultant_JREQ200483,"Implementation Consultant, ONESOURCE, technical expertise, client implementation, SQL, training, project management, software development, analytical skills
The candidate has relevant experience in project management and technical product management, particularly with data and analytics tools. However, they lack direct experience with ONESOURCE Statutory Reporting and specific programming knowledge in XML, XBRL, or VBA, which are important for this role. While they have strong analytical and problem-solving skills, the gaps in specific software implementation experience and accounting knowledge limit their fit for the position.",,,,,2026-05-14T22:01:57.065581+00:00
,,,,5,Implementation Coordinator - UKG Ready,Hill Country Payroll,remote,,,"Remote, US (Remote)",http://www.indeed.com/job/implementation-coordinator-ukg-ready-226eb4777c74247a,https://www.indeed.com/viewjob?jk=226eb4777c74247a,"implementation, UKG Ready, HR software, problem-solving, customer support, training, documentation, project management
The candidate has relevant experience in project management and technical product management, but lacks direct experience with UKG Ready and specific HR software implementation. While they possess strong problem-solving skills and have created training materials, the absence of direct experience in the required software and HR module is a significant gap for this role.",,,,,2026-05-14T21:33:49.397717+00:00
,,,,5,Implementation Manager,Foundation Health,unknown,,,,,https://www.linkedin.com/jobs/view/4409558534,"implementation, project management, healthcare technology, SaaS, AI solutions, customer-facing, Agile, cross-functional collaboration
The candidate has relevant experience in project management and product management, particularly in data and AI platforms, which aligns with the implementation manager role. However, they lack specific experience in healthcare technology and the required familiarity with healthcare data standards like FHIR and HL7, which are critical for this position. While they have strong project management skills, the absence of direct healthcare experience and specific implementation of healthcare software limits their fit for this role.",,,,,2026-05-14T21:48:33.976678+00:00
,,,,5,Information Technology Project Manager,Apprize Technology Solutions,remote,,,Remote,,https://www.linkedin.com/jobs/view/4411182687,"IT Project Manager, Agile, Scrum, project delivery, requirement gathering, stakeholder management, WMS, TMS, documentation, international logistics
The candidate has relevant project management experience and has worked in Agile environments, which aligns with the job's requirements. However, they lack specific experience in WMS/TMS implementation and the logistics sector, which are key components of the role. Additionally, the candidate's experience does not meet the minimum years required in international logistics, leading to a moderate match overall.",,,,,2026-05-14T21:33:49.397717+00:00
,,,,5,Information Technology Project Manager,Net2Source (N2S),remote,,,Remote,,https://www.linkedin.com/jobs/view/4413968413,"project management, Agile development, Jira, communication skills, leadership, budgeting, vendor coordination
The candidate has relevant experience in project management and technical skills, particularly in Agile methodologies and tools like Jira. However, they lack the required 10 years of experience and specific exposure to financial planning and managing global programs, which are key requirements for the role.",,,,,2026-05-14T21:29:36.448824+00:00
,,,,5,Infrastructure Project Manager,World Wide Technology,remote,,,Remote,,https://www.linkedin.com/jobs/view/4413550968,"Infrastructure Project Manager, patching, OS, network, application, security, compliance, risk management, stakeholder management, ITIL
The candidate has experience in project management and technical roles, but lacks direct experience in infrastructure patching and the specific tools mentioned in the job description. While they have relevant skills in data management and product delivery, the significant focus on infrastructure and compliance in this role presents a gap in their qualifications.",,,,,2026-05-14T21:50:40.094592+00:00
,,,,5,Instructional Designer and Developer,Motorola Solutions,remote,,,"British Columbia Remote Work, More...",https://motorolasolutions.wd5.myworkdayjobs.com/Careers/job/British-Columbia-Remote-Work/Instructional-Designer-and-Developer_R64030,https://motorolasolutions.wd5.myworkdayjobs.com/Careers/job/British-Columbia-Remote-Work/Instructional-Designer-and-Developer_R64030,"instructional design, training development, technical writing, multimedia elements, adult learning principles, project management, collaboration, Google Suite, Microsoft Office
The candidate has strong project management and technical skills, particularly in data and AI platforms, but lacks direct experience in instructional design and development, which is a key requirement for the role. While they have experience in creating training materials and managing projects, they do not demonstrate familiarity with specific instructional design models or tools mentioned in the job description, leading to a moderate match.",,,,,2026-05-14T21:59:19.671411+00:00
,,,,5,"Integration Lead, Bioassay COE",Moderna,onsite,,,,https://modernatx.wd1.myworkdayjobs.com/M_tx/job/Norwood-Massachusetts/Integration-Lead--Bioassay-COE_R19176-1,https://modernatx.wd1.myworkdayjobs.com/M_tx/job/Norwood-Massachusetts/Integration-Lead--Bioassay-COE_R19176-1,"LIMS, integration, automation, JavaScript, Python, SQL, data transformation, GxP compliance, laboratory systems
The candidate has strong experience in project management and data systems, particularly with SQL and Python, but lacks direct experience with specific laboratory informatics systems like Scitara DLX, LIMS, and Chromeleon, which are crucial for this role. While they have relevant skills in automation and data pipelines, the significant gaps in required laboratory system experience and the need for over 10 years in a GxP-regulated environment limit their fit for this position.",,,,,2026-05-14T22:02:20.415246+00:00
,,,,5,IP and Visio Management SME,Core4ce,remote,,,"Remote, US (Remote)",https://jobs.silkroad.com/Core4ce/Careers/jobs/1268,https://www.indeed.com/viewjob?jk=61778a371e200c77,"project management, MS Visio, logistics, data entry, DoD terminology, network transition, military medical systems
The candidate has strong project management experience and technical skills, particularly in data and analytics, but lacks specific experience with MS Visio and familiarity with DoD terminology and military medical systems, which are crucial for this role. While they have relevant project management experience, the absence of direct experience in the military context and specific tools required for this position results in a moderate match.",,,,,2026-05-14T21:33:49.397717+00:00
,,,,5,IT Manager,Ascension,remote,,,"Remote, US (Remote)",https://ascensionjobs1-ascension.icims.com/jobs/448848/job?utm_source=indeed_integration&iis=Job%20Board&iisn=Indeed&indeed-apply-token=73a2d2b2a8d6d5c0a62696875eaebd669103652d3f0c2cd5445d3e66b1592b0f,https://www.indeed.com/viewjob?jk=d3ecdaf8b2c4dc3b,"IT Manager, software development, data engineering, API development, data governance, cloud-based architectures, project management
The candidate has relevant experience in technical project management and product management, particularly in data and AI platforms, but lacks direct experience as an IT Manager and does not meet the 5 years of experience requirement. While they have worked with data pipelines and some cloud technologies, they do not demonstrate hands-on experience with AWS services or full-stack development, which are critical for this role.",,,,,2026-05-14T21:29:36.448824+00:00
,,,,5,IT Manager II - Security Infrastructure,TruStage,hybrid,"Remote, US (Remote)",,"Remote, US (Remote)",https://trustage.wd1.myworkdayjobs.com/en-US/TruStage/job/Remote---USA/IT-Manager-II---Security-Infrastructure_R-011912,https://www.indeed.com/viewjob?jk=9eb2ec6f472acfb1,"IT infrastructure, security, project management, data loss prevention, vulnerability remediation, team leadership, compliance, cloud computing, firewall management
The candidate has relevant experience in project management and product management within data and AI platforms, but lacks direct experience in IT infrastructure management and security, which are critical for this role. While they have some transferable skills in data governance and security protocols, they do not meet the required years of experience in a managerial role or the specific technical expertise in server management, networking, and firewall management.",,,,,2026-05-14T21:48:33.976678+00:00
,,,,5,IT Sourcing Manager,Thomson Reuters,hybrid,,,,https://thomsonreuters.wd5.myworkdayjobs.com/External_Career_Site/job/Mexico-Mexico-City/IT-Sourcing-Manager_JREQ197671,https://thomsonreuters.wd5.myworkdayjobs.com/External_Career_Site/job/Mexico-Mexico-City/IT-Sourcing-Manager_JREQ197671,"procurement, sourcing strategies, data quality, contract negotiation, spend management, cross-functional leadership, analytics
The candidate has a strong background in technical project management and data analytics, but lacks direct experience in procurement and sourcing, which are critical for this role. While they have relevant skills in data management and project execution, the absence of specific procurement experience and knowledge of sourcing tools like Ariba or Fieldglass presents a significant gap.",,,,,2026-05-14T22:01:57.065581+00:00
,,,,5,IT/OT Project Manager,Cognizant,unknown,,,,,https://www.linkedin.com/jobs/view/4413424239,"IT/OT Project Manager, migration, VMware, Azure, infrastructure, automation, stakeholder management, manufacturing systems
The candidate has relevant project management experience and a strong background in data and AI platforms, but lacks direct experience with IT/OT environments and the specific migration from VMware to Azure. While they have managed technical projects and have some knowledge of automation and infrastructure, the significant gaps in specific OT experience and the required migration expertise limit their fit for this role.",,,,,2026-05-14T21:50:40.094592+00:00
,,,,5,Junior Project Manager,ViewLift,hybrid,,,,,https://www.linkedin.com/jobs/view/4414631775,"Project Management, stakeholder communication, digital project management, video streaming, OTT projects, planning, execution
The candidate has relevant project management experience and skills, particularly in technical project management and Agile methodologies. However, they lack specific experience in digital streaming and OTT projects, which is a key requirement for this role. While they have strong technical skills and a solid background in data and AI platforms, the absence of direct experience in the streaming industry limits their fit for this position.",,,,,2026-05-14T21:51:42.690108+00:00
,,,,5,Key Corporates Account Manager,Thomson Reuters,unknown,,,,https://thomsonreuters.wd5.myworkdayjobs.com/External_Career_Site/job/Argentina-Buenos-Aires/Key-Corporates-Account-Manager_JREQ198734,https://thomsonreuters.wd5.myworkdayjobs.com/External_Career_Site/job/Argentina-Buenos-Aires/Key-Corporates-Account-Manager_JREQ198734,"account management, enterprise sales, B2B, consultative sales, CRM, pipeline generation, tax compliance, regulatory compliance
The candidate has strong project management and product management experience, particularly in data and AI platforms, but lacks direct experience in enterprise sales or account management, which are critical for this role. While they have relevant skills in analytics and technology, the absence of a consultative sales background and specific knowledge in tax and fiscal compliance creates a moderate match for the position.",,,,,2026-05-14T22:56:56.263840+00:00
,,,,5,"Knowledge Management, Learning and Systemic Capacity Development Specialist",Food and Agriculture Organization of the United Nations,remote,,,"Remote, US (Remote)",https://jobs.fao.org/careersection/fao_external/jobdetail.ftl?job=2601069&tz=GMT-05%3A00&tzname=America%2FChicago,https://www.indeed.com/viewjob?jk=575068239e532161,"Knowledge Management, learning, capacity development, stakeholder consultations, project management, data governance, analytics, experience capitalization
The candidate has strong project management experience and technical skills in data analytics and product management, which could be transferable to the role. However, they lack direct experience in knowledge management and learning strategies, which are key requirements for this position. The candidate's background in data governance and analytics may provide some relevant skills, but significant gaps exist in the specific knowledge management and capacity development areas outlined in the job description.",,,,,2026-05-14T21:31:37.952938+00:00
,,,,5,"Lead Product Engineer (Full Stack - Python / React), Materia AI",Thomson Reuters,hybrid,,,,https://thomsonreuters.wd5.myworkdayjobs.com/External_Career_Site/job/United-States-of-America-Brooklyn-New-York/Lead-Product-Engineer--Full-Stack---Materia-AI_JREQ197053-3,https://thomsonreuters.wd5.myworkdayjobs.com/External_Career_Site/job/United-States-of-America-Brooklyn-New-York/Lead-Product-Engineer--Full-Stack---Materia-AI_JREQ197053-3,"Python, APIs, backend, full stack, React, FastAPI, Agile, product management, data modeling, cloud infrastructure
The candidate has strong experience in product management and project delivery, particularly in data and AI platforms, but lacks direct experience with the specific backend technologies (FastAPI, Flask, Django) and frontend frameworks (React, Next.js, TypeScript) mentioned in the job description. While they have relevant skills in Python and have worked on data pipelines and analytics, they do not demonstrate the deep backend expertise or full-stack capabilities required for this role, leading to a moderate match.",,,,,2026-05-14T22:01:57.065581+00:00
,,,,5,"Lead Product Engineer (Full Stack - Python / React), Materia AI (Evergreen)",Thomson Reuters,hybrid,,,,https://thomsonreuters.wd5.myworkdayjobs.com/External_Career_Site/job/Mexico-Mexico-City/Lead-Product-Engineer--Full-Stack---Python---React---Materia-AI--Evergreen-_JREQ199885,https://thomsonreuters.wd5.myworkdayjobs.com/External_Career_Site/job/Mexico-Mexico-City/Lead-Product-Engineer--Full-Stack---Python---React---Materia-AI--Evergreen-_JREQ199885,"Python, FastAPI, APIs, React, full stack, data modeling, Agile, project management, AI-driven software
The candidate has strong experience in project management and product development, particularly in data and AI platforms, but lacks direct experience with the specific technologies mentioned in the job description, such as FastAPI and React. While they have programming skills in Python and experience with data pipelines, they do not demonstrate the necessary backend expertise or full-stack development experience required for this role, resulting in a moderate match.",,,,,2026-05-14T22:01:57.065581+00:00
,,,,5,Lead Software Engineer AI - (Materia AI),Thomson Reuters,hybrid,,,,https://thomsonreuters.wd5.myworkdayjobs.com/External_Career_Site/job/United-States-of-America-Eagan-Minnesota/Lead-Software-Engineer-AI----Materia-AI-_JREQ196459-3,https://thomsonreuters.wd5.myworkdayjobs.com/External_Career_Site/job/United-States-of-America-Eagan-Minnesota/Lead-Software-Engineer-AI----Materia-AI-_JREQ196459-3,"Python, backend development, APIs, PostgreSQL, AI-driven systems, data pipelines, Agile, project management
The candidate has relevant experience in project management and product development within AI and data-driven environments, but lacks direct hands-on experience with backend development and the specific technologies mentioned in the job description, such as FastAPI and distributed systems. While they have a strong foundation in data and analytics, their experience does not fully align with the technical requirements of a Lead Software Engineer role, particularly in backend engineering.",,,,,2026-05-14T22:01:57.065581+00:00
,,,,5,Lead Software Engineer AI - (Materia AI),Thomson Reuters,unknown,,,,https://thomsonreuters.wd5.myworkdayjobs.com/External_Career_Site/job/United-States-of-America-New-York-New-York/Lead-Software-Engineer-AI----Materia-AI-_JREQ197157-3,https://thomsonreuters.wd5.myworkdayjobs.com/External_Career_Site/job/United-States-of-America-New-York-New-York/Lead-Software-Engineer-AI----Materia-AI-_JREQ197157-3,"Python, PostgreSQL, backend development, AI-driven software, APIs, data modeling, Agile, collaboration
The candidate has relevant experience in project management and product development related to AI and data systems, but lacks direct experience in backend development and the specific technologies required for this role, such as FastAPI and AWS. While they have strong skills in Python and SQL, their experience does not fully align with the backend development focus and leadership expectations of the Lead Software Engineer position.",,,,,2026-05-14T22:01:57.065581+00:00
,,,,5,Lead Software Engineer AI - (Materia AI) (Evergreen),Thomson Reuters,hybrid,,,,https://thomsonreuters.wd5.myworkdayjobs.com/External_Career_Site/job/Mexico-Mexico-City/Lead-Software-Engineer-AI----Materia-AI---Evergreen-_JREQ199887,https://thomsonreuters.wd5.myworkdayjobs.com/External_Career_Site/job/Mexico-Mexico-City/Lead-Software-Engineer-AI----Materia-AI---Evergreen-_JREQ199887,"Python, backend development, APIs, PostgreSQL, AI-driven systems, FastAPI, distributed systems
The candidate has relevant experience in project management and product development within AI and data-driven environments, but lacks direct hands-on experience with backend development and the specific technologies mentioned in the job description, such as FastAPI and distributed systems. While they have strong skills in Python and data modeling, they do not meet the required years of experience in backend development, which is a key requirement for this role.",,,,,2026-05-14T22:01:57.065581+00:00
,,,,5,"Lead Software Engineer, AI",Thomson Reuters,hybrid,,,,https://thomsonreuters.wd5.myworkdayjobs.com/External_Career_Site/job/United-States-of-America-Eagan-Minnesota/Lead-Software-Engineer--AI_JREQ197733,https://thomsonreuters.wd5.myworkdayjobs.com/External_Career_Site/job/United-States-of-America-Eagan-Minnesota/Lead-Software-Engineer--AI_JREQ197733,"AI, Machine Learning, Python, data pipelines, RESTful APIs, Agile, NLP, LLM, cloud, DevOps
The candidate has relevant experience in project management and product development within AI and ML contexts, particularly with NLP and data pipelines. However, they lack the extensive hands-on software engineering experience (8+ years) and specific technical expertise in LLM architectures and frameworks like TensorFlow or PyTorch that are critical for this role. The candidate's background suggests they may need substantial ramp-up to meet the technical demands of the position.",,,,,2026-05-14T22:01:57.065581+00:00
,,,,5,LMS Implementation PM - Fully Remote,Insight Global,remote,,,Remote,,https://www.linkedin.com/jobs/view/4411166529,"project management, medical device, stakeholder management, ComplianceWire, training workflows, documentation, regulated environment
The candidate has strong project management experience and technical skills, particularly in data and AI platforms, but lacks direct experience in the medical device industry and with ComplianceWire. While they have relevant skills in managing projects and stakeholder communication, the absence of specific experience in a regulated medical environment and the required LMS systems presents a moderate gap for this role.",,,,,2026-05-14T21:36:03.741595+00:00
,,,,5,LTSA Service Manager,Canadian Solar,remote,,,United Kingdom - Remote,https://canadiansolar.wd5.myworkdayjobs.com/CanadianSolar/job/United-Kingdom---Remote/LTSA-Service-Manager_10000916,https://canadiansolar.wd5.myworkdayjobs.com/CanadianSolar/job/United-Kingdom---Remote/LTSA-Service-Manager_10000916,"service delivery, client management, contract execution, performance reporting, operational coordination, maintenance requirements, performance data analysis, project execution
The candidate has relevant experience in project management and technical product management, but lacks direct experience in energy storage systems and the specific responsibilities outlined in the LTSA Service Manager role. While they have strong skills in data analysis and client management, they would need substantial ramp-up to meet the technical and operational requirements of this position.",,,,,2026-05-14T22:13:28.680494+00:00
,,,,5,Manager - Deals - Corporate Finance,PwC,unknown,,,,https://pwc.wd3.myworkdayjobs.com/Global_Experienced_Careers/job/Manager---Deals---Corporate-Finance_702369WD,https://pwc.wd3.myworkdayjobs.com/Global_Experienced_Careers/job/Manager---Deals---Corporate-Finance_702369WD,"corporate finance, financial analysis, mergers and acquisitions, data analysis, project management, strategic advice, leadership, budgeting
The candidate has relevant experience in project management and data analytics, but lacks direct experience in corporate finance, investment banking, or M&A activities, which are key requirements for the role. While they have strong technical skills and project management experience, the absence of specific financial modeling and corporate finance experience results in a moderate match.",,,,,2026-05-14T22:12:35.179630+00:00
,,,,5,Manager - Program Management,Jobgether,remote,,,Remote,,https://www.linkedin.com/jobs/view/4413898337,"program management, operations management, client management, healthcare, pharmaceutical, performance metrics, team management, process improvement, communication, stakeholder management
The candidate has relevant experience in project and product management, with a strong focus on data and analytics, but lacks direct experience in the healthcare or pharmaceutical sectors, which is a key requirement for this role. While they have demonstrated leadership and operational skills, the absence of specific industry experience and the required years of direct people management experience limits their fit for this position.",,,,,2026-05-14T21:31:37.952938+00:00
,,,,5,Manager AI and Applied Research,Thomson Reuters,hybrid,,,,https://thomsonreuters.wd5.myworkdayjobs.com/External_Career_Site/job/United-States-of-America-Eagan-Minnesota/Manager-AI-and-Applied-Research_JREQ194816-4,https://thomsonreuters.wd5.myworkdayjobs.com/External_Career_Site/job/United-States-of-America-Eagan-Minnesota/Manager-AI-and-Applied-Research_JREQ194816-4,"AI, NLP, machine learning, Python, data governance, product management, Agile, LLM, cloud infrastructure, MLOps
The candidate has relevant experience in product management and technical project management, particularly in AI and NLP applications. However, they lack the required 8+ years of hands-on experience building IR/NLP systems for commercial applications and do not have a PhD or equivalent experience. While they possess some technical skills in Python and data management, they do not demonstrate the depth of experience in LLMs or the management of high-performing teams as required for this role.",,,,,2026-05-14T22:01:57.065581+00:00
,,,,5,Manager AI and Applied Research,Thomson Reuters,hybrid,,,,https://thomsonreuters.wd5.myworkdayjobs.com/External_Career_Site/job/Canada-Toronto-Ontario/Manager-AI-and-Applied-Research_JREQ195999-3,https://thomsonreuters.wd5.myworkdayjobs.com/External_Career_Site/job/Canada-Toronto-Ontario/Manager-AI-and-Applied-Research_JREQ195999-3,"AI, NLP, machine learning, Python, data governance, product management, project management, LLM, cloud infrastructure
The candidate has relevant experience in product management and project management within data and AI platforms, including work with NLP and machine learning. However, they lack the required 8+ years of hands-on experience specifically building IR/NLP systems for commercial applications and do not demonstrate the advanced technical skills in areas like LLMs or cloud infrastructure that are critical for this role.",,,,,2026-05-14T22:01:57.065581+00:00
,,,,5,"Manager Software Engineer, CoCounsel International",Thomson Reuters,hybrid,,,,https://thomsonreuters.wd5.myworkdayjobs.com/External_Career_Site/job/Switzerland-Zug-Zug/Manager-Software-Engineer--CoCounsel-International_JREQ198932-1,https://thomsonreuters.wd5.myworkdayjobs.com/External_Career_Site/job/Switzerland-Zug-Zug/Manager-Software-Engineer--CoCounsel-International_JREQ198932-1,"software development, Python, AI, Agile, cloud infrastructure, team leadership, project lifecycle, MLOps
The candidate has relevant experience in project management and technical product management, with some exposure to AI and Python. However, they lack direct experience in leading software development teams and managing software development life cycles, which are critical for this role. Additionally, the candidate's experience with cloud infrastructure and MLOps is not clearly demonstrated, indicating moderate alignment with the job requirements.",,,,,2026-05-14T22:01:57.065581+00:00
,,,,5,"Manager, AI and Innovation Communications",Thomson Reuters,unknown,,,,https://thomsonreuters.wd5.myworkdayjobs.com/External_Career_Site/job/Brazil-So-Paulo-So-Paulo/Manager--AI-and-Innovation-Communications_JREQ200077,https://thomsonreuters.wd5.myworkdayjobs.com/External_Career_Site/job/Brazil-So-Paulo-So-Paulo/Manager--AI-and-Innovation-Communications_JREQ200077,"AI, communications, content development, project management, customer storytelling, media relations, technology, B2B, SaaS
The candidate has relevant experience in project management and product development within the tech space, particularly with AI and data platforms. However, they lack direct experience in communications and content creation, which are crucial for the role. While they have some transferable skills, significant gaps in specific communications experience and media relations would require substantial ramp-up.",,,,,2026-05-14T22:01:57.065581+00:00
,,,,5,"Manager, AI and Innovation Communications",Thomson Reuters,hybrid,,,,https://thomsonreuters.wd5.myworkdayjobs.com/External_Career_Site/job/Canada-Toronto-Ontario/Manager--AI-and-Innovation-Communications_JREQ200292,https://thomsonreuters.wd5.myworkdayjobs.com/External_Career_Site/job/Canada-Toronto-Ontario/Manager--AI-and-Innovation-Communications_JREQ200292,"AI, communications, content development, product launches, storytelling, media relations, technology, B2B, SaaS
The candidate has strong experience in technical project management and product management, particularly in AI and data-driven environments. However, they lack direct experience in communications and content development, which are critical for this role. While they have some relevant skills, such as writing and project coordination, they do not meet the key requirements for a communications-focused position.",,,,,2026-05-14T22:01:57.065581+00:00
,,,,5,"Manager, Business Development – Reuters News Agency",Thomson Reuters,hybrid,,,,https://thomsonreuters.wd5.myworkdayjobs.com/External_Career_Site/job/United-States-of-America-New-York-New-York/Manager--Business-Development---Reuters-News-Agency_JREQ199523-1,https://thomsonreuters.wd5.myworkdayjobs.com/External_Career_Site/job/United-States-of-America-New-York-New-York/Manager--Business-Development---Reuters-News-Agency_JREQ199523-1,"business development, partnerships, licensing, API integrations, negotiation, content delivery, revenue growth, account management
The candidate has strong project management and product management experience, particularly in data and analytics, but lacks direct experience in business development and sales within the media or content sectors. While they have some relevant skills in negotiation and managing partnerships, the absence of a solid background in content licensing and the specific industry focus presents significant gaps for this role.",,,,,2026-05-14T22:01:57.065581+00:00
,,,,5,"Manager, Cases Editorial",Thomson Reuters,hybrid,,,,https://thomsonreuters.wd5.myworkdayjobs.com/External_Career_Site/job/Philippines-Manila/Manager--Cases-Editorial_JREQ199391,https://thomsonreuters.wd5.myworkdayjobs.com/External_Career_Site/job/Philippines-Manila/Manager--Cases-Editorial_JREQ199391,"people management, communication, collaboration, editorial work, project management, analytics, legal research, content management
The candidate has strong project management experience and skills in data analytics, but lacks direct experience in legal research or editorial work, which are significant components of the job. While they have demonstrated leadership and collaboration skills, the absence of specific content management and publishing experience presents a moderate gap for this role.",,,,,2026-05-14T22:01:57.065581+00:00
,,,,5,"Manager, Clinical Bill Review",Valenz,remote,,,"Remote, US (Remote)",https://valenz.applytojob.com/apply/dnKOY3Nz2Q/Manager-Clinical-Bill-Review?source=Our%20Career%20Page%20Widget,https://www.indeed.com/viewjob?jk=6aa85fc7066858be,"clinical bill review, healthcare, data analytics, performance management, operational excellence, team management, compliance, automation
The candidate has strong project management and data analytics experience, particularly in the context of healthcare-related projects, which aligns with some aspects of the job description. However, they lack direct experience in clinical bill review and the specific healthcare environment required for this role, resulting in a moderate match.",,,,,2026-05-14T21:29:36.448824+00:00
,,,,5,"Manager, Contracts Administration & Compliance",Thomson Reuters,hybrid,,,,https://thomsonreuters.wd5.myworkdayjobs.com/External_Career_Site/job/United-States-of-America-Eagan-Minnesota/Manager--Contracts-Administration---Compliance_JREQ200245,https://thomsonreuters.wd5.myworkdayjobs.com/External_Career_Site/job/United-States-of-America-Eagan-Minnesota/Manager--Contracts-Administration---Compliance_JREQ200245,"contract administration, compliance, government contracts, project management, data governance, Agile, SQL, communication skills
The candidate has relevant experience in project management and data governance, but lacks direct experience in government contracting and compliance, which is a key requirement for the role. While they have strong analytical and communication skills, the absence of specific knowledge in federal and state contract regulations and the required years of experience in government contracting limits their fit for this position.",,,,,2026-05-14T22:01:57.065581+00:00
,,,,5,"Manager, DevOps and Cloud Infrastructure",Thomson Reuters,hybrid,,,,https://thomsonreuters.wd5.myworkdayjobs.com/External_Career_Site/job/United-States-of-America-McLean-Virginia/Manager--DevOps-and-Cloud-Infrastructure_JREQ199930,https://thomsonreuters.wd5.myworkdayjobs.com/External_Career_Site/job/United-States-of-America-McLean-Virginia/Manager--DevOps-and-Cloud-Infrastructure_JREQ199930,"DevOps, Cloud Infrastructure, automation, Python, SQL, Agile, team management, security, AWS, Azure, Docker, Kubernetes
The candidate has relevant experience in project management and technical product management, particularly in data and AI platforms, but lacks direct experience in DevOps and Cloud Infrastructure roles. While they have some programming skills in Python and experience with data management, they do not meet the required years of experience in DevOps or familiarity with key technologies like Docker, Kubernetes, and cloud services such as AWS and Azure. The candidate would need significant ramp-up to meet the specific requirements of this role.",,,,,2026-05-14T22:01:57.065581+00:00
,,,,5,"Manager, Digital Media",Amsive,hybrid,"Remote, US (Remote)",,"Remote, US (Remote)",https://amsive.applytojob.com/apply/9CZIRx6KVp/Manager-Digital-Media?source=INDE&~,https://www.indeed.com/viewjob?jk=49800280fbfb35f6,"digital advertising, paid media, campaign management, performance marketing, analytics, project management, team management
The candidate has strong project management and data analytics experience, but lacks direct experience in managing paid media campaigns and digital advertising, which are critical for the role. While they have relevant skills in data and analytics, the absence of specific experience in digital advertising and campaign management limits their fit for this position.",,,,,2026-05-14T21:52:47.996850+00:00
,,,,5,"Manager, Global Large Law Firms Revenue Operations",Thomson Reuters,hybrid,,,,https://thomsonreuters.wd5.myworkdayjobs.com/External_Career_Site/job/United-States-of-America-Eagan-Minnesota/Manager--Revenue-Operations_JREQ199812,https://thomsonreuters.wd5.myworkdayjobs.com/External_Career_Site/job/United-States-of-America-Eagan-Minnesota/Manager--Revenue-Operations_JREQ199812,"Revenue Operations, Sales Operations, GTM strategy, NRR, project management, CRM systems, SQL, data analysis, forecasting
The candidate has relevant experience in project management and product management, particularly in data and analytics, which aligns with some aspects of the role. However, they lack direct experience in revenue operations, sales strategy, and the specific CRM tools mentioned, which are critical for this position. The candidate's background in data governance and analytics provides a moderate match, but significant gaps in direct revenue operations experience and familiarity with Salesforce and sales compensation platforms limit their fit.",,,,,2026-05-14T22:01:57.065581+00:00
,,,,5,"Manager, Influencer Relations, Legal",Thomson Reuters,hybrid,,,,https://thomsonreuters.wd5.myworkdayjobs.com/External_Career_Site/job/United-States-of-America-Eagan-Minnesota/Manager--Influencer-Relations--Legal_JREQ199708-1,https://thomsonreuters.wd5.myworkdayjobs.com/External_Career_Site/job/United-States-of-America-Eagan-Minnesota/Manager--Influencer-Relations--Legal_JREQ199708-1,"influencer relations, strategic communications, legal technology, relationship management, cross-functional collaboration, product management, data governance
The candidate has strong project management and product management experience, particularly in data and AI platforms, but lacks direct experience in influencer relations and the legal ecosystem, which are critical for this role. While they have transferable skills in managing relationships and cross-functional collaboration, the significant gap in specific legal industry experience and influencer engagement limits their fit for this position.",,,,,2026-05-14T22:01:57.065581+00:00
,,,,5,"Manager, Lead Research Scientist, LLM Agents (Foundational Research)",Thomson Reuters,hybrid,,,,https://thomsonreuters.wd5.myworkdayjobs.com/External_Career_Site/job/United-Kingdom-London/Manager--Lead-Research-Scientist--LLM-Agents--Foundational-Research-_JREQ193526,https://thomsonreuters.wd5.myworkdayjobs.com/External_Career_Site/job/United-Kingdom-London/Manager--Lead-Research-Scientist--LLM-Agents--Foundational-Research-_JREQ193526,"machine learning, NLP, AI systems, deep learning, PyTorch, data pipelines, project management, Agile, experimentation, team leadership
The candidate has relevant experience in project management and some exposure to machine learning and NLP through their roles, particularly in implementing ML models and managing data pipelines. However, they lack a PhD and do not have a strong publication record in top-tier conferences, which are critical for this research-focused role. Additionally, while they have experience with Python and some ML frameworks, they do not demonstrate extensive experience with deep learning frameworks or large-scale model training, which are essential for this position.",,,,,2026-05-14T22:01:57.065581+00:00
,,,,5,"Manager, Lead Research Scientist, Training Data (Foundational  Research)",Thomson Reuters,hybrid,,,,https://thomsonreuters.wd5.myworkdayjobs.com/External_Career_Site/job/United-Kingdom-London/Manager--Lead-Research-Scientist--Training-Data--Foundational--Research-_JREQ193528,https://thomsonreuters.wd5.myworkdayjobs.com/External_Career_Site/job/United-Kingdom-London/Manager--Lead-Research-Scientist--Training-Data--Foundational--Research-_JREQ193528,"Machine Learning, NLP, AI systems, Python, data pipelines, Agile, project management, SQL, Postgres, data governance
The candidate has relevant experience in project management and technical roles involving machine learning and data analytics, particularly with NLP and data pipelines. However, they lack a PhD and extensive hands-on experience specifically in leading teams for advanced ML/NLP systems, which are critical for this role. Additionally, while they have some programming experience, they do not demonstrate familiarity with deep learning frameworks or a strong publication record in top-tier conferences, which are essential qualifications for the position.",,,,,2026-05-14T22:01:57.065581+00:00
,,,,5,"Manager, Learning & Talent Development",Canadian Solar,remote,,,US - Remote,https://canadiansolar.wd5.myworkdayjobs.com/CanadianSolar/job/US---Remote/Manager--Learning---Talent-Development_10001153-1,https://canadiansolar.wd5.myworkdayjobs.com/CanadianSolar/job/US---Remote/Manager--Learning---Talent-Development_10001153-1,"Learning & Development, training programs, project management, LMS, data analysis, instructional design, digital learning solutions
The candidate has strong project management experience and a background in data and analytics, which could be beneficial for the role. However, they lack direct experience in learning and development, instructional design, and familiarity with LMS platforms like Workday, which are critical for this position. The candidate's skills in data analysis and program management provide a moderate match, but significant gaps in relevant experience remain.",,,,,2026-05-14T22:03:23.687348+00:00
,,,,5,"Manager, Legal Marketing Strategy",Thomson Reuters,hybrid,,,,https://thomsonreuters.wd5.myworkdayjobs.com/External_Career_Site/job/United-Kingdom-London/Manager--Legal-Marketing-Strategy_JREQ199939,https://thomsonreuters.wd5.myworkdayjobs.com/External_Career_Site/job/United-Kingdom-London/Manager--Legal-Marketing-Strategy_JREQ199939,"marketing strategy, demand generation, campaign management, stakeholder engagement, data-driven, digital marketing, thought leadership, performance optimization
The candidate has strong project management and technical skills, particularly in data and analytics, but lacks direct experience in marketing strategy and demand generation, which are critical for this role. While they have experience in product management and some relevant skills, they do not meet the required 6+ years in marketing or the specific knowledge of digital marketing channels and campaign planning.",,,,,2026-05-14T22:01:57.065581+00:00
,,,,5,"Manager, Payments implementation",Capgemini,remote,,,"Remote, US (Remote)",https://capgemini.talentnet.community/jobs/8b8c8fe3-fd5d-4836-8e46-62847183f70b,https://www.indeed.com/viewjob?jk=d99797574a2bd0c8,"payments implementation, requirements gathering, process flow documentation, testing, UAT support, cross-functional collaboration, documentation management
The candidate has relevant experience in project management and technical product management, particularly in data and AI platforms, which involves some transferable skills such as requirements documentation and cross-functional collaboration. However, they lack direct experience in payments implementation and financial services processes, which are key requirements for this role. The candidate's experience with testing and UAT is limited and does not fully align with the specific needs of the payments implementation position.",,,,,2026-05-14T21:33:49.397717+00:00
,,,,5,"Manager, Payroll Implementations - EMEA",Remote,remote,,,"Remote, US (Remote)",https://grnh.se/pym70cs83us,https://www.indeed.com/viewjob?jk=7f3d2c44f75ff6cf,"payroll implementations, project management, compliance, process improvement, automation, AI capabilities, stakeholder management
The candidate has strong project management experience and some relevant technical skills, particularly in data and analytics, but lacks direct experience in payroll implementations and the specific payroll systems mentioned in the job description. While they have demonstrated leadership and process improvement skills, the absence of experience in the payroll domain and specific tools required for this role presents a significant gap.",,,,,2026-05-14T21:36:03.741595+00:00
,,,,5,"Manager, Procurement",Thomson Reuters,hybrid,,,,https://thomsonreuters.wd5.myworkdayjobs.com/External_Career_Site/job/Mexico-Mexico-City/Manager--Procurement_JREQ198306,https://thomsonreuters.wd5.myworkdayjobs.com/External_Career_Site/job/Mexico-Mexico-City/Manager--Procurement_JREQ198306,"Procurement, data quality, operational requirements, contract negotiation, spend management, analytics, relationship management
The candidate has strong project management and data analytics experience, particularly in technical environments, but lacks direct experience in procurement operations and contract negotiation, which are critical for this role. While they have relevant skills in data management and cross-functional collaboration, the absence of specific procurement experience and knowledge of sourcing tools like Ariba or Fieldglass presents a moderate gap.",,,,,2026-05-14T22:01:57.065581+00:00
,,,,5,"Manager, Publishing Editorial",Thomson Reuters,hybrid,,,,https://thomsonreuters.wd5.myworkdayjobs.com/External_Career_Site/job/Philippines-Manila/Manager--Publishing-Editorial_JREQ199393,https://thomsonreuters.wd5.myworkdayjobs.com/External_Career_Site/job/Philippines-Manila/Manager--Publishing-Editorial_JREQ199393,"People Management, Communication, Collaboration, Editorial, Content Management, Legal Research, Project Management
The candidate has strong project management experience and has led teams in technical environments, but lacks direct experience in content management, editing, and publishing, which are crucial for this role. While they possess transferable skills in communication and collaboration, the absence of specific legal research product knowledge and editorial experience presents a moderate gap in alignment with the job requirements.",,,,,2026-05-14T22:01:57.065581+00:00
,,,,5,"Manager, Quality Control, Lab Automation Enablement & Integration",Moderna,onsite,,,,https://modernatx.wd1.myworkdayjobs.com/M_tx/job/Norwood-Massachusetts/Manager--Quality-Control--Lab-Automation-Enablement---Integration_R18792-1,https://modernatx.wd1.myworkdayjobs.com/M_tx/job/Norwood-Massachusetts/Manager--Quality-Control--Lab-Automation-Enablement---Integration_R18792-1,"QC laboratory automation, digital enablement, project management, GMP, data integrity, cross-functional projects, automation strategies, stakeholder communication
The candidate has relevant experience in project management and data analytics, but lacks direct experience in the pharmaceutical or biotech industry, particularly in QC laboratory automation. While they have strong technical skills and project management experience, the absence of specific laboratory automation and cGMP knowledge presents significant gaps for this role.",,,,,2026-05-14T22:12:00.818278+00:00
,,,,5,"Manager, Revenue Operations – Forecasting & Reporting",Thomson Reuters,hybrid,,,,https://thomsonreuters.wd5.myworkdayjobs.com/External_Career_Site/job/United-States-of-America-Eagan-Minnesota/Manager--Revenue-Operations---Forecasting---Reporting_JREQ200220,https://thomsonreuters.wd5.myworkdayjobs.com/External_Career_Site/job/United-States-of-America-Eagan-Minnesota/Manager--Revenue-Operations---Forecasting---Reporting_JREQ200220,"forecasting, revenue operations, data quality, pipeline management, automation, AI tools, CRM systems, Power BI, project management
The candidate has relevant experience in project management and data analytics, particularly with tools like Power BI and SQL. However, they lack direct experience in revenue operations and sales forecasting, which are critical for this role. While they have some transferable skills, the absence of specific experience in managing forecasting processes and CRM systems like Salesforce presents a significant gap.",,,,,2026-05-14T22:01:57.065581+00:00
,,,,5,"Manager, Sales & Customer Experience Operations",Instinct Science,remote,,,"Remote, US (Remote)",https://instinctscience.applytojob.com/apply/X3r9qfdpY0/Manager-Sales-Customer-Experience-Operations?source=INDE&~,https://www.indeed.com/viewjob?jk=5233b384204536fa,"sales operations, customer experience, automation, AI, data analytics, CRM, pipeline management, workflow optimization
The candidate has strong experience in project management and data analytics, particularly in the context of product management and technical project management. However, they lack direct experience in sales operations and customer experience roles, which are critical for this position. While they have relevant skills in automation and data systems, the absence of specific sales and customer success experience presents a moderate match for the role.",,,,,2026-05-14T21:37:59.870693+00:00
,,,,5,"Managing Consultant, Advisors & Consulting Services, Strategy & Transformation",Mastercard,unknown,,,,https://mastercard.wd1.myworkdayjobs.com/CorporateCareers/job/Managing-Consultant--Advisors---Consulting-Services--Strategy---Transformation_R-271207,https://mastercard.wd1.myworkdayjobs.com/CorporateCareers/job/Managing-Consultant--Advisors---Consulting-Services--Strategy---Transformation_R-271207,"consulting, project management, data analysis, stakeholder management, product management, business intelligence, strategy, team collaboration
The candidate has relevant experience in project management and product management, particularly in data and AI platforms, which aligns with some of the job requirements. However, they lack direct consulting experience and specific qualifications in financials and organizational leadership, which are key for the role. The candidate's experience with data-driven decision-making and team leadership is a plus, but significant gaps in consulting and client relationship management remain.",,,,,2026-05-14T22:18:08.588067+00:00
,,,,5,Marketing Documentation & Project Management Intern,Kiva.org,remote,,,"Remote, US (Remote)",https://boards.greenhouse.io/kivaorg/jobs/7914710?gh_jid=7914710,https://www.indeed.com/viewjob?jk=a7af99ccbe3c8fae,"project management, documentation, communication skills, organizational skills, collaboration, Asana, marketing, operational documentation
The candidate has strong project management experience and technical skills, particularly in managing data and analytics projects. However, the role requires specific experience in marketing documentation and tools like Confluence and Asana, which are not explicitly mentioned in the candidate's resume. While the candidate has relevant skills, there are significant gaps in direct marketing experience and operational documentation that would require ramp-up.",,,,,2026-05-14T21:36:03.741595+00:00
,,,,5,Marketing Operations Coordinator,Valenz,remote,,,"Remote, US (Remote)",https://valenz.applytojob.com/apply/V32nGEf0gg/Marketing-Operations-Coordinator?source=Our%20Career%20Page%20Widget,https://www.indeed.com/viewjob?jk=a5596bf223ff593d,"marketing operations, campaign management, engagement, quality control, Salesforce, process improvement, troubleshooting, communication skills
The candidate has strong project management and technical skills, particularly in data and analytics, but lacks direct experience in marketing operations and campaign management, which are crucial for this role. While they have experience with data pipelines and product management, the specific requirements for marketing operations and familiarity with tools like Adobe and marketing automation platforms are missing, leading to a moderate match.",,,,,2026-05-14T21:37:59.870693+00:00
,,,,5,"Marketing Operations Manager, Asia and Emerging Markets",Thomson Reuters,hybrid,,,,https://thomsonreuters.wd5.myworkdayjobs.com/External_Career_Site/job/Philippines-Manila/Marketing-Operations-Manager--Asia-and-Emerging-Markets_JREQ196616,https://thomsonreuters.wd5.myworkdayjobs.com/External_Career_Site/job/Philippines-Manila/Marketing-Operations-Manager--Asia-and-Emerging-Markets_JREQ196616,"Marketing Operations, process design, data analytics, Power BI, campaign planning, budget management, lead handling, MarTech integration, Salesforce, compliance
The candidate has strong experience in data analytics and project management, particularly in technical roles, but lacks direct experience in marketing operations and the specific tools mentioned (Eloqua, Salesforce). While they have relevant skills in data visualization and process improvement, they do not meet the required 5+ years in marketing operations, making this a moderate match.",,,,,2026-05-14T22:01:57.065581+00:00
,,,,5,Marketing Operations Specialist,HealthcareLive,remote,,,"Remote, US (Remote)",http://www.indeed.com/job/marketing-operations-specialist-df1308a8e20e9b52,https://www.indeed.com/viewjob?jk=df1308a8e20e9b52,"Marketing Operations, Salesforce, SQL, Google Looker Studio, marketing automation, data governance, reporting, project management
The candidate has relevant experience in project management and data analytics, including SQL and dashboard development, which are important for the role. However, they lack direct experience in marketing operations, specifically with marketing automation platforms and the specific responsibilities outlined in the job description. While they have transferable skills, they would need significant ramp-up to meet the specific requirements of this position.",,,,,2026-05-14T21:52:47.996850+00:00
,,,,5,Marketing Product Manager - Surgical Ultrasonics,Bioventus,remote,,,"Remote, US (Remote)",https://osv-bioventus.wd501.myworkdayjobs.com/en-US/External/job/Remote-US/Marketing-Product-Manager---Surgical-Ultrasonics_R-2026-05-001638,https://www.indeed.com/viewjob?jk=37adfa2d363b7a93,"Product Manager, marketing experience, medical device, project management, communication skills, digital marketing, analytics
The candidate has strong project management and product management experience, but lacks direct marketing experience in the medical device industry, which is a key requirement for the role. While they have relevant skills in data analytics and communication, the absence of specific experience in spine or neuro products and medical marketing limits their fit for this position.",,,,,2026-05-14T21:52:47.996850+00:00
,,,,5,Marketing Program Manager,HH Global,unknown,,,,,https://www.linkedin.com/jobs/view/4404235104,"program management, marketing, cross-functional teams, project management, communication, collaboration, strategic initiatives
The candidate has strong project management experience and skills in data analytics, but lacks direct experience in marketing program management and the specific requirements outlined in the job description. While they have led cross-functional teams and have experience in managing complex projects, their background is more technical and product-focused rather than marketing-oriented, resulting in a moderate match.",,,,,2026-05-14T21:44:13.352357+00:00
,,,,5,Marketing Project Coordinator,Jobgether,remote,,,Remote,,https://www.linkedin.com/jobs/view/4413521067,"project management, sales enablement, campaign coordination, stakeholder management, B2B, communication skills, remote work
The candidate has strong project management experience and has worked in technical roles that involve coordination and stakeholder management. However, they lack direct experience in marketing project coordination, sales enablement, and the specific B2B marketing context required for this role. While they possess transferable skills, the absence of relevant marketing experience and familiarity with sales processes presents a moderate match for the position.",,,,,2026-05-14T21:48:33.976678+00:00
,,,,5,Marketing Project Coordinator,Jobgether,remote,,,Remote,,https://www.linkedin.com/jobs/view/4413514370,"project management, sales enablement, lead generation, campaign coordination, communication skills, organizational skills, B2B SaaS
The candidate has strong project management experience and a background in technical product management, which includes coordinating teams and managing deliverables. However, they lack direct experience in marketing project coordination, sales enablement, and lead generation, which are crucial for this role. While they possess relevant skills, the absence of specific marketing experience and the focus on technical projects leads to a moderate match.",,,,,2026-05-14T21:48:33.976678+00:00
,,,,5,Marketing Project Coordinator,Jobgether,remote,,,Remote,,https://www.linkedin.com/jobs/view/4413515285,"project management, sales enablement, campaign operations, stakeholder management, B2B SaaS, communication skills
The candidate has strong project management experience and has worked in technical roles, but lacks direct experience in marketing project coordination and sales enablement, which are critical for this role. While they have relevant skills in managing projects and teams, their background is more focused on technical product management and data analytics rather than marketing and sales operations.",,,,,2026-05-14T21:48:33.976678+00:00
,,,,5,Marketing Project Manager,Batesville,unknown,,,,,https://www.linkedin.com/jobs/view/4412994141,"project management, marketing, Asana, communication, digital, print, workflow, coordination, metrics, process improvement
The candidate has strong project management experience, particularly in technical and data-driven environments, but lacks direct experience in marketing project management specifically. While they have relevant skills in managing projects and teams, the absence of marketing-specific terminology and experience with marketing production processes presents a significant gap for this role.",,,,,2026-05-14T21:40:03.505024+00:00
,,,,5,Member Engagement Coordinator II,Valenz,remote,,,"Remote, US (Remote)",https://valenz.applytojob.com/apply/AEDsa3bjcb/Member-Engagement-Coordinator-II?source=Our%20Career%20Page%20Widget,https://www.indeed.com/viewjob?jk=5738cf4e677bb5e4,"campaign management, engagement operations, quality control, Salesforce, data analysis, process improvement, communication skills
The candidate has strong project management experience and technical skills, particularly in data analytics and product management, but lacks direct experience in marketing operations and campaign management as outlined in the job description. While they have relevant skills in data handling and automation, the specific requirements for engagement operations and familiarity with marketing automation platforms are not fully met, leading to a moderate match.",,,,,2026-05-14T21:37:59.870693+00:00
,,,,5,Mergers and Acquisition (M &A) Digital Integration Consultant,Progressive,remote,,,"Remote, US (Remote)",https://careers.progressive.com/en/jobs/17733194-mergers-and-acquisition-m-and-a-digital-integration-consultant?tm_job=259952&tm_event=view&tm_company=90779,https://www.indeed.com/viewjob?jk=6c73012d7c3f0b08,"M&A integration, project management, systems integration, technology solutions, cross-functional coordination, stakeholder alignment
The candidate has relevant experience in project management and technology solutions, particularly in data and AI platforms, but lacks direct experience in M&A integration and CRM systems. While they have strong skills in managing cross-functional teams and delivering technology projects, the absence of specific M&A and CRM exposure presents a significant gap for this role.",,,,,2026-05-14T21:33:49.397717+00:00
,,,,5,On Demand SC,Adobe,remote,,,Remote Missouri,https://adobe.wd5.myworkdayjobs.com/external_experienced/job/Remote-Missouri/On-Demand-SC_R167911,https://adobe.wd5.myworkdayjobs.com/external_experienced/job/Remote-Missouri/On-Demand-SC_R167911,"communication skills, customer-focused, SaaS, technical expertise, solution demonstrations, project coordination
The candidate has strong project management experience and technical skills, particularly in data and AI platforms, which could be beneficial in a customer-facing role. However, the role requires a more entry-level background with a focus on sales support and solution demonstrations, which the candidate lacks. Additionally, the requirement for trilingual communication is not met. Overall, while there are relevant skills, key requirements are missing.",,,,,2026-05-14T22:08:34.888181+00:00
,,,,5,Oracle ERP Project Manager,e4health,remote,,,"Remote, US (Remote)",https://recruiting.paylocity.com/Recruiting/Jobs/Details/3592205,https://www.indeed.com/viewjob?jk=8e4533f796a6eeb1,"Oracle ERP, Project Management, healthcare, Agile, budget management, data analysis, communication, team collaboration
The candidate has strong project management experience and technical skills, particularly in data and analytics, but lacks direct experience with Oracle ERP systems and specific healthcare project management. While they have relevant skills in managing budgets and teams, the absence of healthcare background and Oracle ERP experience presents significant gaps for this role.",,,,,2026-05-14T21:33:49.397717+00:00
,,,,5,Org designer,PwC,unknown,,,,https://pwc.wd3.myworkdayjobs.com/Global_Experienced_Careers/job/Org-designer_689129WD,https://pwc.wd3.myworkdayjobs.com/Global_Experienced_Careers/job/Org-designer_689129WD,"workforce consulting, talent management, organisational development, project management, mentoring, leadership, client engagement
The candidate has strong project management experience and has worked in technical product management roles, but lacks direct experience in human resources and workforce consulting, which are key components of the job description. While they demonstrate leadership and mentoring skills, their technical focus does not align closely with the strategic consulting and organizational development aspects required for this role.",,,,,2026-05-14T22:12:35.179630+00:00
,,,,5,Partner Marketing Manager,Thomson Reuters,hybrid,,,,https://thomsonreuters.wd5.myworkdayjobs.com/External_Career_Site/job/United-States-of-America-Eagan-Minnesota/Partner-Marketing-Manager_JREQ199400,https://thomsonreuters.wd5.myworkdayjobs.com/External_Career_Site/job/United-States-of-America-Eagan-Minnesota/Partner-Marketing-Manager_JREQ199400,"partner marketing, go-to-market strategy, B2B technology, campaign performance, cross-functional collaboration, project management, data-driven mindset
The candidate has strong project management and product management experience, but lacks direct experience in partner marketing or channel marketing, which is a key requirement for the role. While they have relevant skills in data analysis and cross-functional collaboration, the absence of specific partner marketing experience and the required years in that field limits their fit for this position.",,,,,2026-05-14T22:01:57.065581+00:00
,,,,5,"Partnership Manager, Commercial",Thomson Reuters,hybrid,,,,https://thomsonreuters.wd5.myworkdayjobs.com/External_Career_Site/job/United-States-of-America-McLean-Virginia/Partnership-Manager--Commercial_JREQ200511,https://thomsonreuters.wd5.myworkdayjobs.com/External_Career_Site/job/United-States-of-America-McLean-Virginia/Partnership-Manager--Commercial_JREQ200511,"partnership development, business development, negotiation skills, communication skills, revenue growth, market analysis, contract negotiation, collaboration
The candidate has experience in product and project management, which involves some transferable skills relevant to partnership management, such as negotiation and collaboration. However, they lack direct experience in partnership development and business development roles, which are crucial for this position. Additionally, the candidate's experience does not clearly demonstrate the required years in a relevant role or the specific focus on commercial contracting.",,,,,2026-05-14T22:01:57.065581+00:00
,,,,5,"Partnerships Manager, Legal Professionals",Thomson Reuters,hybrid,,,,https://thomsonreuters.wd5.myworkdayjobs.com/External_Career_Site/job/United-States-of-America-New-York-New-York/Partnerships---Alliances-Manager_JREQ199452,https://thomsonreuters.wd5.myworkdayjobs.com/External_Career_Site/job/United-States-of-America-New-York-New-York/Partnerships---Alliances-Manager_JREQ199452,"partnerships, project management, AI, legal tech, communication, cross-functional, product management, sales, strategy
The candidate has strong project management and product management experience, particularly in AI and data platforms, which aligns with the role's requirements. However, they lack direct experience in partnerships or business development roles, which are crucial for this position. While they have relevant skills, the absence of specific experience in managing partnerships and driving sales outcomes presents a moderate match for the role.",,,,,2026-05-14T22:01:57.065581+00:00
,,,,5,People Operations Program Manager,CBRE,remote,,,"Remote, US (Remote)",https://cbreglobal.avature.net/careers/JobDetail/276218,https://www.indeed.com/viewjob?jk=f7bf5971142a572e,"project management, cross-functional projects, communication skills, analytical skills, process improvement, stakeholder engagement, training materials
The candidate has strong project management experience and has led cross-functional teams, which aligns with the job's requirements. However, they lack direct experience in people operations and specific knowledge of timekeeping systems, which are crucial for this role. Their technical background and analytical skills are relevant but do not fully bridge the gap for a strong match.",,,,,2026-05-14T21:36:03.741595+00:00
,,,,5,PMO Coordinator,Truvio,hybrid,Remote,,Remote,,https://www.linkedin.com/jobs/view/4410610801,"project management, Microsoft Dynamics 365, communication, Agile, documentation, customer-facing, organizational skills
The candidate has strong project management experience and technical skills, particularly in data and analytics, but lacks direct experience with Microsoft Dynamics 365 Business Central, which is a key requirement for the role. While they have relevant project coordination experience, the specific administrative and ERP-related tasks outlined in the job description are not fully matched by their background.",,,,,2026-05-14T21:40:03.505024+00:00
,,,,5,Portfolio Manager - Reuters Events,Thomson Reuters,hybrid,,,,https://thomsonreuters.wd5.myworkdayjobs.com/External_Career_Site/job/United-Kingdom-London/Portfolio-Manager---Reuters-Events_JREQ199338,https://thomsonreuters.wd5.myworkdayjobs.com/External_Career_Site/job/United-Kingdom-London/Portfolio-Manager---Reuters-Events_JREQ199338,"Portfolio Manager, team leadership, project management, customer experience, business planning, event management, communication skills, financial management
The candidate has strong project management experience and has led teams, which aligns with the leadership requirements of the Portfolio Manager role. However, there are significant gaps in direct experience related to event management and the specific industry focus (Automotive and Supply Chain) that may require substantial ramp-up. The candidate's technical background and product management skills are relevant but do not fully meet the job's core requirements.",,,,,2026-05-14T22:01:57.065581+00:00
,,,,5,Portfolio Team Lead,Motorola Solutions,remote,,,"Illinois Remote Work, More...",https://motorolasolutions.wd5.myworkdayjobs.com/Careers/job/Illinois-Remote-Work/Portfolio-Team-Lead_R63282,https://motorolasolutions.wd5.myworkdayjobs.com/Careers/job/Illinois-Remote-Work/Portfolio-Team-Lead_R63282,"portfolio management, product management, business plans, project management, cross-functional, financial models, Agile, communication
The candidate has relevant experience in product and project management, particularly in data and AI platforms, but lacks the required 10+ years of experience specifically in portfolio management. While they demonstrate strong project management skills and have worked with cross-functional teams, they do not have direct experience in public safety software or financial cost models, which are crucial for this role.",,,,,2026-05-14T21:59:19.671411+00:00
,,,,5,PremierOne CAD Application Specialist,Motorola Solutions,remote,,,"Illinois Remote Work, More...",https://motorolasolutions.wd5.myworkdayjobs.com/Careers/job/Illinois-Remote-Work/PremierOne-CAD-Application-Specialist_R61953-1,https://motorolasolutions.wd5.myworkdayjobs.com/Careers/job/Illinois-Remote-Work/PremierOne-CAD-Application-Specialist_R61953-1,"project management, public safety, software deployment, business analysis, user acceptance testing, training development, data modeling, SQL
The candidate has strong project management experience and technical skills, particularly in data and analytics, which could be relevant for the role. However, they lack direct experience in public safety or CAD systems, which are key requirements for the position. While they have relevant skills in software deployment and user acceptance testing, the absence of specific industry experience limits their fit for this role.",,,,,2026-05-14T21:59:19.671411+00:00
,,,,5,PremierOne Records Application Specialist - US Remote,Motorola Solutions,hybrid,"Illinois Remote Work, More...",,"Illinois Remote Work, More...",https://motorolasolutions.wd5.myworkdayjobs.com/Careers/job/Illinois-Remote-Work/PremierOne-Records-Application-Specialist---US-Remote_R63087,https://motorolasolutions.wd5.myworkdayjobs.com/Careers/job/Illinois-Remote-Work/PremierOne-Records-Application-Specialist---US-Remote_R63087,"Business Analysis, Records Management Systems, Computer Aided Dispatch, training, documentation, project management, Agile, SQL, Python
The candidate has relevant experience in technical project management and product management, with skills in SQL and Python, which are beneficial for data handling. However, they lack direct experience with specific systems mentioned in the job description (e.g., PremierOne, CAD, RMS), and the role requires a more specialized background in public safety applications. The candidate would need significant ramp-up to meet the specific requirements of this position.",,,,,2026-05-14T22:09:56.379824+00:00
,,,,5,Presales Sr Solution Consultant - HCM Net New - Financial Services Industry,Workday,remote,,,USA Remote,https://workday.wd5.myworkdayjobs.com/Workday/job/USA-Remote/Presales-Sr-Solution-Consultant---HCM-Net-New---Financial-Services-Industry_JR-0107037,https://workday.wd5.myworkdayjobs.com/Workday/job/USA-Remote/Presales-Sr-Solution-Consultant---HCM-Net-New---Financial-Services-Industry_JR-0107037,"Human Capital Management, Presales Solution Consulting, Sales, Implementation, cloud-based applications, executive presentations, value-based selling
The candidate has relevant experience in product management and project management within data and AI platforms, but lacks direct experience in Human Capital Management and presales solution consulting. While they have strong technical skills and project experience, they do not meet the specific requirements for HCM domain expertise or the presales role, resulting in a moderate match.",,,,,2026-05-14T22:06:53.275878+00:00
,,,,5,Principal Consultant - Wireless/Network,TEECOM,remote,,,"Remote, US (Remote)",https://jobs.lever.co/teecom/0946e818-bd47-4622-9516-1df4c11ebefd?lever-source=Indeed,https://www.indeed.com/viewjob?jk=ea30eeda9c91f18c,"project management, technical leadership, documentation, mentoring, Agile, communication, design quality, risk management
The candidate has strong project management experience and technical skills, particularly in data and AI platforms, but lacks direct experience in wireless/network consulting and the specific technical leadership required for this role. While they have demonstrated mentoring and documentation skills, the absence of relevant industry experience and specific technical expertise in wireless/network systems presents significant gaps.",,,,,2026-05-14T21:31:37.952938+00:00
,,,,5,Principal Data Platform Engineer,Moderna,onsite,,,,https://modernatx.wd1.myworkdayjobs.com/M_tx/job/Warsaw---Poland/Principal-Data-Platform-Engineer_R19118,https://modernatx.wd1.myworkdayjobs.com/M_tx/job/Warsaw---Poland/Principal-Data-Platform-Engineer_R19118,"data engineering, cloud architecture, Python, data ingestion, data governance, metadata management, DevOps, CI/CD, AWS
The candidate has relevant experience in data management and project leadership but lacks the extensive hands-on experience with AWS and the specific technical skills required for a Principal Data Platform Engineer role. While they have worked with data pipelines and analytics, they do not meet the 10+ years of experience in data engineering or cloud architecture as specified in the job description.",,,,,2026-05-14T22:02:20.415246+00:00
,,,,5,Principal Engineer CoCounsel Audit,Thomson Reuters,hybrid,,,,https://thomsonreuters.wd5.myworkdayjobs.com/External_Career_Site/job/United-States-of-America-New-York-New-York/Principal-Engineer-CoCounsel-Audit_JREQ200659-3,https://thomsonreuters.wd5.myworkdayjobs.com/External_Career_Site/job/United-States-of-America-New-York-New-York/Principal-Engineer-CoCounsel-Audit_JREQ200659-3,"Python, PostgreSQL, backend development, scalable web services, AI systems, data modeling, APIs, cloud provider, FastAPI, observability
The candidate has relevant experience in technical project management and product management, with skills in Python and PostgreSQL, but lacks the extensive backend development experience (8-10 years) required for this role. While they have worked on AI-related projects and data pipelines, they do not demonstrate the deep technical expertise or leadership in backend systems and distributed systems that the job demands.",,,,,2026-05-14T22:01:57.065581+00:00
,,,,5,Privacy Operations Manager,Thomson Reuters,hybrid,,,,https://thomsonreuters.wd5.myworkdayjobs.com/External_Career_Site/job/Poland-Gdansk/HIPAA-and-Regulated-Data-Risk-Analyst_JREQ194849,https://thomsonreuters.wd5.myworkdayjobs.com/External_Career_Site/job/Poland-Gdansk/HIPAA-and-Regulated-Data-Risk-Analyst_JREQ194849,"privacy operations, compliance, data protection, risk assessments, GDPR, CCPA, data inventory, automation, project management, privacy management tools
The candidate has relevant experience in data governance and privacy-related project management, particularly in their roles involving data protection and compliance. However, they lack direct experience with specific privacy regulations and tools like OneTrust, which are crucial for this role. While they possess transferable skills in data management and analytics, they do not meet the required years of experience in a dedicated privacy role.",,,,,2026-05-14T22:01:57.065581+00:00
,,,,5,Product Designer / SAAS,indeed,remote,,,"Remote, US (Remote)",http://www.indeed.com/job/product-designer-saas-48b631503f1da7ce,https://www.indeed.com/viewjob?jk=48b631503f1da7ce,"Product Design, User-Centered Design, Figma, Agile, Prototyping, User Research, Usability Testing, Web Interfaces, HTML, CSS, JavaScript
The candidate has experience in product management and technical project management, which includes some relevant skills in design and user experience. However, they lack direct experience in front-end development languages (HTML, CSS, JavaScript frameworks) and a strong portfolio in product design, which are critical for this role. The candidate's background in data and AI platforms does not fully align with the requirements for a Product Designer focused on digital experiences.",,,,,2026-05-14T21:44:13.352357+00:00
,,,,5,Product Manager (Accounting / Legal Experience) - Cleardocs,Thomson Reuters,hybrid,,,,https://thomsonreuters.wd5.myworkdayjobs.com/External_Career_Site/job/Australia-Melbourne-Victoria/Product-Manager--Legal-Experience-_JREQ198352,https://thomsonreuters.wd5.myworkdayjobs.com/External_Career_Site/job/Australia-Melbourne-Victoria/Product-Manager--Legal-Experience-_JREQ198352,"Product Manager, Agile Development, Legal Compliance, Market Analysis, Cross-functional Teams, Customer Engagement, SaaS
The candidate has strong experience in product management and technical project management, particularly in data and AI platforms, which aligns with the role's requirements. However, they lack direct experience in accounting or legal practices, which is a key requirement for this position. While they possess relevant skills in agile methodologies and cross-functional team leadership, the absence of specific legal or accounting knowledge limits their fit for this role.",,,,,2026-05-14T22:01:57.065581+00:00
,,,,5,"Product Manager, Modules",Canadian Solar,remote,,,Mexico - Remote,https://canadiansolar.wd5.myworkdayjobs.com/CanadianSolar/job/Mexico---Remote/Product-Manager--Modules_10001168-1,https://canadiansolar.wd5.myworkdayjobs.com/CanadianSolar/job/Mexico---Remote/Product-Manager--Modules_10001168-1,"Product Management, PV Modules, Energy Sector, Customer Training, Market Requirements, Project Management, Agile Development, Communication Skills
The candidate has relevant experience in product management and technical project management, but lacks direct experience in the solar energy sector and specific knowledge of PV modules. While they have strong skills in data analytics and project management, the absence of experience in the energy industry and the specific requirements of the role results in a moderate match.",,,,,2026-05-14T22:13:28.680494+00:00
,,,,5,"Product Manager, Westlaw AI",Thomson Reuters,hybrid,,,,https://thomsonreuters.wd5.myworkdayjobs.com/External_Career_Site/job/Singapore-Singapore/Product-Manager--Westlaw-AI_JREQ198729,https://thomsonreuters.wd5.myworkdayjobs.com/External_Career_Site/job/Singapore-Singapore/Product-Manager--Westlaw-AI_JREQ198729,"Product Manager, AI, legal research, LLM, data governance, SQL, Agile, NLP, customer engagement
The candidate has strong experience in product management and technical project management, particularly in AI and data analytics. However, they lack a legal background and specific experience in a legal setting, which is a key requirement for the role. While they have relevant technical skills, the absence of a law degree and direct legal experience limits their fit for this position.",,,,,2026-05-14T22:01:57.065581+00:00
,,,,5,Product Marketing Manager,Thomson Reuters,hybrid,,,,https://thomsonreuters.wd5.myworkdayjobs.com/External_Career_Site/job/United-States-of-America-Eagan-Minnesota/Product-Marketing-Manager_JREQ200583,https://thomsonreuters.wd5.myworkdayjobs.com/External_Career_Site/job/United-States-of-America-Eagan-Minnesota/Product-Marketing-Manager_JREQ200583,"product marketing, messaging development, storytelling, B2B, cross-functional relationships, SaaS, customer success
The candidate has strong project management and product development experience, but lacks direct experience in product marketing, particularly in crafting marketing messages and executing go-to-market strategies. While they have relevant skills in data and analytics, their background does not align closely with the requirements for a Product Marketing Manager role, resulting in a moderate match.",,,,,2026-05-14T22:01:57.065581+00:00
,,,,5,Product Marketing Manager,Thomson Reuters,hybrid,,,,https://thomsonreuters.wd5.myworkdayjobs.com/External_Career_Site/job/United-States-of-America-Eagan-Minnesota/Product-Marketing-Manager_JREQ200396,https://thomsonreuters.wd5.myworkdayjobs.com/External_Career_Site/job/United-States-of-America-Eagan-Minnesota/Product-Marketing-Manager_JREQ200396,"product marketing, product positioning, marketing strategies, cross-functional collaboration, customer insights, B2B, software, AI, tax workflow
The candidate has strong project management and product management experience, particularly in data and AI platforms, but lacks direct experience in product marketing and the tax industry, which are key requirements for this role. While they possess relevant skills in analytics and communication, the absence of specific marketing experience and knowledge of tax workflows presents significant gaps that would require substantial ramp-up.",,,,,2026-05-14T22:01:57.065581+00:00
,,,,5,Product Marketing Manager,Thomson Reuters,hybrid,,,,https://thomsonreuters.wd5.myworkdayjobs.com/External_Career_Site/job/United-States-of-America-Eagan-Minnesota/Product-Marketing-Manager_JREQ200219,https://thomsonreuters.wd5.myworkdayjobs.com/External_Career_Site/job/United-States-of-America-Eagan-Minnesota/Product-Marketing-Manager_JREQ200219,"product marketing, go-to-market, analytical skills, collaboration, B2B SaaS, product management, customer insights, sales enablement
The candidate has strong experience in product management and technical project management, but lacks direct experience in product marketing and go-to-market roles, which are crucial for this position. While they possess analytical skills and have worked with cross-functional teams, the absence of specific product marketing experience and the required 2+ years in that field limits their fit for this role.",,,,,2026-05-14T22:01:57.065581+00:00
,,,,5,"Product Marketing Manager, Quantum Computing Platform",NVIDIA,remote,,,"US, Remote",https://nvidia.wd5.myworkdayjobs.com/NVIDIAExternalCareerSite/job/US-Remote/Product-Marketing-Manager--Quantum-Computing-Platform_JR2001303,https://nvidia.wd5.myworkdayjobs.com/NVIDIAExternalCareerSite/job/US-Remote/Product-Marketing-Manager--Quantum-Computing-Platform_JR2001303,"product marketing, quantum computing, technical product management, communication skills, go-to-market, technical content, high-performance computing
The candidate has strong experience in product management and technical project management, but lacks specific experience in product marketing and quantum computing, which are critical for this role. While they possess relevant skills in data and analytics, their background does not align closely with the requirements for marketing NVIDIA's quantum computing products.",,,,,2026-05-14T21:57:02.905092+00:00
,,,,5,Product Sales Specialist - Brand Visibility,Adobe,remote,,,Remote Switzerland,https://adobe.wd5.myworkdayjobs.com/external_experienced/job/Remote-Switzerland/Product-Sales-Specialist---Brand-Visibility_R166818-1,https://adobe.wd5.myworkdayjobs.com/external_experienced/job/Remote-Switzerland/Product-Sales-Specialist---Brand-Visibility_R166818-1,"AI-driven platforms, digital experience, content automation, enterprise SaaS sales, ROI models, customer experience, brand visibility
The candidate has strong technical project management experience and a background in data and AI platforms, but lacks direct enterprise SaaS sales experience and specific knowledge of Adobe's products. While they have relevant skills in data analytics and project management, the role requires a focus on sales and customer engagement which is not evident in their experience.",,,,,2026-05-14T22:21:34.326711+00:00
,,,,5,Product Security Engineer III,GitHub,remote,,,"Remote, US (Remote)",https://www.github.careers/jobs/5327/job?utm_source=indeed_integration&iis=Job%20Board&iisn=Indeed&indeed-apply-token=73a2d2b2a8d6d5c0a62696875eaebd669103652d3f0c2cd5445d3e66b1592b0f,https://www.indeed.com/viewjob?jk=082ef45b833e83ff,"security analysis, security engineering, Python, automation, tooling, data governance, Agile, project management
The candidate has relevant experience in project management and product development, particularly in data governance and automation, which could be transferable to security tooling. However, they lack direct experience in security analysis or engineering, and their programming experience does not clearly align with the required languages (Ruby, Go). The candidate's background in data and AI platforms is relevant but does not fully meet the specific security engineering requirements outlined in the job description.",,,,,2026-05-14T21:44:13.352357+00:00
,,,,5,Product Specialist - Firefly Enterprise Sales,Adobe,remote,,,Remote California,https://adobe.wd5.myworkdayjobs.com/external_experienced/job/Remote-California/Product-Specialist-Overlay-Sales-Acct-Manager_R166428,https://adobe.wd5.myworkdayjobs.com/external_experienced/job/Remote-California/Product-Specialist-Overlay-Sales-Acct-Manager_R166428,"Product Specialist, enterprise solutions, sales, relationship management, digital transformation, generative AI, Adobe Creative Cloud, communication skills
The candidate has relevant experience in product management and technical project management, but lacks direct sales experience and a proven track record in enterprise-level solution selling, which is critical for this role. While they have worked with data and AI technologies, their experience does not align closely with the specific requirements of selling Adobe products or engaging with C-suite executives in a sales context.",,,,,2026-05-14T22:08:34.888181+00:00
,,,,5,Product Specialist/Overlay Sales Acct Manager,Adobe,remote,,,Remote Chile,https://adobe.wd5.myworkdayjobs.com/external_experienced/job/Remote-Chile/Product-Specialist-Overlay-Sales-Acct-Manager_R166846,https://adobe.wd5.myworkdayjobs.com/external_experienced/job/Remote-Chile/Product-Specialist-Overlay-Sales-Acct-Manager_R166846,"product management, data analytics, customer experience, sales, digital marketing, enterprise accounts, strategic proposals
The candidate has strong experience in product management and data analytics, which are relevant to the role. However, they lack direct experience in sales, particularly in managing enterprise accounts and driving revenue, which are key components of the job description. While they have transferable skills, significant gaps in sales experience would require substantial ramp-up.",,,,,2026-05-14T21:57:56.024402+00:00
,,,,5,Product Success Manager - Direct Tax,Thomson Reuters,unknown,,,,https://thomsonreuters.wd5.myworkdayjobs.com/External_Career_Site/job/United-States-of-America-Ann-Arbor-Michigan/Product-Success-Manager_JREQ199773-1,https://thomsonreuters.wd5.myworkdayjobs.com/External_Career_Site/job/United-States-of-America-Ann-Arbor-Michigan/Product-Success-Manager_JREQ199773-1,"Customer Success Management, SaaS, product management, technical expertise, data governance, problem-solving, collaboration, strategic thinking
The candidate has relevant experience in product and project management, particularly in technical environments, but lacks direct experience in customer success management and the specific tax technology sector. While they possess strong technical skills and project experience, the absence of direct expertise with OneSource Direct Tax and the required years of experience in a customer-facing role limits their fit for this position.",,,,,2026-05-14T22:01:57.065581+00:00
,,,,5,Product Support Associate,Thomson Reuters,hybrid,,,,https://thomsonreuters.wd5.myworkdayjobs.com/External_Career_Site/job/Poland-Gdansk/Product-Support-Associate_JREQ194805,https://thomsonreuters.wd5.myworkdayjobs.com/External_Career_Site/job/Poland-Gdansk/Product-Support-Associate_JREQ194805,"product support, customer service, problem solving, software navigation, documentation, SQL, Python, Agile, data governance
The candidate has relevant experience in product management and technical project management, which includes problem-solving and customer interaction skills. However, they lack direct experience in tax and accounting software support, which is a key requirement for the role. While they possess strong technical skills in SQL and Python, the gaps in specific domain knowledge and direct customer support experience in the relevant field limit their fit for this position.",,,,,2026-05-14T22:01:57.065581+00:00
,,,,5,Professional Services Program Manager,Five9,hybrid,Remote,,Remote,,https://www.linkedin.com/jobs/view/4382823450,"Program Manager, Technical Consultant, Project Management, AI, Customer Experience, Implementation, SaaS, Agile, Communication, VoIP
The candidate has relevant experience in project management and technical roles, particularly in data and AI platforms, but lacks direct experience in the contact center industry and specific VoIP solutions mentioned in the job description. While they demonstrate strong project management skills and technical knowledge, the absence of experience with Five9 or similar platforms and the required years of experience in a related field limits their fit for this role.",,,,,2026-05-14T21:44:13.352357+00:00
,,,,5,Professional Services Specialist - North America,Motorola Solutions,remote,,,"Illinois Remote Work, More...",https://motorolasolutions.wd5.myworkdayjobs.com/Careers/job/Illinois-Remote-Work/Professional-Services-Specialist---North-America_R63969,https://motorolasolutions.wd5.myworkdayjobs.com/Careers/job/Illinois-Remote-Work/Professional-Services-Specialist---North-America_R63969,"IT environment, troubleshooting, customer support, networking, product training, deployment, configuration, VMS, APIs
The candidate has relevant experience in project management and technical product management, but lacks direct experience in the specific technologies and environments mentioned in the job description, such as VMS, physical security systems, and networking. While they have strong analytical and problem-solving skills, they would need substantial ramp-up to meet the specific requirements of this role.",,,,,2026-05-14T21:59:19.671411+00:00
,,,,5,Program Analyst Senior (EDI Focused Project Coordinator),Artemis ARC,remote,,,"Remote, US (Remote)",https://artemisarc-aptiveresources.icims.com/jobs/4334/job?utm_source=indeed_integration&iis=Job%20Board&iisn=Indeed&indeed-apply-token=73a2d2b2a8d6d5c0a62696875eaebd669103652d3f0c2cd5445d3e66b1592b0f,https://www.indeed.com/viewjob?jk=117aed8d10b4311d,"EDI, Agile, SQL, project management, JIRA, data analysis, healthcare, federal programs
The candidate has relevant project management experience and technical skills, particularly in Agile methodologies and SQL, but lacks direct experience with EDI standards and federal healthcare programs, which are crucial for this role. While they have worked with data and analytics in a technical capacity, the absence of specific EDI experience and the required years in federal healthcare limits their fit for this position.",,,,,2026-05-14T21:31:37.952938+00:00
,,,,5,Program Analysts (Integration Testing Managers),Artemis ARC,remote,,,"Remote, US (Remote)",https://artemisarc-aptiveresources.icims.com/jobs/4330/job?utm_source=indeed_integration&iis=Job%20Board&iisn=Indeed&indeed-apply-token=73a2d2b2a8d6d5c0a62696875eaebd669103652d3f0c2cd5445d3e66b1592b0f,https://www.indeed.com/viewjob?jk=0eb5183fd56af389,"integration testing, end-to-end testing, healthcare systems, project management, defect triage, testing documentation, Agile development, SQL, data integrity
The candidate has relevant experience in project management and data analytics, but lacks direct experience in systems integration and end-to-end testing specifically for healthcare systems. While they have strong technical skills and project management experience, the absence of hands-on experience in the healthcare domain and specific testing methodologies presents a significant gap for this role.",,,,,2026-05-14T21:31:37.952938+00:00
,,,,5,Program Director,Qodea,unknown,,,,,https://www.linkedin.com/jobs/view/4414259695,"project management, technical leadership, client-facing, operational excellence, financial integrity, program management, design integration, technical fluency
The candidate has relevant experience in project management and technical product management, particularly in data and AI platforms. However, they lack the extensive client-facing experience (10+ years) and agency setting experience required for the Program Director role, which are key components of the job description. While they demonstrate strong technical skills and project management capabilities, the gaps in seniority and specific experience with large-scale programs limit their fit for this position.",,,,,2026-05-14T21:50:40.094592+00:00
,,,,5,Program Manager,Artemis ARC,remote,,,"Remote, US (Remote)",https://artemisarc-aptiveresources.icims.com/jobs/4322/job?utm_source=indeed_integration&iis=Job%20Board&iisn=Indeed&indeed-apply-token=73a2d2b2a8d6d5c0a62696875eaebd669103652d3f0c2cd5445d3e66b1592b0f,https://www.indeed.com/viewjob?jk=54d25f2ddf91fa11,"program management, federal programs, project management, strategic direction, operational oversight, risk mitigation, stakeholder coordination, communication, analytical skills
The candidate has relevant experience in project management and technical product management, but lacks the extensive experience (12 years) and specific background in managing federal programs or Department of Defense projects as required by the job description. While they possess strong analytical and communication skills, the gaps in federal program experience and the required master's degree limit their fit for this role.",,,,,2026-05-14T21:36:03.741595+00:00
,,,,5,Program Manager,Goldbelt,remote,,,"Remote, US (Remote)",https://talent.goldbelt.com/jobs/19579/job?utm_source=indeed_integration&iis=Job%20Board&iisn=Indeed&indeed-apply-token=73a2d2b2a8d6d5c0a62696875eaebd669103652d3f0c2cd5445d3e66b1592b0f,https://www.indeed.com/viewjob?jk=3f500972f598eec9,"Program Manager, project management, leadership, financial planning, communication, IT operations, DoD, cybersecurity
The candidate has relevant experience in project management and technical product management, but lacks specific qualifications and experience in a DoD IT environment, which is crucial for this role. While they have strong leadership and communication skills, the absence of a PMP certification and direct experience managing complex IT operations limits their fit for this position.",,,,,2026-05-14T21:36:03.741595+00:00
,,,,5,Program Manager,Strategic Employment Partners (SEP),remote,,,Remote,,https://www.linkedin.com/jobs/view/4414500009,"Program Manager, Technical Program Manager, data analytics platform, process improvement, AI, Automation, Microsoft Power Platform, software development life cycle
The candidate has relevant experience in project management and technical product management, particularly in data and AI platforms. However, they lack specific experience with Microsoft Power Platform and Copilot Studio, which are crucial for this role. Additionally, while they have strong technical skills, the absence of a PMP certification and direct experience in low-code solutions and change management presents significant gaps.",,,,,2026-05-14T21:44:13.352357+00:00
,,,,5,Program Manager,TISTA Science and Technology Corporation,remote,,,"Remote, US (Remote)",https://careers.tistatech.com/jobs/5881/job?utm_source=indeed_integration&iis=Job%20Board&iisn=Indeed&indeed-apply-token=73a2d2b2a8d6d5c0a62696875eaebd669103652d3f0c2cd5445d3e66b1592b0f,https://www.indeed.com/viewjob?jk=1b824511b6d45fb2,"Program Manager, EDI, Agile, project management, healthcare, compliance, risk management, cross-functional teams
The candidate has relevant experience in project management and product management, particularly in data and AI platforms, but lacks direct experience with EDI transactions and healthcare-specific IT projects. While they have strong skills in Agile methodologies and managing cross-functional teams, the absence of experience in federal or healthcare environments and specific EDI knowledge presents significant gaps for this role.",,,,,2026-05-14T21:29:36.448824+00:00
,,,,5,"Program Manager - CRM Migration, Enterprise Transformation",Slipstream IT,hybrid,"Remote, US (Remote)",,"Remote, US (Remote)",https://slipstream-it.hrmdirect.com/employment/view.php?req=3714901&jbsrc=1014&location=5dfa8151-0284-6a25-5521-43b65c119c0f,https://www.indeed.com/viewjob?jk=b4a8d655651d77dc,"CRM migration, project management, data migration, Salesforce, Veeva, enterprise software, Agile, cross-functional teams, compliance, risk mitigation
The candidate has relevant experience in project management and technical product management, but lacks direct experience with CRM platforms like Salesforce or Veeva, which are crucial for this role. While they have managed complex projects and have a strong background in data and analytics, the absence of specific CRM migration experience and the required years in that domain limits their fit for this position.",,,,,2026-05-14T21:33:49.397717+00:00
,,,,5,Program Manager – non-CO2 Mitigation,GE Aerospace,remote,,,Remote,,https://www.linkedin.com/jobs/view/4413497887,"program management, cross-functional programs, stakeholder coordination, operational data quality, communication skills, software implementation, aviation operations
The candidate has relevant experience in project management and technical product management, particularly in data and AI platforms, which involves cross-functional coordination and stakeholder engagement. However, they lack direct experience in aviation operations, carbon project development, and the specific non-CO2 monitoring requirements outlined in the job description, resulting in a moderate match.",,,,,2026-05-14T21:44:13.352357+00:00
,,,,5,"Program Manager, Implementation (Enterprise)","Aledade, Inc.",remote,,,"Remote, US (Remote)",https://jobs.lever.co/aledade/76d12ed1-8a35-497f-97a7-9fb5b0368f1b?lever-source=Indeed,https://www.indeed.com/viewjob?jk=82487f2fa14d66d2,"implementation, project management, healthcare technology, EHR, SaaS, data integration, Agile, stakeholder management, process improvement
The candidate has relevant experience in project management and technical product management, particularly in data and AI platforms, which could translate to the healthcare technology space. However, they lack direct experience with EHR implementations and specific healthcare industry standards like FHIR and HL7, which are critical for this role. The candidate's experience with data pipelines and analytics is valuable but does not fully align with the requirements for managing enterprise-level healthcare implementations.",,,,,2026-05-14T21:36:03.741595+00:00
,,,,5,"Program Manager, Major Deployments (South East)",Skydio,unknown,,,,,https://www.linkedin.com/jobs/view/4393237737,"Program Manager, customer-facing, project management, technical execution, risk management, agile development, Law Enforcement, implementation, analytics
The candidate has relevant experience in project management and technical product management, but lacks direct experience in law enforcement and the specific requirements of managing large-scale customer projects in that field. While they have strong technical skills and experience with data analytics, the absence of law enforcement experience and specific program management in that context limits their fit for this role.",,,,,2026-05-14T21:44:13.352357+00:00
,,,,5,Programs Manager EMEA & JAPAC (F/M),Parrot,remote,,,Remote,,https://www.linkedin.com/jobs/view/4399724338,"program management, customer success, technical enablement, market development, Defence, Public Safety, government organizations, operational drone use, relationship-building, strategic initiatives
The candidate has relevant experience in technical project management and product management, but lacks direct experience in the Defence and Public Safety UAV market, which is a key requirement for the role. While they possess strong project management skills and have worked with enterprise customers, the absence of specific experience with governmental and defense organizations presents a significant gap.",,,,,2026-05-14T21:44:13.352357+00:00
,,,,5,Project Coordinator,Leidos,remote,,,Remote,,https://www.linkedin.com/jobs/view/4410313573,"project management, administrative support, communication skills, scheduling, logistics coordination, Microsoft Office Suite
The candidate has strong project management experience and technical skills, but lacks direct administrative experience and familiarity with specific tools mentioned in the job description, such as the Defense Travel System. While they have relevant skills in managing teams and projects, the role requires more focused administrative capabilities and experience in a government or military context, which the candidate does not demonstrate.",,,,,2026-05-14T21:44:13.352357+00:00
,,,,5,"Project Director, State & Local Government",Workday,remote,,,USA Remote,https://workday.wd5.myworkdayjobs.com/Workday/job/USA-Remote/Project-Director--State---Local-Government_JR-0106513-1,https://workday.wd5.myworkdayjobs.com/Workday/job/USA-Remote/Project-Director--State---Local-Government_JR-0106513-1,"project management, SaaS, cloud, budgeting, customer success, relationship management, deployment, governance, agile, data governance
The candidate has relevant experience in project management and technical product management, particularly in data and AI platforms, which aligns with some aspects of the role. However, they lack direct experience in State & Local Government and the specific Workday product suite, which are critical for this position. Additionally, while they have strong technical skills, the role requires extensive experience in managing multiple Cloud/SaaS ERP business areas, which the candidate does not fully demonstrate.",,,,,2026-05-14T21:56:19.504779+00:00
,,,,5,Project Manager,Applied Information Sciences,hybrid,"Remote, US (Remote)",,"Remote, US (Remote)",https://appliedis.wd5.myworkdayjobs.com/en-US/AIS_Careers/job/USA-Remote/Project-Manager_JR2026001199,https://www.indeed.com/viewjob?jk=f79ce79094ebd6cc,"project management, Azure infrastructure, cloud deployment, risk management, financial tracking, Agile, SQL, data pipelines
The candidate has relevant project management experience and technical skills, particularly in data management and analytics, but lacks direct experience with Azure infrastructure deployment, which is a key requirement for the role. While they have strong project management capabilities and some technical knowledge, the absence of specific Azure experience and the required years in that domain leads to a moderate match.",,,,,2026-05-14T21:42:01.891331+00:00
,,,,5,Project Manager,Artemis ARC,remote,,,"Remote, US (Remote)",https://artemisarc-aptiveresources.icims.com/jobs/4335/job?utm_source=indeed_integration&iis=Job%20Board&iisn=Indeed&indeed-apply-token=73a2d2b2a8d6d5c0a62696875eaebd669103652d3f0c2cd5445d3e66b1592b0f,https://www.indeed.com/viewjob?jk=d5628f9fe06391dd,"Project Management, Agile, JIRA, Data Analytics, Integration Testing, Federal Healthcare, Risk Management, MS Project
The candidate has relevant project management experience and familiarity with Agile methodologies, but lacks specific experience in federal healthcare programs and the required years of experience. While they have strong technical skills and project management capabilities, the absence of direct experience with the Department of Veterans Affairs and the specific tools mentioned in the job description limits their fit for this role.",,,,,2026-05-14T21:31:37.952938+00:00
,,,,5,Project Manager,Focus GTS,remote,,,Remote,,https://www.linkedin.com/jobs/view/4413584303,"Project Manager, consulting experience, Adobe Experience Cloud, Agile, software development methodologies, stakeholder management
The candidate has strong project management experience and technical skills, particularly in data and AI platforms, but lacks specific experience with Adobe products and consulting roles as outlined in the job description. While they have relevant skills in managing projects and teams, the absence of direct experience with Adobe Experience Cloud and Workfront presents a significant gap for this role.",,,,,2026-05-14T21:50:40.094592+00:00
,,,,5,Project Manager,Northrop Grumman,remote,,,"Remote, US (Remote)",https://jsv3.recruitics.com/redirect?rx_cid=3658&rx_jobId=R10232918&rx_url=https%3A%2F%2Fjobs.northropgrumman.com%2Fcareers%2Fjob%2F1340071723229%3Fcode%3DJB-17946%26domain%3Dngc.com%26rx_a%3D0%26rx_c%3D%26rx_ch%3Djobp4p%26rx_group%3D288254%26rx_id%3De52b4e0d-4fa3-11f1-b6e7-ddbee8415385%26rx_job%3DR10232918%26rx_medium%3Dcpc%26rx_r%3Dnone%26rx_source%3Dindeed%26rx_ts%3D20260514T200413Z%26rx_vp%3Dcpc%26source%3DJB-17946%26utm_audience%3Dprospectivetalentemployees%26utm_campaign%3Dta-general%26utm_content%3Djobfeed%26utm_format%3Dcpl%26utm_medium%3Djobboard%26utm_source%3Dindeed,https://www.indeed.com/viewjob?jk=eeba9ab9a141b9a2,"Project Management, Facilities Services Agreements, Risk Management, Compliance, Communication Skills, Process Improvements, Cross-Functional Teams
The candidate has relevant project management experience and skills, particularly in technical project management and product management. However, they lack direct experience in facility management and the specific requirements outlined in the job description, such as familiarity with facility operations and systems. While they possess strong communication and organizational skills, the gaps in experience with facilities services and risk management processes limit their fit for this role.",,,,,2026-05-14T21:36:03.741595+00:00
,,,,5,Project Manager,Powersolv Inc,remote,,,"Remote, US (Remote)",http://www.indeed.com/job/project-manager-3763036a2084a15e,https://www.indeed.com/viewjob?jk=3763036a2084a15e,"project management, program planning, compliance, stakeholder coordination, process improvement, mentoring, SOPs
The candidate has relevant experience in project management and has worked with various stakeholders, but lacks specific experience in program planning and development as it relates to public administration or human services. While they have strong technical skills and project management experience, the job requires a deeper understanding of state and community resources, which is not evident in the candidate's background.",,,,,2026-05-14T21:36:03.741595+00:00
,,,,5,Project Manager,"Stride, Inc.",remote,,,"Remote, US (Remote)",https://strideinc.wd1.myworkdayjobs.com/en-US/SK/job/US-Nationwide---Remote/Project-Manager_JR114503,https://www.indeed.com/viewjob?jk=a0e83ebca894b38f,"project management, K-12 education, customer implementation, compliance, accreditation, vendor management, communication, stakeholder management
The candidate has relevant project management experience and has worked in technical roles, but lacks specific experience in the K-12 education sector and the associated compliance and accreditation processes. While they have strong organizational and communication skills, the absence of direct experience in education services and managing multiple concurrent projects in that field presents a moderate match for this role.",,,,,2026-05-14T21:36:03.741595+00:00
,,,,5,Project Manager - HR Service Support,A P Ventures LLC,remote,,,"Remote, US (Remote)",https://secure6.saashr.com/ta/6198131.jobs?ShowJob=705054211,https://www.indeed.com/viewjob?jk=82f398b28709fdbb,"Project Management, Agile Development, HR Service Support, Risk Management, Communication, Deliverables, Team Leadership
The candidate has strong project management experience and technical skills, particularly in Agile development and data analytics, but lacks specific experience in HR services and federal contracts, which are critical for this role. While they have led teams and managed deliverables, the absence of direct HR experience and knowledge of federal HR systems presents a significant gap.",,,,,2026-05-14T21:50:40.094592+00:00
,,,,5,Project Manager - HR Service Support,A P Ventures LLC,remote,,,"Remote, US (Remote)",https://secure6.saashr.com/ta/6198131.careers?ShowJob=705054211,https://www.indeed.com/viewjob?jk=f90ddebd38b70e78,"Project Management, HR Service Support, Agile Development, CDRL deliverables, risk management, communication, federal HR services
The candidate has strong project management experience and technical skills, particularly in data and analytics, but lacks direct experience in HR services and federal contracts, which are critical for this role. While they have managed teams and delivered projects successfully, the specific HR focus and familiarity with federal HR systems are significant gaps that would require substantial ramp-up.",,,,,2026-05-14T21:50:40.094592+00:00
,,,,5,Project Manager - ONESOURCE,Thomson Reuters,hybrid,,,,https://thomsonreuters.wd5.myworkdayjobs.com/External_Career_Site/job/United-Arab-Emirates-Dubai-Dubai/Project-Manager---ONESOURCE_JREQ197689,https://thomsonreuters.wd5.myworkdayjobs.com/External_Career_Site/job/United-Arab-Emirates-Dubai-Dubai/Project-Manager---ONESOURCE_JREQ197689,"project management, implementation, consulting, client management, Agile, communication, data governance, tax technology
The candidate has relevant project management experience and a strong background in data and AI platforms, but lacks specific experience in tax technology and the required 12+ years of core project management experience. While they have managed complex projects and teams, the absence of direct experience with ERP systems and tax-related processes presents a significant gap for this role.",,,,,2026-05-14T22:01:57.065581+00:00
,,,,5,Project Manager II (MAE),Coastal,remote,,,"Remote, US (Remote)",https://recruitingbypaycor.com/career/JobIntroduction.action?id=8a7887a19de07068019e17aade35764e&source=Indeed+Free,https://www.indeed.com/viewjob?jk=2f10dd70f8c7b340,"Project Manager, client management, Agile, Salesforce, leadership, risk management, communication, mentoring
The candidate has relevant project management experience and technical skills, particularly in data and AI platforms, but lacks direct experience with Salesforce implementations, which is a key requirement for this role. While they have strong leadership and client management skills, the absence of Salesforce-specific experience and certification presents a significant gap for this position.",,,,,2026-05-14T21:50:40.094592+00:00
,,,,5,Project Manager II - Data Centers,VERTECH,remote,,,"Remote, US (Remote)",https://www.vertech.com/open-positions?gnk=job&gni=8a78859f9de070d0019e1879bc220226&gns=Indeed+Free,https://www.indeed.com/viewjob?jk=469e2239b9199b22,"project management, automation, budget management, client communication, data centers, technical experience
The candidate has strong project management experience and has worked with data and automation, but lacks direct experience in the industrial automation industry and specifically in data centers. While they have relevant skills in managing budgets and client communication, the absence of specific industry experience and the required years in that field limits their fit for this role.",,,,,2026-05-14T21:33:49.397717+00:00
,,,,5,Project Manager | プロジェクトマネージャー,Thomson Reuters,hybrid,,,,https://thomsonreuters.wd5.myworkdayjobs.com/External_Career_Site/job/Japan-Tokyo/Project-Manager---_JREQ198672,https://thomsonreuters.wd5.myworkdayjobs.com/External_Career_Site/job/Japan-Tokyo/Project-Manager---_JREQ198672,"project management, software implementation, client-facing projects, Agile, communication skills, resource management, stakeholder coordination
The candidate has relevant project management experience and has worked with software solutions, but lacks specific experience in enterprise software implementations and the required years of experience (5-10 years). While they have strong technical skills and have managed teams, the absence of direct experience in the required domains and the language proficiency in Japanese are significant gaps for this role.",,,,,2026-05-14T22:01:57.065581+00:00
,,,,5,"Project Manager, Card Program Implementations",Blossom,unknown,,,,,https://www.linkedin.com/jobs/view/4413754553,"project management, SQL, card program implementations, cross-functional teams, compliance, Agile, data analysis, communication
The candidate has relevant experience in project management and technical product management, particularly in data and AI platforms. However, they lack direct experience with card program implementations and the specific financial services context required for this role, which includes familiarity with card processors and compliance with Visa and Mastercard requirements. While they possess strong analytical and communication skills, the absence of direct experience in the payments industry and card lifecycle management limits their fit for this position.",,,,,2026-05-14T21:29:36.448824+00:00
,,,,5,"Project Manager, Implementation",Evolent,remote,,,"Remote, US (Remote)",https://evolent.wd1.myworkdayjobs.com/en-US/External/job/Work-at-Home/Project-Manager--Implementation_JR-916215,https://www.indeed.com/viewjob?jk=e06b1a03195a17c7,"project management, implementation, healthcare, Agile, communication, stakeholder management, risk management, JIRA
The candidate has relevant project management experience and has worked in technical roles that involve collaboration and stakeholder management. However, they lack specific healthcare management experience and the required 1-2 years in that field, which is a key requirement for this role. Additionally, while they have strong technical skills, the focus on healthcare implementation is a significant gap.",,,,,2026-05-14T21:36:03.741595+00:00
,,,,5,Project Manager-ITIL,Ampstek,hybrid,Remote,,Remote,,https://www.linkedin.com/jobs/view/4413528572,"Project Manager, ITIL, ServiceNow, infrastructure projects, ITSM, Agile, stakeholder management
The candidate has relevant project management experience and a background in data and AI platforms, but lacks direct experience with ITIL processes and ServiceNow implementations, which are critical for this role. While they have strong skills in managing projects and teams, the absence of specific ITIL and ServiceNow experience presents a significant gap for this position.",,,,,2026-05-14T21:40:03.505024+00:00
,,,,5,Project Schedulers,Artemis ARC,remote,,,"Remote, US (Remote)",https://artemisarc-aptiveresources.icims.com/jobs/4331/job?utm_source=indeed_integration&iis=Job%20Board&iisn=Indeed&indeed-apply-token=73a2d2b2a8d6d5c0a62696875eaebd669103652d3f0c2cd5445d3e66b1592b0f,https://www.indeed.com/viewjob?jk=1ece1b900c266f86,"project scheduling, Agile development, MS Project, healthcare IT, federal programs, schedule management, risk management, stakeholder communication
The candidate has strong project management experience, particularly in technical and data-driven environments, but lacks specific experience in project scheduling for large-scale IT or healthcare programs as required by the job. While they have relevant skills in Agile development and stakeholder communication, the absence of direct experience with MS Project and federal healthcare programs presents a moderate gap in qualifications.",,,,,2026-05-14T21:33:49.397717+00:00
,,,,5,Project Supervisor,Clobotics,remote,,,"Remote, US (Remote)",http://www.indeed.com/job/project-supervisor-03f7ef7de62b96a0,https://www.indeed.com/viewjob?jk=03f7ef7de62b96a0,"project management, field operations, retail operations, vendor coordination, quality control, communication skills, data analytics, AI, computer vision
The candidate has strong project management experience and technical skills, particularly in data and AI platforms, which could be beneficial for the role. However, they lack specific experience in field operations and retail execution, which are key requirements for this position. The candidate's experience in managing projects and teams may help bridge some gaps, but they would still need significant ramp-up in the specific context of retail and field operations.",,,,,2026-05-14T21:50:40.094592+00:00
,,,,5,Python Developer,Ciena,remote,,,Remote-Canada-British Columbia,https://ciena.wd5.myworkdayjobs.com/Careers/job/Remote-Canada-British-Columbia/Python-Developer_R030521,https://ciena.wd5.myworkdayjobs.com/Careers/job/Remote-Canada-British-Columbia/Python-Developer_R030521,"Python, cloud-native, microservices, automation, software development, data models, testing, debugging
The candidate has experience with Python and has worked on data pipelines and automation, which are relevant to the role. However, they lack direct experience in developing cloud-native microservices and working within Linux environments, which are critical for this position. Additionally, the candidate's background is more focused on product and project management rather than software development, indicating a moderate match with significant gaps in key technical skills.",,,,,2026-05-14T21:55:51.922966+00:00
,,,,5,QA Engineer I,ClearCompany,remote,,,"Remote, US (Remote)",https://jobs.hrmdirect.com/employment/view.php?req=3700776&jbsrc=1014&location=be7ab4c9-30b1-8c2a-a207-cc422e2bf6f1,https://www.indeed.com/viewjob?jk=55e41085f3f88288,"QA Engineer, Quality Assurance, testing, SaaS products, AI tools, process improvements, documentation, test cases
The candidate has strong project management experience and has worked with data and analytics, but lacks direct experience in a QA role or specific testing methodologies required for the position. While they have some transferable skills and familiarity with AI tools, they do not meet the 1-2 years of QA experience specified in the job description.",,,,,2026-05-14T21:29:36.448824+00:00
,,,,5,Quality Assurance Specialist/Engineer & Documentation,Stp,remote,,,"Remote, US (Remote)",https://strategictechpartners.hrmdirect.com/employment/view.php?req=3713112&jbsrc=1014&location=675195a9-761a-403e-f76a-2ce7c6816e8c,https://www.indeed.com/viewjob?jk=83739369192718ed,"Quality Assurance, Documentation Management, Agile, Project Management, Jira, Deliverable Tracking, Communication Skills
The candidate has relevant experience in project management and documentation, particularly in technical environments, which aligns with some of the job requirements. However, they lack direct experience in quality assurance and specific tools mentioned in the job description, such as Confluence and ServiceNow. This results in a moderate match with some key requirements missing.",,,,,2026-05-14T21:40:03.505024+00:00
,,,,5,Quality Assurance Specialist/Engineer & Documentation,Strategic Technology Partners,remote,,,"Remote, US (Remote)",https://strategictechpartners.hrmdirect.com/employment/job-opening.php?req=3713112&req_loc=1321909&nohd#job,https://www.indeed.com/viewjob?jk=ccc065391857d336,"Quality Assurance, Documentation Management, Project Management, Agile, Deliverable Tracking, Jira, Communication Skills
The candidate has relevant project management experience and familiarity with Agile methodologies, which are beneficial for the role. However, they lack direct experience in Quality Assurance and documentation management, which are key requirements for this position. While they have strong organizational and communication skills, the absence of specific QA experience results in a moderate match.",,,,,2026-05-14T21:40:03.505024+00:00
,,,,5,"Sales Operations Manager, Commercial Print",Thomson Reuters,hybrid,,,,https://thomsonreuters.wd5.myworkdayjobs.com/External_Career_Site/job/United-States-of-America-Eagan-Minnesota/Sales-Operations-Manager--Commercial-Print_JREQ197403,https://thomsonreuters.wd5.myworkdayjobs.com/External_Career_Site/job/United-States-of-America-Eagan-Minnesota/Sales-Operations-Manager--Commercial-Print_JREQ197403,"sales operations, data-driven insights, process optimization, sales enablement, Power BI, Salesforce, territory planning, quota setting, analytical roles
The candidate has strong experience in project management and data analytics, particularly with tools like Power BI and SQL, which are relevant to the role. However, they lack direct experience in sales operations and the specific requirements of the commercial print industry, which are key for this position. While they possess transferable skills, significant gaps in sales operations experience and industry knowledge would require substantial ramp-up.",,,,,2026-05-14T22:01:57.065581+00:00
,,,,5,Salesforce 架構師 (Salesforce Architect),Salesforce,remote,,,Taiwan - Remote,https://salesforce.wd12.myworkdayjobs.com/External_Career_Site/job/Taiwan---Remote/Salesforce---Salesforce-Architect-_JR333502,https://salesforce.wd12.myworkdayjobs.com/External_Career_Site/job/Taiwan---Remote/Salesforce---Salesforce-Architect-_JR333502,"Salesforce, project management, AI, data governance, Agile, strategy planning, transformation design, communication, automation
The candidate has strong project management experience and some relevant technical skills, particularly in data and AI platforms. However, they lack direct experience with Salesforce and the specific requirements for a Salesforce Architect role, such as extensive experience in Salesforce governance and architecture design. The candidate would need significant ramp-up to meet the job's core requirements.",,,,,2026-05-14T22:07:01.612876+00:00
,,,,5,SAP Business One / Acumatica Project Manager,Softengine,hybrid,"Remote, US (Remote)",,"Remote, US (Remote)",https://ats.rippling.com/softengine/jobs/e71dfd14-1e77-4c0d-bb14-c55675502820?jobSite=Indeed,https://www.indeed.com/viewjob?jk=c8da88956170e590,"ERP project management, SAP Business One, Acumatica, project lifecycle, client communication, risk management, Agile, Jira
The candidate has strong project management experience and has worked with data and analytics platforms, but lacks direct experience with SAP Business One or Acumatica implementations, which are crucial for this role. While they have relevant skills in managing projects and cross-functional teams, the absence of specific ERP implementation experience and the required certifications presents a significant gap.",,,,,2026-05-14T21:33:49.397717+00:00
,,,,5,SAP Offshore Delivery Lead - Contract,Westernacher Consulting,hybrid,,,,,https://www.linkedin.com/jobs/view/4413911917,"offshore delivery management, project lifecycle, stakeholder management, resource allocation, team performance, IT delivery processes
The candidate has strong project management experience and has led teams in technical environments, but lacks specific experience in SAP and offshore delivery management, which are critical for this role. While they demonstrate relevant skills in managing projects and teams, the absence of direct experience in SAP and offshore resource management presents a significant gap.",,,,,2026-05-14T21:37:59.870693+00:00
,,,,5,SAP Project Manager,Thomson Reuters,hybrid,,,,https://thomsonreuters.wd5.myworkdayjobs.com/External_Career_Site/job/India-Bengaluru-Karnataka/Project-Manager_JREQ197697,https://thomsonreuters.wd5.myworkdayjobs.com/External_Career_Site/job/India-Bengaluru-Karnataka/Project-Manager_JREQ197697,"project management, consulting, client management, communication skills, ERP projects, data analysis, Agile development
The candidate has relevant project management experience and has worked with data and analytics, but lacks specific experience in ERP implementations and the required industry knowledge in tax technology. While they have strong communication and leadership skills, the absence of direct experience with O2C/P2P processes and consulting in the specified regions presents significant gaps for this role.",,,,,2026-05-14T22:01:57.065581+00:00
,,,,5,Scrum Master - Remote,Pinnacle Method Consulting,remote,,,Remote,,https://www.linkedin.com/jobs/view/4413862908,"Agile, Scrum, project management, team dynamics, mentoring, communication
The candidate has relevant experience in Agile project management and has led scrum ceremonies, which aligns with the job's requirements. However, they lack the specified 4 years of experience as a Scrum Master and do not explicitly mention experience in transitioning from Waterfall to Agile, which are key qualifications for this role.",,,,,2026-05-14T21:29:36.448824+00:00
,,,,5,Scrum Master for Data Center to Cloud Migration,CloudIngest,hybrid,Remote,,Remote,,https://www.linkedin.com/jobs/view/4414222802,"Scrum Master, cloud migration, Agile, project management, Scrum ceremonies, cross-functional teams, cloud transformation
The candidate has strong experience in project management and Agile methodologies, including leading scrum ceremonies and managing cross-functional teams. However, they lack direct experience with cloud migration projects and specific cloud platforms, which are critical for this role. While they have relevant skills, the absence of cloud migration experience and specific technical knowledge results in a moderate match.",,,,,2026-05-14T21:42:01.891331+00:00
,,,,5,Scrum Master with Data center,Envision Technology Solutions,unknown,,,,,https://www.linkedin.com/jobs/view/4414135093,"Scrum Master, Agile, cloud migration, project management, Jira, cross-functional teams, communication, leadership
The candidate has strong project management experience and has led Agile teams, which aligns with the Scrum Master role. However, they lack direct experience with cloud migration strategies and specific cloud platforms, which are critical for this position. While they have relevant skills, the absence of cloud transformation experience presents a significant gap.",,,,,2026-05-14T21:29:36.448824+00:00
,,,,5,"Senior Analyst, Compliance",Thomson Reuters,hybrid,,,,https://thomsonreuters.wd5.myworkdayjobs.com/External_Career_Site/job/United-States-of-America-Eagan-Minnesota/Senior-Analyst--Compliance_JREQ200381,https://thomsonreuters.wd5.myworkdayjobs.com/External_Career_Site/job/United-States-of-America-Eagan-Minnesota/Senior-Analyst--Compliance_JREQ200381,"compliance, contract management, obligations management, auditing, risk mitigation, data extraction, ERP systems, legal documents
The candidate has relevant experience in project management and data analytics, particularly in contract intelligence and compliance-related projects. However, they lack direct experience in obligations management and contract lifecycle management systems, which are critical for this role. Additionally, while they have strong technical skills, the specific requirements for compliance and legal documentation are not fully met, resulting in a moderate match.",,,,,2026-05-14T22:01:57.065581+00:00
,,,,5,"Senior Analyst, Global Commercial Finance",Moderna,onsite,,,,https://modernatx.wd1.myworkdayjobs.com/M_tx/job/Warsaw---Poland/Senior-Analyst--Global-Commercial-Finance_R19142,https://modernatx.wd1.myworkdayjobs.com/M_tx/job/Warsaw---Poland/Senior-Analyst--Global-Commercial-Finance_R19142,"financial planning, analysis, budgeting, reporting, data-driven insights, Excel, automation, operational finance, continuous improvement
The candidate has strong experience in project management and data analytics, but lacks direct experience in financial planning and analysis, which is a key requirement for the role. While they have relevant skills in data management and reporting, they do not meet the preferred qualifications of having 4+ years in FP&A or experience in life sciences, resulting in a moderate match.",,,,,2026-05-14T22:26:35.890133+00:00
,,,,5,"Senior Analyst, IT Applications",Ciena,remote,,,Remote-Philippines,https://ciena.wd5.myworkdayjobs.com/Careers/job/Remote-Philippines/SharePoint--Office-365--and-Power-Platform-Administrator_R030264,https://ciena.wd5.myworkdayjobs.com/Careers/job/Remote-Philippines/SharePoint--Office-365--and-Power-Platform-Administrator_R030264,"Microsoft 365, Microsoft Teams, SharePoint Online, Azure Active Directory, Datadog, ITIL, project management, technical ownership, collaboration services
The candidate has strong project management experience and some relevant technical skills, particularly in data management and analytics, but lacks direct experience with Microsoft 365 services and the specific tools mentioned in the job description. While they have experience in leading technical projects and managing teams, they do not meet the required years of experience in Microsoft 365 ownership or the specific technical expertise needed for this role.",,,,,2026-05-14T22:06:26.829660+00:00
,,,,5,Senior Assurance and Advisory Auditor - DT,GE Aerospace,remote,,,"Remote, US (Remote)",https://careers.geaerospace.com/global/en/job/R5034415/Senior-Assurance-and-Advisory-Auditor-DT?utm_source=indeed&utm_medium=phenom-feeds,https://www.indeed.com/viewjob?jk=38da980c795167c6,"audit, risk assessment, data analysis, IT governance, cybersecurity, compliance, automation, documentation, SQL, Python
The candidate has a strong background in technical project management and data analytics, with experience in SQL and Python, which are relevant to the role. However, they lack direct experience in risk-based IT audit and the specific frameworks and certifications mentioned in the job description, indicating a moderate match with key requirements.",,,,,2026-05-14T21:31:37.952938+00:00
,,,,5,"Senior Backend Engineer, Data",Grüns,remote,,,"Remote, US (Remote)",https://grnh.se/asv8a1868us,https://www.indeed.com/viewjob?jk=f2469f77d1229910,"Python, SQL, data ingestion, APIs, backend services, production-grade services, cloud infrastructure, GCP, automation, data workflows
The candidate has relevant experience in product management and technical project management, with some exposure to data pipelines and backend services. However, they lack direct experience in backend engineering and the specific technical skills required for the role, such as building production APIs and cloud infrastructure management. The candidate's experience with Python and SQL is a plus, but significant gaps in backend engineering experience and specific tools like Airflow and GCP are present.",,,,,2026-05-14T21:40:03.505024+00:00
,,,,5,Senior BESS Performance Analyst,Canadian Solar,remote,,,US - Remote,https://canadiansolar.wd5.myworkdayjobs.com/CanadianSolar/job/US---Remote/Senior-BESS-Performance-Analyst_10000858-1,https://canadiansolar.wd5.myworkdayjobs.com/CanadianSolar/job/US---Remote/Senior-BESS-Performance-Analyst_10000858-1,"BESS, performance analysis, data analysis, operational diagnostics, troubleshooting, system performance, technical documentation, collaboration, sustainability
The candidate has strong project management and data analysis experience, particularly in the context of technical products and AI platforms. However, they lack direct experience with battery energy storage systems (BESS) and the specific technical expertise required for this role, which includes familiarity with control and communication protocols used in energy storage applications. While they possess relevant skills, the absence of direct experience in the energy sector and BESS systems presents a significant gap.",,,,,2026-05-14T22:13:28.680494+00:00
,,,,5,Senior Business Development Manager,Thomson Reuters,hybrid,,,,https://thomsonreuters.wd5.myworkdayjobs.com/External_Career_Site/job/Japan-Tokyo/Senior-Business-Development-Manager_JREQ199302-2,https://thomsonreuters.wd5.myworkdayjobs.com/External_Career_Site/job/Japan-Tokyo/Senior-Business-Development-Manager_JREQ199302-2,"Business Development, Sales, Customer Relationships, Data Sales, Communication Skills, Presentation Skills, Strategic Relationships, Contract Expansion
The candidate has experience in product management and technical project management, but lacks direct experience in business development and sales, which are critical for this role. While they have strong analytical and communication skills, their background does not align closely with the requirements for driving sales and developing strategic relationships in a business development context.",,,,,2026-05-14T22:01:57.065581+00:00
,,,,5,Senior Client Delivery Lead (Energy Billing experience),Kraken,unknown,,,,,https://www.linkedin.com/jobs/view/4413966047,"client delivery, product management, agile delivery, technology transformation, communication skills, problem solving, customer journeys
The candidate has relevant experience in product management and project delivery, particularly in technology and data-driven environments. However, they lack specific experience in energy billing and the direct client delivery lead role as described in the job posting, which are key requirements. While they possess strong technical and analytical skills, the absence of energy sector experience and direct billing knowledge results in a moderate match.",,,,,2026-05-14T21:37:59.870693+00:00
,,,,5,Senior Client Resource Manager,Thomson Reuters,hybrid,,,,https://thomsonreuters.wd5.myworkdayjobs.com/External_Career_Site/job/United-States-of-America-Eagan-Minnesota/Senior-Client-Resource-Manager_JREQ199173,https://thomsonreuters.wd5.myworkdayjobs.com/External_Career_Site/job/United-States-of-America-Eagan-Minnesota/Senior-Client-Resource-Manager_JREQ199173,"resource management, capacity planning, professional services, data analysis, stakeholder management, revenue growth, project management
The candidate has relevant experience in project and product management, particularly in data and AI platforms, which involves some aspects of resource management and capacity planning. However, they lack direct experience in a formal Resource Management Office and do not meet the 10+ years of experience requirement, indicating significant gaps in the specific skills and experience needed for this senior role.",,,,,2026-05-14T22:01:57.065581+00:00
,,,,5,Senior Client Resource Manager,Thomson Reuters,hybrid,,,,https://thomsonreuters.wd5.myworkdayjobs.com/External_Career_Site/job/United-Kingdom-London/Senior-Client-Resource-Manager_JREQ199028,https://thomsonreuters.wd5.myworkdayjobs.com/External_Career_Site/job/United-Kingdom-London/Senior-Client-Resource-Manager_JREQ199028,"resource management, capacity planning, professional services, data analysis, stakeholder management, project management, revenue growth, utilization, margin
The candidate has relevant experience in project management and data analytics, but lacks direct experience in resource management and capacity planning at the scale required for this role. While they have demonstrated leadership and analytical skills, the significant gap in specific resource management experience and the requirement for 10+ years in a related field limits their fit for this senior position.",,,,,2026-05-14T22:01:57.065581+00:00
,,,,5,Senior Client Resource Manager,Thomson Reuters,hybrid,,,,https://thomsonreuters.wd5.myworkdayjobs.com/External_Career_Site/job/Sweden-Gothenburg/Senior-Client-Resource-Manager_JREQ198511,https://thomsonreuters.wd5.myworkdayjobs.com/External_Career_Site/job/Sweden-Gothenburg/Senior-Client-Resource-Manager_JREQ198511,"resource management, capacity planning, professional services, data analysis, stakeholder management, project management, Agile, SQL, Excel
The candidate has relevant experience in project management and data analytics, which could be beneficial for the resource management role. However, they lack direct experience in capacity planning and resource management at the scale required for this position, as well as the specific industry knowledge and seniority level expected. The gaps in experience with multi-region delivery models and executive-level communication further limit their fit for this senior role.",,,,,2026-05-14T22:01:57.065581+00:00
,,,,5,Senior Client Success Manager,Cordial,remote,,,"Remote, US (Remote)",https://boards.greenhouse.io/cordial81/jobs/8547617002?gh_jid=8547617002,https://www.indeed.com/viewjob?jk=2e8148100afbfcdd,"client management, SaaS, project management, data, communication, problem solving, marketing automation
The candidate has strong project management experience and technical skills, particularly in data and analytics, which are relevant to the role. However, they lack direct experience in enterprise client management and the specific marketing automation industry, which are key requirements for the position. While they have transferable skills, significant gaps in relevant experience remain.",,,,,2026-05-14T21:48:33.976678+00:00
,,,,5,Senior Developer Relations Manager - Digital Biology Partnerships,NVIDIA,remote,,,"US, CA, Remote",https://nvidia.wd5.myworkdayjobs.com/NVIDIAExternalCareerSite/job/US-CA-Remote/Senior-Developer-Relations-Manager---Digital-Biology-Partnerships_JR2016801,https://nvidia.wd5.myworkdayjobs.com/NVIDIAExternalCareerSite/job/US-CA-Remote/Senior-Developer-Relations-Manager---Digital-Biology-Partnerships_JR2016801,"developer relations, AI, technical partnerships, drug discovery, cloud, high-performance computing, technical advisor, software solutions, product management, data pipelines
The candidate has relevant experience in product and project management, particularly in data and AI platforms, but lacks direct experience in drug discovery and the specific technical requirements outlined in the job description. While they have strong skills in data analytics and programming, the significant gaps in industry-specific knowledge and experience managing scientific alliances limit their fit for this senior role.",,,,,2026-05-14T21:57:02.905092+00:00
,,,,5,Senior Developer Relations Manager – Capital Markets,NVIDIA,remote,,,"UK, Remote",https://nvidia.wd5.myworkdayjobs.com/NVIDIAExternalCareerSite/job/UK-Remote/Senior-Developer-Relations-Manager---Capital-Markets_JR2016616-1,https://nvidia.wd5.myworkdayjobs.com/NVIDIAExternalCareerSite/job/UK-Remote/Senior-Developer-Relations-Manager---Capital-Markets_JR2016616-1,"Developer Relations, AI, capital markets, technical expertise, software engineering, technical partnerships, communication skills, technical mentorship, financial services, high-performance computing
The candidate has strong project management experience in data and AI platforms, but lacks direct experience in developer relations and the capital markets ecosystem, which are critical for this role. While they possess relevant technical skills and experience in AI and data management, the absence of specific experience in financial services and developer advocacy limits their fit for this senior position.",,,,,2026-05-14T22:39:14.264800+00:00
,,,,5,"Senior Director, Enterprise PMO & Strategy Execution",QFormia,remote,,,"Remote, US (Remote)",http://www.indeed.com/job/senior-director-enterprise-pmo-strategy-execution-352459bf6e44ecad,https://www.indeed.com/viewjob?jk=352459bf6e44ecad,"PMO, enterprise PMO, governance model, strategy execution, cross-functional initiatives, executive communication, resource planning, project management
The candidate has relevant experience in project management and product management, but lacks direct experience in establishing or leading an enterprise PMO framework, which is a critical requirement for this role. While they have managed projects and led teams, the absence of experience in a senior PMO capacity and the specific focus on enterprise-level transformation initiatives indicates a moderate match.",,,,,2026-05-14T21:52:47.996850+00:00
,,,,5,"Senior Engineer I, External MSAT",Moderna,onsite,,,,https://modernatx.wd1.myworkdayjobs.com/M_tx/job/Norwood-Massachusetts/Senior-Engineer-I--External-MSAT_R18896-1,https://modernatx.wd1.myworkdayjobs.com/M_tx/job/Norwood-Massachusetts/Senior-Engineer-I--External-MSAT_R18896-1,"GMP, technology transfer, data management, statistical analysis, manufacturing operations, risk assessment, cross-functional collaboration
The candidate has strong project management experience and technical skills related to data and analytics, but lacks direct experience in pharmaceutical manufacturing and GMP environments, which are critical for this role. While they have relevant skills in data management and automation, the absence of specific experience in the pharmaceutical or biotechnology sectors and the required years of experience in a technical role limits their fit for this position.",,,,,2026-05-14T22:12:00.818278+00:00
,,,,5,Senior Enterprise Architect,Adobe,remote,,,Remote Illinois,https://adobe.wd5.myworkdayjobs.com/external_experienced/job/Remote-Illinois/Senior-Enterprise-Architect_R167408,https://adobe.wd5.myworkdayjobs.com/external_experienced/job/Remote-Illinois/Senior-Enterprise-Architect_R167408,"Enterprise Architect, Digital Experience, Digital Marketing, Adobe Experience Cloud, REST APIs, Cloud Storage, Data Ingress/Egress, leadership, project scope, Agile Development
The candidate has strong project management experience and technical skills in data and analytics, but lacks direct experience with Adobe Experience Cloud solutions and enterprise architecture. While they have relevant skills in data pipelines and product management, the absence of specific experience with Adobe products and the required consultative role in a large-scale digital marketing ecosystem presents significant gaps for this senior position.",,,,,2026-05-14T22:08:34.888181+00:00
,,,,5,Senior Full-Stack Engineer,Motorola Solutions,remote,,,Brazil Remote Work,https://motorolasolutions.wd5.myworkdayjobs.com/Careers/job/Brazil-Remote-Work/Senior-Full-Stack-Engineer_R63322,https://motorolasolutions.wd5.myworkdayjobs.com/Careers/job/Brazil-Remote-Work/Senior-Full-Stack-Engineer_R63322,"Full-Stack Engineer, backend systems, Node.js, Python, SQL, API integrations, Agile development, cloud infrastructure
The candidate has relevant experience in project management and product development, particularly in data and AI platforms, but lacks direct experience in backend development with Node.js and JavaScript, which are critical for this role. While they have some programming skills in Python and SQL, the significant gaps in required technical skills and specific experience with the technologies mentioned in the job description lead to a moderate match.",,,,,2026-05-14T21:59:19.671411+00:00
,,,,5,Senior Fund Analyst – Financial Reporting & Taxation,BMO,remote,,,"REMOTE/TELETRAVAIL, ON, CAN",https://bmo.wd3.myworkdayjobs.com/External/job/REMOTETELETRAVAIL-ON-CAN/Senior-Fund-Analyst---Financial-Reporting---Taxation_R260010959,https://bmo.wd3.myworkdayjobs.com/External/job/REMOTETELETRAVAIL-ON-CAN/Senior-Fund-Analyst---Financial-Reporting---Taxation_R260010959,"fund accounting, financial reporting, taxation, compliance, GAAP, IFRS, financial analysis, Excel, data analytics
The candidate has strong project management experience in data and AI platforms but lacks direct experience in fund accounting and taxation, which are critical for this role. While they possess relevant skills in data analytics and financial reporting tools, they do not meet the required 5+ years of experience in fund accounting or the specific knowledge of GAAP and IFRS regulations.",,,,,2026-05-14T22:50:19.953072+00:00
,,,,5,Senior Implementation Consultant,Thomson Reuters,hybrid,,,,https://thomsonreuters.wd5.myworkdayjobs.com/External_Career_Site/job/India-Hyderabad-Telangana/Senior-Implementation-Consultant_JREQ198145,https://thomsonreuters.wd5.myworkdayjobs.com/External_Career_Site/job/India-Hyderabad-Telangana/Senior-Implementation-Consultant_JREQ198145,"client services, project management, tax technology, stakeholder management, data analysis, communication, implementation
The candidate has relevant experience in project management and client services, particularly in data and AI platforms, but lacks specific experience in tax technology and corporate tax, which are crucial for this role. While they demonstrate strong analytical skills and experience in managing projects, the absence of direct experience in tax-specific technology solutions and the required years of experience (7+) presents a moderate match.",,,,,2026-05-14T22:01:57.065581+00:00
,,,,5,Senior Incident Response Manager,Axon,hybrid,,,,,https://www.linkedin.com/jobs/view/4414703344,"Incident Management, Technical Operations, SaaS, Cloud, Communication, Cross-Functional Teams, Root Cause Analysis, Operational Accountability
The candidate has experience in technical project management and product management, which involves some relevant skills such as leading teams and managing projects. However, they lack direct experience in incident management and high-severity operational incidents, which are critical for this role. While they have strong communication and project coordination skills, the absence of specific experience in incident response and the required technical infrastructure knowledge limits their fit for this position.",,,,,2026-05-14T21:45:28.863915+00:00
,,,,5,Senior Internal Auditor,Thomson Reuters,hybrid,,,,https://thomsonreuters.wd5.myworkdayjobs.com/External_Career_Site/job/India-Bengaluru-Karnataka/Assistant-Manager--Internal-Audit_JREQ198490,https://thomsonreuters.wd5.myworkdayjobs.com/External_Career_Site/job/India-Bengaluru-Karnataka/Assistant-Manager--Internal-Audit_JREQ198490,"IT Audit, SOX compliance, risk management, data analytics, automation, project management
The candidate has strong technical project management experience and some relevant skills in data analytics and automation, but lacks direct experience in IT audit and SOX compliance, which are critical for this role. While they have managed projects involving data governance and analytics, the absence of specific IT audit experience and relevant certifications (like CISA or CIA) presents a significant gap for a senior position.",,,,,2026-05-14T22:01:57.065581+00:00
,,,,5,Senior IT Project Manager,TechHarbor Partners,hybrid,Remote,,Remote,,https://www.linkedin.com/jobs/view/4413149852,"Project Management, M365, Endpoint Management, Azure AD, Scrum, Agile, ISO/IEC 27001, stakeholder management, device refresh programs
The candidate has relevant project management experience and has worked with data governance and product management, but lacks direct experience with M365 services and endpoint management as specified in the job description. While they have strong skills in Agile methodologies and stakeholder engagement, the absence of specific experience in managing workplace transformation projects and the required technical tools limits their fit for this senior role.",,,,,2026-05-14T21:31:37.952938+00:00
,,,,5,Senior Lead Software Engineer - AI,Thomson Reuters,hybrid,,,,https://thomsonreuters.wd5.myworkdayjobs.com/External_Career_Site/job/India-Bengaluru-Karnataka/Senior-Software-Engineer---AI-I_JREQ194745,https://thomsonreuters.wd5.myworkdayjobs.com/External_Career_Site/job/India-Bengaluru-Karnataka/Senior-Software-Engineer---AI-I_JREQ194745,"AI, ML, Python, test automation, Selenium, SQL, APIs, Agile, MLOps, data pipelines
The candidate has relevant experience in project management and product development within AI and data domains, but lacks direct experience in software quality assurance and test automation, particularly for AI/ML systems. While they have some technical skills in Python and SQL, they do not meet the required years of experience in QA or automation, which are critical for this role.",,,,,2026-05-14T22:01:57.065581+00:00
,,,,5,Senior Machine Learning Engineer,Cohere Health,remote,,,"Remote, US (Remote)",https://grnh.se/c6tq8v1s3us,https://www.indeed.com/viewjob?jk=522dc0a859b7559c,"machine learning, Python, deep learning, PyTorch, data pipelines, model building, healthcare data, NLP, data visualization
The candidate has relevant experience in machine learning and data analytics, particularly in NLP and data pipelines, but lacks the required 5+ years of direct applied machine learning experience and a master's degree in a related field. While they have strong project management skills and some technical expertise, they do not demonstrate a deep focus on generative AI or healthcare data, which are critical for this role.",,,,,2026-05-14T21:44:13.352357+00:00
,,,,5,Senior Manager Implementation - LH,Luminare Health,remote,,,"Remote, US (Remote)",https://hcsc.wd1.myworkdayjobs.com/en-US/HCSC_LuminareHealth/job/Work-From-Home-HB/Senior-Manager-Implementation---LH_R0050624,https://www.indeed.com/viewjob?jk=83beae328524c2f2,"project management, leadership, implementation, healthcare, communication, client-facing, cross-functional, process improvement
The candidate has strong project management experience and leadership skills, but lacks specific experience in healthcare benefits or administration, which is a key requirement for the role. While they have relevant technical skills and experience in managing projects, the absence of direct experience in the healthcare sector and client implementation diminishes their fit for this position.",,,,,2026-05-14T21:36:03.741595+00:00
,,,,5,Senior Manager Project Development - West,Hanwha Renewables,hybrid,,,,,https://www.linkedin.com/jobs/view/4404439243,"project management, data analysis, strategic partnerships, financial feasibility studies, renewable energy, permitting, real estate, interconnection, solar projects
The candidate has strong project management experience and a background in data and analytics, which could be beneficial in assessing project feasibility and managing development processes. However, they lack direct experience in renewable energy, real estate management, and the specific permitting processes required for utility-scale solar projects, which are key components of the job description.",,,,,2026-05-14T21:36:03.741595+00:00
,,,,5,"Senior Manager, AI and Innovation Communications",Thomson Reuters,hybrid,,,,https://thomsonreuters.wd5.myworkdayjobs.com/External_Career_Site/job/Canada-Toronto-Ontario/Senior-Manager--AI-and-Innovation-Communications_JREQ200078,https://thomsonreuters.wd5.myworkdayjobs.com/External_Career_Site/job/Canada-Toronto-Ontario/Senior-Manager--AI-and-Innovation-Communications_JREQ200078,"AI, communications, product launch, customer storytelling, executive content, technology sector, B2B technology, SaaS, machine learning, media relationships
The candidate has relevant experience in project management and product development within the technology sector, particularly in AI and data analytics. However, they lack direct experience in communications roles, especially in drafting press releases and managing media relationships, which are critical for this position. While they possess some transferable skills, the gaps in communications-specific experience and the need for a strong writing background limit their fit for this senior role.",,,,,2026-05-14T22:01:57.065581+00:00
,,,,5,"Senior Manager, AI and Innovation Communications",Thomson Reuters,hybrid,,,,https://thomsonreuters.wd5.myworkdayjobs.com/External_Career_Site/job/United-States-of-America-Frisco-Texas/Senior-Manager--AI-and-Innovation-Communications_JREQ200293,https://thomsonreuters.wd5.myworkdayjobs.com/External_Career_Site/job/United-States-of-America-Frisco-Texas/Senior-Manager--AI-and-Innovation-Communications_JREQ200293,"AI, communications, product launch, customer storytelling, technology sector, B2B technology, SaaS, enterprise software, machine learning, media relationships
The candidate has relevant experience in technical project management and product management within the technology sector, but lacks direct experience in communications, particularly in drafting press releases and managing media relationships. While they have a solid understanding of AI and have worked with data-driven products, the role requires a stronger focus on communication strategies and storytelling, which the candidate does not fully demonstrate.",,,,,2026-05-14T22:01:57.065581+00:00
,,,,5,"Senior Manager, Global Print Revenue Operations",Thomson Reuters,hybrid,,,,https://thomsonreuters.wd5.myworkdayjobs.com/External_Career_Site/job/United-States-of-America-Eagan-Minnesota/Senior-Manager--Global-Print-Revenue-Operations_JREQ200252,https://thomsonreuters.wd5.myworkdayjobs.com/External_Career_Site/job/United-States-of-America-Eagan-Minnesota/Senior-Manager--Global-Print-Revenue-Operations_JREQ200252,"Revenue Operations, Sales Operations, GTM strategy, project management, forecasting, CRM systems, SQL, data analytics
The candidate has relevant experience in project management and data analytics, but lacks direct experience in revenue operations and sales strategy, which are critical for this role. While they have strong technical skills and some transferable experience, they do not meet the required years of experience or specific sales leadership support experience needed for a senior manager position.",,,,,2026-05-14T22:01:57.065581+00:00
,,,,5,"Senior Manager, Monitoring & Observability",Conduent,hybrid,"Remote, US (Remote)",,"Remote, US (Remote)",https://click.appcast.io/t/TjBXbNRM991m4s0ozkhE3ZAnHaZ79rqCOIz71f22-Ac=,https://www.indeed.com/viewjob?jk=aa4d8b213557f6ee,"monitoring, observability, incident management, event management, AIOps, cloud, engineering, leadership, SQL, Python
The candidate has relevant experience in technical project management and product management, particularly in data and AI platforms, but lacks direct experience in monitoring and observability systems as outlined in the job description. While they have strong technical skills in SQL and Python, they do not demonstrate the required 10+ years in IT operations or a leadership role specifically focused on observability, which are key requirements for this position.",,,,,2026-05-14T21:46:30.549281+00:00
,,,,5,"Senior Manager, Program Management",New York Technology Partners,unknown,,,,,https://www.linkedin.com/jobs/view/4413724324,"Program Management, Agile, PMO, governance, reporting, healthcare, retail, cross-functional teams, executive relationships
The candidate has solid project management experience and familiarity with Agile methodologies, but lacks the extensive 10-15 years of experience required for this senior role. While they have managed teams and projects in data and AI, they do not have specific experience in healthcare or retail, which is a key requirement for this position.",,,,,2026-05-14T21:32:43.337726+00:00
,,,,5,"Senior Manager, Project Discovery & Transitions",Multiplier,remote,,,Remote,,https://www.linkedin.com/jobs/view/4414925382,"project management, systems thinking, stakeholder engagement, strategic planning, risk assessment, data governance, Agile development, communication
The candidate has relevant experience in project management and product development, particularly in technical environments, which aligns with the role's requirements. However, they lack direct experience in the specific areas of project discovery, early trust-building, and departure planning outlined in the job description. While they possess strong technical skills and a background in data governance, the significant focus on relationship-building and strategic oversight in the role presents a gap in their experience.",,,,,2026-05-14T21:52:47.996850+00:00
,,,,5,"Senior Manager, Publishing Editorial",Thomson Reuters,hybrid,,,,https://thomsonreuters.wd5.myworkdayjobs.com/External_Career_Site/job/Philippines-Manila/Senior-Manager--Publishing-Editorial_JREQ198771,https://thomsonreuters.wd5.myworkdayjobs.com/External_Career_Site/job/Philippines-Manila/Senior-Manager--Publishing-Editorial_JREQ198771,"leadership, content management, vendor relationships, project management, AI-enabled workflows, budget management, stakeholder management
The candidate has strong project management and product management experience, but lacks direct experience in legal editorial teams or content management specific to the legal field. While they have demonstrated leadership and collaboration skills, the absence of a legal qualification and specific experience in managing legal content teams presents a significant gap for this role.",,,,,2026-05-14T22:01:57.065581+00:00
,,,,5,"Senior Manager, Technical Training Programs",NVIDIA,remote,,,"US, CA, Remote",https://nvidia.wd5.myworkdayjobs.com/NVIDIAExternalCareerSite/job/US-CA-Remote/Senior-Manager--Technical-Training-Programs_JR2017583,https://nvidia.wd5.myworkdayjobs.com/NVIDIAExternalCareerSite/job/US-CA-Remote/Senior-Manager--Technical-Training-Programs_JR2017583,"technical training, program management, AI, communication, curriculum development, project management
The candidate has relevant experience in technical project management and product management, particularly in data and AI platforms, which aligns with NVIDIA's focus on AI and technical training. However, they lack direct experience in leading technical training programs and managing training initiatives, which are key requirements for the role. While they possess strong communication skills and some experience in curriculum development, the gaps in specific training management experience and familiarity with NVIDIA's technology stack limit their fit for this senior position.",,,,,2026-05-14T22:07:43.149559+00:00
,,,,5,"Senior Manager, Test Engineering",NVIDIA,remote,,,"Vietnam, Remote",https://nvidia.wd5.myworkdayjobs.com/NVIDIAExternalCareerSite/job/Vietnam-Remote/Senior-Manager--Test-Engineering_JR1992195,https://nvidia.wd5.myworkdayjobs.com/NVIDIAExternalCareerSite/job/Vietnam-Remote/Senior-Manager--Test-Engineering_JR1992195,"test engineering, leadership, software testing, automation, collaboration, communication, product development, integration
The candidate has experience in project management and product development, but lacks direct experience in software testing and test engineering, which are critical for this role. While they have some relevant skills in data analytics and automation, they do not meet the specific requirements for leadership in a testing environment or the technical expertise in software testing processes.",,,,,2026-05-14T21:57:02.905092+00:00
,,,,5,"Senior Manager, Trust & Safety",Roadie,remote,,,"Remote, US (Remote)",https://job-boards.greenhouse.io/roadie/jobs/8547567002,https://www.indeed.com/viewjob?jk=268a33946db84315,"Trust & Safety, Risk Management, Compliance, Data Analysis, Operational Excellence, Cross-Functional Collaboration, People Leadership, Process Optimization
The candidate has experience in project management and data analytics, which are relevant to the role's requirements for operational excellence and data-driven decision-making. However, they lack direct experience in Trust & Safety and risk management, as well as the required years of people leadership experience. This results in a moderate match with significant gaps in key areas.",,,,,2026-05-14T21:37:59.870693+00:00
,,,,5,Senior Manager/Director - Consulting - Salesforce,PwC,unknown,,,,https://pwc.wd3.myworkdayjobs.com/Global_Experienced_Careers/job/SM-Director---Consulting---Salesforce_467599WD,https://pwc.wd3.myworkdayjobs.com/Global_Experienced_Careers/job/SM-Director---Consulting---Salesforce_467599WD,"Salesforce, CRM, consulting, project management, team leadership, technical knowledge, business acumen
The candidate has strong project management experience and technical skills, particularly in data and AI platforms, but lacks direct experience with Salesforce and CRM systems, which are critical for this role. While they have relevant skills in managing teams and delivering technical solutions, the absence of specific Salesforce experience and the required years in a consulting environment limits their fit for this senior position.",,,,,2026-05-14T22:02:48.190234+00:00
,,,,5,Senior Partner Success Manager,Corporate Travel Management,hybrid,"Remote, US (Remote)",,"Remote, US (Remote)",https://careers.travelctm.com/career-home/jobs/1712?lang=en-us,https://www.indeed.com/viewjob?jk=43e9cb40f2ff6185,"partner management, relationship management, performance analytics, communication skills, negotiation, project management, operational governance, revenue growth
The candidate has strong project management and product management experience, which includes elements of relationship management and performance tracking. However, they lack direct experience in corporate travel technology and operations, as well as specific experience managing a partner program, which are key requirements for the role. While they possess transferable skills, the gaps in industry-specific knowledge and direct partner management experience limit their fit for this position.",,,,,2026-05-14T21:46:30.549281+00:00
,,,,5,"Senior Partnerships Manager, Legal Professionals",Thomson Reuters,hybrid,,,,https://thomsonreuters.wd5.myworkdayjobs.com/External_Career_Site/job/United-States-of-America-New-York-New-York/Senior-Partnerships-Manager--Legal-Professionals_JREQ200162,https://thomsonreuters.wd5.myworkdayjobs.com/External_Career_Site/job/United-States-of-America-New-York-New-York/Senior-Partnerships-Manager--Legal-Professionals_JREQ200162,"partnerships, alliances, business development, strategy, AI, legal tech, commercial outcomes, technical integrations, SaaS, negotiation, product management
The candidate has strong project management and product management experience, particularly in data and AI platforms, but lacks direct experience in partnerships or business development roles, which are critical for this position. While they have relevant skills in managing technical integrations and working with product and engineering teams, their experience does not fully align with the seniority and specific requirements of the partnerships manager role in the legal tech space.",,,,,2026-05-14T22:01:57.065581+00:00
,,,,5,Senior Pricing Analyst,Thomson Reuters,hybrid,,,,https://thomsonreuters.wd5.myworkdayjobs.com/External_Career_Site/job/India-Hyderabad-Telangana/Senior-Pricing-Analyst_JREQ197673,https://thomsonreuters.wd5.myworkdayjobs.com/External_Career_Site/job/India-Hyderabad-Telangana/Senior-Pricing-Analyst_JREQ197673,"pricing operations, data analytics, SQL, Power BI, reporting, data analysis, cross-functional projects, automation
The candidate has relevant experience in data analytics and project management, particularly in building data pipelines and analytics dashboards. However, they lack direct experience in pricing operations and the specific tools mentioned in the job description, such as Alteryx and Business Objects. While they possess transferable skills, they would need to bridge significant gaps in pricing-specific knowledge and experience.",,,,,2026-05-14T22:01:57.065581+00:00
,,,,5,Senior Product Engineer - Board Products,NVIDIA,remote,,,"Vietnam, Remote",https://nvidia.wd5.myworkdayjobs.com/NVIDIAExternalCareerSite/job/Vietnam-Remote/Senior-Product-Engineer---Board-Products_JR2014212,https://nvidia.wd5.myworkdayjobs.com/NVIDIAExternalCareerSite/job/Vietnam-Remote/Senior-Product-Engineer---Board-Products_JR2014212,"product management, product development, Python, SQL, data pipelines, Agile, cross-functional teams, database
The candidate has relevant experience in product management and technical project management, particularly in data and AI platforms. However, they lack direct experience in hardware or board product engineering, which is a key requirement for the role. While they possess strong technical skills in Python and SQL, the absence of experience in board design/manufacturing and the specific hardware focus of the job creates a moderate match.",,,,,2026-05-14T22:32:17.257383+00:00
,,,,5,Senior Product Engineer - Board Products,NVIDIA,remote,,,"Vietnam, Remote",https://nvidia.wd5.myworkdayjobs.com/NVIDIAExternalCareerSite/job/Vietnam-Remote/Senior-Product-Engineer---Board-Products_JR2015843,https://nvidia.wd5.myworkdayjobs.com/NVIDIAExternalCareerSite/job/Vietnam-Remote/Senior-Product-Engineer---Board-Products_JR2015843,"product management, product development, engineering, Python, SQL, data pipelines, Agile, cross-functional teams, hardware, software engineering
The candidate has a strong background in product management and technical project management, particularly in data and AI platforms, which aligns with some aspects of the role. However, they lack direct experience in hardware or board product engineering, which is a key requirement for this position. Additionally, while they have programming skills in Python and experience with databases, they do not meet the specific hardware design and manufacturing experience required for the role.",,,,,2026-05-14T22:32:17.257383+00:00
,,,,5,"Senior Product Manager, Clinical Safety and Pharmacovigilance Systems",Moderna,onsite,,,,https://modernatx.wd1.myworkdayjobs.com/M_tx/job/Cambridge-Massachusetts/Senior-Product-Manager--Clinical-Safety-and-Pharmacovigilance-Systems_R18475,https://modernatx.wd1.myworkdayjobs.com/M_tx/job/Cambridge-Massachusetts/Senior-Product-Manager--Clinical-Safety-and-Pharmacovigilance-Systems_R18475,"Product Manager, Clinical Safety, Pharmacovigilance, GxP compliance, Agile, AI/ML, system operations, technology solutions
The candidate has strong experience in product management and technical project management, particularly in data and AI platforms, but lacks direct experience in the pharmaceutical or biotechnology industry, specifically in pharmacovigilance and GxP-compliant systems. While they possess relevant skills in managing technology solutions and agile methodologies, the absence of domain expertise in safety case processing and regulatory compliance represents a significant gap for this role.",,,,,2026-05-14T22:02:20.415246+00:00
,,,,5,"Senior Product Manager, Developer Infrastructure",NVIDIA,hybrid,"US, CA, Remote",,"US, CA, Remote",https://nvidia.wd5.myworkdayjobs.com/NVIDIAExternalCareerSite/job/US-CA-Remote/Senior-Product-Manager--Developer-Infrastructure_JR2015195-1,https://nvidia.wd5.myworkdayjobs.com/NVIDIAExternalCareerSite/job/US-CA-Remote/Senior-Product-Manager--Developer-Infrastructure_JR2015195-1,"product management, developer platforms, source control systems, Git, collaboration workflows, engineering teams, product strategy, roadmaps, performance, reliability
The candidate has relevant experience in product management and technical project management, particularly in data and AI platforms, but lacks direct experience with source control systems and developer infrastructure as specified in the job description. While they demonstrate strong analytical and leadership skills, the absence of specific experience in managing developer platforms and large-scale codebases presents a significant gap for this senior role.",,,,,2026-05-14T21:57:02.905092+00:00
,,,,5,"Senior Product Marketing Manager, Text-to-Speech (TTS)",Deepgram,remote,,,"Remote, US (Remote)",https://jobs.ashbyhq.com/Deepgram/b9b27091-1a95-4c31-a304-55c31711887a?employmentType=FullTime,https://www.indeed.com/viewjob?jk=af98937c3bc0799b,"Product Management, AI, Data Governance, NLP, Automation, Agile, Market Strategy, Competitive Positioning
The candidate has strong experience in product management and technical project management, particularly in data and AI platforms, which aligns with the AI-first mindset of the role. However, they lack direct experience in marketing, particularly in the voice agent or TTS space, and do not demonstrate familiarity with the specific competitive landscape mentioned in the job description. This results in a moderate match with some key requirements missing.",,,,,2026-05-14T21:44:13.352357+00:00
,,,,5,"Senior Product UX Designer , AI Products & Agents",Hyland,remote,,,"Remote, US (Remote)",https://careers-hyland.icims.com/jobs/13985/senior-product-ux-designer-%2c-ai-products-%26-agents/job,https://www.indeed.com/viewjob?jk=2dc67b5337f52985,"UX design, AI products, Figma, user research, product management, Agile, design specifications, visual design, user interfaces
The candidate has strong project management experience and some exposure to design and AI products, but lacks direct experience in UX design and the specific tools required for the role, such as Figma. While they have relevant skills in product management and data analytics, they do not demonstrate a strong background in visual design or user experience, which are critical for this position.",,,,,2026-05-14T21:40:03.505024+00:00
,,,,5,Senior Program Manager,Jobgether,hybrid,Remote,,Remote,,https://www.linkedin.com/jobs/view/4413878849,"program management, real estate operations, cross-functional teams, lease administration, strategic planning, analytical skills, executive presentations
The candidate has strong project management experience and technical skills, particularly in data and analytics, but lacks direct experience in real estate operations and managing lease agreements, which are critical for this role. While they have experience in leading cross-functional teams and preparing presentations, the absence of specific real estate expertise and the required years of experience in that field results in a moderate match.",,,,,2026-05-14T21:29:36.448824+00:00
,,,,5,Senior Program Manager – Health IT / EHR Deployment (REMOTE),Koniag Government Services,remote,,,"Remote, US (Remote)",https://jobs.dayforcehcm.com/en-US/kgs/CANDIDATEPORTAL/jobs/8296,https://www.indeed.com/viewjob?jk=a13534ad249fba27,"Health IT, EHR deployment, project management, cross-functional teams, risk management, stakeholder management, program governance, communication skills
The candidate has strong project management experience and has worked with data and analytics, but lacks direct experience in Health IT or EHR deployment, which are critical for this role. While they have led complex projects and have relevant technical skills, the absence of specific healthcare technology experience and the required years in the field limits their fit for this senior position.",,,,,2026-05-14T21:36:03.741595+00:00
,,,,5,"Senior Program Manager, Network Operations & Infrastructure",DMI,hybrid,"Remote, US (Remote)",,"Remote, US (Remote)",https://careers-dminc.icims.com/jobs/28712/job?utm_source=indeed_integration&iis=Job%20Board&iisn=Indeed&indeed-apply-token=73a2d2b2a8d6d5c0a62696875eaebd669103652d3f0c2cd5445d3e66b1592b0f,https://www.indeed.com/viewjob?jk=717dba1dfc25aef2,"program management, network operations, infrastructure, service delivery, stakeholder management, ITIL, SLAs, project management
The candidate has strong project management experience and some relevant technical skills, particularly in data and AI platforms, but lacks direct experience in network operations and infrastructure management, which are critical for this role. While they have managed complex projects and teams, the absence of specific experience in network infrastructure and IT operations limits their fit for this senior position.",,,,,2026-05-14T21:31:37.952938+00:00
,,,,5,"Senior Programme Officer, TrustLaw, EMENA",Thomson Reuters,remote,,,,https://thomsonreuters.wd5.myworkdayjobs.com/External_Career_Site/job/Spain-Madrid-Madrid/Senior-Programme-Officer--TrustLaw--EMENA_JREQ198989,https://thomsonreuters.wd5.myworkdayjobs.com/External_Career_Site/job/Spain-Madrid-Madrid/Senior-Programme-Officer--TrustLaw--EMENA_JREQ198989,"project management, NGO, social enterprise, legal services, communication skills, data management, event organization
The candidate has strong project management experience and technical skills, particularly in data and analytics, which could be beneficial for the role. However, they lack direct experience in the NGO or social enterprise sectors, as well as specific knowledge of legal services and pro bono work, which are key requirements for this position.",,,,,2026-05-14T22:01:57.065581+00:00
,,,,5,Senior Project Manager,Auria,remote,,,"Remote, US (Remote)",https://www.auria.space/careers/?gnk=job&gni=8a78839f9de0710c019e1e436e857923&gns=Indeed+Free,https://www.indeed.com/viewjob?jk=afcf48c73620ffed,"Project Management, Agile, Scrum, Integrated Master Schedule, Communication, Stakeholder Engagement, Risk Management
The candidate has relevant project management experience and has worked with Agile methodologies, which aligns with the job requirements. However, they lack specific experience managing complex DoD or federal projects, which is a key requirement for this role. Additionally, the candidate does not mention any relevant certifications such as PMP or Scrum Master, which further limits their fit for this senior position.",,,,,2026-05-14T21:40:03.505024+00:00
,,,,5,Senior Project Manager,Dexian,remote,,,Remote,,https://www.linkedin.com/jobs/view/4414757109,"Agile Project Delivery, MS Office Suite, project management, HCM, SaaS, risk management, stakeholder communication
The candidate has strong project management experience and familiarity with Agile methodologies, which aligns well with the job requirements. However, they lack specific experience with Workday implementations and MS Project, which are critical for this role. Additionally, while they have relevant skills in managing complex projects, the absence of direct experience in HCM or SaaS projects presents a moderate gap.",,,,,2026-05-14T21:37:59.870693+00:00
,,,,5,Senior Project Manager,Haystack,remote,,,Remote,,https://www.linkedin.com/jobs/view/4410632632,"project manager, cybersecurity, vendor management, multiple projects, end-to-end project delivery
The candidate has strong project management experience and technical skills, particularly in data and AI platforms, but lacks direct experience in cybersecurity and SASE projects, which are critical for this role. While they have managed complex projects and teams, the absence of specific cybersecurity experience and vendor management in that context presents a significant gap.",,,,,2026-05-14T21:42:01.891331+00:00
,,,,5,Senior Project Manager,Haystack,remote,,,Remote,,https://www.linkedin.com/jobs/view/4410622681,"project management, enterprise software, healthcare, stakeholder management, risk management, financial control
The candidate has strong project management experience and has worked with data and AI platforms, but lacks direct experience in delivering enterprise clinical or healthcare software solutions, which is a key requirement for this role. While they have relevant skills in managing complex projects and stakeholder relationships, the absence of specific healthcare application experience and the Prince2 qualification creates a moderate match.",,,,,2026-05-14T21:33:49.397717+00:00
,,,,5,Senior Project Manager,Haystack,remote,,,Remote,,https://www.linkedin.com/jobs/view/4410622682,"project management, enterprise software, healthcare, stakeholder management, risk management, documentation, Agile, leadership
The candidate has strong project management experience and technical skills, particularly in data and AI platforms, but lacks direct experience in delivering healthcare software solutions. While they have managed significant projects and possess relevant skills, the absence of specific healthcare software experience and the PRINCE2 qualification are key gaps that limit their fit for this role.",,,,,2026-05-14T21:33:49.397717+00:00
,,,,5,Senior Project Manager,Haystack,remote,,,Remote,,https://www.linkedin.com/jobs/view/4410642071,"project management, healthcare software, enterprise software, stakeholder management, risk management, financial control, Agile, Scrum
The candidate has strong project management experience and has worked with data and AI platforms, but lacks direct experience in healthcare software solutions and specific healthcare applications mentioned in the job description. While they have relevant skills in managing projects and teams, the absence of experience in clinical environments and specific healthcare technologies presents a significant gap for this role.",,,,,2026-05-14T21:29:36.448824+00:00
,,,,5,Senior Project Manager,"IDR, Inc.",remote,,,Remote,,https://www.linkedin.com/jobs/view/4413572804,"EHR implementation, data migration, Agile methodologies, Jira, healthcare IT, project management
The candidate has significant project management experience and a strong background in data and analytics, but lacks direct experience with EHR systems and healthcare IT, which are critical for this role. While they have managed complex projects and utilized Agile methodologies, the absence of specific EHR implementation experience and knowledge of systems like Canvas presents a moderate match for the position.",,,,,2026-05-14T21:31:37.952938+00:00
,,,,5,Senior Project Manager,Marchon Partners,hybrid,Remote,,Remote,,https://www.linkedin.com/jobs/view/4413722617,"project management, cross-functional teams, Agile, data analysis, process improvement, stakeholder engagement, risk management, communication
The candidate has relevant project management experience and technical skills, particularly in data and analytics, but lacks specific experience in the clinical research or pharmaceutical industry, which is a key requirement for the role. While they demonstrate strong leadership and project execution skills, the absence of direct experience in the biotech sector and the required years of experience in that field limits their fit for this senior position.",,,,,2026-05-14T21:33:49.397717+00:00
,,,,5,Senior Project Manager,Net2Source (N2S),remote,,,Remote,,https://www.linkedin.com/jobs/view/4413480026,"project management, IT project management, stakeholder engagement, Agile development, risk management, communication, healthcare, CRM integration
The candidate has relevant project management experience and technical skills, particularly in data and AI platforms, but lacks specific experience in healthcare, medical devices, and the required CRM tools mentioned in the job description. While they have strong project management skills and a solid technical background, the absence of direct experience in the healthcare sector and the specific tools needed for this role presents a moderate gap.",,,,,2026-05-14T21:36:03.741595+00:00
,,,,5,Senior Project Manager,Net2Source (N2S),hybrid,Remote,,Remote,,https://www.linkedin.com/jobs/view/4413973918,"project management, ERP transformation, financial management, stakeholder alignment, risk management, Agile, vendor management, compliance
The candidate has relevant project management experience and a strong background in data and AI platforms, but lacks direct experience with ERP transformation projects, particularly with Oracle R12 and tax engine implementations like Vertex. While they possess some transferable skills, such as managing budgets and leading cross-functional teams, the significant gaps in specific domain knowledge and required experience for this senior role limit their fit.",,,,,2026-05-14T21:31:37.952938+00:00
,,,,5,Senior Project Manager,Telix Pharmaceuticals Limited,hybrid,Remote,,Remote,,https://www.linkedin.com/jobs/view/4407959451,"project management, cross-functional teams, budget management, drug development, Agile, risk assessment, communication, leadership
The candidate has relevant experience in project management and has worked with cross-functional teams, but lacks specific experience in the pharmaceutical or biotechnology industry, which is a key requirement for this role. Additionally, while they have managed budgets and led projects, they do not meet the specified years of experience in drug development phases or possess a PMP certification, resulting in a moderate match.",,,,,2026-05-14T21:31:37.952938+00:00
,,,,5,Senior Project Manager (Early Phase) - Australia - Remote,Worldwide Clinical Trials,remote,,,Remote,,https://www.linkedin.com/jobs/view/4414721462,"project management, clinical trials, CRO, budget management, multidisciplinary teams, communication skills
The candidate has strong project management experience, particularly in technical and data-driven environments, but lacks direct experience in clinical project management within a CRO setting, which is a key requirement for this role. While they have managed budgets and led teams, the absence of specific experience with phase I and II studies and the life sciences sector presents a significant gap.",,,,,2026-05-14T21:42:01.891331+00:00
,,,,5,Senior Project Manager (Fixed Term contract Pharma Agency),Avalere Health,hybrid,"Remote, US (Remote)",,"Remote, US (Remote)",https://jobs.lever.co/avalerehealth/ae9b9e1a-a5f9-47d6-bea0-ffaa453cebbf?lever-source=Indeed,https://www.indeed.com/viewjob?jk=f41b0c349d894619,"project management, pharmaceutical advertising, budget management, timeline development, communication skills, team collaboration
The candidate has strong project management experience and technical skills, particularly in data and AI platforms, but lacks direct experience in pharmaceutical advertising and the specific software (Veeva Promats) mentioned in the job description. While they have relevant skills in managing teams and budgets, the absence of industry-specific experience and the required years in a similar role limits their fit for this position.",,,,,2026-05-14T21:29:36.448824+00:00
,,,,5,Senior Project Manager - Oncology,Precision For Medicine,unknown,,,,,https://www.linkedin.com/jobs/view/4391850994,"project management, clinical research, budget management, risk management, communication skills, team collaboration, data governance, Agile development
The candidate has strong project management experience and technical skills, particularly in data and AI platforms, but lacks specific experience in clinical research and oncology, which are critical for this role. While they have managed budgets and led teams, the absence of direct experience in pharmaceutical or device research and the specific requirements of clinical trials presents a significant gap.",,,,,2026-05-14T21:33:49.397717+00:00
,,,,5,Senior Project Manager - Oncology,Precision Medicine Group,unknown,,,,,https://www.linkedin.com/jobs/view/4391870588,"project management, clinical research, budget management, risk management, communication skills, team collaboration, data governance, Agile development
The candidate has strong project management experience, particularly in technical and data-driven environments, but lacks direct experience in clinical research and oncology, which are critical for this role. While they have relevant skills in managing budgets and leading teams, the absence of specific experience in the pharmaceutical or clinical trial sectors and the required years of experience in that field limits their fit for this position.",,,,,2026-05-14T21:29:36.448824+00:00
,,,,5,Senior Project Manager - ServiceNow Implementation,Engenious,hybrid,,,,,https://www.linkedin.com/jobs/view/4413984945,"Project Manager, ServiceNow, implementation, ITSM processes, stakeholder management, Agile, governance, risk management
The candidate has strong project management experience and has worked with various data and analytics platforms, but lacks direct experience with ServiceNow implementations and ITSM processes, which are critical for this role. While they have relevant skills in managing complex projects and stakeholder communication, the absence of specific ServiceNow experience results in a moderate match.",,,,,2026-05-14T21:36:03.741595+00:00
,,,,5,Senior Project Manager - Therapeutics,Telix Pharmaceuticals Limited,hybrid,Remote,,Remote,,https://www.linkedin.com/jobs/view/4402303128,"project management, cross-functional teams, budget management, drug development, Agile, risk assessment, communication
The candidate has relevant project management experience and skills in Agile methodologies, but lacks direct experience in the pharmaceutical or biotechnology industry, which is a key requirement for this role. While they have strong technical and analytical skills, the absence of specific drug development experience and the required years in the industry limits their fit for this senior position.",,,,,2026-05-14T21:42:01.891331+00:00
,,,,5,Senior Servicenow CMDB Technical Lead,Moderna,onsite,,,,https://modernatx.wd1.myworkdayjobs.com/M_tx/job/Cambridge-Massachusetts/Senior-Servicenow-CMDB-Technical-Lead_R19035-1,https://modernatx.wd1.myworkdayjobs.com/M_tx/job/Cambridge-Massachusetts/Senior-Servicenow-CMDB-Technical-Lead_R19035-1,"CMDB, ServiceNow, data model, integrations, governance, data quality, cloud platforms, operational reliability, technical leadership
The candidate has relevant experience in technical project management and data governance, particularly with data models and integrations, which aligns with some aspects of the CMDB role. However, they lack direct experience with ServiceNow and CMDB-specific frameworks, which are critical for this position. While they have strong data and analytics skills, the absence of specific ServiceNow experience and CMDB management limits their fit for this senior role.",,,,,2026-05-14T22:12:00.818278+00:00
,,,,5,Senior Software Adoption Manager,NVIDIA,hybrid,"US, CA, Remote",,"US, CA, Remote",https://nvidia.wd5.myworkdayjobs.com/NVIDIAExternalCareerSite/job/US-CA-Remote/Senior-Software-Adoption-Manager_JR2017173,https://nvidia.wd5.myworkdayjobs.com/NVIDIAExternalCareerSite/job/US-CA-Remote/Senior-Software-Adoption-Manager_JR2017173,"AI software, enterprise software, business development, consulting, ecosystem partners, project management, technical solutions, AI workloads
The candidate has relevant experience in technical project management and product management, particularly in AI and data platforms, which aligns with some aspects of the role. However, they lack direct experience in enterprise software sales and the specific requirements for engaging with ecosystem partners and driving software adoption, which are critical for this position.",,,,,2026-05-14T21:57:02.905092+00:00
,,,,5,Senior Software Development Engineer,Adobe,remote,,,Remote Georgia (US),https://adobe.wd5.myworkdayjobs.com/external_experienced/job/Remote-Georgia-US/Senior-Software-Development-Engineer_R164974,https://adobe.wd5.myworkdayjobs.com/external_experienced/job/Remote-Georgia-US/Senior-Software-Development-Engineer_R164974,"Software Development, Agile, Python, DevOps, SaaS, cloud services, architecture, automation
The candidate has relevant experience in project management and product development, particularly in data and AI platforms, but lacks direct software development experience and specific programming skills required for the role, such as Java or Go. While they have some experience with Python and automation, they do not meet the 8+ years of software development experience or the strong DevOps orientation emphasized in the job description.",,,,,2026-05-14T21:57:56.024402+00:00
,,,,5,Senior Software Engineer,Kinetic Plc,remote,,,"Remote, US (Remote)",https://jobs.gem.com/kinetic/am9icG9zdDpAXBNe4QxUqGXU_GIVbUoy,https://www.indeed.com/viewjob?jk=2eb09fd16f988004,"Software Engineer, full-stack development, cloud environment, AI features, SQL, data pipelines, Agile, product management
The candidate has relevant experience in product and project management within data and AI platforms but lacks direct software engineering experience, particularly in full-stack development with TypeScript and cloud environments. While they have worked with SQL and data pipelines, the absence of core programming skills and specific cloud technologies mentioned in the job description indicates a moderate match.",,,,,2026-05-14T21:29:36.448824+00:00
,,,,5,Senior Software Engineer - AI (Materia AI),Thomson Reuters,hybrid,,,,https://thomsonreuters.wd5.myworkdayjobs.com/External_Career_Site/job/Canada-Toronto-Ontario/Senior-Software-Engineer---AI--Materia-AI-_JREQ196458-3,https://thomsonreuters.wd5.myworkdayjobs.com/External_Career_Site/job/Canada-Toronto-Ontario/Senior-Software-Engineer---AI--Materia-AI-_JREQ196458-3,"Python, PostgreSQL, AI, backend systems, APIs, microservices, data modeling, distributed systems
The candidate has relevant experience in project management and product development within AI and data systems, but lacks the required 7+ years of direct experience in backend systems, APIs, and microservices. While they have some technical skills in Python and PostgreSQL, their experience appears more focused on project management and product strategy rather than hands-on software engineering, which is critical for this role.",,,,,2026-05-14T22:01:57.065581+00:00
,,,,5,Senior Software Engineer - AI (Materia AI),Thomson Reuters,hybrid,,,,https://thomsonreuters.wd5.myworkdayjobs.com/External_Career_Site/job/United-States-of-America-Eagan-Minnesota/Senior-Software-Engineer---AI--Materia-AI-_JREQ196434-3,https://thomsonreuters.wd5.myworkdayjobs.com/External_Career_Site/job/United-States-of-America-Eagan-Minnesota/Senior-Software-Engineer---AI--Materia-AI-_JREQ196434-3,"Python, PostgreSQL, backend systems, APIs, microservices, AI, data modeling, automation, Agile, project management
The candidate has relevant experience in project management and some technical skills, particularly in Python and PostgreSQL, but lacks the extensive backend development experience (7+ years) required for this senior role. While they have worked with AI-driven systems and data pipelines, they do not demonstrate the depth of experience in building production-ready backend systems or microservices that the job demands.",,,,,2026-05-14T22:01:57.065581+00:00
,,,,5,Senior Software Engineer -AI,Thomson Reuters,hybrid,,,,https://thomsonreuters.wd5.myworkdayjobs.com/External_Career_Site/job/India-Bengaluru-Karnataka/Senior-Software-Engineer--AI_JREQ198632,https://thomsonreuters.wd5.myworkdayjobs.com/External_Career_Site/job/India-Bengaluru-Karnataka/Senior-Software-Engineer--AI_JREQ198632,"Python, AI, ML, data pipelines, APIs, Agile, project management, NLP, SQL, Snowflake
The candidate has relevant experience in project management and some exposure to AI and ML through their work with NLP and data pipelines. However, they lack direct experience in software engineering and the specific AI/ML frameworks mentioned in the job description, such as TensorFlow, and do not meet the required years of experience in software engineering. This results in a moderate match with significant gaps in technical skills and experience.",,,,,2026-05-14T22:01:57.065581+00:00
,,,,5,"Senior Software Engineer, SPE",NVIDIA,remote,,,"Vietnam, Remote",https://nvidia.wd5.myworkdayjobs.com/NVIDIAExternalCareerSite/job/Vietnam-Remote/Senior-Software-Engineer--SPE_JR2015596,https://nvidia.wd5.myworkdayjobs.com/NVIDIAExternalCareerSite/job/Vietnam-Remote/Senior-Software-Engineer--SPE_JR2015596,"software development, Python, automated tests, debugging, Linux, version control, collaboration, hardware integration
The candidate has relevant experience in project management and product development, particularly in data and AI platforms, but lacks direct experience in software engineering and the specific technical skills required for the role, such as extensive Python programming and hardware integration. While they have some programming knowledge and experience with automation, they do not meet the required years of experience in software development or the specific focus on networking systems.",,,,,2026-05-14T21:57:02.905092+00:00
,,,,5,Senior Solution Architect Firefly Enterprise Solutions,Adobe,remote,,,Remote Germany,https://adobe.wd5.myworkdayjobs.com/external_experienced/job/Remote-Germany/Senior-Solution-Architect-Firefly-Enterprise-Solutions_R167689-1,https://adobe.wd5.myworkdayjobs.com/external_experienced/job/Remote-Germany/Senior-Solution-Architect-Firefly-Enterprise-Solutions_R167689-1,"solution architecture, AI, enterprise software, API integrations, cloud platforms, digital transformation, technical presales, creative workflows, Martech, Adtech
The candidate has relevant experience in product management and technical project management, particularly in AI and data-driven solutions. However, they lack direct experience in solution architecture and technical presales, which are critical for this role. While they have some skills in API integrations and cloud platforms, they do not meet the required years of experience or familiarity with Adobe's specific products.",,,,,2026-05-14T22:08:34.888181+00:00
,,,,5,"Senior Solution Architect, AI Compute Engineer - NVIS",NVIDIA,remote,,,"Australia, Remote",https://nvidia.wd5.myworkdayjobs.com/NVIDIAExternalCareerSite/job/Australia-Remote/Senior-Solution-Architect--AI-Compute-Engineer---NVIS_JR2014367,https://nvidia.wd5.myworkdayjobs.com/NVIDIAExternalCareerSite/job/Australia-Remote/Senior-Solution-Architect--AI-Compute-Engineer---NVIS_JR2014367,"AI, HPC, Linux, scripting, automation, data analytics, project management, customer support
The candidate has relevant experience in project management and data analytics, with some exposure to AI and machine learning through their work on NLP and data governance platforms. However, they lack direct experience with Linux system administration, cluster management technologies, and the specific AI/HPC infrastructure requirements outlined in the job description, which are critical for this role.",,,,,2026-05-14T22:20:37.331030+00:00
,,,,5,"Senior Solution Architect, AI Infrastructure",NVIDIA,remote,,,"US, DC, Remote",https://nvidia.wd5.myworkdayjobs.com/NVIDIAExternalCareerSite/job/US-DC-Remote/Senior-Solution-Architect--AI-Infrastructure_JR2017660-1,https://nvidia.wd5.myworkdayjobs.com/NVIDIAExternalCareerSite/job/US-DC-Remote/Senior-Solution-Architect--AI-Infrastructure_JR2017660-1,"AI, GPU, networking, cloud engineering, solution architecture, customer interaction, high-performance computing
The candidate has relevant experience in technical project management and product management, particularly in data and AI platforms, but lacks direct experience with GPU infrastructure and high-performance computing, which are critical for this role. While they possess strong technical skills in data analytics and automation, the absence of specific experience in networking and GPU deployment presents a significant gap for the Senior Solution Architect position.",,,,,2026-05-14T23:03:36.733136+00:00
,,,,5,Senior Solutions Architect (Systemwide/Ellucian SIS/Higher Education),Ellucian,remote,,,"Remote, US (Remote)",https://careers.ellucian.com/jobs/7476/job?utm_source=indeed_integration&iis=Job%20Board&iisn=Indeed&indeed-apply-token=73a2d2b2a8d6d5c0a62696875eaebd669103652d3f0c2cd5445d3e66b1592b0f,https://www.indeed.com/viewjob?jk=907b923f53372bcf,"solutions architect, system-wide implementations, higher education, data architecture, Agile, project management, cross-functional teams, delivery excellence
The candidate has relevant experience in project management and technical product management, particularly in data and AI platforms, which aligns with some aspects of the role. However, they lack direct experience in higher education implementations and the specific architectural leadership required for this position. While they possess strong technical skills and project management experience, the absence of specific solutions architecture experience and familiarity with the higher education sector results in a moderate match.",,,,,2026-05-14T21:40:03.505024+00:00
,,,,5,"Senior Solutions Architect, NPN",NVIDIA,hybrid,"US, VA, Remote",,"US, VA, Remote",https://nvidia.wd5.myworkdayjobs.com/NVIDIAExternalCareerSite/job/US-VA-Remote/Senior-Solutions-Architect--NPN_JR2014278,https://nvidia.wd5.myworkdayjobs.com/NVIDIAExternalCareerSite/job/US-VA-Remote/Senior-Solutions-Architect--NPN_JR2014278,"AI, HPC, cloud, Python, Docker, Kubernetes, project management, data pipelines, SQL
The candidate has relevant experience in project management and data analytics, with some exposure to AI and machine learning projects. However, they lack direct experience with high-performance computing (HPC) clusters, Docker, Kubernetes, and the specific tools mentioned in the job description, which are critical for the Solutions Architect role at NVIDIA. The candidate's experience in product management and data pipelines may provide some transferable skills, but significant gaps in technical expertise and years of experience are present.",,,,,2026-05-14T22:20:37.331030+00:00
,,,,5,"Senior Solutions Architect, NVIDIA Cloud Partners - Mexico",NVIDIA,hybrid,"Mexico, Remote",,"Mexico, Remote",https://nvidia.wd5.myworkdayjobs.com/NVIDIAExternalCareerSite/job/Mexico-Remote/Senior-Solutions-Architect--NVIDIA-Cloud-Partners---Mexico_JR2016689,https://nvidia.wd5.myworkdayjobs.com/NVIDIAExternalCareerSite/job/Mexico-Remote/Senior-Solutions-Architect--NVIDIA-Cloud-Partners---Mexico_JR2016689,"Solutions Architect, AI, ML, GPU, Python, Deep Learning, Cloud Engineering, architecture, deployment, integration
The candidate has relevant experience in technical project management and product management, with a focus on data and AI platforms. However, they lack direct experience in large-scale GPU infrastructure, cloud environments, and specific NVIDIA technologies, which are critical for this role. While they possess some transferable skills in programming and data pipelines, the gaps in required experience and technical expertise prevent a stronger match.",,,,,2026-05-14T22:07:43.149559+00:00
,,,,5,Senior Staff Cloud Engineer,Credit Acceptance,hybrid,"Remote, US (Remote)",,"Remote, US (Remote)",https://creditacceptance.wd5.myworkdayjobs.com/en-US/Credit_Acceptance/job/USA---Remote/Senior-Staff-Cloud-Engineer_R13637,https://www.indeed.com/viewjob?jk=c72531553f4436f5,"cloud computing, cloud solutions, automation, architecture, engineering best practices, SQL, Python, data pipelines
The candidate has experience in technical project management and product management, with a focus on data and AI platforms, but lacks direct experience in cloud engineering and infrastructure management, which are critical for the Senior Staff Cloud Engineer role. While they possess relevant skills in SQL and Python, their background does not strongly align with the specific cloud technologies and extensive cloud maintenance experience required for this position.",,,,,2026-05-14T21:29:36.448824+00:00
,,,,5,"Senior Staff Program Manager, Public & Industry Analyst Relations",Jobgether,remote,,,Remote,,https://www.linkedin.com/jobs/view/4413525256,"corporate communications, public relations, analyst relations, media relations, storytelling, executive communications, crisis communication, technology, AI
The candidate has strong project management and technical experience, particularly in data and AI platforms, but lacks direct experience in corporate communications and public relations, which are critical for this role. While they have some transferable skills in storytelling and managing technical projects, they do not meet the extensive experience requirement in analyst relations or media engagement.",,,,,2026-05-14T21:44:13.352357+00:00
,,,,5,Senior Strategic Procurement Program Manager,Omada Health,remote,,,Remote,,https://www.linkedin.com/jobs/view/4402475978,"program management, strategic procurement, cross-functional collaboration, data analysis, project governance, stakeholder communication, supply chain, RFPs, operational improvement
The candidate has strong project management experience and a background in data and analytics, which are relevant to the role. However, they lack direct experience in strategic procurement and supply chain management, which are critical for this position. While they have transferable skills, significant gaps in specific procurement and supply chain expertise would require substantial ramp-up.",,,,,2026-05-14T21:46:30.549281+00:00
,,,,5,Senior Success Architect,Salesforce,remote,,,Mexico - Remote,https://salesforce.wd12.myworkdayjobs.com/External_Career_Site/job/Mexico---Remote/Senior-Success-Architect_JR322068,https://salesforce.wd12.myworkdayjobs.com/External_Career_Site/job/Mexico---Remote/Senior-Success-Architect_JR322068,"Salesforce, solution design, architecture, customer success, technical governance, data management, integration, AI, analytics, communication
The candidate has relevant experience in technical project management and product management, particularly in data and AI platforms, which aligns with some aspects of the role. However, they lack direct experience with Salesforce products and the specific technical skills required, such as APEX programming and Lightning Web Components. While they have strong analytical and communication skills, the gaps in key technical requirements and Salesforce expertise indicate a moderate match.",,,,,2026-05-14T22:51:31.254004+00:00
,,,,5,"Senior Systems Engineer, Digital for Research and Technical Development",Moderna,hybrid,,,,https://modernatx.wd1.myworkdayjobs.com/M_tx/job/Cambridge-Massachusetts/Senior-Systems-Engineer--Digital-for-Research-and-Technical-Development_R18871-1,https://modernatx.wd1.myworkdayjobs.com/M_tx/job/Cambridge-Massachusetts/Senior-Systems-Engineer--Digital-for-Research-and-Technical-Development_R18871-1,"laboratory systems, lifecycle management, automation, data integrity, cybersecurity, troubleshooting, cloud-based platforms, integration
The candidate has strong project management experience and technical skills in data and analytics, but lacks direct experience with laboratory systems and the specific requirements outlined in the job description. While they have relevant skills in automation and data pipelines, the significant gaps in laboratory domain knowledge and hands-on experience with laboratory equipment and systems prevent a stronger match.",,,,,2026-05-14T22:12:00.818278+00:00
,,,,5,"Senior Systems Engineer, GXP Systems",Moderna,onsite,,,,https://modernatx.wd1.myworkdayjobs.com/M_tx/job/Oxford---England/Senior-Systems-Engineer--GXP-Systems_R19086-1,https://modernatx.wd1.myworkdayjobs.com/M_tx/job/Oxford---England/Senior-Systems-Engineer--GXP-Systems_R19086-1,"systems engineering, laboratory systems, automation, data integration, GMP compliance, digital quality, project management
The candidate has relevant experience in project management and data systems, particularly in the context of data governance and analytics. However, they lack direct experience with life sciences enterprise systems, GMP environments, and specific laboratory instrumentation mentioned in the job description, which are key requirements for the role. The candidate's background in product management and technical project management provides some transferable skills, but significant gaps in specific technical expertise and industry experience remain.",,,,,2026-05-14T22:02:20.415246+00:00
,,,,5,Senior Technical Engineering Manager,ClearCompany,remote,,,"Remote, US (Remote)",https://jobs.hrmdirect.com/employment/view.php?req=3712112&jbsrc=1014&location=561b3160-e4d4-0d47-ce0f-e8c56e3348aa,https://www.indeed.com/viewjob?jk=0b7769ee5d534b10,"SaaS, architecture, AI, project management, Postgres, Python, Agile, team leadership, data governance
The candidate has relevant experience in project management and product management within data and AI platforms, but lacks the extensive SaaS architecture expertise and direct leadership experience required for a Senior Technical Engineering Manager role. While they have worked with Postgres and Python, they do not demonstrate the necessary depth in technical leadership or modernization of legacy systems that this position demands.",,,,,2026-05-14T21:48:33.976678+00:00
,,,,5,"Senior Technical Program Manager, Pre-Silicon Software Enablement and Workload Studies",NVIDIA,remote,,,"US, CA, Remote",https://nvidia.wd5.myworkdayjobs.com/NVIDIAExternalCareerSite/job/US-CA-Remote/Senior-Technical-Program-Manager--Pre-Silicon-Software-Enablement-and-Workload-Studies_JR2018176,https://nvidia.wd5.myworkdayjobs.com/NVIDIAExternalCareerSite/job/US-CA-Remote/Senior-Technical-Program-Manager--Pre-Silicon-Software-Enablement-and-Workload-Studies_JR2018176,"Technical Program Manager, semiconductor, computing industry, software readiness, architectural modeling, simulation infrastructure, cross-functional decision-making, executive communication
The candidate has strong project management experience and a background in data and AI platforms, but lacks direct experience in semiconductor or pre-silicon environments, which are critical for this role. While they have relevant skills in managing complex projects and cross-functional teams, the absence of specific technical knowledge related to GPU architecture and pre-silicon processes presents a significant gap.",,,,,2026-05-14T22:32:17.257383+00:00
,,,,5,Senior Technical Support Analyst,JOURNAL TECHNOLOGIES,remote,,,"Remote, US (Remote)",https://ats.rippling.com/journaltech/jobs/ce523002-f2bb-4a8e-b487-733bf8d094f6?jobSite=Indeed,https://www.indeed.com/viewjob?jk=cc40126365eb4541,"technical support, hosted solutions, SQL, cloud-based applications, problem-solving, Agile, mentoring
The candidate has relevant experience in technical project management and product management, with a strong focus on data and analytics. However, they lack direct experience in technical support roles and specific knowledge of Java applications and cloud infrastructure, which are crucial for this position. While they have some transferable skills, significant gaps in required technical support experience and specific technologies limit their fit for this role.",,,,,2026-05-14T21:44:13.352357+00:00
,,,,5,Senior Technology Project Manager,Jobgether,unknown,,,,,https://www.linkedin.com/jobs/view/4413558375,"project management, cross-functional collaboration, technology projects, engineering environments, communication skills, problem-solving
The candidate has relevant project management experience, particularly in technology and data-driven environments, but lacks direct experience in managing turbine-related projects or a background in mechanical or industrial engineering. While they possess strong technical skills and have led complex projects, the significant gap in industry-specific knowledge and experience may require substantial ramp-up to meet the job's requirements.",,,,,2026-05-14T21:31:37.952938+00:00
,,,,5,Service Delivery Manager - Greater Los Angeles,Motorola Solutions,hybrid,California Southern Remote Work,,California Southern Remote Work,https://motorolasolutions.wd5.myworkdayjobs.com/Careers/job/California-Southern-Remote-Work/Service-Delivery-Manager---Greater-Los-Angeles_R62399,https://motorolasolutions.wd5.myworkdayjobs.com/Careers/job/California-Southern-Remote-Work/Service-Delivery-Manager---Greater-Los-Angeles_R62399,"Service Delivery Manager, communication systems, customer satisfaction, troubleshooting, project management, technical certifications, RF systems, networking
The candidate has strong project management experience and technical skills related to data and AI platforms, but lacks direct experience with communication systems, RF systems, and the specific technical certifications required for the role. While they have relevant experience in managing technical projects and customer relationships, the significant gaps in specific technical knowledge and experience with Motorola systems limit their fit for this position.",,,,,2026-05-14T22:09:56.379824+00:00
,,,,5,"Service Delivery Manager, Infrastructure",Moderna,onsite,,,,https://modernatx.wd1.myworkdayjobs.com/M_tx/job/Warsaw---Poland/Service-Delivery-Manager--Infrastructure_R19180,https://modernatx.wd1.myworkdayjobs.com/M_tx/job/Warsaw---Poland/Service-Delivery-Manager--Infrastructure_R19180,"service delivery, infrastructure operations, incident management, CAPA, root cause analysis, reporting, dashboards, ServiceNow, ITSM, communication, project management
The candidate has experience in project management and technical product management, which includes some relevant skills such as data analysis and reporting. However, they lack direct experience in service delivery, infrastructure operations, and specific tools like ServiceNow, which are critical for this role. The gaps in infrastructure knowledge and operational experience indicate a moderate match.",,,,,2026-05-14T22:12:00.818278+00:00
,,,,5,Service Manager,Thomson Reuters,hybrid,,,,https://thomsonreuters.wd5.myworkdayjobs.com/External_Career_Site/job/Sweden-Stockholm/Service-Manager_JREQ199246-1,https://thomsonreuters.wd5.myworkdayjobs.com/External_Career_Site/job/Sweden-Stockholm/Service-Manager_JREQ199246-1,"service delivery, logistics, transportation management system, client engagement, project management, supply chain, stakeholder management, program lead
The candidate has strong project management experience and technical skills, particularly in data and AI platforms, but lacks direct experience in logistics and transportation management systems, which are critical for this role. While they have managed complex projects and client relationships, the absence of specific logistics industry knowledge and TMS experience presents a significant gap.",,,,,2026-05-14T22:01:57.065581+00:00
,,,,5,ServiceNow Project Manager,Intuitive.ai,remote,,,Remote,,https://www.linkedin.com/jobs/view/4414147186,"Project Management, Agile, Stakeholder Management, Risk Management, ServiceNow ITSM
The candidate has strong project management experience and a solid understanding of Agile methodologies, which aligns with the job requirements. However, there is no direct experience with ServiceNow ITSM implementation or relevant certifications, which are key for this role. The candidate's technical background in data and AI platforms may provide some transferable skills, but significant gaps exist in specific ServiceNow experience.",,,,,2026-05-14T21:50:40.094592+00:00
,,,,5,Services Sales Solutions Architect,Salesforce,remote,,,Washington D.C. - Remote,https://salesforce.wd12.myworkdayjobs.com/External_Career_Site/job/Washington-DC---Remote/Services-Sales-Solutions-Architect_JR337043,https://salesforce.wd12.myworkdayjobs.com/External_Career_Site/job/Washington-DC---Remote/Services-Sales-Solutions-Architect_JR337043,"Salesforce, pre-sales, project management, technical solutions, customer success, data governance, AI, cloud software
The candidate has relevant experience in project management and technical product management, particularly with data and AI platforms, which aligns with some aspects of the role. However, they lack direct experience with Salesforce products and the specific pre-sales environment required for this position, resulting in a moderate match.",,,,,2026-05-14T21:56:24.524327+00:00
,,,,5,Software Application Specialist,Motorola Solutions,remote,,,"Illinois Remote Work, More...",https://motorolasolutions.wd5.myworkdayjobs.com/Careers/job/Illinois-Remote-Work/Software-Application-Specialist_R63483,https://motorolasolutions.wd5.myworkdayjobs.com/Careers/job/Illinois-Remote-Work/Software-Application-Specialist_R63483,"software integration, business processes, project management, documentation, communication, SQL, training development, user acceptance testing
The candidate has relevant experience in project management and technical product management, particularly in data and AI platforms. However, they lack direct experience in public safety software integration and deployment processes, which is a key requirement for the role. While they possess strong analytical and communication skills, the absence of specific experience in the public safety sector and software deployment methodologies limits their fit for this position.",,,,,2026-05-14T21:59:19.671411+00:00
,,,,5,Software Customer Service Manager - VESTA,Motorola Solutions,remote,,,"Idaho Remote Work, More...",https://motorolasolutions.wd5.myworkdayjobs.com/Careers/job/Idaho-Remote-Work/Software-Customer-Service-Manager---VESTA_R62297,https://motorolasolutions.wd5.myworkdayjobs.com/Careers/job/Idaho-Remote-Work/Software-Customer-Service-Manager---VESTA_R62297,"customer service, technical support, communication skills, problem-solving, project management, Agile, SQL, data governance, relationship management
The candidate has strong project management and technical skills, particularly in data and AI platforms, but lacks direct experience in customer service management and the specific technical support environment required for the role. While they have relevant experience in managing technical projects and teams, the job requires more focused customer service experience and familiarity with Motorola Solutions products, which the candidate does not demonstrate.",,,,,2026-05-14T21:59:19.671411+00:00
,,,,5,Software Developer,BMO,remote,,,"REMOTE/TELETRAVAIL, ON, CAN",https://bmo.wd3.myworkdayjobs.com/External/job/REMOTETELETRAVAIL-ON-CAN/Software-Developer_R260000290,https://bmo.wd3.myworkdayjobs.com/External/job/REMOTETELETRAVAIL-ON-CAN/Software-Developer_R260000290,"AWS, full-stack development, APIs, SQL, Python, Agile, cloud-native applications, serverless architecture, React, Angular
The candidate has relevant project management experience and some technical skills, particularly in Python and SQL, but lacks direct experience with AWS services, Node.js, and front-end frameworks like React and Angular, which are crucial for the role. While they have worked with data pipelines and analytics, the gaps in core development skills and specific technologies required for this position indicate a moderate match.",,,,,2026-05-14T22:50:19.953072+00:00
,,,,5,Software Development Engineer,Thomson Reuters,hybrid,,,,https://thomsonreuters.wd5.myworkdayjobs.com/External_Career_Site/job/Germany-Langenfeld/Software-Development-Engineer_JREQ200387,https://thomsonreuters.wd5.myworkdayjobs.com/External_Career_Site/job/Germany-Langenfeld/Software-Development-Engineer_JREQ200387,"SQL, Python, REST APIs, Microservices, Agile Development, Data Modeling, Cloud Technologies, CI/CD
The candidate has relevant experience in project management and data analytics, with skills in SQL and Python, but lacks direct experience in many key technical areas such as modern front-end frameworks, containerization tools, and mobile app development. While they have worked with APIs and data modeling, the absence of specific software development experience and the required programming languages for this role indicates a moderate match.",,,,,2026-05-14T22:01:57.065581+00:00
,,,,5,Software Engineer - Graduate - Slovakia,Cisco,hybrid,,,,https://cisco.wd5.myworkdayjobs.com/Cisco_Careers/job/Software-Engineer---Graduate---Slovakia_2013016,https://cisco.wd5.myworkdayjobs.com/Cisco_Careers/job/Software-Engineer---Graduate---Slovakia_2013016,"software development, Python, SQL, databases, Agile, collaboration, debugging, technical documentation
The candidate has a strong background in project management and product development, with experience in Python and SQL, which are relevant to the software engineering role. However, they lack direct software development experience and familiarity with specific programming languages like Java or C++, which are preferred for this position. The candidate's experience in managing technical projects and collaborating with engineers may help bridge some gaps, but they would still require substantial ramp-up in software engineering skills.",,,,,2026-05-14T21:57:05.943321+00:00
,,,,5,Software Engineering Manager - Image and Data Compression Libraries,NVIDIA,hybrid,"US, CA, Remote",,"US, CA, Remote",https://nvidia.wd5.myworkdayjobs.com/NVIDIAExternalCareerSite/job/US-CA-Remote/Software-Engineering-Manager---Image-and-Data-Compression-Libraries_JR1990877,https://nvidia.wd5.myworkdayjobs.com/NVIDIAExternalCareerSite/job/US-CA-Remote/Software-Engineering-Manager---Image-and-Data-Compression-Libraries_JR1990877,"Software Engineering Manager, image processing, data processing, Python, team management, project roadmap, C++, algorithms, communication skills
The candidate has relevant experience in project management and technical product management, particularly in data and AI platforms, but lacks direct experience in software engineering, specifically with C++ and image processing algorithms. While they have strong skills in Python and data analytics, the significant gaps in required technical skills and experience managing software engineering teams for image and data compression libraries limit their fit for this role.",,,,,2026-05-14T21:57:02.905092+00:00
,,,,5,Software Service Manager - US Remote,Motorola Solutions,remote,,,"Colorado Remote Work, More...",https://motorolasolutions.wd5.myworkdayjobs.com/Careers/job/Colorado-Remote-Work/Software-Service-Manager---US-Remote_R64147-1,https://motorolasolutions.wd5.myworkdayjobs.com/Careers/job/Colorado-Remote-Work/Software-Service-Manager---US-Remote_R64147-1,"Software Customer Service Manager, customer engagement, service agreements, technical solutions, cloud deployment, API technologies, system integration
The candidate has strong project management experience and technical skills, particularly in data and AI platforms, but lacks direct experience with Motorola Software and Video products, which is crucial for this role. While they have relevant skills in managing customer relationships and technical solutions, the absence of specific experience in the public safety sector and the required software products creates a moderate match overall.",,,,,2026-05-14T21:59:19.671411+00:00
,,,,5,Solution Architect (EDU),Coastal,hybrid,"Remote, US (Remote)",,"Remote, US (Remote)",https://recruitingbypaycor.com/career/JobIntroduction.action?id=8a7887a19de07068019e1d9d0d01789e&source=Indeed+Free,https://www.indeed.com/viewjob?jk=1b6b876fae6dccb2,"Salesforce, SaaS applications, solution design, technical documentation, project scoping, Agile, data models, education vertical
The candidate has strong project management and technical skills, particularly in data and AI platforms, but lacks direct experience with Salesforce and the specific requirements of the education vertical. While they have relevant experience in managing technical projects and implementing data solutions, the absence of Salesforce certifications and specific experience in the education sector presents significant gaps for this role.",,,,,2026-05-14T21:40:03.505024+00:00
,,,,5,"Solution Architect, Sales Engineering",Ciena,remote,,,Remote-US-CO,https://ciena.wd5.myworkdayjobs.com/Careers/job/Remote-US-CO/Solution-Architect--Sales-Engineering_R029415,https://ciena.wd5.myworkdayjobs.com/Careers/job/Remote-US-CO/Solution-Architect--Sales-Engineering_R029415,"technical leadership, customer engagement, network architecture, routing, switching, automation, data center interconnect, Python, technical sales, collaboration
The candidate has a strong background in product and project management within data and AI platforms, but lacks direct experience in telecommunications and the specific routing and switching technologies required for this role. While they have relevant technical skills in Python and data analytics, the significant gap in telecommunications experience and the specific networking protocols mentioned in the job description limits their fit for this position.",,,,,2026-05-14T21:55:51.922966+00:00
,,,,5,Solutions Architect - AI Development,NVIDIA,remote,,,"Singapore, Remote",https://nvidia.wd5.myworkdayjobs.com/NVIDIAExternalCareerSite/job/Singapore-Remote/Solutions-Architect---AI-Development_JR2016896,https://nvidia.wd5.myworkdayjobs.com/NVIDIAExternalCareerSite/job/Singapore-Remote/Solutions-Architect---AI-Development_JR2016896,"AI, Python, machine learning, data pipelines, project management, mentoring, collaboration, deep learning, NLP
The candidate has relevant experience in technical project management and product management within AI and data domains, including work with machine learning models and data pipelines. However, they lack direct experience with NVIDIA-specific technologies and do not meet the 5+ years of experience requirement, which is a key gap for this role.",,,,,2026-05-14T22:07:43.149559+00:00
,,,,5,Solutions Architect - AI Technology Centre,NVIDIA,remote,,,"Singapore, Remote",https://nvidia.wd5.myworkdayjobs.com/NVIDIAExternalCareerSite/job/Singapore-Remote/Solutions-Architect---AI-Technology-Centre_JR2017134,https://nvidia.wd5.myworkdayjobs.com/NVIDIAExternalCareerSite/job/Singapore-Remote/Solutions-Architect---AI-Technology-Centre_JR2017134,"AI, Python, machine learning, project management, collaboration, mentoring, data pipelines, technical expertise
The candidate has relevant experience in AI and machine learning, particularly in managing projects that involve NLP and data pipelines. However, they lack direct experience in the specific fields of Chemistry and Materials Science, as well as familiarity with NVIDIA technologies. While they have strong project management and technical skills, the significant gaps in domain knowledge and specific technology experience lead to a moderate match.",,,,,2026-05-14T22:07:43.149559+00:00
,,,,5,Solutions Architect - DevOps,NVIDIA,remote,,,"Australia, Remote",https://nvidia.wd5.myworkdayjobs.com/NVIDIAExternalCareerSite/job/Australia-Remote/Solutions-Architect---DevOps_JR2015236,https://nvidia.wd5.myworkdayjobs.com/NVIDIAExternalCareerSite/job/Australia-Remote/Solutions-Architect---DevOps_JR2015236,"Kubernetes, automation, cloud environments, AI, Python, DevOps, monitoring, documentation
The candidate has relevant experience in project management and product development within data and AI platforms, but lacks direct experience with Kubernetes, cloud infrastructure management, and the specific technical skills required for a Solutions Architect role. While they possess some transferable skills in automation and data management, significant gaps in key technical requirements such as HPC expertise and extensive cloud experience would necessitate a substantial ramp-up.",,,,,2026-05-14T21:57:02.905092+00:00
,,,,5,"Solutions Consultant, MLF",Thomson Reuters,unknown,,,,https://thomsonreuters.wd5.myworkdayjobs.com/External_Career_Site/job/United-States-of-America-Eagan-Minnesota/Solutions-Consultant--MLF_JREQ200504,https://thomsonreuters.wd5.myworkdayjobs.com/External_Career_Site/job/United-States-of-America-Eagan-Minnesota/Solutions-Consultant--MLF_JREQ200504,"Solutions Consultant, legal software, customer engagement, product marketing, sales cycle, project management, data governance, communication, presentation skills
The candidate has relevant experience in technical project management and product management, particularly in data and AI platforms, which could be transferable to the Solutions Consultant role. However, they lack direct legal industry experience and specific familiarity with legal software or content applications, which are key requirements for this position.",,,,,2026-05-14T22:01:57.065581+00:00
,,,,5,Solutions System Specialist,Motorola Solutions,remote,,,"Illinois Remote Work, More...",https://motorolasolutions.wd5.myworkdayjobs.com/Careers/job/Illinois-Remote-Work/Solutions-System-Specialist_R63480-1,https://motorolasolutions.wd5.myworkdayjobs.com/Careers/job/Illinois-Remote-Work/Solutions-System-Specialist_R63480-1,"technical delivery, project management, SQL, integration, customer communication, process improvement, technical leadership, systems engineering
The candidate has relevant experience in technical project management and product delivery, particularly in data and AI platforms, which aligns with the technical leadership aspect of the role. However, they lack specific experience in public safety applications and the required familiarity with server virtualization and networking protocols, which are key components of the job description. The candidate's experience with SQL and project management methodologies is beneficial, but significant gaps in public safety knowledge and specific technical requirements remain.",,,,,2026-05-14T21:59:19.671411+00:00
,,,,5,Specialist - Partner Accelerator- EMEA,Ciena,remote,,,Remote-Poland,https://ciena.wd5.myworkdayjobs.com/Careers/job/Remote-Poland/Partner-Accelerator--EMEA_R029624,https://ciena.wd5.myworkdayjobs.com/Careers/job/Remote-Poland/Partner-Accelerator--EMEA_R029624,"partner management, operations, business planning, performance metrics, communication skills, analytical capabilities, onboarding, program fluency
The candidate has relevant experience in project and product management, particularly in data and analytics, but lacks direct experience in partner management and operations as specified in the job description. While they possess strong analytical and communication skills, they do not meet the 5+ years of progressive experience in operations or channel programs, which is a key requirement for this role.",,,,,2026-05-14T22:06:26.829660+00:00
,,,,5,"Sr Engagement (Project, Delivery) Manager - Higher Education",Workday,remote,,,USA Remote,https://workday.wd5.myworkdayjobs.com/Workday/job/USA-Remote/Sr-Engagement--Project--Delivery--Manager---Higher-Education_JR-0106130,https://workday.wd5.myworkdayjobs.com/Workday/job/USA-Remote/Sr-Engagement--Project--Delivery--Manager---Higher-Education_JR-0106130,"project management, ERP solutions, consulting experience, implementation, Higher Education, Agile, customer experience, risk management
The candidate has relevant project management experience and a background in technical product management, but lacks direct experience with ERP solutions like Workday, Oracle, or SAP, which are critical for this role. While they have strong skills in data management and analytics, the absence of specific experience in Higher Education and the required years of experience in ERP implementations limits their fit for this position.",,,,,2026-05-14T21:56:19.504779+00:00
,,,,5,Sr Engagement (Project/ Delivery) Manager - State & Local Government,Workday,remote,,,USA Remote,https://workday.wd5.myworkdayjobs.com/Workday/job/USA-Remote/Sr-Engagement--Project--Delivery--Manager---State---Local-Government_JR-0107085,https://workday.wd5.myworkdayjobs.com/Workday/job/USA-Remote/Sr-Engagement--Project--Delivery--Manager---State---Local-Government_JR-0107085,"project management, ERP implementations, customer experience, Agile, data governance, financial management, HCM, SaaS
The candidate has relevant project management experience and a background in data and AI platforms, but lacks direct experience with ERP implementations, particularly with Workday or similar systems. While they have strong technical skills and have managed significant projects, the absence of specific experience in the public sector and with the required ERP systems limits their fit for this role.",,,,,2026-05-14T21:56:19.504779+00:00
,,,,5,Sr Engineer - Systems Design & Implementation,Motorola Solutions,remote,,,"Florida Remote Work, More...",https://motorolasolutions.wd5.myworkdayjobs.com/Careers/job/Florida-Remote-Work/Sr-Engineer---Systems-Design---Implementation_R64366,https://motorolasolutions.wd5.myworkdayjobs.com/Careers/job/Florida-Remote-Work/Sr-Engineer---Systems-Design---Implementation_R64366,"public safety software, system implementation, technical writing, TCP/IP networking, project management, Agile, customer training
The candidate has experience in technical project management and product management, which includes some relevant skills such as technical writing and Agile methodologies. However, they lack direct experience in public safety software implementation, TCP/IP networking, and the specific hardware knowledge required for this role. While they have transferable skills, significant gaps exist in the core technical requirements of the position.",,,,,2026-05-14T21:59:19.671411+00:00
,,,,5,Sr Flink Solution Architect,Capgemini,hybrid,"Remote, US (Remote)",,"Remote, US (Remote)",https://capgemini.talentnet.community/jobs/dadb9db9-bcd7-43e1-9263-626a4f8a93da,https://www.indeed.com/viewjob?jk=d6c79554e167af07,"Flink, Java, Python, data engineering, cloud platforms, CI/CD, big data technologies, data integration, Kubernetes
The candidate has relevant experience in data engineering and project management, particularly with data pipelines and analytics, but lacks direct experience with Flink and Java, which are critical for this role. While they have some experience with Python and cloud technologies, the significant gaps in required technical skills and specific technologies needed for the position result in a moderate match.",,,,,2026-05-14T21:40:03.505024+00:00
,,,,5,Sr Lead Technical Program Manager,Lumen,remote,,,"Remote, US (Remote)",https://careers.lumen.com/careers/job/1133913284432?domain=lumen.com,https://www.indeed.com/viewjob?jk=2663d2f2decb9be2,"Technical Program Manager, cloud technologies, Agile, Scrum, program management, stakeholder management, software development life cycle, JIRA, cloud migrations
The candidate has relevant experience in technical project management and product management, with a strong background in Agile methodologies and data-driven projects. However, they lack specific cloud certifications and direct experience with cloud migrations, which are key requirements for the role. Additionally, while they have experience managing complex projects, they do not meet the 8+ years of program management experience specified in the job description.",,,,,2026-05-14T21:29:36.448824+00:00
,,,,5,Sr Project Manager - Mission Critical,Scott Humphrey Corporation,unknown,,,,,https://www.linkedin.com/jobs/view/4414218548,"Project Management, Data Center, Budget Management, Client Strategy, Execution, Healthcare, Leadership, Risk Management
The candidate has significant experience in project management and technical product management, particularly in data and AI platforms, but lacks direct experience in data center or mission-critical environments. While they have managed budgets and led teams, the specific requirements for large-scale construction projects and the necessary years of experience in that field are not met, resulting in a moderate match.",,,,,2026-05-14T21:29:36.448824+00:00
,,,,5,"Sr. Analyst, Contracting Operations, US Commercial",Moderna,onsite,,,,https://modernatx.wd1.myworkdayjobs.com/M_tx/job/Princeton-New-Jersey/Sr-Analyst--Contracting-Operations--US-Commercial_R19112-1,https://modernatx.wd1.myworkdayjobs.com/M_tx/job/Princeton-New-Jersey/Sr-Analyst--Contracting-Operations--US-Commercial_R19112-1,"contract administration, pricing implementation, membership maintenance, data analysis, Excel, SOX controls, collaboration
The candidate has experience in project management and data analysis, which are relevant to the role, but lacks specific experience in pharmaceutical contracts and chargebacks, which are critical for this position. While they have strong technical skills and project management experience, the absence of direct experience in contract operations and the pharmaceutical industry presents significant gaps.",,,,,2026-05-14T22:35:44.018180+00:00
,,,,5,"Sr. Business Analyst, Salesforce",PAR Technology,remote,,,"Remote, US (Remote)",https://partech.com/careers-at-par/?ashby_jid=5c8c84cf-b2f6-419f-b51a-cd125ce74925#careers,https://www.indeed.com/viewjob?jk=add9bbefb45b0b80,"Salesforce, business analysis, data analysis, agile frameworks, project management, user stories, stakeholder communication
The candidate has strong project management and data analysis experience, but lacks specific Salesforce expertise and certifications required for the role. While they have relevant skills in managing projects and working with data, the absence of direct Salesforce experience and the required certifications creates a significant gap for this position.",,,,,2026-05-14T21:29:36.448824+00:00
,,,,5,"Sr. Customer Success Manager (NE,ND,IL,IN,MO,PA)",Motorola Solutions,remote,,,"Nebraska Remote Work, More...",https://motorolasolutions.wd5.myworkdayjobs.com/Careers/job/Nebraska-Remote-Work/Sr-Customer-Success-Manager--NE-ND-IL-IN-MO--PA-_R63016,https://motorolasolutions.wd5.myworkdayjobs.com/Careers/job/Nebraska-Remote-Work/Sr-Customer-Success-Manager--NE-ND-IL-IN-MO--PA-_R63016,"Customer Success, Account Management, SaaS, Project Management, Cloud Computing, Data Analytics, Cross-functional Collaboration, Public Safety
The candidate has strong project management and product management experience, particularly in technology and data-driven environments, but lacks direct experience in customer success or account management roles. While they have relevant skills in data analytics and SaaS, they do not meet the specific requirement of 5+ years in a customer-facing role, particularly in public safety, which is critical for this position.",,,,,2026-05-14T21:59:19.671411+00:00
,,,,5,"Sr. Customer Success Manger, Corporates Legal",Thomson Reuters,unknown,,,,https://thomsonreuters.wd5.myworkdayjobs.com/External_Career_Site/job/United-States-of-America-Ann-Arbor-Michigan/Sr-Customer-Success-Manger--Corporates-Legal_JREQ199895,https://thomsonreuters.wd5.myworkdayjobs.com/External_Career_Site/job/United-States-of-America-Ann-Arbor-Michigan/Sr-Customer-Success-Manger--Corporates-Legal_JREQ199895,"Customer Success, SaaS, executive presence, stakeholder management, legal technology, AI, product expertise, adoption, retention, expansion
The candidate has strong project management and product management experience, particularly in data and AI platforms, but lacks direct experience in customer success roles or the legal technology sector. While they have relevant skills in analytics and product delivery, the absence of specific customer success metrics and legal experience presents significant gaps for this role.",,,,,2026-05-14T22:01:57.065581+00:00
,,,,5,Sr. Digital Manufacturing Technical Specialist,Moderna,onsite,,,,https://modernatx.wd1.myworkdayjobs.com/M_tx/job/Norwood-Massachusetts/Sr-Digital-Manufacturing-Technical-Specialist_R19058,https://modernatx.wd1.myworkdayjobs.com/M_tx/job/Norwood-Massachusetts/Sr-Digital-Manufacturing-Technical-Specialist_R19058,"AI solutions, scalable systems, data governance, machine learning, NLP, project management, cloud platforms, cross-functional collaboration
The candidate has relevant experience in project management and AI-related projects, particularly in data governance and NLP, but lacks direct experience in manufacturing or the specific AI applications mentioned in the job description. While they have strong technical skills in data analytics and some programming, they do not meet the required years of experience in delivering AI solutions in production environments, which is a key requirement for this role.",,,,,2026-05-14T22:02:20.415246+00:00
,,,,5,"Sr. Director, Strategy & Program Management (PMO)",Atom,hybrid,,,,,https://www.linkedin.com/jobs/view/4414187122,"Project Management, Program Management, Oracle Cloud ERP, Salesforce CRM, Agile, Scrum, Leadership, Stakeholder Management
The candidate has strong project management experience and has worked with data and AI platforms, but lacks direct experience with Oracle Cloud ERP and Salesforce CRM, which are critical for this role. While they demonstrate leadership and technical skills, the absence of specific experience in the required enterprise applications and the level of seniority needed for this position results in a moderate match.",,,,,2026-05-14T21:40:03.505024+00:00
,,,,5,"Sr. Engineer, GxP Systems",Moderna,unknown,,,,https://modernatx.wd1.myworkdayjobs.com/M_tx/job/Norwood-Massachusetts/Sr-Engineer-I--GxP-Systems_R19156,https://modernatx.wd1.myworkdayjobs.com/M_tx/job/Norwood-Massachusetts/Sr-Engineer-I--GxP-Systems_R19156,"GxP, Computer System Validation, ALCOA+, risk management, CAPA, data integrity, automation, system administration, troubleshooting
The candidate has a strong background in project management and data systems but lacks direct experience in GxP systems and computer system validation as specified in the job description. While they have relevant skills in data management and automation, the absence of specific experience with regulatory compliance and laboratory systems presents a significant gap for this role.",,,,,2026-05-14T22:41:16.493511+00:00
,,,,5,Sr. Global Project Manager,Cabot Corporation,unknown,,,,,https://www.linkedin.com/jobs/view/4411187235,"project management, cross-functional collaboration, budget management, stakeholder management, Agile, risk management, engineering, manufacturing systems
The candidate has relevant experience in project management and has led technical projects, but lacks specific engineering expertise and the required 10+ years of experience in project execution for high-level projects. While they have strong skills in data management and analytics, the role requires a deeper background in engineering disciplines and international project execution, which the candidate does not fully meet.",,,,,2026-05-14T21:31:37.952938+00:00
,,,,5,Sr. GxP Product Manager,Moderna,onsite,,,,https://modernatx.wd1.myworkdayjobs.com/M_tx/job/Cambridge-Massachusetts/GxP-Product-Manager_R19011-1,https://modernatx.wd1.myworkdayjobs.com/M_tx/job/Cambridge-Massachusetts/GxP-Product-Manager_R19011-1,"Product Manager, GxP, digital healthcare, data solutions, LIMS, Agile, backlog management, compliance, data governance, SQL, Python
The candidate has relevant experience in product management and technical project management, particularly in data and AI platforms, which aligns with some aspects of the role. However, they lack specific experience in the GxP biotech/pharma space and LIMS systems, which are critical for this position. While they possess strong technical skills, the absence of direct GxP experience and the required years in the biotech field limits their fit for this senior role.",,,,,2026-05-14T22:12:00.818278+00:00
,,,,5,"Sr. Manager Communications, Product and Technology",General Motors (GM),remote,,,"Remote, US (Remote)",https://generalmotors.wd5.myworkdayjobs.com/en-US/Careers_GM/job/Remote---United-States/Sr-Manager-Communications--Product-and-Technology_JR-202610615,https://www.indeed.com/viewjob?jk=5608db81b6e20d3c,"communications, storytelling, product technology, media relations, executive communications, cross-functional collaboration, technology, AI, automotive
The candidate has a strong background in technical project management and product management, with experience in data and AI platforms, but lacks direct experience in communications or public relations, which is critical for this role. While they have some transferable skills, such as working cross-functionally and managing projects, the significant gap in communications strategy and media relations experience makes them a moderate match for this position.",,,,,2026-05-14T21:44:13.352357+00:00
,,,,5,Sr. Partner Specialist,World Wide Technology,remote,,,"Remote, US (Remote)",https://recruiting.adp.com/srccsh/public/RTI.home?r=5001199074106&c=2166501&d=WWTExternalCareerSite&rb=INDEED&idUnique=5001199074106,https://www.indeed.com/viewjob?jk=546ff1ba8feff851,"Sales-Operations, technical partnerships, communication skills, project management, data analysis, program management
The candidate has relevant experience in project management and technical product management, but lacks direct experience in sales operations and managing technology partnerships as specified in the job description. While they have strong analytical and communication skills, the absence of specific experience with Cisco Partner Tools and Salesforce, as well as the required years in a related field, results in a moderate match.",,,,,2026-05-14T21:44:13.352357+00:00
,,,,5,Sr. Performance Engineer,Canadian Solar,remote,,,Canada - Remote,https://canadiansolar.wd5.myworkdayjobs.com/CanadianSolar/job/Canada---Remote/Sr-Performance-Engineer_10000879-1,https://canadiansolar.wd5.myworkdayjobs.com/CanadianSolar/job/Canada---Remote/Sr-Performance-Engineer_10000879-1,"troubleshooting, data analysis, performance testing, project execution, communication skills, problem solving
The candidate has strong project management experience and a background in data analytics, which are relevant to the role. However, they lack direct experience in performance engineering, commissioning, and specific knowledge of SCADA protocols or battery energy storage systems, which are key requirements for the position.",,,,,2026-05-14T22:03:23.687348+00:00
,,,,5,Sr. Program Manager,AEVEX,remote,,,Remote,,https://www.linkedin.com/jobs/view/4393245464,"Program Management, Project Management, Agile Development, Risk Management, Communication Skills, Leadership, Data Analytics, SQL, Subcontractor Management
The candidate has relevant experience in project management and technical product management, with skills in Agile development and risk management. However, they lack the extensive 15+ years of program/project management experience and specific knowledge in Ground/Flight Test Operations and Subcontractor Management required for the role. Additionally, the candidate does not possess the necessary security clearance or PMP certification, which are critical for this position.",,,,,2026-05-14T21:46:30.549281+00:00
,,,,5,Sr. Program Manager,Lynx,hybrid,"Remote, US (Remote)",,"Remote, US (Remote)",https://ats.rippling.com/lynx-software-technologies/jobs/c88c6829-60cc-427f-971c-46bb0f535b34?jobSite=Indeed,https://www.indeed.com/viewjob?jk=0157c941519dcfca,"Program Manager, Agile, Software Development, JIRA, Scrum, Project Management, Technical Coordination, Communication
The candidate has relevant experience in project management and technical product management, but lacks direct experience in software development and DOD project management, which are critical for this role. While they have strong skills in Agile methodologies and tools like JIRA, the absence of a security clearance and specific experience with defense projects limits their fit for this senior-level position.",,,,,2026-05-14T21:33:49.397717+00:00
,,,,5,"Sr. Program Manager, Enterprise Growth & Capital Programs",Jabil,remote,,,"Remote, US (Remote)",https://jabil.wd5.myworkdayjobs.com/en-US/Jabil_Careers/job/Remote---USA/Sr-Program-Manager--Enterprise-Growth---Capital-Programs_J2450313,https://www.indeed.com/viewjob?jk=c1f430988145e831,"project management, cross-functional teams, requirements definition, PMI standards, program planning, execution, stakeholder engagement, financial management, risk analysis
The candidate has relevant experience in project management and has worked with cross-functional teams, but lacks direct experience in facilities-driven or capital-intensive initiatives as specified in the job description. While they have strong skills in data and analytics, their background does not fully align with the specific requirements of managing enterprise-level growth programs and delivering site builds or expansions.",,,,,2026-05-14T21:36:03.741595+00:00
,,,,5,Sr. Project Manager (Telehealth),HealthCare Recruiters International,remote,,,Remote,,https://www.linkedin.com/jobs/view/4413803803,"project management, client relationships, healthcare, telehealth, business development, tech implementations
The candidate has strong project management experience and a background in tech implementations, but lacks specific experience in healthcare or telehealth projects, which is a key requirement for this role. While they have relevant skills in managing client relationships and project timelines, the absence of direct experience in the healthcare sector and business development may hinder their effectiveness in this position.",,,,,2026-05-14T21:29:36.448824+00:00
,,,,5,Sr. Project Manager- Remote,KOMAN Family of Companies,remote,,,Remote,,https://www.linkedin.com/jobs/view/4414176610,"project management, budgeting, scheduling, leadership, federal projects, Agile, compliance, communication
The candidate has relevant project management experience, particularly in technical and data-driven environments, but lacks direct experience with federal construction projects and the specific requirements outlined in the job description. While they demonstrate strong leadership and communication skills, the absence of experience with federal contracts and construction management presents a significant gap for this role.",,,,,2026-05-14T21:29:36.448824+00:00
,,,,5,Sr. Project Manager-EPMO,Pinnacle Method Consulting,remote,,,Remote,,https://www.linkedin.com/jobs/view/4414440983,"project management, healthcare, EPMO, PMP, Agile, leadership, mentoring, complex projects
The candidate has relevant project management experience and has led complex projects, but lacks specific experience in healthcare and EPMO environments, which are crucial for this role. While they possess strong technical skills and project management methodologies, the absence of direct healthcare experience and required certifications (PMP, PgMP) limits their fit for this position.",,,,,2026-05-14T21:42:01.891331+00:00
,,,,5,Staff Software Engineer - AI I,Thomson Reuters,hybrid,,,,https://thomsonreuters.wd5.myworkdayjobs.com/External_Career_Site/job/India-Hyderabad-Telangana/Staff-Software-Engineer---AI-I_JREQ199772,https://thomsonreuters.wd5.myworkdayjobs.com/External_Career_Site/job/India-Hyderabad-Telangana/Staff-Software-Engineer---AI-I_JREQ199772,"Python, AI, ML, data pipelines, SQL, project management, Agile, APIs, Snowflake, automation
The candidate has relevant experience in project management and some technical skills, particularly in Python and data management. However, they lack the required years of software engineering experience (7+ years) and specific AI/ML frameworks like TensorFlow, which are critical for this role. While they have worked with AI-related projects, the gaps in direct software engineering experience and specific technical requirements lead to a moderate match.",,,,,2026-05-14T22:01:57.065581+00:00
,,,,5,"Strategy & Planning Manager, CoCounsel",Thomson Reuters,unknown,,,,https://thomsonreuters.wd5.myworkdayjobs.com/External_Career_Site/job/United-States-of-America-Eagan-Minnesota/Strategy---Planning-Manager--CoCounsel_JREQ200448,https://thomsonreuters.wd5.myworkdayjobs.com/External_Career_Site/job/United-States-of-America-Eagan-Minnesota/Strategy---Planning-Manager--CoCounsel_JREQ200448,"strategy, planning, customer success, performance analysis, project management, B2B, data-driven insights, collaboration, sales initiatives
The candidate has relevant experience in project management and product management, particularly in data and analytics, which aligns with the analytical and strategic aspects of the role. However, they lack direct experience in sales, customer success, and the legal or compliance industries, which are key requirements for the position. This results in a moderate match with some significant gaps.",,,,,2026-05-14T22:01:57.065581+00:00
,,,,5,"Submission Manager, Regulatory Operations",Moderna,onsite,,,,https://modernatx.wd1.myworkdayjobs.com/M_tx/job/Warsaw---Poland/Submission-Manager--Regulatory-Operations_R19104-1,https://modernatx.wd1.myworkdayjobs.com/M_tx/job/Warsaw---Poland/Submission-Manager--Regulatory-Operations_R19104-1,"regulatory operations, submission management, project management, compliance, e-submission standards, document management systems, lifecycle management, communication, operational oversight
The candidate has strong project management experience and technical skills, particularly in data and analytics, but lacks direct experience in regulatory operations and submission management, which are critical for this role. While they have relevant skills in managing complex projects and communicating with stakeholders, the absence of specific regulatory submission expertise and knowledge of e-submission standards presents a significant gap.",,,,,2026-05-14T22:12:00.818278+00:00
,,,,5,Success Architect,Salesforce,remote,,,Texas - Houston Metro - Remote,https://salesforce.wd12.myworkdayjobs.com/External_Career_Site/job/Texas---Houston-Metro---Remote/Success-Architect--Internal-Only-_JR338717-1,https://salesforce.wd12.myworkdayjobs.com/External_Career_Site/job/Texas---Houston-Metro---Remote/Success-Architect--Internal-Only-_JR338717-1,"Customer Success, Data Integration, Data Quality, Cloud, Databases, SQL, Agile Development, Product Management, Technical Project Management
The candidate has relevant experience in technical project management and product management, with skills in data integration and analytics. However, they lack specific experience with Informatica products and the required 10+ years in a consulting role, which are critical for the Success Architect position. While they have strong technical skills, the gaps in direct experience with the specific technologies and frameworks mentioned in the job description limit their fit for this role.",,,,,2026-05-14T21:56:24.524327+00:00
,,,,5,Supplier and Contract Manager,Thomson Reuters,hybrid,,,,https://thomsonreuters.wd5.myworkdayjobs.com/External_Career_Site/job/Mexico-Mexico-City/Supplier-and-Contract-Manager_JREQ199135,https://thomsonreuters.wd5.myworkdayjobs.com/External_Career_Site/job/Mexico-Mexico-City/Supplier-and-Contract-Manager_JREQ199135,"contract management, supplier relationship management, negotiation, compliance, project management, analytics, stakeholder management
The candidate has relevant experience in project management and product management, particularly in data governance and contract intelligence, which involves aspects of supplier and contract management. However, they lack direct experience in managing supplier relationships and contracts at the scale required by the job, as well as the advanced negotiation and contract drafting skills emphasized in the job description.",,,,,2026-05-14T22:01:57.065581+00:00
,,,,5,Systems Engineer,BerryDunn,hybrid,"Remote, US (Remote)",,"Remote, US (Remote)",https://careers-berrydunn.icims.com/jobs/3832/systems-engineer/job,https://www.indeed.com/viewjob?jk=6f78df9d2e50ec7f,"Azure, PowerShell, automation, SQL, infrastructure management, database administration, collaboration, documentation
The candidate has relevant experience in data management and automation, particularly with SQL and Python, but lacks direct experience with Azure administration and PowerShell scripting, which are critical for the Systems Engineer role. While they have strong project management skills and some technical knowledge, the absence of specific Azure and PowerShell experience represents a significant gap for this position.",,,,,2026-05-14T21:31:37.952938+00:00
,,,,5,Systems Engineer Design & Implementation - North Carolina OR South Carolina,Motorola Solutions,remote,,,"South Carolina Remote Work, More...",https://motorolasolutions.wd5.myworkdayjobs.com/Careers/job/South-Carolina-Remote-Work/Systems-Engineer-Design---Implementation---North-Carolina-OR-South-Carolina_R64874,https://motorolasolutions.wd5.myworkdayjobs.com/Careers/job/South-Carolina-Remote-Work/Systems-Engineer-Design---Implementation---North-Carolina-OR-South-Carolina_R64874,"Systems Engineer, Project Management, Technical Experience, Radio Frequency Engineering, Networking, Customer Interaction, Documentation, API, Linux, VMware
The candidate has a strong background in technical project management and product management, with experience in data pipelines and analytics, but lacks direct experience in radio frequency engineering and the specific technologies mentioned in the job description. While they have relevant skills in project management and some technical knowledge, they do not meet the key requirements for systems engineering and radio network design, resulting in a moderate match.",,,,,2026-05-14T21:59:19.671411+00:00
,,,,5,Systems Engineer/Technician - Ingénieur/Technicien en systèmes,Motorola Solutions,remote,,,Quebec Remote Work,https://motorolasolutions.wd5.myworkdayjobs.com/Careers/job/Quebec-Remote-Work/Systems-Engineer-Technician---Ingnieur-Technicien-en-systmes_R64094,https://motorolasolutions.wd5.myworkdayjobs.com/Careers/job/Quebec-Remote-Work/Systems-Engineer-Technician---Ingnieur-Technicien-en-systmes_R64094,"systems engineering, project management, customer presentations, documentation, network design, troubleshooting, RF, wireless, LTE, communication systems
The candidate has strong project management and technical product management experience, particularly in data and AI platforms, but lacks direct experience with radio communication systems and the specific networking technologies mentioned in the job description. While they have relevant skills in data pipelines and analytics, the significant gaps in RF and wireless communication knowledge, as well as the required certifications, suggest a moderate match for this role.",,,,,2026-05-14T22:09:56.379824+00:00
,,,,5,Tableau Technical Architect (TS/SCI clearance),Salesforce,remote,,,Virginia - Washington DC Metro - Remote,https://salesforce.wd12.myworkdayjobs.com/External_Career_Site/job/Virginia---Washington-DC-Metro---Remote/Tableau-Technical-Architect--TS-SCI-clearance-_JR333434,https://salesforce.wd12.myworkdayjobs.com/External_Career_Site/job/Virginia---Washington-DC-Metro---Remote/Tableau-Technical-Architect--TS-SCI-clearance-_JR333434,"Tableau, Data & Analytics, SQL, Python, Cloud Computing, API Integrations, Technical Architect, Business Intelligence
The candidate has relevant experience in data management and analytics, particularly with SQL and Python, which are important for the role. However, they lack specific experience with Tableau and the required TS/SCI clearance, which are critical for this position. While they have strong project management skills, the absence of direct Tableau experience and security clearance results in a moderate match.",,,,,2026-05-14T21:56:24.524327+00:00
,,,,5,Task Lead - Probate Technical Liaison Support,Goldbelt,remote,,,"Remote, US (Remote)",https://talent.goldbelt.com/jobs/19578/job?utm_source=indeed_integration&iis=Job%20Board&iisn=Indeed&indeed-apply-token=73a2d2b2a8d6d5c0a62696875eaebd669103652d3f0c2cd5445d3e66b1592b0f,https://www.indeed.com/viewjob?jk=c83c717f60497f83,"Technical advisement, acquisition support, vendor coordination, leadership reporting, federal acquisition processes, eProbate System, Trust Asset and Accounting Management System (TAAMS), project management
The candidate has relevant experience in technical project management and product management, with skills in data management and analytics. However, they lack direct experience with the Trust Asset and Accounting Management System (TAAMS) and federal acquisition processes, which are critical for this role. While they have strong project management skills, the specific requirements for federal program management and technical advisement are not fully met.",,,,,2026-05-14T21:36:03.741595+00:00
,,,,5,"Team Lead, Quality Control, Raw Materials & Environmental Monitoring",Moderna,remote,,,,https://modernatx.wd1.myworkdayjobs.com/M_tx/job/Melbourne---Australia/Team-Lead--Quality-Control--Raw-Materials---Environmental-Monitoring_R19120,https://modernatx.wd1.myworkdayjobs.com/M_tx/job/Melbourne---Australia/Team-Lead--Quality-Control--Raw-Materials---Environmental-Monitoring_R19120,"Quality Control, cGMP, environmental monitoring, raw materials, leadership, compliance, continuous improvement, regulatory inspections
The candidate has strong project management and technical skills, particularly in data and AI platforms, but lacks direct experience in a cGMP environment and specific quality control processes related to raw materials and environmental monitoring. While they have demonstrated leadership and analytical skills, the significant gap in relevant industry experience and specific QC knowledge limits their fit for this role.",,,,,2026-05-14T22:26:35.890133+00:00
,,,,5,Tech Lead Engineer -Backend- Reuters,Thomson Reuters,hybrid,,,,https://thomsonreuters.wd5.myworkdayjobs.com/External_Career_Site/job/India-Bengaluru-Karnataka/Tech-Lead-Engineer--Backend--Reuters_JREQ196783,https://thomsonreuters.wd5.myworkdayjobs.com/External_Career_Site/job/India-Bengaluru-Karnataka/Tech-Lead-Engineer--Backend--Reuters_JREQ196783,"backend engineering, cloud native, microservice architecture, PostgreSQL, SQL, RESTful APIs, Agile development, product management, data pipelines
The candidate has relevant experience in technical project management and product management, with a strong focus on data and analytics. However, they lack direct experience in backend engineering, specifically with Java, TypeScript, and the required cloud technologies. While they have some relevant skills and experience, they are missing key technical requirements, particularly in programming languages and cloud architecture, which are critical for this role.",,,,,2026-05-14T22:01:57.065581+00:00
,,,,5,Technical Account Manager,FireMon,hybrid,"Remote, US (Remote)",,"Remote, US (Remote)",https://jobs.lever.co/firemon/65208e7b-0d5c-473c-9579-a0dab419fbd6,https://www.indeed.com/viewjob?jk=6bc65e5dcfbb07a6,"Technical Account Manager, project management, customer-facing roles, troubleshooting, network infrastructures, software development, communication, relationship-building
The candidate has relevant experience in technical project management and customer-facing roles, but lacks direct experience in managing complex network infrastructures and specific technical certifications mentioned in the job description. While they possess strong analytical and problem-solving skills, the gaps in networking and system administration experience may require significant ramp-up to meet the role's requirements.",,,,,2026-05-14T21:29:36.448824+00:00
,,,,5,"Technical Architect, Senior Director",Salesforce,remote,,,California - Remote,https://salesforce.wd12.myworkdayjobs.com/External_Career_Site/job/California---Remote/Technical-Architect--Senior-Director_JR341846,https://salesforce.wd12.myworkdayjobs.com/External_Career_Site/job/California---Remote/Technical-Architect--Senior-Director_JR341846,"Technical Project Manager, Data Governance, AI, NLP, Agile Development, SQL, Python, Data Pipelines, Communication Skills, Integration
The candidate has relevant experience in technical project management and data analytics, with skills in SQL and Python, which are valuable for the role. However, they lack direct experience in Salesforce, Trade Promotion Management, and the Consumer Goods industry, which are critical requirements for the position. While they have strong project management and technical skills, the gaps in specific industry experience and Salesforce expertise limit their fit for this senior architect role.",,,,,2026-05-14T22:07:01.612876+00:00
,,,,5,Technical Manager,Thomson Reuters,hybrid,,,,https://thomsonreuters.wd5.myworkdayjobs.com/External_Career_Site/job/United-Arab-Emirates-Dubai-Dubai/Technical-Manager_JREQ200475,https://thomsonreuters.wd5.myworkdayjobs.com/External_Career_Site/job/United-Arab-Emirates-Dubai-Dubai/Technical-Manager_JREQ200475,"Technical Manager, team leadership, performance management, implementation, enterprise software, B2B, ERP integration, API, stakeholder management, e-invoicing
The candidate has relevant experience in technical project management and product management, but lacks the extensive experience (15+ years) and specific ERP knowledge (SAP or Oracle) required for the role. While they have demonstrated leadership and technical oversight in previous roles, the gaps in direct experience with e-invoicing and multi-country implementations are significant, leading to a moderate match.",,,,,2026-05-14T22:01:57.065581+00:00
,,,,5,Technical Manager (APAC Region),CarbonCure Technologies,remote,,,"Remote, US (Remote)",https://carboncure.bamboohr.com/careers/256?source=indeed&src=indeed&postedDate=2026-05-12,https://www.indeed.com/viewjob?jk=4c03005b77bf6bb1,"technical management, customer success, installation, concrete performance, operational excellence, regulatory strategies, technical strategy, team leadership
The candidate has relevant experience in technical project management and product management, particularly in data and AI platforms, but lacks direct experience in concrete mix design management and the specific technical operations related to the concrete industry. While they demonstrate strong leadership and project management skills, the absence of concrete-specific knowledge and experience managing distributed teams in the APAC region presents significant gaps for this role.",,,,,2026-05-14T21:33:49.397717+00:00
,,,,5,Technical Program Manager,BayOne Solutions,remote,,,Remote,,https://www.linkedin.com/jobs/view/4393045819,"Technical Program Manager, project management, Agile, JIRA, resource allocation, risk management, cross-functional teams, content production pipelines
The candidate has relevant experience as a Technical Project Manager and has demonstrated skills in Agile methodologies, project management, and leading cross-functional teams. However, they lack specific experience in photo studio workflows, Digital Asset Management (DAM), and the other technologies mentioned in the job description, which are critical for this role. This results in a moderate match with some key gaps.",,,,,2026-05-14T21:46:30.549281+00:00
,,,,5,Technical Program Manager,Penta Consulting,unknown,,,,,https://www.linkedin.com/jobs/view/4413472610,"Technical Program Manager, cloud architecture, delivery governance, Azure, operational excellence, IT consulting, project management, KPIs, SLAs, communication
The candidate has relevant experience in technical project management and product management, particularly in data and AI platforms, but lacks direct experience with Microsoft Cloud technologies like Azure and M365, which are crucial for this role. Additionally, the candidate does not meet the 10+ years of experience requirement in IT consulting or technical delivery leadership, indicating a moderate match with significant gaps in key areas.",,,,,2026-05-14T21:50:40.094592+00:00
,,,,5,"Technical Program Manager (L6), Identity and Access Management",Netflix,unknown,,,,,https://www.linkedin.com/jobs/view/4401678691,"Technical Program Manager, Identity and Access Management, security, program execution, stakeholder alignment, change management, Zero Trust architecture, OKRs, communication, IAM protocols
The candidate has relevant experience in technical project management and product management, particularly in data governance and security-related projects. However, they lack direct experience with Identity and Access Management (IAM) protocols and the specific security principles mentioned in the job description, which are critical for this role. While they have strong project management skills, the absence of specific IAM experience and knowledge of modern security protocols limits their fit for this position.",,,,,2026-05-14T21:46:30.549281+00:00
,,,,5,Technical Program Manager - Adobe,Hirobe Limited,hybrid,Remote,,Remote,,https://www.linkedin.com/jobs/view/4414676061,"Technical Program Manager, Adobe, digital transformation, enterprise program management, stakeholder engagement, program management, Agile, Adobe Experience Manager, Adobe Analytics, Adobe Campaign, governance
The candidate has relevant experience in project and product management, particularly in data and AI platforms, but lacks direct experience with Adobe products and technologies, which are crucial for this role. While they have managed significant budgets and led cross-functional teams, the absence of specific Adobe ecosystem experience and the requirement for 8+ years in Technical Program Management limits their fit for this position.",,,,,2026-05-14T21:50:40.094592+00:00
,,,,5,Technical Program Manager [210085],Skill,unknown,,,,,https://www.linkedin.com/jobs/view/4414655570,"Technical Program Manager, Cybersecurity, IAM, PAM, Agile, execution, delivery roadmap, integration, communication, risk mitigation
The candidate has strong project management experience and technical skills, particularly in data and AI platforms, but lacks direct experience in Cybersecurity and Privileged Access Management (PAM). While they have relevant skills in managing complex projects and cross-functional teams, the absence of specific PAM fluency and experience in the required domain limits their fit for this role.",,,,,2026-05-14T21:46:30.549281+00:00
,,,,5,"Technical Program Manager, Data Center Design",Google,hybrid,Remote,,Remote,,https://www.linkedin.com/jobs/view/4414469435,"program management, data center design, project management, requirements gathering, resource organization, planning, scheduling
The candidate has strong experience in technical project management and product development, but lacks specific experience in data center design and the required engineering background. While they have relevant skills in managing complex projects and cross-functional teams, the absence of a degree in a related technical field and direct experience in data center design creates significant gaps for this role.",,,,,2026-05-14T21:46:30.549281+00:00
,,,,5,Technical Project Manager,Reboot Monkey,hybrid,Remote,,Remote,,https://www.linkedin.com/jobs/view/4414640222,"Technical Project Manager, datacenter operations, infrastructure management, technical account management, Jira, project budgets, vendor RMAs, Statement of Work, cloud infrastructure
The candidate has relevant experience in project management and technical roles, particularly in data and AI platforms, but lacks direct experience with datacenter operations and hardware management, which are critical for this role. While they have strong project management skills and familiarity with tools like Jira, they do not demonstrate the required hands-on experience with server hardware or power/cooling systems, leading to a moderate match.",,,,,2026-05-14T21:29:36.448824+00:00
,,,,5,Technical Support Manager - Level 2 (Salesforce),Thomson Reuters,hybrid,,,,https://thomsonreuters.wd5.myworkdayjobs.com/External_Career_Site/job/Mexico-Mexico-City/Technical-Support-Manager---Level-2--Salesforce-_JREQ200638,https://thomsonreuters.wd5.myworkdayjobs.com/External_Career_Site/job/Mexico-Mexico-City/Technical-Support-Manager---Level-2--Salesforce-_JREQ200638,"Technical Support, Salesforce, IT Services, leadership, incident management, cloud infrastructure, data management, Agile Development, project management
The candidate has strong project management and technical skills, particularly in data and AI platforms, but lacks direct experience with Salesforce and the specific IT service management requirements outlined in the job description. While they have relevant experience in managing teams and projects, the absence of hands-on Salesforce knowledge and the specific technical support experience needed for this role results in a moderate match.",,,,,2026-05-14T22:01:57.065581+00:00
,,,,5,Technical Training Instructor AEM (Adobe Experience Manager)/Workfront (Remote Germany),Adobe,remote,,,Remote Germany,https://adobe.wd5.myworkdayjobs.com/external_experienced/job/Remote-Germany/Technical-Training-Instructor--Remote-Germany-_R166481,https://adobe.wd5.myworkdayjobs.com/external_experienced/job/Remote-Germany/Technical-Training-Instructor--Remote-Germany-_R166481,"Adobe Experience Manager, Workfront, training, project management, digital marketing, workflow automation, customer experience
The candidate has strong project management and technical skills, particularly in data and analytics, but lacks direct experience with Adobe Experience Manager (AEM) and Workfront, which are crucial for the role. While they have relevant experience in delivering training and managing technical projects, the absence of specific knowledge in Adobe products and the required industry certifications presents a moderate match for this position.",,,,,2026-05-14T21:57:56.024402+00:00
,,,,5,"Technical Training Lead, NVIS",NVIDIA,remote,,,"US, CA, Remote",https://nvidia.wd5.myworkdayjobs.com/NVIDIAExternalCareerSite/job/US-CA-Remote/Technical-Training-Lead--NVIS_JR2017676,https://nvidia.wd5.myworkdayjobs.com/NVIDIAExternalCareerSite/job/US-CA-Remote/Technical-Training-Lead--NVIS_JR2017676,"training, onboarding, curriculum development, program management, instructional design, technical context, collaboration, continuous improvement
The candidate has experience in project management and product management, which includes elements of training and onboarding, but lacks direct experience in creating training programs or instructional design specifically for technical contexts. While they have relevant skills in data and analytics, their experience does not fully align with the requirements for a Technical Training Lead, particularly in the areas of curriculum development and training delivery.",,,,,2026-05-14T22:07:43.149559+00:00
,,,,5,Technical Writing Manager,JOURNAL TECHNOLOGIES,remote,,,"Remote, US (Remote)",https://ats.rippling.com/journaltech/jobs/55882835-0e72-4103-8b13-d2d80dff69e5?jobSite=Indeed,https://www.indeed.com/viewjob?jk=fed81718bcf21953,"technical writing, software documentation, Agile, SQL, API documentation, content strategy, technical communication, leadership, mentoring
The candidate has strong project management and technical skills, particularly in data and AI platforms, but lacks direct experience in technical writing and documentation management, which are crucial for this role. While they have experience in Agile methodologies and some relevant technical skills, they do not meet the required years of experience in a technical writing leadership position, resulting in a moderate match.",,,,,2026-05-14T21:37:59.870693+00:00
,,,,5,Tendering Manager II,FieldCore,remote,,,"Remote, US (Remote)",https://app.jobvite.com/CompanyJobs/Job.aspx?j=o9V8zfwv&s=Indeed,https://www.indeed.com/viewjob?jk=018a336e21b890e1,"project management, outage planning, continuous improvement, customer satisfaction, communication skills, leadership, planning methodologies
The candidate has strong project management experience and technical skills, particularly in data and AI platforms, but lacks direct experience in the energy sector and specific outage planning. While they demonstrate relevant skills in managing teams and improving processes, the absence of industry-specific experience and the required years in a Project Controls capacity limits their fit for this role.",,,,,2026-05-14T21:31:37.952938+00:00
,,,,5,Transition Manager,Amentum,remote,,,"Remote, US (Remote)",https://www.amentumcareers.com/jobs/transition-manager-dallas-texas-united-states?source=Indeed+Feed,https://www.indeed.com/viewjob?jk=41b68565b355a11b,"transition management, project management, risk management, performance tracking, communication, stakeholder management, documentation
The candidate has relevant experience in project management and technical product management, which includes aspects of transition management. However, they lack the required 15 years of experience and specific transition management experience. While they possess strong communication and leadership skills, the significant gap in years of experience and the need for a PMP certification lowers their fit for this role.",,,,,2026-05-14T21:36:03.741595+00:00
,,,,5,Trial Specialist,Thomson Reuters,hybrid,,,,https://thomsonreuters.wd5.myworkdayjobs.com/External_Career_Site/job/United-Kingdom-London/Trial-Specialist_JREQ200654,https://thomsonreuters.wd5.myworkdayjobs.com/External_Career_Site/job/United-Kingdom-London/Trial-Specialist_JREQ200654,"Legal AI, project management, customer-centric, communication skills, agile environment, training, presentations
The candidate has strong project management experience and technical skills, particularly in data and AI platforms, but lacks direct experience in the legal field or with legal AI products, which is a key requirement for the Trial Specialist role. While they possess relevant communication and presentation skills, the absence of a legal background and specific experience with legal products creates a moderate match overall.",,,,,2026-05-14T22:01:57.065581+00:00
,,,,5,UKG Kronos Project Manager,ROI Healthcare Solutions,hybrid,Remote,,Remote,,https://www.linkedin.com/jobs/view/4405424192,"project management, HCM, payroll consulting, UKG, Kronos, healthcare, integration, workforce management, Agile, communication, leadership
The candidate has relevant project management experience and technical skills, particularly in data and AI platforms, but lacks direct experience with UKG/Kronos systems and healthcare payroll integration. While they have strong analytical and management skills, the absence of specific experience in healthcare environments and the required payroll systems presents a significant gap for this role.",,,,,2026-05-14T21:40:03.505024+00:00
,,,,5,Utility Billing/Customer Information System (CIS) Implementation Project Manager,BerryDunn,hybrid,"Remote, US (Remote)",,"Remote, US (Remote)",https://careers-berrydunn.icims.com/jobs/3826/utility-billing-customer-information-system-%28cis%29-implementation-project-manager/job,https://www.indeed.com/viewjob?jk=0d20e3aba7b07cda,"project management, implementation, utility billing, customer information systems, agile, business process analysis, communication, data governance
The candidate has strong project management experience and has worked with data governance and analytics, which are relevant to the role. However, they lack specific experience with utility billing or customer information systems, which is a key requirement for this position. Additionally, while they have experience in agile methodologies, the absence of direct experience in the utility sector and specific software systems mentioned in the job description results in a moderate match.",,,,,2026-05-14T21:33:49.397717+00:00
,,,,5,Vertical Strategy Manager - Video (Data Center Vertical - NA),Motorola Solutions,remote,,,"Texas Remote Work, More...",https://motorolasolutions.wd5.myworkdayjobs.com/Careers/job/Texas-Remote-Work/Vertical-Strategy-Manager---Video--Data-Center-Vertical---NA-_R63723,https://motorolasolutions.wd5.myworkdayjobs.com/Careers/job/Texas-Remote-Work/Vertical-Strategy-Manager---Video--Data-Center-Vertical---NA-_R63723,"Data Center, Video, Security, Business Development, Salesforce, Revenue Forecast, Strategic Account Plan, Customer Relationships
The candidate has strong project management and product management experience, particularly in data and analytics, but lacks direct experience in sales or the video security industry, which are critical for this role. While they have relevant technical skills and experience with data governance and analytics, the absence of a background in physical security and direct sales experience presents significant gaps for the responsibilities outlined in the job description.",,,,,2026-05-14T21:59:19.671411+00:00
,,,,5,Video System Manager,Motorola Solutions,remote,,,"Michigan Remote Work, More...",https://motorolasolutions.wd5.myworkdayjobs.com/Careers/job/Michigan-Remote-Work/Video-System-Manager_R64019,https://motorolasolutions.wd5.myworkdayjobs.com/Careers/job/Michigan-Remote-Work/Video-System-Manager_R64019,"Customer Support, Customer Account Management, Video Solutions, Service Level Agreements, Technical Expertise, Communication Skills
The candidate has strong project management and product management experience, particularly in data and AI platforms, but lacks direct experience in video solutions or customer account management specific to video systems. While they have relevant skills in managing customer relationships and technical projects, the absence of specific experience in video technology and the required familiarity with CMSO offerings presents a moderate gap for this role.",,,,,2026-05-14T21:59:19.671411+00:00
,,,,5,Video Systems Manager - US Remote,Motorola Solutions,remote,,,"Texas Remote Work, More...",https://motorolasolutions.wd5.myworkdayjobs.com/Careers/job/Texas-Remote-Work/Video-Systems-Manager---US-Remote_R64192,https://motorolasolutions.wd5.myworkdayjobs.com/Careers/job/Texas-Remote-Work/Video-Systems-Manager---US-Remote_R64192,"customer support, account management, service delivery, contract management, video solutions, communication skills, project management
The candidate has strong project management experience and some relevant technical skills, but lacks direct experience in video solutions and customer account management specific to the role. While they have managed technical projects and customer relationships, the absence of specific video systems experience and the required 5+ years in lifecycle sustainment account management creates a moderate match.",,,,,2026-05-14T21:59:19.671411+00:00
,,,,5,VP of Engineering,"Counterpart, Inc.",remote,,,"Remote, US (Remote)",https://job-boards.greenhouse.io/counterpart/jobs/4364580005,https://www.indeed.com/viewjob?jk=b874cbe44901772e,"engineering leadership, AI-native engineering, system architecture, compliance, distributed teams, technical vision, project management
The candidate has relevant experience in technical project management and product management, particularly in data and AI platforms, but lacks the extensive engineering leadership experience (12+ years) required for the VP of Engineering role. While they have worked with AI and data systems, their background does not demonstrate the deep technical fluency or experience leading engineering organizations through multiple company-stage transitions that the job demands.",,,,,2026-05-14T21:29:36.448824+00:00
,,,,5,VP of Product,Kinetic Plc,remote,,,"Remote, US (Remote)",https://jobs.gem.com/kinetic/am9icG9zdDpE877xraVun0ctIiaQr8WH,https://www.indeed.com/viewjob?jk=c387d6404c13191c,"Product Management, SaaS, Agile Development, OKRs, Data Analytics, Engineering Collaboration, Team Leadership
The candidate has relevant experience in product management and technical project management, particularly in data and AI platforms, which aligns with the role's focus on product strategy and collaboration with engineering teams. However, they lack the required 10+ years of experience as a Product Leader in a SaaS organization and have not demonstrated direct experience in the insurance sector, which are significant gaps for this VP of Product position.",,,,,2026-05-14T21:37:59.870693+00:00
,,,,5,VPP Program Manager,Qcells,remote,,,"Remote, US (Remote)",https://careers.qcells.com/jobs/17736935-vpp-program-manager?tm_job=2439&tm_event=view&tm_company=92338,https://www.indeed.com/viewjob?jk=e53caa261b496633,"VPP, DER, program management, utilities, energy market, SQL, automation, Python
The candidate has relevant experience in project management and data analytics, but lacks direct experience in Virtual Power Plant (VPP) or distributed energy resources (DER) program management, which are critical for this role. While they have strong technical skills in SQL and Python, the significant gap in specific energy sector experience and knowledge of utility processes limits their fit for this position.",,,,,2026-05-14T21:44:13.352357+00:00
,,,,5,Washington Metropolitan Area Transit Authority (WMATA) Program Manager Lead,Motorola Solutions,remote,,,"Maryland Remote Work, More...",https://motorolasolutions.wd5.myworkdayjobs.com/Careers/job/Maryland-Remote-Work/Washington-Metropolitan-Area-Transit-Authority--WMATA--Program-Manager-Lead_R64980,https://motorolasolutions.wd5.myworkdayjobs.com/Careers/job/Maryland-Remote-Work/Washington-Metropolitan-Area-Transit-Authority--WMATA--Program-Manager-Lead_R64980,"Program Manager, project management, budgeting, personnel management, communication skills, data analysis, contract management
The candidate has relevant experience in project management and product management, particularly in technical environments, which is beneficial for the role. However, they lack direct experience in managing large enterprise IT systems and the specific requirements of a senior leadership position overseeing complex teams and contracts, which are critical for this role.",,,,,2026-05-14T21:59:19.671411+00:00
,,,,5,Website & Landing Page Agent  (Fixed Term),Thomson Reuters,hybrid,,,,https://thomsonreuters.wd5.myworkdayjobs.com/External_Career_Site/job/Mexico-Mexico-City/Website---Landing-Page-Manager_JREQ199952,https://thomsonreuters.wd5.myworkdayjobs.com/External_Career_Site/job/Mexico-Mexico-City/Website---Landing-Page-Manager_JREQ199952,"website management, landing pages, content updates, HTML, CMS, digital content, proofreading, design principles
The candidate has relevant experience in project management and data analytics, but lacks direct experience in managing web or event pages using specific CMS platforms mentioned in the job description. While they have some transferable skills in web development and design principles, the significant gaps in direct experience with the required tools and responsibilities result in a moderate match.",,,,,2026-05-14T22:01:57.065581+00:00
,,,,4,Assurance - Manager/Senior Manager - Accounting Advisory Services (IFRS 17/9),PwC,unknown,,,,https://pwc.wd3.myworkdayjobs.com/Global_Experienced_Careers/job/Assurance---Manager-Senior-Manager---Accounting-Advisory-Services--IFRS-17-9-_262999WD,https://pwc.wd3.myworkdayjobs.com/Global_Experienced_Careers/job/Assurance---Manager-Senior-Manager---Accounting-Advisory-Services--IFRS-17-9-_262999WD,"Assurance, IFRS 17, IFRS 9, project management, communication skills, analytical skills, problem-solving, mentoring, cross-border teams
The candidate has a strong background in technical project management and data analytics, but lacks direct experience in accounting advisory services and specific knowledge of IFRS 17/9, which are critical for this role. While they have demonstrated leadership and project management skills, the significant gap in relevant industry experience and technical knowledge makes this a weak match.",,,,,2026-05-14T22:36:15.696062+00:00
,,,,4,Kneat System Administrator,Moderna,onsite,,,,https://modernatx.wd1.myworkdayjobs.com/M_tx/job/Warsaw---Poland/Business-Process-Manager--Quality-Systems_R18118,https://modernatx.wd1.myworkdayjobs.com/M_tx/job/Warsaw---Poland/Business-Process-Manager--Quality-Systems_R18118,"Quality Systems, configuration, administration, validation, automation, compliance, SDLC, APIs, data reporting
The candidate has experience in project management and data systems, but lacks direct experience with Kneat and the specific requirements for Quality Systems in a regulated biotech environment. While they have relevant skills in data management and automation, the significant gaps in required experience and specific tools indicate a weak match for this role.",,,,,2026-05-14T22:12:00.818278+00:00
,,,,3,"(Fixed Term) Analyst, Quality Control, Chemistry & Stability",Moderna,onsite,,,,https://modernatx.wd1.myworkdayjobs.com/M_tx/job/Oxford---England/XMLNAME--Fixed-Term--Analyst--Quality-Control--Chemistry---Stability_R19085-1,https://modernatx.wd1.myworkdayjobs.com/M_tx/job/Oxford---England/XMLNAME--Fixed-Term--Analyst--Quality-Control--Chemistry---Stability_R19085-1,"Quality Control, Chemistry, Stability Testing, HPLC, LIMS, GMP, Data Analysis, Pharmaceutical
The candidate has a strong background in technical project management and data analytics but lacks direct experience in quality control within a pharmaceutical laboratory setting. Key requirements such as hands-on laboratory execution, specific analytical chemistry techniques (HPLC, UPLC), and familiarity with GxP regulations are missing, indicating significant skill gaps for this role.",,,,,2026-05-14T22:26:35.890133+00:00
,,,,3,"(Fixed Term) Laboratory Technician, Clinical Biomarker Laboratory, Immunoassay",Moderna,remote,,,,https://modernatx.wd1.myworkdayjobs.com/M_tx/job/Oxford---England/XMLNAME--Fixed-Term--Laboratory-Technician--Clinical-Biomarker-Laboratory--Immunoassay_R19148-1,https://modernatx.wd1.myworkdayjobs.com/M_tx/job/Oxford---England/XMLNAME--Fixed-Term--Laboratory-Technician--Clinical-Biomarker-Laboratory--Immunoassay_R19148-1,"laboratory technician, immunoassay, assay development, clinical trials, data analysis, quality assurance, GCP, ISO standards
The candidate has a strong background in technical project management and data analytics but lacks direct experience in laboratory environments, immunoassay work, and the specific biological sciences required for this role. While they have relevant skills in data handling and project management, the significant gaps in laboratory experience and biological knowledge indicate a weak match for this position.",,,,,2026-05-14T22:12:00.818278+00:00
,,,,3,"(Fixed Term) Specialist, Validation (CQV)",Moderna,remote,,,,https://modernatx.wd1.myworkdayjobs.com/M_tx/job/Laval---Canada/XMLNAME--Fixed-Term--Specialist--Validation--CQV-_R19113,https://modernatx.wd1.myworkdayjobs.com/M_tx/job/Laval---Canada/XMLNAME--Fixed-Term--Specialist--Validation--CQV-_R19113,"CQV, GMP, validation, compliance, technical writing, collaboration, deviation management, CAPA
The candidate has experience in project management and data-driven roles, but lacks direct experience in commissioning, qualification, and validation (CQV) within a cGMP manufacturing environment, which is a key requirement for this role. Additionally, the candidate's background in data and AI platforms does not align closely with the technical and regulatory focus of the position at Moderna, indicating significant skill gaps.",,,,,2026-05-14T22:12:00.818278+00:00
,,,,3,(à durée déterminée) Responsable de la Sécurité du Site /(Fixed-Term) Site Security Manager,Moderna,remote,,,,https://modernatx.wd1.myworkdayjobs.com/M_tx/job/Laval---Canada/XMLNAME---dure-dtermine--Responsable-de-la-Scurit-du-Site---Fixed-Term--Site-Security-Manager_R18837-1,https://modernatx.wd1.myworkdayjobs.com/M_tx/job/Laval---Canada/XMLNAME---dure-dtermine--Responsable-de-la-Scurit-du-Site---Fixed-Term--Site-Security-Manager_R18837-1,"security operations, risk assessments, incident management, compliance, team management, physical security, emergency response
The candidate has a strong background in technical project management and data analytics but lacks direct experience in physical security operations, risk assessments, and incident management, which are critical for the Site Security Manager role. Additionally, the candidate's experience does not align with the specific requirements of managing security in a biotechnology or pharmaceutical environment, indicating significant skill gaps.",,,,,2026-05-14T22:26:35.890133+00:00
,,,,3,"2026 Co-Op, Analytical Technical Operations",Moderna,remote,,,,https://modernatx.wd1.myworkdayjobs.com/M_tx/job/Norwood-Massachusetts/XMLNAME-2026-Co-Op--Analytical-Technical-Operations_R18913,https://modernatx.wd1.myworkdayjobs.com/M_tx/job/Norwood-Massachusetts/XMLNAME-2026-Co-Op--Analytical-Technical-Operations_R18913,"analytical methods, data analysis, physicochemical characterization, bioassay techniques, laboratory experience, method optimization, troubleshooting, cross-functional collaboration
The candidate has a strong background in technical project management and data analytics but lacks direct experience in laboratory techniques and analytical methods specified in the job description. While they have relevant skills in data modeling and automation, the significant gaps in laboratory experience and specific analytical techniques make this a weak match for the role.",,,,,2026-05-14T22:12:00.818278+00:00
,,,,3,"2026 Co-Op, Supply Chain- Logistics Engineering",Moderna,remote,,,,https://modernatx.wd1.myworkdayjobs.com/M_tx/job/Norwood-Massachusetts/XMLNAME-2026-Co-Op--Supply-Chain--Logistics-Engineering_R18942,https://modernatx.wd1.myworkdayjobs.com/M_tx/job/Norwood-Massachusetts/XMLNAME-2026-Co-Op--Supply-Chain--Logistics-Engineering_R18942,"project management, process improvement, data analysis, communication skills, collaboration, logistics, compliance, GxP regulations
The candidate has strong project management experience and technical skills, but lacks direct experience in supply chain logistics and the specific engineering principles mentioned in the job description. The candidate's background in data and AI platforms does not align closely with the requirements for a logistics engineering role, leading to significant skill gaps.",,,,,2026-05-14T22:12:00.818278+00:00
,,,,3,"Account Executive, Risk/Fraud - DC/VA/MD",Thomson Reuters,remote,,,,https://thomsonreuters.wd5.myworkdayjobs.com/External_Career_Site/job/Washington-DC-District-of-Columbia/Account-Manager--Risk-Fraud---DC-VA-MD_JREQ199002,https://thomsonreuters.wd5.myworkdayjobs.com/External_Career_Site/job/Washington-DC-District-of-Columbia/Account-Manager--Risk-Fraud---DC-VA-MD_JREQ199002,"account management, sales process, prospecting, relationship building, CRM, consultative selling, technology solutions
The candidate has a strong background in technical project management and product management but lacks direct experience in sales, particularly in the FinTech space or selling data solutions. While they have experience in managing projects and collaborating with teams, the significant gap in field sales experience and the specific requirements for prospecting and closing deals makes this a weak match for the Account Executive role.",,,,,2026-05-14T22:01:57.065581+00:00
,,,,3,"Account Executive, Tax/Trade - DC/VA/MD/PA/NC",Thomson Reuters,unknown,,,,https://thomsonreuters.wd5.myworkdayjobs.com/External_Career_Site/job/Washington-DC-District-of-Columbia/Account-Manager--Tax-Trade---DC-VA-MD-PA-NC_JREQ199004-1,https://thomsonreuters.wd5.myworkdayjobs.com/External_Career_Site/job/Washington-DC-District-of-Columbia/Account-Manager--Tax-Trade---DC-VA-MD-PA-NC_JREQ199004-1,"sales, consultative sales, customer satisfaction, account growth, relationship management, communication, CRM, territory market intelligence
The candidate has a strong technical background and experience in project management and product development, but lacks direct experience in sales, particularly in consultative sales and managing customer relationships as outlined in the job description. The significant gap in relevant sales experience and the specific industry knowledge required for the role indicates a weak match for this position.",,,,,2026-05-14T22:01:57.065581+00:00
,,,,3,Account Manager,Adobe,remote,,,Remote India,https://adobe.wd5.myworkdayjobs.com/external_experienced/job/Remote-India/Account-Manager_R168587,https://adobe.wd5.myworkdayjobs.com/external_experienced/job/Remote-India/Account-Manager_R168587,"Account Manager, customer relationships, revenue growth, upsell, cross-sell, SaaS solutions, strategic account planning, client need assessment
The candidate has experience in product management and project management, but lacks direct experience in account management or sales roles, particularly in a SaaS context. While they have relevant skills in data analytics and customer engagement, the significant gap in sales experience and the specific requirements of the role indicate a weak match for this position.",,,,,2026-05-14T22:21:34.326711+00:00
,,,,3,Account Manager,Adobe,remote,,,Remote India,https://adobe.wd5.myworkdayjobs.com/external_experienced/job/Remote-India/Account-Manager_R168119,https://adobe.wd5.myworkdayjobs.com/external_experienced/job/Remote-India/Account-Manager_R168119,"account management, sales, customer relationships, SaaS, strategic planning, upselling, cross-selling, communication skills
The candidate has strong technical project management experience but lacks direct experience in account management and sales, which are crucial for this role. While they have worked with data and analytics, the job requires a proven track record in managing large customer accounts and driving revenue growth through sales initiatives, which the candidate does not demonstrate.",,,,,2026-05-14T22:21:34.326711+00:00
,,,,3,Account Manager,Motorola Solutions,remote,,,"Idaho Remote Work, More...",https://motorolasolutions.wd5.myworkdayjobs.com/Careers/job/Idaho-Remote-Work/Account-Manager_R63932,https://motorolasolutions.wd5.myworkdayjobs.com/Careers/job/Idaho-Remote-Work/Account-Manager_R63932,"sales, account management, public safety, relationship management, strategic planning, technology solutions
The candidate has a strong technical background and project management experience but lacks direct sales and public safety experience, which are critical for the Account Manager role. The candidate's experience in product management and data analytics does not align closely with the responsibilities of developing sales plans and managing customer relationships in a public safety context.",,,,,2026-05-14T21:59:19.671411+00:00
,,,,3,Account Manager,Thomson Reuters,hybrid,,,,https://thomsonreuters.wd5.myworkdayjobs.com/External_Career_Site/job/United-States-of-America-Eagan-Minnesota/Account-Manager_JREQ199375,https://thomsonreuters.wd5.myworkdayjobs.com/External_Career_Site/job/United-States-of-America-Eagan-Minnesota/Account-Manager_JREQ199375,"customer relationship management, sales growth, account management, business development, production planning, SAP, process improvement
The candidate has a strong background in technical project management and product management, but lacks direct experience in account management, sales growth, and the printing or manufacturing industries. While they possess relevant skills in data analytics and project coordination, the significant gaps in customer-facing sales experience and specific industry knowledge would require substantial ramp-up for this role.",,,,,2026-05-14T22:01:57.065581+00:00
,,,,3,Account Manager,WellDyne,remote,,,"Remote, US (Remote)",https://recruitingbypaycor.com/career/JobIntroduction.action?id=8a7885a89e235a1d019e2715b29d56f7&source=Indeed+Free,https://www.indeed.com/viewjob?jk=a08c094167ee3974,"account management, client relations, communication, problem resolution, project management
The candidate has experience in project management and product management, but lacks direct account management experience and specific knowledge of the pharmacy benefit management (PBM) industry, which are critical for this role. While they have strong communication and analytical skills, the significant gaps in relevant experience and industry knowledge suggest a weak match for the position.",,,,,2026-05-14T21:44:13.352357+00:00
,,,,3,Account Manager - Commercial Tax & Trade,Thomson Reuters,hybrid,,,,https://thomsonreuters.wd5.myworkdayjobs.com/External_Career_Site/job/United-Kingdom-London/Account-Manager---Commercial-Tax---Trade_JREQ200120,https://thomsonreuters.wd5.myworkdayjobs.com/External_Career_Site/job/United-Kingdom-London/Account-Manager---Commercial-Tax---Trade_JREQ200120,"Account Manager, software sales, SAAS solutions, communication skills, negotiation skills, enterprise level, Tax software
The candidate has a strong background in technical project management and product management, but lacks direct experience in software sales, particularly in the tax and trade domain. While they have relevant skills in data and analytics, their experience does not align closely with the sales-focused requirements of the Account Manager role, leading to significant skill gaps.",,,,,2026-05-14T22:01:57.065581+00:00
,,,,3,Account Manager - National Accounts,MILLCRAFT PAPER COMPANY,remote,,,"Remote, US (Remote)",http://www.millcraft.com/careers/?gnk=job&gni=8a78839e9de0709e019e22dce4be3655&gns=Indeed+Free,https://www.indeed.com/viewjob?jk=7248d7cb58d541e4,"Account Manager, customer relationships, sales, lead generation, CRM, communication skills, presentations, customer service
The candidate has a strong background in technical project management and product management but lacks direct experience in sales, account management, or customer relationship building, which are crucial for this role. While they possess some transferable skills, such as communication and project coordination, the significant gap in relevant experience and the focus on technical roles leads to a weak match for the Account Manager position.",,,,,2026-05-14T21:29:36.448824+00:00
,,,,3,ACCOUNT MANAGER III,Yokogawa,remote,,,"Remote, US (Remote)",https://wd3.myworkdaysite.com/en-US/recruiting/yokogawa/yokogawa-career-site/job/YCA_Home-Office-Alabama/ACCOUNT-MANAGER-III_R-11366,https://www.indeed.com/viewjob?jk=d5ed7b80abb5bbe8,"Account Manager, industrial automation, customer relationships, business development, engineering, process control, DCS, PLC, SCADA
The candidate has strong project management and technical skills, particularly in data and AI platforms, but lacks direct experience in industrial automation and the specific technologies mentioned in the job description (DCS, SIS, PLC, SCADA). Additionally, the candidate's experience does not align with the required 5+ years in the industrial automation industry or the specific customer engagement and sales responsibilities outlined for the Account Manager role.",,,,,2026-05-14T21:37:59.870693+00:00
,,,,3,"Account Manager,  Legal - IL/MO",Thomson Reuters,remote,,,,https://thomsonreuters.wd5.myworkdayjobs.com/External_Career_Site/job/United-States-of-America-Chicago-Illinois/Account-Manager---Legal---IL-MO_JREQ200489,https://thomsonreuters.wd5.myworkdayjobs.com/External_Career_Site/job/United-States-of-America-Chicago-Illinois/Account-Manager---Legal---IL-MO_JREQ200489,"account management, sales experience, prospecting, customer relationships, software solutions, Salesforce, consultative selling
The candidate has a strong technical background and experience in product management, but lacks direct sales experience and account management skills required for this role. The job requires a proven track record in sales and managing customer relationships, which is not evident in the candidate's resume. Significant skill gaps would need to be addressed for the candidate to be successful in this position.",,,,,2026-05-14T22:01:57.065581+00:00
,,,,3,"Account Manager, Tax/Trade",Thomson Reuters,remote,,,,https://thomsonreuters.wd5.myworkdayjobs.com/External_Career_Site/job/United-States-of-America-Frisco-Texas/Account-Manager--Tax-Trade_JREQ200521,https://thomsonreuters.wd5.myworkdayjobs.com/External_Career_Site/job/United-States-of-America-Frisco-Texas/Account-Manager--Tax-Trade_JREQ200521,"Account Management, Sales, SaaS, Prospecting, Relationship Building, Salesforce, Tax/Trade
The candidate has a strong technical background in product management and project management but lacks direct experience in sales, particularly in the Tax/Trade SaaS space. While they have experience in managing projects and collaborating with teams, they do not demonstrate the required sales experience or a proven track record of meeting sales quotas, which are critical for this Account Manager role.",,,,,2026-05-14T22:01:57.065581+00:00
,,,,3,Account Manager- Indiana,AMETEK,remote,,,"Remote, US (Remote)",https://jobs.ametek.com/job/Virtual-Account-Manager-Indiana-99999/1390968100/,https://www.indeed.com/viewjob?jk=65481a9f46d7121a,"account management, sales, technical support, customer needs, manufacturing, technology
The candidate has a strong background in technical project management and product management but lacks direct experience in sales or account management within a manufacturing or technological environment. While they have relevant technical skills and experience with data and analytics, the significant gap in sales experience and the specific requirements of the role indicate a weak match.",,,,,2026-05-14T21:44:13.352357+00:00
,,,,3,Account Specialist,Thomson Reuters,hybrid,,,,https://thomsonreuters.wd5.myworkdayjobs.com/External_Career_Site/job/Spain-Madrid-Madrid/Account-Specialist_JREQ200190,https://thomsonreuters.wd5.myworkdayjobs.com/External_Career_Site/job/Spain-Madrid-Madrid/Account-Specialist_JREQ200190,"account management, customer service, sales, renewals, CRM, Salesforce, data analysis, communication skills
The candidate has strong technical and project management experience but lacks direct experience in account management, sales, and customer service, which are critical for the Account Specialist role. While they have relevant skills in data analysis and communication, the significant gap in account management experience and CRM proficiency, particularly with Salesforce, indicates a weak match for this position.",,,,,2026-05-14T22:01:57.065581+00:00
,,,,3,Accounting Analyst (Tax),Thomson Reuters,hybrid,,,,https://thomsonreuters.wd5.myworkdayjobs.com/External_Career_Site/job/Poland-Gdansk/Accounting-Analyst--Tax-_JREQ200369-2,https://thomsonreuters.wd5.myworkdayjobs.com/External_Career_Site/job/Poland-Gdansk/Accounting-Analyst--Tax-_JREQ200369-2,"accounting, reconciliations, tax processes, documentation, SAP, BlackLine, attention to detail, Excel
The candidate has experience in project management and data analytics but lacks direct experience in accounting or tax processes, which are crucial for the Accounting Analyst role. While they possess strong analytical skills and some relevant technical knowledge, the significant gap in accounting-specific experience and qualifications makes this a weak match.",,,,,2026-05-14T22:01:57.065581+00:00
,,,,3,Accounting and Audit CPA Editor,Thomson Reuters,hybrid,,,,https://thomsonreuters.wd5.myworkdayjobs.com/External_Career_Site/job/United-States-of-America-Eagan-Minnesota/Accounting-and-Audit-CPA-Editor_JREQ200594,https://thomsonreuters.wd5.myworkdayjobs.com/External_Career_Site/job/United-States-of-America-Eagan-Minnesota/Accounting-and-Audit-CPA-Editor_JREQ200594,"CPA, accounting, auditing, technical skills, product management, project management, collaboration, customer communication
The candidate has a strong background in technical project management and product development, but lacks the required CPA certification and direct experience in public accounting or auditing. While they possess relevant technical skills and experience in data and analytics, the significant gaps in accounting-specific qualifications and experience make them a weak match for this role.",,,,,2026-05-14T22:01:57.065581+00:00
,,,,3,Applications Project Manager - Industrial Water Treatment,Solenis,remote,,,"Remote, US (Remote)",https://solenis.wd1.myworkdayjobs.com/en-US/Solenis/job/United-States-of-America-Remote/Applications-Project-Manager---Industrial-Water-Treatment_R0029769,https://www.indeed.com/viewjob?jk=e67eacde57469e1a,"project management, technical audits, troubleshooting, utilities, customer service, communication skills
The candidate has a strong background in project management and technical product management, but lacks specific experience in the chemical treatment programs and utilities related to industrial water treatment, which are critical for this role. Additionally, the candidate's experience does not align with the required technical knowledge in chemistry or engineering fields, resulting in significant skill gaps.",,,,,2026-05-14T21:33:49.397717+00:00
,,,,3,Assistant Project Manager - Real Estate Developer - NYC,Hays,unknown,,,,,https://www.linkedin.com/jobs/view/4373721092,"Assistant Project Manager, construction, real estate, project management, renovation, office to residential conversion
The candidate has experience as a Technical Project Manager and Product Manager, but lacks direct experience in construction or real estate development, which is crucial for this role. Additionally, the candidate's background in data and AI platforms does not align with the specific requirements of managing construction projects or office-to-residential conversions in NYC.",,,,,2026-05-14T21:35:00.688367+00:00
,,,,3,"Associate Director, Logistics Operations INT & 3PL Management",Moderna,onsite,,,,https://modernatx.wd1.myworkdayjobs.com/M_tx/job/Norwood-Massachusetts/Associate-Director--Logistics-Operations-INT---3PL-Management_R18951-1,https://modernatx.wd1.myworkdayjobs.com/M_tx/job/Norwood-Massachusetts/Associate-Director--Logistics-Operations-INT---3PL-Management_R18951-1,"logistics, supply chain, 3PL management, digital transformation, AI, compliance, GDP, automation, performance management
The candidate has a strong background in technical project management and product management, particularly in data and AI platforms, but lacks direct experience in logistics operations, supply chain management, and the pharmaceutical industry. Significant gaps exist in the required logistics and compliance knowledge, as well as the specific experience with 3PL management and GDP guidelines, which would require substantial ramp-up for this role.",,,,,2026-05-14T22:02:20.415246+00:00
,,,,3,"Associate Director, Stability Lead Development & Clinical",Moderna,onsite,,,,https://modernatx.wd1.myworkdayjobs.com/M_tx/job/Norwood-Massachusetts/Associate-Director--Stability-Lead-Development---Clinical_R19030-1,https://modernatx.wd1.myworkdayjobs.com/M_tx/job/Norwood-Massachusetts/Associate-Director--Stability-Lead-Development---Clinical_R19030-1,"stability strategies, regulatory submissions, cross-functional leadership, statistical analysis, data interpretation, project management, technical expertise
The candidate has a strong background in technical project management and data analytics but lacks direct experience in the pharmaceutical or biotech industry, particularly in stability strategies for biologics or vaccines. Significant gaps exist in the required scientific expertise and regulatory experience outlined in the job description, indicating a weak match for this role.",,,,,2026-05-14T22:12:00.818278+00:00
,,,,3,"Associate Director, Sterility Assurance",Moderna,onsite,,,,https://modernatx.wd1.myworkdayjobs.com/M_tx/job/Norwood-Massachusetts/Associate-Director--Sterility-Assurance_R18378-1,https://modernatx.wd1.myworkdayjobs.com/M_tx/job/Norwood-Massachusetts/Associate-Director--Sterility-Assurance_R18378-1,"sterility assurance, contamination control, aseptic manufacturing, quality control, regulatory inspections, risk assessment, GMP regulations
The candidate has a strong background in technical project management and data analytics but lacks direct experience in sterility assurance, aseptic manufacturing, and the specific regulatory requirements outlined in the job description. While they have relevant skills in data management and automation, the significant gaps in industry-specific experience and knowledge of contamination control practices indicate a weak match for this senior technical role.",,,,,2026-05-14T22:12:00.818278+00:00
,,,,3,Associate Principal - Wireless/Network,TEECOM,remote,,,"Remote, US (Remote)",https://jobs.lever.co/teecom/99e78014-277d-42d1-a33b-5cde063d06d7?lever-source=Indeed,https://www.indeed.com/viewjob?jk=6f4018f5235ac5da,"project management, engineering judgment, documentation, mentoring, technical design, Agile, client relationships
The candidate has strong project management experience and technical skills, particularly in data and AI platforms, but lacks direct experience in wireless/network engineering, which is crucial for the Associate Principal role. While they have led teams and mentored others, their background does not align closely with the specific engineering and technical design requirements outlined in the job description.",,,,,2026-05-14T21:31:37.952938+00:00
,,,,3,Associate Sales Specialist - MLF Growth Team,Thomson Reuters,unknown,,,,https://thomsonreuters.wd5.myworkdayjobs.com/External_Career_Site/job/United-States-of-America-Eagan-Minnesota/Job-Posting-Title-Associate-Sales-Specialist---MLF-Growth-Team_JREQ200561,https://thomsonreuters.wd5.myworkdayjobs.com/External_Career_Site/job/United-States-of-America-Eagan-Minnesota/Job-Posting-Title-Associate-Sales-Specialist---MLF-Growth-Team_JREQ200561,"sales, prospecting, client engagement, CRM, communication, consultative selling, legal services
The candidate has a strong technical background and experience in product management, but lacks direct sales experience, particularly in a consultative selling environment within the legal or professional services industry. The skills in data analytics and project management do not align closely with the primary responsibilities of prospecting and client engagement required for the Associate Sales Specialist role.",,,,,2026-05-14T22:01:57.065581+00:00
,,,,3,Asst. Manager - Operations (US Tax Returns),Thomson Reuters,hybrid,,,,https://thomsonreuters.wd5.myworkdayjobs.com/External_Career_Site/job/India-Hyderabad-Telangana/Asst-Manager---Operations--US-Tax-Returns-_JREQ199844,https://thomsonreuters.wd5.myworkdayjobs.com/External_Career_Site/job/India-Hyderabad-Telangana/Asst-Manager---Operations--US-Tax-Returns-_JREQ199844,"US taxation, team management, client communication, performance oversight, problem-solving, analytical skills
The candidate has experience in technical project management and product management but lacks direct experience in US taxation and tax return processes, which are critical for this role. While they have demonstrated leadership and team management skills, the significant gap in relevant tax experience and knowledge of tax software makes this a weak match for the position.",,,,,2026-05-14T22:01:57.065581+00:00
,,,,3,Audit Consultant,Thomson Reuters,remote,,,,https://thomsonreuters.wd5.myworkdayjobs.com/External_Career_Site/job/United-States-of-America-Ann-Arbor-Michigan/Audit-Consultant_JREQ200635-1,https://thomsonreuters.wd5.myworkdayjobs.com/External_Career_Site/job/United-States-of-America-Ann-Arbor-Michigan/Audit-Consultant_JREQ200635-1,"audit, consulting, training, presentation skills, technical writing, CPA, audit standards
The candidate has a strong background in technical project management and product management but lacks direct experience in auditing or consulting within an accounting firm, which is a key requirement for this role. Additionally, the candidate does not hold a CPA or equivalent certification, which further limits their fit for this position.",,,,,2026-05-14T22:01:57.065581+00:00
,,,,3,AVP Institutional Sales,Manulife,remote,,,"USA, California - Full Time Remote",https://manulife.wd3.myworkdayjobs.com/MFCJH_Jobs/job/USA-California---Full-Time-Remote/AVP-Institutional-Sales_JR26040511,https://manulife.wd3.myworkdayjobs.com/MFCJH_Jobs/job/USA-California---Full-Time-Remote/AVP-Institutional-Sales_JR26040511,"business development, institutional investors, asset management, sales plan, investment industry, client relationships, financial services
The candidate has a strong technical background in data and AI platforms but lacks direct experience in institutional sales or asset management, which are critical for this role. While they have project management experience and some exposure to financial data, they do not meet the required qualifications of 10+ years in asset management or a solid understanding of the investment industry.",,,,,2026-05-14T22:30:10.315458+00:00
,,,,3,AWS Partnerships Manager,Modus Create,hybrid,"Remote, US (Remote)",,"Remote, US (Remote)",https://grnh.se/w8oez5su3us,https://www.indeed.com/viewjob?jk=4b3bf97ca467e877,"partnership management, business development, AWS, co-sell, strategic alignment, CRM tools, data visualization
The candidate has experience in product and project management but lacks direct experience in partnership management or business development specifically related to AWS. While they have relevant skills in data analytics and project management, the significant gaps in partnership experience and knowledge of AWS programs indicate a weak match for this role.",,,,,2026-05-14T21:37:59.870693+00:00
,,,,3,Bilingual Internal Business Development Manager,Manulife,remote,,,"CAN, Quebec - Full Time Remote",https://manulife.wd3.myworkdayjobs.com/MFCJH_Jobs/job/CAN-Quebec---Full-Time-Remote/Bilingual-Internal-Business-Development-Manager_JR26040723-1,https://manulife.wd3.myworkdayjobs.com/MFCJH_Jobs/job/CAN-Quebec---Full-Time-Remote/Bilingual-Internal-Business-Development-Manager_JR26040723-1,"bilingual, training, facilitation, relationship management, sales strategies, adult learning principles, project-based environments
The candidate has strong project management and technical skills, but lacks direct experience in the travel insurance industry and the specific sales training required for this role. While they have experience in managing teams and delivering training, the absence of relevant industry knowledge and the bilingual requirement (French/English) presents significant gaps that would require substantial ramp-up.",,,,,2026-05-14T22:17:10.020978+00:00
,,,,3,"Bilingual Renewal & Sales Associate, Group Benefits",Manulife,remote,,,"CAN, Quebec - Full Time Remote",https://manulife.wd3.myworkdayjobs.com/MFCJH_Jobs/job/CAN-Quebec---Full-Time-Remote/Bilingual-Renewal---Sales-Associate--Group-Benefits_JR26030576-1,https://manulife.wd3.myworkdayjobs.com/MFCJH_Jobs/job/CAN-Quebec---Full-Time-Remote/Bilingual-Renewal---Sales-Associate--Group-Benefits_JR26030576-1,"bilingual, client-focused, analytical skills, negotiation, group benefits, underwriting, customer service
The candidate has a strong technical background in data and project management but lacks direct experience in the group benefits industry, underwriting concepts, and the specific responsibilities outlined in the job description. Additionally, there is no indication of bilingual proficiency, which is a critical requirement for the role.",,,,,2026-05-14T22:05:22.908404+00:00
,,,,3,Business Development & Account Executive,On Call COO,remote,,,"Remote, US (Remote)",http://www.indeed.com/job/business-development-account-executive-28a54d102c546a70,https://www.indeed.com/viewjob?jk=28a54d102c546a70,"Business Development, Client Acquisition, Relationship Management, Proposal Writing, Negotiation, CRM, Consultation Calls
The candidate has a strong background in technical project management and product management, but lacks direct experience in business development and account management as outlined in the job description. While they have skills in managing projects and teams, the role requires a specific focus on client acquisition, relationship management, and sales processes, which are not evident in their experience. The candidate would face significant ramp-up challenges to transition into this role effectively.",,,,,2026-05-14T21:29:36.448824+00:00
,,,,3,Business Development Manager,Motorola Solutions,remote,,,California Northern Remote Work,https://motorolasolutions.wd5.myworkdayjobs.com/Careers/job/California-Northern-Remote-Work/Business-Development-Manager_R63773,https://motorolasolutions.wd5.myworkdayjobs.com/Careers/job/California-Northern-Remote-Work/Business-Development-Manager_R63773,"business development, sales experience, video security solutions, strategic partnerships, customer-focused, channel strategies, technical acumen
The candidate has a strong background in technical project management and product management but lacks direct experience in sales, particularly in video security solutions, which is a key requirement for the role. Additionally, the candidate's experience does not demonstrate the necessary skills in managing national accounts or developing sales strategies, resulting in significant skill gaps for this position.",,,,,2026-05-14T21:59:19.671411+00:00
,,,,3,Business Development Manager - Fluent German,Thomson Reuters,hybrid,,,,https://thomsonreuters.wd5.myworkdayjobs.com/External_Career_Site/job/Spain-Madrid-Madrid/Business-Development-Manager_JREQ200186,https://thomsonreuters.wd5.myworkdayjobs.com/External_Career_Site/job/Spain-Madrid-Madrid/Business-Development-Manager_JREQ200186,"business development, sales experience, financial services, prospecting, relationship building, B2B sales, C-Suite, complex sales cycle
The candidate has a strong background in technical project management and product management but lacks direct experience in business development or sales, particularly in the financial services sector. While they have experience with data governance and analytics, the role requires demonstrable sales experience and fluency in German, which is not mentioned in the resume. Therefore, there are significant gaps in relevant experience for this position.",,,,,2026-05-14T22:01:57.065581+00:00
,,,,3,Business Development Manager - Reuters Events,Thomson Reuters,hybrid,,,,https://thomsonreuters.wd5.myworkdayjobs.com/External_Career_Site/job/United-Kingdom-London/Business-Development-Manager---Reuters-Events_JREQ197657,https://thomsonreuters.wd5.myworkdayjobs.com/External_Career_Site/job/United-Kingdom-London/Business-Development-Manager---Reuters-Events_JREQ197657,"business development, sponsorship packages, communication skills, client engagement, collaboration, sales, events industry
The candidate has a strong technical background in project management and data analytics but lacks direct experience in business development or selling sponsorship packages in the events industry. While they possess excellent communication skills and experience in managing projects, the significant gap in relevant sales experience and industry knowledge indicates a weak match for this role.",,,,,2026-05-14T22:01:57.065581+00:00
,,,,3,"Business Development Manager - Reuters Events, CX & Marketing Portfolio",Thomson Reuters,hybrid,,,,https://thomsonreuters.wd5.myworkdayjobs.com/External_Career_Site/job/United-Kingdom-London/Business-Development-Manager---Reuters-Events--CX---Marketing-Portfolio_JREQ199478,https://thomsonreuters.wd5.myworkdayjobs.com/External_Career_Site/job/United-Kingdom-London/Business-Development-Manager---Reuters-Events--CX---Marketing-Portfolio_JREQ199478,"business development, B2B sales, sponsorship packages, events industry, communication skills, collaboration, customer experience, marketing
The candidate has a strong technical background and experience in product management and project management, but lacks direct experience in business development or sales, particularly in the events industry. The role requires demonstrable experience in selling sponsorship packages and engaging with senior executives, which is not evident in the candidate's resume. Therefore, there are significant skill gaps that would require substantial ramp-up.",,,,,2026-05-14T22:01:57.065581+00:00
,,,,3,Business Development Manager – Corporate Legal Solutions,Thomson Reuters,hybrid,,,,https://thomsonreuters.wd5.myworkdayjobs.com/External_Career_Site/job/Australia-Pyrmont-New-South-Wales/Business-Development-Manager---Corporate-Legal-Solutions_JREQ198369,https://thomsonreuters.wd5.myworkdayjobs.com/External_Career_Site/job/Australia-Pyrmont-New-South-Wales/Business-Development-Manager---Corporate-Legal-Solutions_JREQ198369,"business development, legal technology, corporate legal, sales, software solutions, prospecting, customer engagement, B2B enterprise sales
The candidate has a strong background in technical project management and product management but lacks direct experience in business development or sales, particularly within the legal technology sector. While they have relevant skills in data analytics and project management, the significant gap in experience selling software solutions to corporate legal departments and law firms makes this a weak match for the role.",,,,,2026-05-14T22:01:57.065581+00:00
,,,,3,"Business Development Manager, Legal",Thomson Reuters,hybrid,,,,https://thomsonreuters.wd5.myworkdayjobs.com/External_Career_Site/job/Hong-Kong-Hong-Kong/Business-Development-Manager--Legal_JREQ199941,https://thomsonreuters.wd5.myworkdayjobs.com/External_Career_Site/job/Hong-Kong-Hong-Kong/Business-Development-Manager--Legal_JREQ199941,"business development, sales, SaaS, consultative sales, B2B, legal industry, customer-centric, pipeline management
The candidate has a strong technical background in product management and project management but lacks direct experience in sales or business development, particularly in the legal industry. While they have experience with data governance and analytics, which could be relevant, the significant gap in required sales experience and familiarity with the legal sector indicates a weak match for this role.",,,,,2026-05-14T22:01:57.065581+00:00
,,,,3,"Business Development Manager, Legal Portfolio",Thomson Reuters,hybrid,,,,https://thomsonreuters.wd5.myworkdayjobs.com/External_Career_Site/job/Singapore-Singapore/Business-Development-Manager--Legal-Portfolio_JREQ200296,https://thomsonreuters.wd5.myworkdayjobs.com/External_Career_Site/job/Singapore-Singapore/Business-Development-Manager--Legal-Portfolio_JREQ200296,"sales experience, business development, software as a service, consultative sales, B2B enterprise sales, customer centric, negotiation, presentation
The candidate has a strong technical background in product management and project management but lacks direct experience in sales or business development, particularly in the legal sector. While they have managed projects that involve data and analytics, they do not demonstrate the required sales experience or a track record of meeting sales targets, which are critical for this role.",,,,,2026-05-14T22:01:57.065581+00:00
,,,,3,Business Development Representative,Adobe,hybrid,Remote Chile,,Remote Chile,https://adobe.wd5.myworkdayjobs.com/external_experienced/job/Remote-Chile/Business-Development-Representative_R166068,https://adobe.wd5.myworkdayjobs.com/external_experienced/job/Remote-Chile/Business-Development-Representative_R166068,"sales pipeline, outbound prospecting, CRM, cold calling, lead generation, communication skills, organizational skills
The candidate has a strong technical background and experience in project management and product development, but lacks direct experience in sales, lead generation, and the specific responsibilities outlined in the BDR role. The significant gap in relevant sales experience and the requirement for fluency in Spanish further contribute to a weak match for this position.",,,,,2026-05-14T21:57:56.024402+00:00
,,,,3,Channel Account Manager,Motorola Solutions,remote,,,Louisiana Remote Work,https://motorolasolutions.wd5.myworkdayjobs.com/Careers/job/Louisiana-Remote-Work/Channel-Account-Manager_R64122,https://motorolasolutions.wd5.myworkdayjobs.com/Careers/job/Louisiana-Remote-Work/Channel-Account-Manager_R64122,"sales experience, customer-interfacing, relationship management, channel development, revenue growth, technical acumen, partner enablement
The candidate has experience in technical project management and product management, but lacks direct sales experience and specific knowledge of video security solutions, which are crucial for the Channel Account Manager role. While they have strong analytical and project management skills, the significant gap in required sales experience and industry knowledge indicates a weak match for this position.",,,,,2026-05-14T21:59:19.671411+00:00
,,,,3,Channel Account Manager (IA),Motorola Solutions,remote,,,Iowa Remote Work,https://motorolasolutions.wd5.myworkdayjobs.com/Careers/job/Iowa-Remote-Work/Channel-Account-Manager--IA-_R64533,https://motorolasolutions.wd5.myworkdayjobs.com/Careers/job/Iowa-Remote-Work/Channel-Account-Manager--IA-_R64533,"sales experience, customer-interfacing, relationship management, technical acumen, video security solutions, channel partners, revenue growth, partner enablement
The candidate has a strong background in technical project management and product management but lacks direct sales experience, especially in video security solutions, which is a key requirement for the role. Additionally, the candidate does not demonstrate experience in managing channel partners or driving revenue through sales activities, indicating significant skill gaps for this position.",,,,,2026-05-14T21:59:19.671411+00:00
,,,,3,Channel Account Manager (NY),Motorola Solutions,remote,,,"New York Remote Work, More...",https://motorolasolutions.wd5.myworkdayjobs.com/Careers/job/New-York-Remote-Work/Channel-Account-Manager--NY-_R64637,https://motorolasolutions.wd5.myworkdayjobs.com/Careers/job/New-York-Remote-Work/Channel-Account-Manager--NY-_R64637,"sales experience, customer-interfacing, relationship management, strategic planning, partner enablement, revenue growth, video security solutions
The candidate has a strong background in technical project management and product management but lacks direct sales experience, particularly in video security solutions, which is a key requirement for the role. While they have experience in managing relationships and driving product strategies, the significant gap in sales experience and specific industry knowledge makes this a weak match for the Channel Account Manager position.",,,,,2026-05-14T21:59:19.671411+00:00
,,,,3,Channel Sales Acct Manager 3,Adobe,remote,,,Remote Colombia,https://adobe.wd5.myworkdayjobs.com/external_experienced/job/Remote-Colombia/Channel-Sales-Acct-Manager-3_R164769,https://adobe.wd5.myworkdayjobs.com/external_experienced/job/Remote-Colombia/Channel-Sales-Acct-Manager-3_R164769,"sales management, channel sales, partner management, business planning, territory management, customer retention, forecasting
The candidate has a strong technical background and experience in product management, but lacks direct experience in sales management and channel sales, which are critical for this role. The job requires 10+ years of sales experience specifically in managing partners and driving sales, which the candidate does not demonstrate.",,,,,2026-05-14T21:57:56.024402+00:00
,,,,3,Channel Sales Executive,Motorola Solutions,remote,,,"Mississippi Remote Work, More...",https://motorolasolutions.wd5.myworkdayjobs.com/Careers/job/Mississippi-Remote-Work/Channel-Sales-Executive_R64252,https://motorolasolutions.wd5.myworkdayjobs.com/Careers/job/Mississippi-Remote-Work/Channel-Sales-Executive_R64252,"technical sales, video solutions, customer relationships, sales strategies, revenue goals, CRM, communication skills
The candidate has a strong background in technical project management and product management, but lacks direct experience in technical sales, particularly in the physical security solutions space. While they possess relevant skills in data analytics and project management, the significant gap in sales experience and the specific requirements of the role indicate a weak match.",,,,,2026-05-14T21:59:19.671411+00:00
,,,,3,Channel Sales Executive,Motorola Solutions,remote,,,Louisiana Remote Work,https://motorolasolutions.wd5.myworkdayjobs.com/Careers/job/Louisiana-Remote-Work/Channel-Sales-Executive_R64272,https://motorolasolutions.wd5.myworkdayjobs.com/Careers/job/Louisiana-Remote-Work/Channel-Sales-Executive_R64272,"technical sales, channel strategies, video solutions, customer relationships, sales forecasting, physical security solutions
The candidate has a strong background in technical project management and product management, but lacks direct experience in sales, particularly in the context of channel sales or physical security solutions. While they possess relevant technical skills and project experience, the significant gap in sales experience and the specific requirements of the role indicate a weak match for this position.",,,,,2026-05-14T21:59:19.671411+00:00
,,,,3,Channel Sales Executive,Motorola Solutions,remote,,,"Kansas Remote Work, More...",https://motorolasolutions.wd5.myworkdayjobs.com/Careers/job/Kansas-Remote-Work/Channel-Sales-Executive_R64515,https://motorolasolutions.wd5.myworkdayjobs.com/Careers/job/Kansas-Remote-Work/Channel-Sales-Executive_R64515,"sales, technical solutions, channel strategies, customer relationships, revenue goals, communication skills, CRM
The candidate has extensive experience in technical project management and product management but lacks direct experience in sales, particularly in technical solutions sales, which is a key requirement for the role. Additionally, the candidate's background does not demonstrate the necessary sales achievements or channel strategy experience, indicating significant skill gaps for this position.",,,,,2026-05-14T21:59:19.671411+00:00
,,,,3,"Channel Sales Executive - New York, New Jersey",Motorola Solutions,remote,,,"New York Remote Work, More...",https://motorolasolutions.wd5.myworkdayjobs.com/Careers/job/New-York-Remote-Work/Channel-Sales-Executive---New-York--New-Jersey_R64953,https://motorolasolutions.wd5.myworkdayjobs.com/Careers/job/New-York-Remote-Work/Channel-Sales-Executive---New-York--New-Jersey_R64953,"sales, project management, customer service, CRM, communication, prospecting, account management
The candidate has a strong background in technical project management and product management, but lacks direct sales experience, which is a key requirement for the Channel Sales Executive role. While they have experience in managing projects and working with clients, the significant gap in sales experience and the specific focus on channel sales makes this a weak match for the position.",,,,,2026-05-14T21:59:19.671411+00:00
,,,,3,Channel Sales Executive - Video (West Texas),Motorola Solutions,remote,,,Texas Remote Work,https://motorolasolutions.wd5.myworkdayjobs.com/Careers/job/Texas-Remote-Work/Channel-Sales-Executive---Video--West-Texas-_R62842-1,https://motorolasolutions.wd5.myworkdayjobs.com/Careers/job/Texas-Remote-Work/Channel-Sales-Executive---Video--West-Texas-_R62842-1,"sales, video solutions, channel partners, revenue goals, technical acumen, customer relationships, forecasting, communication skills
The candidate has a strong background in technical project management and product management, but lacks direct experience in sales, particularly in video security solutions, which is a critical requirement for this role. While they have relevant technical skills and experience in data and analytics, the significant gap in sales experience and the specific industry focus makes this a weak match.",,,,,2026-05-14T21:59:19.671411+00:00
,,,,3,"Chief Operating Officer, Western U.S. Agriculture Operations",Manulife,remote,,,"USA, California - Full Time Remote",https://manulife.wd3.myworkdayjobs.com/MFCJH_Jobs/job/USA-California---Full-Time-Remote/Chief-Operating-Officer--Western-US-Agriculture-Operations_JR26021233,https://manulife.wd3.myworkdayjobs.com/MFCJH_Jobs/job/USA-California---Full-Time-Remote/Chief-Operating-Officer--Western-US-Agriculture-Operations_JR26021233,"leadership, team development, operational excellence, budgeting, project execution, stakeholder engagement, risk management, communication
The candidate has experience in project management and product development, but lacks direct experience in agricultural operations and the specific crop management expertise required for the COO role. While they have strong leadership and communication skills, the significant gap in industry-specific knowledge and experience managing large agricultural teams makes this a weak match.",,,,,2026-05-14T22:17:10.020978+00:00
,,,,3,Client Exec Manager - Retention,Thomson Reuters,hybrid,,,,https://thomsonreuters.wd5.myworkdayjobs.com/External_Career_Site/job/United-Kingdom-London/Client-Exec-Manager---Retention_JREQ199998-1,https://thomsonreuters.wd5.myworkdayjobs.com/External_Career_Site/job/United-Kingdom-London/Client-Exec-Manager---Retention_JREQ199998-1,"leadership, customer retention, product adoption, team management, sales forecasting, account growth, consultative selling, CRM tools
The candidate has a strong background in product management and project management, but lacks direct experience in sales leadership, customer retention, and managing a team of Client Executives as required by the job description. While they have relevant skills in data analytics and product engagement, the significant gap in direct sales and customer management experience makes this a weak match for the role.",,,,,2026-05-14T22:01:57.065581+00:00
,,,,3,Client Relations Manager,Craft & Communicate,remote,,,"Remote, US (Remote)",http://www.indeed.com/job/client-relations-manager-9fd99e4c17cc1942,https://www.indeed.com/viewjob?jk=9fd99e4c17cc1942,"client relations, digital marketing, communication, project management, SEO, reporting, email marketing
The candidate has strong project management and technical skills, particularly in data and AI platforms, but lacks direct experience in digital marketing and client relations, which are crucial for this role. While they have experience in leading teams and managing projects, the absence of specific digital marketing agency experience and client-facing roles indicates significant gaps in the required qualifications.",,,,,2026-05-14T21:52:47.996850+00:00
,,,,3,Clinical Project Manager,Lightship,remote,,,Remote,,https://www.linkedin.com/jobs/view/4399105633,"Clinical Project Management, clinical research, sponsor-facing, operational delivery, project timelines, stakeholder management, ICH-GCP guidelines
The candidate has experience in project management and technical product management but lacks direct clinical research experience and specific qualifications required for the Clinical Project Manager role. Significant gaps exist in clinical trial oversight, ICH-GCP guidelines, and managing studies from start to close, indicating a weak match for the position.",,,,,2026-05-14T21:52:47.996850+00:00
,,,,3,Cloud Network Engineer,Core4ce,hybrid,"Remote, US (Remote)",,"Remote, US (Remote)",https://jobs.silkroad.com/Core4ce/Careers/jobs/1267,https://www.indeed.com/viewjob?jk=5041ccf187ae747d,"Cloud Network Engineer, network administration, Python, AWS, Azure, security components, VPN, firewalls, automation
The candidate has a strong background in product management and technical project management but lacks direct experience in cloud network engineering and the specific technical skills required for this role, such as extensive knowledge of AWS, Azure, and network security components. While they have some programming experience with Python, it does not align closely with the networking and cloud administration focus of the job.",,,,,2026-05-14T21:48:33.976678+00:00
,,,,3,"Commercial Account Manager, Tax & Trade",Thomson Reuters,hybrid,,,,https://thomsonreuters.wd5.myworkdayjobs.com/External_Career_Site/job/United-Kingdom-London/Commercial-Account-Manager--Tax---Trade_JREQ200496,https://thomsonreuters.wd5.myworkdayjobs.com/External_Career_Site/job/United-Kingdom-London/Commercial-Account-Manager--Tax---Trade_JREQ200496,"software sales, SAAS solutions, communication skills, negotiation skills, enterprise level, tax software
The candidate has a strong background in technical project management and product management, but lacks direct experience in software sales, particularly in the tax and trade domain. While they possess relevant technical skills and project experience, the significant gap in sales experience and knowledge of tax software makes them a weak match for this role.",,,,,2026-05-14T22:01:57.065581+00:00
,,,,3,Commercial Account Specialist,Thomson Reuters,hybrid,,,,https://thomsonreuters.wd5.myworkdayjobs.com/External_Career_Site/job/Sweden-Gothenburg/Commercial-Account-Specialist_JREQ198572,https://thomsonreuters.wd5.myworkdayjobs.com/External_Career_Site/job/Sweden-Gothenburg/Commercial-Account-Specialist_JREQ198572,"account management, sales, renewals, customer service, CRM, data analysis, communication, organizational skills
The candidate has strong project management and technical skills, but lacks direct experience in account management, sales, and renewals, which are critical for this role. While they have experience in data analysis and customer communication, the significant gap in relevant account management experience and the specific requirements of the job leads to a weak match overall.",,,,,2026-05-14T22:01:57.065581+00:00
,,,,3,"Commercial Director, The Insurer",Thomson Reuters,hybrid,,,,https://thomsonreuters.wd5.myworkdayjobs.com/External_Career_Site/job/United-Kingdom-London/Commercial-Director--The-Insurer_JREQ200189,https://thomsonreuters.wd5.myworkdayjobs.com/External_Career_Site/job/United-Kingdom-London/Commercial-Director--The-Insurer_JREQ200189,"commercial strategy, revenue generation, consultative selling, client relationships, leadership, performance management
The candidate has a strong background in technical project management and product management, but lacks direct experience in commercial leadership roles, particularly in B2B media or information services. While they have demonstrated skills in managing teams and driving product-related revenue, the significant gap in commercial strategy and consultative selling experience makes this a weak match for the Commercial Director position.",,,,,2026-05-14T22:01:57.065581+00:00
,,,,3,"Communications Manager, Public Affairs",GE Vernova,remote,,,"Remote, US (Remote)",https://careers.gevernova.com/communications-manager-public-affairs/job/R5041796,https://www.indeed.com/viewjob?jk=aaf04a49aa769548,"communications, project management, sustainability, storytelling, content creation, collaboration, public policy
The candidate has strong project management and technical skills but lacks direct experience in communications, public affairs, and sustainability, which are critical for this role. While they have experience in managing projects and working with data, the absence of relevant communications experience and familiarity with energy and climate issues indicates significant skill gaps.",,,,,2026-05-14T21:52:47.996850+00:00
,,,,3,Consulting Manager - Workday Payroll,Makse Group,remote,,,"Remote, US (Remote)",https://maksegroup.wd12.myworkdayjobs.com/en-US/openings/job/Remote---US/Consulting-Manager---Workday-Payroll_JR100109,https://www.indeed.com/viewjob?jk=b00416717e207faf,"Workday Payroll, payroll operations, technology consulting, project management, compliance, client engagement, cross-functional teams
The candidate has experience in project management and product management within data and AI platforms but lacks specific experience in Workday Payroll or payroll operations. While they have strong technical skills and project leadership experience, the significant gap in direct payroll and Workday experience makes them a weak match for this role.",,,,,2026-05-14T21:36:03.741595+00:00
,,,,3,Content Editor,Siege Media,remote,,,"Remote, US (Remote)",https://siegemedia.applytojob.com/apply/UvoqWAycV1/Content-Editor?source=INDE&~,https://www.indeed.com/viewjob?jk=32d744f52ae6f06f,"content editing, digital publishing, SEO, project management, communication, collaboration, agency environment
The candidate has extensive experience in project management and technical product management but lacks direct experience in content editing, digital publishing, and the specific SEO and PR-focused content requirements outlined in the job description. While they possess transferable skills in data and analytics, the significant gaps in relevant content experience and the specific industry knowledge required for this role indicate a weak match.",,,,,2026-05-14T21:48:33.976678+00:00
,,,,3,Content Editor,Siege Media,remote,,,"Remote, US (Remote)",https://siegemedia.applytojob.com/apply/UvoqWAycV1/Content-Editor,https://www.indeed.com/viewjob?jk=fabd4257903331d0,"content editing, digital publishing, journalism, content marketing, SEO, project management, communication, collaboration
The candidate has extensive experience in technical project management and product management, but lacks direct experience in content editing, journalism, or digital publishing, which are critical for this role. While they possess strong analytical and project management skills, the significant gap in relevant content editing experience and SEO knowledge makes them a weak match for this position.",,,,,2026-05-14T21:48:33.976678+00:00
,,,,3,Content Manager,terra,remote,,,"Remote, US (Remote)",https://jobs.lever.co/terrahq/de603c2e-b462-4f1a-b1eb-0f2078873e82?lever-source=Indeed,https://www.indeed.com/viewjob?jk=e21ee6760fd90c4c,"content strategy, writing, editing, client relationships, collaboration, project management, digital marketing, SEO, UX writing
The candidate has strong project management and technical skills but lacks direct experience in content creation and strategy, which are crucial for the Content Manager role. While they have experience in managing projects and working with clients, their background is primarily in technical product management and data analytics, leaving significant gaps in the required content-focused skills and experience.",,,,,2026-05-14T21:52:47.996850+00:00
,,,,3,Contract/Acquisition Specialist (Remote),DLS Engineering,remote,,,"Remote, US (Remote)",https://ats.rippling.com/dlsengineering/jobs/bc3c0641-e763-4866-aea9-a01b8e428ad1?jobSite=Indeed,https://www.indeed.com/viewjob?jk=3e4f9661ec319ae3,"acquisition planning, market research, Performance Work Statements, Independent Government Cost Estimates, government acquisition, contract management
The candidate has experience in project management and product management, but lacks specific experience in government acquisition planning and the development of acquisition artifacts such as Performance Work Statements and Independent Government Cost Estimates. The role requires a strong background in government contracting and acquisition processes, which the candidate does not demonstrate.",,,,,2026-05-14T21:40:03.505024+00:00
,,,,3,Customer Experience Manager (SME),Agile Defense,remote,,,"Remote, US (Remote)",https://jobs.lever.co/agile-defense/e2f5e6cc-828a-416d-be1a-b957b9c061e1?lever-source=Indeed,https://www.indeed.com/viewjob?jk=1a9715e2bd34a887,"customer experience, customer support, cross-functional teams, communication, problem-solving, documentation, onboarding
The candidate has strong project management and technical skills but lacks direct experience in customer experience management, particularly in a military or aviation context. While they have experience in product management and customer interaction, the significant requirement for military aviation experience and specific customer support roles creates a considerable gap in alignment with the job description.",,,,,2026-05-14T21:40:03.505024+00:00
,,,,3,"Customer Service Team Manager (Italy DSL), Delivery Station Liaison Team Manager",Amazon,remote,,,Remote,,https://www.linkedin.com/jobs/view/4414659759,"leadership, customer service, performance metrics, team management, problem-solving, adaptability
The candidate has strong project management and technical skills but lacks direct experience in customer service or managing a customer-facing team, which is crucial for this role. While they have demonstrated leadership in technical projects, the significant gap in relevant customer service experience and the specific requirements for managing a DSL team leads to a weak match overall.",,,,,2026-05-14T21:37:59.870693+00:00
,,,,3,"Customer Success Manager, Corporate Tax",Thomson Reuters,unknown,,,,https://thomsonreuters.wd5.myworkdayjobs.com/External_Career_Site/job/United-States-of-America-Eagan-Minnesota/Customer-Success-Manager--Corporate-Tax_JREQ198614,https://thomsonreuters.wd5.myworkdayjobs.com/External_Career_Site/job/United-States-of-America-Eagan-Minnesota/Customer-Success-Manager--Corporate-Tax_JREQ198614,"customer success, project management, communication skills, SaaS, business acumen, Salesforce
The candidate has strong project management and technical skills but lacks direct experience in customer success and the specific domain of tax. While they have managed projects and collaborated with teams, the significant gap in required customer success experience and knowledge of tax-related services indicates a weak match for this role.",,,,,2026-05-14T22:01:57.065581+00:00
,,,,3,Customer Support Manager - North Carolina,Motorola Solutions,remote,,,North Carolina Remote Work,https://motorolasolutions.wd5.myworkdayjobs.com/Careers/job/North-Carolina-Remote-Work/Customer-Support-Manager---North-Carolina_R64013,https://motorolasolutions.wd5.myworkdayjobs.com/Careers/job/North-Carolina-Remote-Work/Customer-Support-Manager---North-Carolina_R64013,"customer support, project management, service delivery, government contracts, customer relationships, service growth
The candidate has a strong background in technical project management and product management but lacks direct experience in customer support or account management, particularly in a government or public safety context. While they have managed projects and customer relationships, the role requires specific experience in service delivery and contract management that the candidate does not demonstrate.",,,,,2026-05-14T22:09:56.379824+00:00
,,,,3,Customer Support Specialist,"Healthcare Systems and Technologies, LLC",remote,,,"Remote, US (Remote)",https://hstpathways.applytojob.com/apply/w9gHXNBA23/Customer-Support-Specialist?source=INDE&~,https://www.indeed.com/viewjob?jk=97a1814b7de765fe,"customer support, problem-solving, communication skills, technical savvy, remote work experience
The candidate has a strong technical background and experience in project management, but lacks direct experience in customer support roles or the healthcare industry, which are key requirements for this position. While they possess some transferable skills, such as communication and problem-solving, the significant gap in relevant experience makes them a weak match for this role.",,,,,2026-05-14T21:37:59.870693+00:00
,,,,3,Demand Generation Manager,Magna Technology Group,remote,,,"Remote, US (Remote)",https://magnatech.io/technology-careers/?gh_jid=4692872005,https://www.indeed.com/viewjob?jk=692ca6dde5d515d7,"digital marketing, demand generation, pipeline growth, Salesforce, marketing automation, campaign execution, cross-functional collaboration, analytical skills
The candidate has strong project management and technical skills, particularly in data and AI platforms, but lacks direct experience in digital marketing and demand generation, which are critical for this role. The absence of hands-on experience with marketing automation tools like Pardot and Salesforce, as well as a proven track record in driving marketing ROI, indicates significant gaps in the required qualifications.",,,,,2026-05-14T21:48:33.976678+00:00
,,,,3,Digital Marketing Brand Manager,Custom Brand Service,remote,,,"Remote, US (Remote)",http://www.indeed.com/job/digital-marketing-brand-manager-b9cf5c32103ebfc1,https://www.indeed.com/viewjob?jk=b9cf5c32103ebfc1,"project management, client relations, marketing campaigns, communication skills, data-driven analytics
The candidate has strong project management experience and technical skills, but lacks direct experience in digital marketing and client relations as outlined in the job description. While they have relevant skills in data analytics and project oversight, the significant gap in marketing-specific experience and knowledge of marketing tools makes this a weak match.",,,,,2026-05-14T21:52:47.996850+00:00
,,,,3,Digital Marketing Manager,Local and Qualified,remote,,,"Remote, US (Remote)",http://www.indeed.com/job/digital-marketing-manager-2355e1cdabdbef87,https://www.indeed.com/viewjob?jk=2355e1cdabdbef87,"digital marketing, client management, project management, performance marketing, Google Ads, Facebook Ads, onboarding, communication
The candidate has strong project management and technical skills but lacks direct experience in digital marketing and managing client accounts, which are critical for this role. While they have relevant experience in product management and data analytics, the absence of agency experience and specific digital marketing expertise results in a weak match for the position.",,,,,2026-05-14T21:52:47.996850+00:00
,,,,3,Digital Marketing Specialist - Thomson Reuters,Thomson Reuters,hybrid,,,,https://thomsonreuters.wd5.myworkdayjobs.com/External_Career_Site/job/Egypt-Cairo-Cairo/Digital-Marketing-Specialist---Thomson-Reuters_JREQ200410,https://thomsonreuters.wd5.myworkdayjobs.com/External_Career_Site/job/Egypt-Cairo-Cairo/Digital-Marketing-Specialist---Thomson-Reuters_JREQ200410,"Digital Marketing, SEO, Paid Media, Analytics, Google Ads, Performance Optimization, Funnel Progression
The candidate has strong technical project management experience and some relevant skills in data analytics and product management, but lacks direct experience in digital marketing, SEO, and paid media, which are critical for this role. Additionally, the candidate does not meet the required 5+ years of experience in paid search or fluency in Arabic, making them a weak match for this position.",,,,,2026-05-14T22:01:57.065581+00:00
,,,,3,"Director of Business Development, US Navy",Motorola Solutions,remote,,,"California Southern Remote Work, More...",https://motorolasolutions.wd5.myworkdayjobs.com/Careers/job/California-Southern-Remote-Work/Director-of-Business-Development--US-Navy_R60607,https://motorolasolutions.wd5.myworkdayjobs.com/Careers/job/California-Southern-Remote-Work/Director-of-Business-Development--US-Navy_R60607,"business development, US Navy, relationship building, program capture, defense sales, acquisition, proposals, technology transitioning
The candidate has strong project management and technical experience, particularly in data and AI platforms, but lacks direct experience in defense sales or business development specifically focused on the US Navy. The significant gaps in relevant industry knowledge and experience with military procurement processes indicate a weak match for this role.",,,,,2026-05-14T22:09:56.379824+00:00
,,,,3,"Director of Business Development, USSOCOM",Motorola Solutions,remote,,,"California Southern Remote Work, More...",https://motorolasolutions.wd5.myworkdayjobs.com/Careers/job/California-Southern-Remote-Work/Director-of-Business-Development--USSOCOM_R63975,https://motorolasolutions.wd5.myworkdayjobs.com/Careers/job/California-Southern-Remote-Work/Director-of-Business-Development--USSOCOM_R63975,"business development, defense sales, USSOCOM, relationship building, program capture, market intelligence, proposal, RFI/RFP response
The candidate has a strong background in technical project management and product management but lacks direct experience in defense sales or business development, particularly with USSOCOM. While they have relevant skills in managing projects and relationships, the significant gaps in specific defense industry experience and knowledge of USSOCOM's acquisition processes indicate a weak match for this role.",,,,,2026-05-14T22:09:56.379824+00:00
,,,,3,Director of Hardware Engineering Operations,Motorola Solutions,remote,,,"California Southern Remote Work, More...",https://motorolasolutions.wd5.myworkdayjobs.com/Careers/job/California-Southern-Remote-Work/Director-of-Hardware-Engineering-Operations_R64863,https://motorolasolutions.wd5.myworkdayjobs.com/Careers/job/California-Southern-Remote-Work/Director-of-Hardware-Engineering-Operations_R64863,"hardware engineering, product lifecycle management, compliance, team management, engineering process improvement
The candidate has a strong background in product management and project management, particularly in data and AI platforms, but lacks direct experience in hardware engineering and the specific qualifications required for this role, such as extensive experience with hardware design, regulatory compliance, and managing cross-functional engineering teams. The significant gap in relevant hardware engineering experience and the requirement for a degree in Electrical Engineering makes this a weak match.",,,,,2026-05-14T21:59:19.671411+00:00
,,,,3,"Director, Analytical Development",Moderna,remote,,,,https://modernatx.wd1.myworkdayjobs.com/M_tx/job/Norwood-Massachusetts/Director--Analytical-Development_R19024-1,https://modernatx.wd1.myworkdayjobs.com/M_tx/job/Norwood-Massachusetts/Director--Analytical-Development_R19024-1,"bioassay development, CMC environment, regulatory expectations, cell-based assays, analytical development
The candidate has a strong background in technical project management and data analytics but lacks direct experience in bioassay development and the specific biological sciences required for this role. Additionally, the candidate does not meet the educational or experience requirements for a director-level position in a highly specialized field like analytical development in biopharmaceuticals.",,,,,2026-05-14T22:12:00.818278+00:00
,,,,3,"Director, Key Accounts",Canadian Solar,remote,,,US - Remote,https://canadiansolar.wd5.myworkdayjobs.com/CanadianSolar/job/US---Remote/Director--Key-Accounts_10001118,https://canadiansolar.wd5.myworkdayjobs.com/CanadianSolar/job/US---Remote/Director--Key-Accounts_10001118,"sales, business development, key accounts, negotiations, solar photovoltaic, team management, strategic sales plans, CRM
The candidate has a strong background in technical project management and product management, but lacks direct experience in sales, business development, and key account management within the solar industry. While they have demonstrated leadership and project management skills, the significant gap in relevant sales experience and industry knowledge would require substantial ramp-up to meet the job requirements.",,,,,2026-05-14T22:13:28.680494+00:00
,,,,3,"Director, Revenue FP&A",Valenz,remote,,,"Remote, US (Remote)",https://valenz.applytojob.com/apply/6A2lkCZBMX/Director-Revenue-FPA?source=Our%20Career%20Page%20Widget,https://www.indeed.com/viewjob?jk=00d8ef6aa418d8e2,"revenue forecasting, financial analysis, performance management, data analysis, executive reporting, team leadership, commercial finance
The candidate has experience in project management and data analytics but lacks direct experience in FP&A or commercial finance, which are critical for this role. Additionally, the candidate does not meet the required years of experience in revenue forecasting and team leadership, indicating significant skill gaps for the position.",,,,,2026-05-14T21:37:59.870693+00:00
,,,,3,"Director, Sales EP Cube, DACH & NL (f/m/d)",Canadian Solar,remote,,,Germany - Remote,https://canadiansolar.wd5.myworkdayjobs.com/CanadianSolar/job/Germany---Remote/Director--Sales-EP-Cube--DACH---NL--f-m-d-_10001154,https://canadiansolar.wd5.myworkdayjobs.com/CanadianSolar/job/Germany---Remote/Director--Sales-EP-Cube--DACH---NL--f-m-d-_10001154,"sales, B2B, energy storage, customer excellence, leadership, negotiation, technical knowledge, German, English
The candidate has a strong background in technical project management and product management, but lacks direct experience in B2B sales, particularly in the solar or energy storage sectors. While they possess relevant skills in data and analytics, their experience does not align with the specific requirements for a sales director role, such as a proven sales track record or a personal network in the solar industry.",,,,,2026-05-14T23:08:31.349104+00:00
,,,,3,"Director, Segment Communications",Thomson Reuters,hybrid,,,,https://thomsonreuters.wd5.myworkdayjobs.com/External_Career_Site/job/United-States-of-America-Frisco-Texas/Director--Segment-Communications_JREQ200433,https://thomsonreuters.wd5.myworkdayjobs.com/External_Career_Site/job/United-States-of-America-Frisco-Texas/Director--Segment-Communications_JREQ200433,"communications, strategy, internal communications, external communications, media relations, technology sector, stakeholder engagement, leadership
The candidate has experience in project management and product management within technology, but lacks direct experience in communications, particularly at the executive level or in a highly matrixed environment. The role requires extensive experience in corporate communications and media relations, which are not evident in the candidate's background. Significant skill gaps exist, particularly in the areas of strategic communications and stakeholder management at a senior level.",,,,,2026-05-14T22:01:57.065581+00:00
,,,,3,"Director, Segment Communications",Thomson Reuters,hybrid,,,,https://thomsonreuters.wd5.myworkdayjobs.com/External_Career_Site/job/Canada-Toronto-Ontario/Director--Segment-Communications_JREQ200228,https://thomsonreuters.wd5.myworkdayjobs.com/External_Career_Site/job/Canada-Toronto-Ontario/Director--Segment-Communications_JREQ200228,"communications, strategy, media relations, internal communications, stakeholder engagement, technology sector, executive communication
The candidate has a strong background in technical project management and product management but lacks direct experience in communications, particularly at the executive level within a technology company. While they have some transferable skills in stakeholder management and project delivery, the significant gap in commercial and executive communication experience, especially in a matrixed environment, makes them a weak match for this role.",,,,,2026-05-14T22:01:57.065581+00:00
,,,,3,"Director, Technical Development Operations",Moderna,remote,,,,https://modernatx.wd1.myworkdayjobs.com/M_tx/job/Norwood-Massachusetts/Director--Technical-Development-Operations_R18676-1,https://modernatx.wd1.myworkdayjobs.com/M_tx/job/Norwood-Massachusetts/Director--Technical-Development-Operations_R18676-1,"bioassay, automation, GxP, operations, leadership, project management, data analytics
The candidate has experience in technical project management and product management, but lacks direct experience in bioassay operations and the specific life sciences background required for this role. While they have relevant skills in automation and data analytics, the significant gaps in hands-on experience with bioanalytical laboratories and GxP compliance indicate a weak match for the position.",,,,,2026-05-14T22:12:00.818278+00:00
,,,,3,"Director, Technical Operations",Hello Heart,remote,,,"Remote, US (Remote)",https://www.helloheart.com/careers/listings?gh_jid=8547431002,https://www.indeed.com/viewjob?jk=17046449c6174d0e,"hardware development, technical program management, AI workflows, cross-functional leadership, risk management, manufacturing validation
The candidate has experience in technical project management and product management, particularly in data and AI platforms, but lacks direct experience in hardware development and the specific requirements outlined in the job description. The role requires extensive experience in hardware product development and manufacturing processes, which the candidate does not demonstrate. Significant skill gaps exist, particularly in hardware systems and production ramp processes.",,,,,2026-05-14T21:33:49.397717+00:00
,,,,3,"E-Commerce Manager — Amazon, Walmart, Target.com & TikTok Shop","Burlington, VT Farmers Insurance Agency",remote,,,"Remote, US (Remote)",http://www.indeed.com/job/e-commerce-manager-amazon-walmart-targetcom-tiktok-shop-bdde4addcb98fb5c,https://www.indeed.com/viewjob?jk=bdde4addcb98fb5c,"Amazon, Seller Central, online marketplace management, listing optimization, advertising, promotions, sales growth
The candidate has strong project management and data analytics experience, but lacks direct experience with Amazon Seller Central and e-commerce management, which are critical for this role. While they have relevant skills in data and product management, the significant gap in specific e-commerce experience makes them a weak match for this position.",,,,,2026-05-14T21:52:47.996850+00:00
,,,,3,EBMS Program Manager - Remote (Central or East),CBRE,remote,,,"Remote, US (Remote)",https://cbreglobal.avature.net/careers/JobDetail/275954,https://www.indeed.com/viewjob?jk=7b2614dd79dcb288,"program management, project management, organizational processes, timelines, cross-functional projects, stakeholder collaboration, Microsoft Office
The candidate has experience in technical project management and product management, but lacks specific expertise in Building Management Systems and HVAC engineering, which are critical for this role. While they have strong project management skills, the significant gaps in relevant industry knowledge and experience with building systems lead to a weak match overall.",,,,,2026-05-14T21:36:03.741595+00:00
,,,,3,Engagement Strategist,Thomson Reuters,hybrid,,,,https://thomsonreuters.wd5.myworkdayjobs.com/External_Career_Site/job/Philippines-Manila/Engagement-Strategy-Specialist_JREQ199857,https://thomsonreuters.wd5.myworkdayjobs.com/External_Career_Site/job/Philippines-Manila/Engagement-Strategy-Specialist_JREQ199857,"employee engagement, stakeholder management, event hosting, collaboration, budget management
The candidate has a strong technical background in product and project management, but lacks direct experience in employee engagement strategies and activities as outlined in the job description. While they have managed budgets and collaborated with teams, the specific experience required for an Engagement Strategist, particularly in a BPO setting, is missing, indicating a significant skill gap.",,,,,2026-05-14T22:01:57.065581+00:00
,,,,3,Engineer Customer Service EP Cube - South Italy (m/f/d),Canadian Solar,remote,,,Italy  - Remote,https://canadiansolar.wd5.myworkdayjobs.com/CanadianSolar/job/Italy----Remote/Engineer-Customer-Service-EP-Cube---South-Italy--m-f-d-_10001045,https://canadiansolar.wd5.myworkdayjobs.com/CanadianSolar/job/Italy----Remote/Engineer-Customer-Service-EP-Cube---South-Italy--m-f-d-_10001045,"customer service, technical support, troubleshooting, energy storage, communication, problem-solving, PV system, installation, commissioning
The candidate has a strong background in technical project management and product management, but lacks direct experience in customer service or technical support specifically related to solar products or energy storage systems. While they possess relevant skills in data analysis and project management, the significant gaps in industry-specific experience and customer-facing roles indicate a weak match for this position.",,,,,2026-05-14T23:08:31.349104+00:00
,,,,3,"Engineering Manager, Building Generation",HighArc,remote,,,"Remote, US (Remote)",https://jobs.ashbyhq.com/Higharc/d915942f-8a0b-48ee-8c26-929dd9c0f35c?utm_source=jeNzqLDRKe,https://www.indeed.com/viewjob?jk=c3ef2fb49403023f,"computational geometry, CAD, engineering management, API design, platform development, parametric systems, generative modeling
The candidate has experience in technical project management and product management, but lacks the specific background in computational geometry and CAD that is critical for this Engineering Manager role. While they have led teams and worked with data pipelines and analytics, they do not demonstrate the required technical depth in geometry or parametric modeling, which would necessitate substantial ramp-up to meet the job requirements.",,,,,2026-05-14T21:37:59.870693+00:00
,,,,3,Enterprise Account Director - Retail,Adobe,remote,,,Remote New Jersey,https://adobe.wd5.myworkdayjobs.com/external_experienced/job/Remote-New-Jersey/Enterprise-Account-Director---Retail_R167640,https://adobe.wd5.myworkdayjobs.com/external_experienced/job/Remote-New-Jersey/Enterprise-Account-Director---Retail_R167640,"sales, account management, enterprise, digital marketing, SaaS, relationship building, strategic planning, problem-solving
The candidate has a strong technical background and experience in product management and project management, but lacks direct sales experience and a proven track record in selling solutions to enterprise clients, particularly in the retail sector. The role requires significant experience in sales and account management, which the candidate does not demonstrate, leading to a weak match overall.",,,,,2026-05-14T22:21:34.326711+00:00
,,,,3,Enterprise Named Account Manager,Adobe,remote,,,Remote Utah,https://adobe.wd5.myworkdayjobs.com/external_experienced/job/Remote-Utah/Enterprise-Named-Account-Manager_R166961,https://adobe.wd5.myworkdayjobs.com/external_experienced/job/Remote-Utah/Enterprise-Named-Account-Manager_R166961,"sales, account management, customer experience, consultative selling, SaaS, marketing technology, strategic partnership
The candidate has a strong technical background in product management and data analytics but lacks direct experience in sales, particularly in SaaS or marketing technology solutions. While they have managed projects and collaborated with cross-functional teams, the role requires a proven track record in exceeding sales targets and building executive relationships, which are not evident in their experience.",,,,,2026-05-14T22:21:34.326711+00:00
,,,,3,Epic Application Architect (Healthy Planet) Population Health,University Hospitals,remote,,,"Remote, US (Remote)",https://d.hodes.com/r/tp2?e=se&tv=pixel_tracker&aid=universityhospitals&p=web&se_ca=indeed&se_ac=click&se_la=23385280&u=http%3A%2F%2Fcareers.uhhospitals.org%2Fjob%2F23385280%2Fepic-application-architect-healthy-planet-population-health-remote%2F%3Futm_medium%3Dsymphonytalent-jobads%26utm_campaign%3DInformation%2520Technology%26utm_content%3DEpic%2520Application%2520Architect%2520(Healthy%2520Planet)%2520Population%2520Health%2520%2520%26utm_term%3D2600047Y%26utm_source%3DIndeed&se_pr=f9d8f643ab72ad13&se_va=1710&tr_af=organic&ti_id=2022_2600047Y&signature=CmoH2O1Gpb4B1P8fw8JpiGOlKKOTj0K4GKmAjK5lkFw,https://www.indeed.com/viewjob?jk=52d46c661c374d11,"EHR, application support, technical leadership, clinical workflows, SQL, data pipelines, product management
The candidate has experience in technical project management and data analytics, but lacks specific experience with Epic applications and EHR systems, which are critical for this role. While they have strong skills in data management and product development, the significant gap in required EHR application experience and clinical knowledge makes this a weak match.",,,,,2026-05-14T21:29:36.448824+00:00
,,,,3,Estimator,Thomson Reuters,unknown,,,,https://thomsonreuters.wd5.myworkdayjobs.com/External_Career_Site/job/United-States-of-America-Eagan-Minnesota/Estimator_JREQ199210,https://thomsonreuters.wd5.myworkdayjobs.com/External_Career_Site/job/United-States-of-America-Eagan-Minnesota/Estimator_JREQ199210,"estimation, production costs, customer specifications, Microsoft Excel, analytical skills, process improvements
The candidate has a strong background in technical project management and data analytics but lacks direct experience in print estimation and the specific manufacturing processes required for this role. While they possess analytical skills and experience with project management, the significant gap in relevant industry knowledge and specific tools like SAP makes this a weak match.",,,,,2026-05-14T22:01:57.065581+00:00
,,,,3,Event Manager - Reuters Events,Thomson Reuters,hybrid,,,,https://thomsonreuters.wd5.myworkdayjobs.com/External_Career_Site/job/United-Kingdom-London/Event-Manager---Reuters-Events_JREQ197394,https://thomsonreuters.wd5.myworkdayjobs.com/External_Career_Site/job/United-Kingdom-London/Event-Manager---Reuters-Events_JREQ197394,"event management, logistics, B2B conferences, stakeholder engagement, budget management, communication skills
The candidate has strong project management experience but lacks direct experience in event management and organizing B2B conferences, which are critical for this role. While they have demonstrated skills in managing budgets and stakeholder communication, the significant gap in relevant event-specific experience means they would require substantial ramp-up to meet the job requirements.",,,,,2026-05-14T22:01:57.065581+00:00
,,,,3,"EverPro - Cross-sell Account Executive (Remote, US)",Evercommerce,hybrid,"Remote, US (Remote)",,"Remote, US (Remote)",https://careers.evercommerce.com/us/en/job/R-106139/EverPro-Cross-sell-Account-Executive-Remote-US,https://www.indeed.com/viewjob?jk=0e22ac8cdf6b1dba,"sales, SaaS, customer communication, CRM, pipeline management, negotiation, collaboration
The candidate has a strong technical background and experience in product management, but lacks direct sales experience, which is a critical requirement for the Cross-sell Account Executive role. While they have experience in managing projects and customer interactions, they do not meet the minimum requirement of 2 years of sales experience, particularly in a SaaS environment, making this a weak match.",,,,,2026-05-14T21:29:36.448824+00:00
,,,,3,"Executive Director, Research & Development Quality Assurance (RDQA)",Moderna,onsite,,,,https://modernatx.wd1.myworkdayjobs.com/M_tx/job/Cambridge-Massachusetts/Executive-Director--Research---Development-Quality-Assurance--RDQA-_R18596-1,https://modernatx.wd1.myworkdayjobs.com/M_tx/job/Cambridge-Massachusetts/Executive-Director--Research---Development-Quality-Assurance--RDQA-_R18596-1,"Quality Assurance, R&D, GCP, GLP, GCLP, GVP, compliance, leadership, data-driven, risk management
The candidate has a strong background in project management and data analytics but lacks direct experience in the biopharmaceutical industry and specific quality assurance roles. While they have relevant skills in data management and automation, the significant gaps in industry-specific knowledge and leadership experience in quality assurance make this a weak match for the Executive Director position.",,,,,2026-05-14T22:26:35.890133+00:00
,,,,3,F-35 Reliability and Maintainability (R&M) Program Analyst (Remote),Andromeda Systems Incorporated,remote,,,"Remote, US (Remote)",https://androsysinc.hrmdirect.com/employment/view.php?req=3710627&jbsrc=1014&location=26ecb3e9-3372-55b7-d9f8-63a84d0e0b2a,https://www.indeed.com/viewjob?jk=affeab8cb1c0fd83,"Reliability, Maintainability, R&M, FRACAS, data analysis, technical writing, aircraft systems, engineering support, Microsoft 365
The candidate has experience in technical project management and data analytics but lacks direct experience in aircraft systems, maintenance, or the specific R&M engineering context required for this role. The significant gap in relevant industry experience and the need for a deep understanding of military aircraft operations and maintenance principles leads to a weak match.",,,,,2026-05-14T21:46:30.549281+00:00
,,,,3,Field & Partner Marketing (US/Canada),Algomarketing,hybrid,"Remote, US (Remote)",,"Remote, US (Remote)",https://algomarketing.pinpointhq.com/postings/aff8f547-4fb0-4470-9ff9-95c7b3271d47?utm_medium=job_board&utm_source=indeed,https://www.indeed.com/viewjob?jk=53f17fb840093bf9,"field marketing, partner marketing, event planning, project management, B2B technology, budget management, stakeholder management
The candidate has strong project management and technical skills but lacks direct experience in field and partner marketing, specifically within B2B technology or SaaS environments. While they have managed complex projects and events, the focus on marketing strategy and execution, as well as familiarity with CRM and marketing automation platforms, is not evident in their experience. This results in significant skill gaps for the role.",,,,,2026-05-14T21:48:33.976678+00:00
,,,,3,Field Engineer,Motorola Solutions,remote,,,"Illinois Remote Work, More...",https://motorolasolutions.wd5.myworkdayjobs.com/Careers/job/Illinois-Remote-Work/Field-Engineer_R62939,https://motorolasolutions.wd5.myworkdayjobs.com/Careers/job/Illinois-Remote-Work/Field-Engineer_R62939,"installation, troubleshooting, software deployment, database servers, IP networking, project management, Agile development
The candidate has strong project management and product management experience, but lacks direct technical skills and experience related to the specific requirements of the Field Engineer role, such as server virtualization, database server administration, and hardware installation. The significant gaps in required technical skills and experience with public safety applications indicate a weak match for this position.",,,,,2026-05-14T21:59:19.671411+00:00
,,,,3,"Field Engineer - Dallas, TX",Motorola Solutions,remote,,,Texas Remote Work,https://motorolasolutions.wd5.myworkdayjobs.com/Careers/job/Texas-Remote-Work/Field-Engineer---Dallas--TX_R64304,https://motorolasolutions.wd5.myworkdayjobs.com/Careers/job/Texas-Remote-Work/Field-Engineer---Dallas--TX_R64304,"programming, configuration, optimization, testing, documentation, RF, telecommunications, networking, technical support, troubleshooting
The candidate has a strong background in technical project management and product management, but lacks direct experience in RF systems, telecommunications, and field engineering, which are critical for this role. While they have relevant skills in data management and analytics, the significant gaps in required technical skills and experience in communications systems lead to a weak match overall.",,,,,2026-05-14T21:59:19.671411+00:00
,,,,3,Field Engineer - Illinois,Motorola Solutions,remote,,,"Illinois Remote Work, More...",https://motorolasolutions.wd5.myworkdayjobs.com/Careers/job/Illinois-Remote-Work/Field-Engineer---Illinois_R63243,https://motorolasolutions.wd5.myworkdayjobs.com/Careers/job/Illinois-Remote-Work/Field-Engineer---Illinois_R63243,"technical support, RF systems, communications systems, troubleshooting, network infrastructure, wired/wireless communication systems
The candidate has experience in technical project management and data analytics but lacks direct experience with RF systems, communications systems, and the specific technical skills required for the Field Engineer role. There are significant gaps in the candidate's experience related to the job description, particularly in the areas of RF communications and network infrastructure, which would require substantial ramp-up.",,,,,2026-05-14T21:59:19.671411+00:00
,,,,3,Field Engineer - Missouri,Motorola Solutions,remote,,,"Missouri Remote Work, More...",https://motorolasolutions.wd5.myworkdayjobs.com/Careers/job/Missouri-Remote-Work/Field-Engineer---Missouri_R63244,https://motorolasolutions.wd5.myworkdayjobs.com/Careers/job/Missouri-Remote-Work/Field-Engineer---Missouri_R63244,"technical support, optimization, RF systems, communications systems, troubleshooting, network infrastructure, wired/wireless communication systems
The candidate has a strong background in technical project management and product management, but lacks direct experience in RF communications, field engineering, and the specific technical skills required for the role. While they have some relevant skills in data and analytics, their experience does not align closely with the requirements for optimizing and supporting complex communication systems, which would require substantial ramp-up.",,,,,2026-05-14T21:59:19.671411+00:00
,,,,3,Field Engineer - TX & OK,Motorola Solutions,remote,,,"Texas Remote Work, More...",https://motorolasolutions.wd5.myworkdayjobs.com/Careers/job/Texas-Remote-Work/Field-Engineer---TX---OK_R64076,https://motorolasolutions.wd5.myworkdayjobs.com/Careers/job/Texas-Remote-Work/Field-Engineer---TX---OK_R64076,"Field Engineer, RF systems, telecommunications, networking, technical support, troubleshooting, system optimization, documentation
The candidate has a strong background in technical project management and product management, but lacks direct experience in RF systems, telecommunications, and field engineering roles as specified in the job description. While they possess some relevant skills in data management and analytics, the significant gaps in required technical experience and the specific nature of the role indicate a weak match.",,,,,2026-05-14T21:59:19.671411+00:00
,,,,3,Field Marketing Event Manager (US/Canada),Algomarketing,remote,,,"Remote, US (Remote)",https://algomarketing.pinpointhq.com/postings/3a1101a2-221f-4ec0-bca4-6c26fa79004e?utm_medium=job_board&utm_source=indeed,https://www.indeed.com/viewjob?jk=de318a2cf38a67b1,"event management, project management, B2B marketing, logistics, vendor management, communication, stakeholder management
The candidate has strong project management experience and technical skills, but lacks direct experience in field marketing and event management, which are critical for this role. While they have managed projects and teams, the specific requirements for event logistics, vendor management, and B2B marketing experience are not evident in their background, indicating a significant gap in relevant experience.",,,,,2026-05-14T21:48:33.976678+00:00
,,,,3,Field Sales Account Manager (Metro Philadelphia),Motorola Solutions,remote,,,Pennsylvania Remote Work,https://motorolasolutions.wd5.myworkdayjobs.com/Careers/job/Pennsylvania-Remote-Work/Field-Sales-Account-Manager--Philadelphia-Metro--_R63136,https://motorolasolutions.wd5.myworkdayjobs.com/Careers/job/Pennsylvania-Remote-Work/Field-Sales-Account-Manager--Philadelphia-Metro--_R63136,"sales, strategic account management, public safety, relationship management, government organizations
The candidate has a strong technical background and experience in project management, but lacks direct sales experience, particularly in the public safety sector or with government organizations. The role requires significant sales and relationship management skills, which are not evident in the candidate's resume, leading to a weak match overall.",,,,,2026-05-14T21:59:19.671411+00:00
,,,,3,Field Service Engineer - US Remote,Motorola Solutions,remote,,,"Texas Remote Work, More...",https://motorolasolutions.wd5.myworkdayjobs.com/Careers/job/Texas-Remote-Work/Field-Service-Engineer---US-Remote_R63226,https://motorolasolutions.wd5.myworkdayjobs.com/Careers/job/Texas-Remote-Work/Field-Service-Engineer---US-Remote_R63226,"Field Service Engineer, installation, troubleshooting, technical issues, communication skills, cloud-based, Linux, Windows
The candidate has a strong background in technical project management and product management, but lacks direct experience in field service roles, installation, and troubleshooting of communication systems. The skills and experience presented do not align closely with the specific requirements of the Field Service Engineer position, indicating significant gaps in relevant experience.",,,,,2026-05-14T22:09:56.379824+00:00
,,,,3,Field Service Technician III,Motorola Solutions,remote,,,"Virginia Remote Work, More...",https://motorolasolutions.wd5.myworkdayjobs.com/Careers/job/Virginia-Remote-Work/Field-Service-Technician-III_R64531,https://motorolasolutions.wd5.myworkdayjobs.com/Careers/job/Virginia-Remote-Work/Field-Service-Technician-III_R64531,"troubleshooting, IT environment, communication systems, project management, Agile, data pipelines, SQL, Python
The candidate has a strong background in project management and technical product management, but lacks direct experience with the specific technologies and systems mentioned in the job description, such as Motorola ASTRO systems, RF communications, and the required certifications. While they possess some relevant technical skills, the significant gaps in required hands-on experience and specific industry knowledge lead to a weak match for this role.",,,,,2026-05-14T22:09:56.379824+00:00
,,,,3,"FP&A Principal Analyst, Drug Substance Finance",Moderna,onsite,,,,https://modernatx.wd1.myworkdayjobs.com/M_tx/job/Warsaw---Poland/FP-A-Principal-Analyst--Drug-Substance-Finance_R18707-1,https://modernatx.wd1.myworkdayjobs.com/M_tx/job/Warsaw---Poland/FP-A-Principal-Analyst--Drug-Substance-Finance_R18707-1,"FP&A, financial analysis, budgeting, forecasting, data-driven insights, financial dashboards, collaboration, problem-solving, Excel, project management
The candidate has a strong background in technical project management and product management, but lacks direct experience in FP&A and finance roles, which are critical for this position. While they have relevant skills in data analytics and project management, the significant gap in financial experience and specific industry knowledge (life sciences) indicates a weak match for the role.",,,,,2026-05-14T22:26:35.890133+00:00
,,,,3,Freelance Content Producer,Syneos Health Commercial Solutions,remote,,,"Remote, US (Remote)",https://commercialcareers.syneoshealth.com/jobs/17695400-freelance-content-producer?tm_job=15474&tm_event=view&tm_company=575,https://www.indeed.com/viewjob?jk=fd92ce0ece418785,"content production, project management, video production, digital content, multimedia, production schedules, Adobe Creative Suite
The candidate has strong project management experience and technical skills, but lacks direct experience in video or content production, which is a core requirement of the role. While they have managed technical projects and have some familiarity with digital tools, they do not demonstrate the specific experience in overseeing video and multimedia content production as outlined in the job description.",,,,,2026-05-14T21:29:36.448824+00:00
,,,,3,Freelance Content Producer,サイネオス・ヘルス,remote,,,"Remote, US (Remote)",https://jp.syneoshealth.com/careers/jobs/17738382-freelance-content-producer,https://www.indeed.com/viewjob?jk=b07306901213c509,"content production, project management, video production, digital content, production schedules, Adobe Creative Suite
The candidate has extensive experience in project management and technical product management, but lacks direct experience in content production, video production, and the specific tools mentioned in the job description, such as Adobe Creative Suite. While there are transferable skills in managing projects and working with teams, the significant gaps in relevant experience and knowledge of production principles make this a weak match for the role.",,,,,2026-05-14T21:29:36.448824+00:00
,,,,3,Freelance Senior Digital Asset Manager,Syneos Health Commercial Solutions,remote,,,"Remote, US (Remote)",https://commercialcareers.syneoshealth.com/jobs/17734551-freelance-senior-digital-asset-manager?tm_job=15627&tm_event=view&tm_company=575,https://www.indeed.com/viewjob?jk=68dd0f3084d77f45,"Digital Asset Management, AEM Administrator, metadata standards, font licensing, process management, training, collaboration, quality control
The candidate has strong project management and technical skills, particularly in data management and analytics, but lacks direct experience with Adobe Experience Manager (AEM) and digital asset management systems as specified in the job description. Additionally, the candidate's experience does not align with the required 10+ years in digital asset management, indicating significant gaps in relevant experience for this role.",,,,,2026-05-14T21:31:37.952938+00:00
,,,,3,Freelance Senior Digital Asset Manager,サイネオス・ヘルス,remote,,,"Remote, US (Remote)",https://jp.syneoshealth.com/careers/jobs/17738384-freelance-senior-digital-asset-manager,https://www.indeed.com/viewjob?jk=5e508356c3e0d600,"Digital Asset Management, AEM Administration, metadata standards, font licensing, process management, training, quality control
The candidate has strong project management and technical skills, particularly in data management and analytics, but lacks direct experience with Adobe Experience Manager (AEM) and the specific requirements of digital asset management. The role requires extensive experience in managing digital assets and familiarity with specific tools like Wrike and Veeva, which are not present in the candidate's background.",,,,,2026-05-14T21:31:37.952938+00:00
,,,,3,Fulfilment Officer,Manulife,remote,,,"CAN, British Columbia - Full Time Remote",https://manulife.wd3.myworkdayjobs.com/MFCJH_Jobs/job/CAN-British-Columbia---Full-Time-Remote/Fulfilment-Officer_JR26041101,https://manulife.wd3.myworkdayjobs.com/MFCJH_Jobs/job/CAN-British-Columbia---Full-Time-Remote/Fulfilment-Officer_JR26041101,"mortgage documents, banking sector, customer service, organizational skills, attention to detail
The candidate has a strong background in technical project management and data analytics but lacks direct experience in the banking sector and mortgage processing, which are critical for this role. While they possess some transferable skills such as project management and data handling, the significant gaps in relevant experience and knowledge of mortgage documents and banking policies indicate a weak match for the position.",,,,,2026-05-14T22:30:10.315458+00:00
,,,,3,General Account Manager,NVIDIA,remote,,,"Sweden, Remote",https://nvidia.wd5.myworkdayjobs.com/NVIDIAExternalCareerSite/job/Sweden-Remote/General-Account-Manager_JR2013555,https://nvidia.wd5.myworkdayjobs.com/NVIDIAExternalCareerSite/job/Sweden-Remote/General-Account-Manager_JR2013555,"sales, technology solutions, customer relationships, inside sales, negotiation, communication, quota attainment, cloud environment
The candidate has a strong technical background and experience in project management and product development, but lacks direct experience in sales, particularly in a quota-carrying inside sales role. The job requires specific sales skills and experience that the candidate does not demonstrate, resulting in significant skill gaps.",,,,,2026-05-14T21:57:02.905092+00:00
,,,,3,GIS QA Test Analyst,"Sheersoft Technologies, LLC",remote,,,"Remote, US (Remote)",http://www.indeed.com/job/gis-qa-test-analyst-866bd62f9cbe0e7a,https://www.indeed.com/viewjob?jk=866bd62f9cbe0e7a,"GIS, QA Testing, spatial data, ArcGIS, data validation, Agile, UAT
The candidate has a strong background in project management and data analytics but lacks specific experience in GIS applications and tools such as ArcGIS, which are critical for this role. While they have experience in data pipelines and validation, the significant gap in GIS-related skills and direct QA testing experience makes this a weak match.",,,,,2026-05-14T21:29:36.448824+00:00
,,,,3,Global Delivery & Partnerships Lead,Penta Global Limited,unknown,,,,,https://www.linkedin.com/jobs/view/4414572472,"offshore IT staff augmentation, sales cycle, lead generation, requirement gathering, CRM, communication, negotiation
The candidate has strong technical project management experience but lacks direct sales experience in offshore IT services, which is a key requirement for the role. While they have demonstrated skills in managing projects and technical teams, the significant gap in sales and client relationship management, particularly in the context of IT services, indicates a weak match for this position.",,,,,2026-05-14T21:37:59.870693+00:00
,,,,3,"Head of Strategic Contracts and M&A, Public Sector",NVIDIA,hybrid,"US, VA, Remote",,"US, VA, Remote",https://nvidia.wd5.myworkdayjobs.com/NVIDIAExternalCareerSite/job/US-VA-Remote/Head-of-Strategic-Contracts-and-M-A--Public-Sector_JR2013188,https://nvidia.wd5.myworkdayjobs.com/NVIDIAExternalCareerSite/job/US-VA-Remote/Head-of-Strategic-Contracts-and-M-A--Public-Sector_JR2013188,"government contracting, compliance, M&A strategy, negotiation, FAR, DFARS, strategic partner
The candidate has experience in project management and product management within data and AI platforms but lacks the required 15+ years of experience in government contracting and specific expertise in FAR/DFARS regulations. Additionally, the role demands a deep understanding of M&A strategy and compliance gaps in a government context, which is not evident in the candidate's background.",,,,,2026-05-14T22:07:43.149559+00:00
,,,,3,Impounds Supervisor - MVTrac - REMOTE,Motorola Solutions,remote,,,"Texas Remote Work, More...",https://motorolasolutions.wd5.myworkdayjobs.com/Careers/job/Texas-Remote-Work/Impounds-Supervisor---MVTrac---REMOTE_R63574,https://motorolasolutions.wd5.myworkdayjobs.com/Careers/job/Texas-Remote-Work/Impounds-Supervisor---MVTrac---REMOTE_R63574,"supervisory role, productivity tracking, client experience, organizational skills, G-Suite, MS Office
The candidate has extensive experience in project and product management but lacks direct experience in the impound or recovery industry, which is a key requirement for this role. Additionally, while they have leadership experience, it does not align closely with the specific supervisory responsibilities outlined in the job description. The gaps in relevant industry experience and specific supervisory tasks indicate a weak match for this position.",,,,,2026-05-14T22:22:43.289579+00:00
,,,,3,Integrated Marketing Manager (US/Canada),Algomarketing,remote,,,"Remote, US (Remote)",https://algomarketing.pinpointhq.com/postings/9c1ac0cd-c7cd-4f73-b839-37378c012560?utm_medium=job_board&utm_source=indeed,https://www.indeed.com/viewjob?jk=ad47453a08524e20,"integrated marketing, B2B marketing, campaign execution, audience segmentation, performance tracking, marketing automation, project management, data-driven insights
The candidate has strong technical and project management experience but lacks direct experience in integrated marketing, demand generation, and campaign marketing specifically within B2B technology or SaaS organizations. While they have relevant skills in data analytics and project management, the significant gap in marketing-specific experience and the required years in the field leads to a weak match for this role.",,,,,2026-05-14T21:48:33.976678+00:00
,,,,3,Internal & External Communications Manager,Transact Campus,remote,,,"Remote, US (Remote)",https://transact-campus.breezy.hr/p/f9dfc3331f63-internal-external-communications-manager?source=indeed,https://www.indeed.com/viewjob?jk=9f09bd28fd4220d0,"communications, public relations, internal communications, external communications, project management, writing, editing, storytelling
The candidate has a strong background in technical project management and product management, but lacks direct experience in communications, public relations, or corporate communications as outlined in the job description. While they possess some transferable skills such as project management and stakeholder communication, the significant gap in relevant experience and the specific requirements for writing and managing press releases makes this a weak match.",,,,,2026-05-14T21:48:33.976678+00:00
,,,,3,IT Manager II - Network Infrastructure & Operations,TruStage,hybrid,"Remote, US (Remote)",,"Remote, US (Remote)",https://trustage.wd1.myworkdayjobs.com/en-US/TruStage/job/Remote---USA/IT-Manager-II---Network-Infrastructure---Operations_R-011921,https://www.indeed.com/viewjob?jk=ece45fb06a07341f,"IT infrastructure, operations management, project management, cloud computing, network protocols, security, team leadership
The candidate has experience in technical project management and product management, but lacks direct experience in IT infrastructure and operations, particularly in managing complex infrastructure environments and leading technical teams. While they have some relevant skills in data management and automation, they do not meet the required years of experience or specific technical expertise outlined in the job description.",,,,,2026-05-14T21:29:36.448824+00:00
,,,,3,LatAm Benefits Manager,Thomson Reuters,unknown,,,,https://thomsonreuters.wd5.myworkdayjobs.com/External_Career_Site/job/Brazil-So-Paulo-So-Paulo/LatAm-Benefits-Manager_JREQ200234,https://thomsonreuters.wd5.myworkdayjobs.com/External_Career_Site/job/Brazil-So-Paulo-So-Paulo/LatAm-Benefits-Manager_JREQ200234,"benefits management, HR systems, vendor management, project management, communication skills, analysis, employee experience
The candidate has strong project management and technical skills but lacks direct experience in benefits management and HR functions, which are critical for this role. While they have experience in data and analytics, the significant gap in specific benefits knowledge and HR systems makes this a weak match.",,,,,2026-05-14T22:01:57.065581+00:00
,,,,3,Legal Business Partner,Moderna,onsite,,,,https://modernatx.wd1.myworkdayjobs.com/M_tx/job/Warsaw---Poland/Legal-Business-Partner_R18699-1,https://modernatx.wd1.myworkdayjobs.com/M_tx/job/Warsaw---Poland/Legal-Business-Partner_R18699-1,"legal support, document management, e-discovery, case management, AI initiatives, communication skills, organizational skills
The candidate has a strong background in technical project management and product management, but lacks direct legal experience, particularly in e-discovery and case management, which are critical for this role. While there are transferable skills in project management and AI initiatives, the significant gap in legal-specific experience and knowledge makes this a weak match.",,,,,2026-05-14T22:35:44.018180+00:00
,,,,3,Live Streaming Software Engineer,Thomson Reuters,hybrid,,,,https://thomsonreuters.wd5.myworkdayjobs.com/External_Career_Site/job/India-Bengaluru-Karnataka/Live-Streaming-Software-Engineer_JREQ199904,https://thomsonreuters.wd5.myworkdayjobs.com/External_Career_Site/job/India-Bengaluru-Karnataka/Live-Streaming-Software-Engineer_JREQ199904,"Python, Java, NodeJS, cloud-based applications, live streaming, AWS, Agile development
The candidate has experience in project management and data analytics but lacks direct experience with live streaming technologies, Python, Java, and NodeJS development as required by the job. While they have some relevant skills in Python and cloud technologies, the significant gaps in live streaming experience and the specific programming languages needed for this role indicate a weak match.",,,,,2026-05-14T22:01:57.065581+00:00
,,,,3,LMR Technician,Motorola Solutions,remote,,,California Southern Remote Work,https://motorolasolutions.wd5.myworkdayjobs.com/Careers/job/California-Southern-Remote-Work/LMR-Technician_R60024,https://motorolasolutions.wd5.myworkdayjobs.com/Careers/job/California-Southern-Remote-Work/LMR-Technician_R60024,"LMR, RF Systems, Radio Communications, Networking Equipment, Technical Support, Troubleshooting, Programming, Customer Interaction
The candidate has a strong background in technical project management and data systems but lacks direct experience in LMR, RF systems, or radio communications, which are critical for this role. While they possess some transferable skills in technical support and programming, the significant gaps in relevant experience and specific technical knowledge required for the LMR Technician position indicate a weak match.",,,,,2026-05-14T21:59:19.671411+00:00
,,,,3,Logisitics and Warehouse & Warrenty Coordinator,Canadian Solar,remote,,,"Scotland, UK - Remote",https://canadiansolar.wd5.myworkdayjobs.com/CanadianSolar/job/Scotland-UK---Remote/Logisitics-and-Warehouse---Warrenty-Coordinator_10001006-1,https://canadiansolar.wd5.myworkdayjobs.com/CanadianSolar/job/Scotland-UK---Remote/Logisitics-and-Warehouse---Warrenty-Coordinator_10001006-1,"logistics, warehouse operations, inventory control, spare parts management, RMA process, vendor communication, operational efficiency
The candidate has a strong background in technical project management and data analytics, but lacks direct experience in logistics, warehouse operations, and spare parts management, which are critical for this role. While they have relevant skills in project management and data handling, the significant gaps in logistics and inventory control experience indicate a weak match for the position.",,,,,2026-05-14T22:13:28.680494+00:00
,,,,3,LTS Controls Engineer,TGW Systems,remote,,,"Remote, US (Remote)",https://secure7.saashr.com/ta/6213716.careers?ShowJob=604438997,https://www.indeed.com/viewjob?jk=605bc40e31ef2646,"controls systems, troubleshooting, continuous improvement, technical documentation, PLC programming, SCADA systems, project management
The candidate has experience in technical project management and product management, but lacks direct experience in controls systems engineering, PLC programming, and SCADA systems, which are critical for the role. While they have some transferable skills in project execution and technical documentation, the significant gaps in relevant technical expertise and industry experience indicate a weak match for this position.",,,,,2026-05-14T21:46:30.549281+00:00
,,,,3,Manager - Corporate Tax Advisory,PwC,unknown,,,,https://pwc.wd3.myworkdayjobs.com/Global_Experienced_Careers/job/Manager---Corporate-Tax-Advisory_648405WD,https://pwc.wd3.myworkdayjobs.com/Global_Experienced_Careers/job/Manager---Corporate-Tax-Advisory_648405WD,"tax compliance, tax planning, advisory, project management, client handling, financial statements, regulatory monitoring
The candidate has strong project management and data analytics skills, but lacks direct experience in tax compliance and advisory roles, which are critical for this position. Additionally, the candidate's background in technical product management does not align with the specific requirements of tax strategy and compliance, resulting in significant skill gaps.",,,,,2026-05-14T22:12:35.179630+00:00
,,,,3,Manager Inside Sales,Adobe,remote,,,Remote India,https://adobe.wd5.myworkdayjobs.com/external_experienced/job/Remote-India/Manager-Inside-Sales_R144638,https://adobe.wd5.myworkdayjobs.com/external_experienced/job/Remote-India/Manager-Inside-Sales_R144638,"sales management, coaching, mentoring, customer satisfaction, project management, collaboration, team leadership
The candidate has strong project management and technical skills but lacks direct experience in sales management and inside sales, which are critical for this role. While they have experience in product management and working with clients, the significant gap in sales-specific experience and knowledge of Adobe products makes this a weak match.",,,,,2026-05-14T22:21:34.326711+00:00
,,,,3,"Manager, Data Center Infrastructure Materials",NVIDIA,remote,,,"US, CA, Remote",https://nvidia.wd5.myworkdayjobs.com/NVIDIAExternalCareerSite/job/US-CA-Remote/Manager--Data-Center-Infrastructure-Materials_JR2016661,https://nvidia.wd5.myworkdayjobs.com/NVIDIAExternalCareerSite/job/US-CA-Remote/Manager--Data-Center-Infrastructure-Materials_JR2016661,"materials management, data center infrastructure, inventory management, compliance, problem solving, logistics
The candidate has experience in project management and data analytics but lacks direct experience in materials management within a data center infrastructure environment. While they have strong technical skills and project management experience, they do not meet the specific requirements for leading materials management teams or have the necessary years of experience in data center operations, resulting in significant skill gaps for this role.",,,,,2026-05-14T22:07:43.149559+00:00
,,,,3,"Manager, Enterprise Account Management (DACH)",Thomson Reuters,unknown,,,,https://thomsonreuters.wd5.myworkdayjobs.com/External_Career_Site/job/Germany-Langenfeld/Manager--Enterprise-Account-Management--DACH-_JREQ200133,https://thomsonreuters.wd5.myworkdayjobs.com/External_Career_Site/job/Germany-Langenfeld/Manager--Enterprise-Account-Management--DACH-_JREQ200133,"account management, customer relationships, leadership, sales targets, team management, communication
The candidate has experience in project management and product management, but lacks direct experience in account management and sales, which are critical for this role. Additionally, the requirement for fluency in German is not addressed in the resume, indicating a significant gap in qualifications.",,,,,2026-05-14T22:01:57.065581+00:00
,,,,3,"Manager, Fixed Asset & Project Accounting",Thomson Reuters,hybrid,,,,https://thomsonreuters.wd5.myworkdayjobs.com/External_Career_Site/job/India-Bengaluru-Karnataka/Manager--Fixed-Asset---Project-Accounting_JREQ200354,https://thomsonreuters.wd5.myworkdayjobs.com/External_Career_Site/job/India-Bengaluru-Karnataka/Manager--Fixed-Asset---Project-Accounting_JREQ200354,"fixed asset accounting, project accounting, IFRS, SOX compliance, leadership, process improvement, automation, SAP, data analysis
The candidate has a strong background in project management and data analytics but lacks direct experience in fixed asset and project accounting, which are critical for this role. Additionally, the candidate does not demonstrate the required proficiency in SAP WRP and S/4HANA, nor do they meet the 10+ years of progressive accounting experience specified in the job description.",,,,,2026-05-14T22:01:57.065581+00:00
,,,,3,"Manager, Internal Quality Operations",Moderna,onsite,,,,https://modernatx.wd1.myworkdayjobs.com/M_tx/job/Norwood-Massachusetts/Manager--Internal-Quality-Operations_R19154,https://modernatx.wd1.myworkdayjobs.com/M_tx/job/Norwood-Massachusetts/Manager--Internal-Quality-Operations_R19154,"Quality Assurance, GMP compliance, deviation investigations, quality data analysis, documentation management, manufacturing processes
The candidate has a strong background in technical project management and product management, particularly in data and AI platforms, but lacks direct experience in quality assurance operations, GMP compliance, and the specific requirements outlined in the job description. Significant skill gaps exist in areas such as quality event management and experience with eQMS or related platforms, which would require substantial ramp-up to meet the job's demands.",,,,,2026-05-14T22:12:00.818278+00:00
,,,,3,"Manager, Media Relations, Legal",Thomson Reuters,hybrid,,,,https://thomsonreuters.wd5.myworkdayjobs.com/External_Career_Site/job/United-States-of-America-Eagan-Minnesota/Manager--Media-Relations--Legal_JREQ199709,https://thomsonreuters.wd5.myworkdayjobs.com/External_Career_Site/job/United-States-of-America-Eagan-Minnesota/Manager--Media-Relations--Legal_JREQ199709,"media relations, corporate communications, legal industry, AI, product launches, executive communications, narrative development
The candidate has a strong background in technical project management and product management, but lacks direct experience in media relations or corporate communications, which are critical for this role. Additionally, the candidate's experience does not demonstrate familiarity with the legal industry or managing media narratives, indicating significant skill gaps for the position.",,,,,2026-05-14T22:01:57.065581+00:00
,,,,3,"Manager, Sales - Corporates, IL",Thomson Reuters,unknown,,,,https://thomsonreuters.wd5.myworkdayjobs.com/External_Career_Site/job/United-States-of-America-Chicago-Illinois/Manager--Sales_JREQ200418,https://thomsonreuters.wd5.myworkdayjobs.com/External_Career_Site/job/United-States-of-America-Chicago-Illinois/Manager--Sales_JREQ200418,"sales management, coaching, talent development, customer relationships, performance expectations, conflict resolution
The candidate has a strong technical background in product and project management but lacks direct experience in sales management and the specific skills required for driving sales in a corporate environment. While they have experience in managing teams and projects, the significant gap in sales-focused experience and the lack of a sales management track record makes this a weak match for the role.",,,,,2026-05-14T22:01:57.065581+00:00
,,,,3,"Manager, Sales-Corporates, TX",Thomson Reuters,unknown,,,,https://thomsonreuters.wd5.myworkdayjobs.com/External_Career_Site/job/United-States-of-America-Frisco-Texas/Manager--Sales_JREQ200419,https://thomsonreuters.wd5.myworkdayjobs.com/External_Career_Site/job/United-States-of-America-Frisco-Texas/Manager--Sales_JREQ200419,"sales management, coaching, talent development, customer relationships, performance expectations, conflict resolution
The candidate has a strong technical background in product and project management, particularly in data and AI platforms, but lacks direct experience in sales management and the specific skills required for driving sales and managing a sales team. The significant gap in relevant sales experience and the focus on technical roles leads to a weak match for this sales-oriented position.",,,,,2026-05-14T22:01:57.065581+00:00
,,,,3,"Manager, Site Planning",Moderna,onsite,,,,https://modernatx.wd1.myworkdayjobs.com/M_tx/job/Melbourne---Australia/Manager--Site-Planning_R18382,https://modernatx.wd1.myworkdayjobs.com/M_tx/job/Melbourne---Australia/Manager--Site-Planning_R18382,"supply chain, production planning, SAP, capacity planning, material planning, process management, data analysis
The candidate has experience in technical project management and product management, but lacks direct experience in production planning within a biotech or pharmaceutical context, which is a key requirement for the role. Additionally, the candidate does not demonstrate the necessary years of experience in supply chain management or familiarity with SAP MPS and MRP systems, indicating significant skill gaps for this position.",,,,,2026-05-14T22:26:35.890133+00:00
,,,,3,"Manager, Treasury",Moderna,onsite,,,,https://modernatx.wd1.myworkdayjobs.com/M_tx/job/Cambridge-Massachusetts/Manager--Treasury_R19034-1,https://modernatx.wd1.myworkdayjobs.com/M_tx/job/Cambridge-Massachusetts/Manager--Treasury_R19034-1,"treasury, foreign exchange risk management, cash investment strategy, analytics, compliance, financial modeling
The candidate has strong project management and data analytics experience but lacks direct experience in treasury management, foreign exchange risk, and cash investment strategies, which are critical for this role. Additionally, the candidate does not meet the required 5+ years of progressive treasury or finance experience, indicating significant gaps in relevant skills and experience.",,,,,2026-05-14T22:26:35.890133+00:00
,,,,3,Manager/Sr. Manager - SAP - Consulting,PwC,unknown,,,,https://pwc.wd3.myworkdayjobs.com/Global_Experienced_Careers/job/Manager-Sr-Manager---SAP---Consulting_520023WD,https://pwc.wd3.myworkdayjobs.com/Global_Experienced_Careers/job/Manager-Sr-Manager---SAP---Consulting_520023WD,"SAP, project management, client engagement, implementation, business analysis, data governance, analytics
The candidate has strong project management and technical skills, particularly in data and analytics, but lacks direct experience with SAP systems and modules, which are critical for this role. While they have relevant experience in product management and technical project management, the absence of SAP-specific knowledge and the required years of experience in SAP implementations presents significant gaps for this position.",,,,,2026-05-14T22:12:35.179630+00:00
,,,,3,Manager/Sr. Manager - SAP - Consulting (Placement Yogyakarta),PwC,onsite,,,,https://pwc.wd3.myworkdayjobs.com/Global_Experienced_Careers/job/Manager-Sr-Manager---SAP---Consulting--Placement-Yogyakarta-_652139WD,https://pwc.wd3.myworkdayjobs.com/Global_Experienced_Careers/job/Manager-Sr-Manager---SAP---Consulting--Placement-Yogyakarta-_652139WD,"SAP, consulting, project management, leadership, Agile methodologies, stakeholder management
The candidate has strong project management and technical experience, particularly in data and AI platforms, but lacks direct experience with SAP and its specific modules. While they have led teams and managed projects, the significant gap in SAP expertise and the requirement for 6-8 years of SAP consulting experience makes this a weak match for the role.",,,,,2026-05-14T22:02:48.190234+00:00
,,,,3,"Marketer, Campaign Activation",Thomson Reuters,hybrid,,,,https://thomsonreuters.wd5.myworkdayjobs.com/External_Career_Site/job/United-States-of-America-Eagan-Minnesota/Campaign-Management-Activation-Marketer_JREQ200569,https://thomsonreuters.wd5.myworkdayjobs.com/External_Career_Site/job/United-States-of-America-Eagan-Minnesota/Campaign-Management-Activation-Marketer_JREQ200569,"campaign management, project management, marketing automation, integrated marketing, demand generation, email campaigns, events, BDR programs
The candidate has a strong background in technical project management and product management, but lacks direct experience in marketing, campaign activation, and the specific tools mentioned in the job description. While they have relevant skills in project management and data analytics, they do not meet the required experience in integrated marketing or campaign execution, which are critical for this role.",,,,,2026-05-14T22:01:57.065581+00:00
,,,,3,"Marketer, Events & Sponsorship Activation",Thomson Reuters,hybrid,,,,https://thomsonreuters.wd5.myworkdayjobs.com/External_Career_Site/job/United-States-of-America-Eagan-Minnesota/Campaign-Management-Marketer_JREQ200570,https://thomsonreuters.wd5.myworkdayjobs.com/External_Career_Site/job/United-States-of-America-Eagan-Minnesota/Campaign-Management-Marketer_JREQ200570,"event marketing, sponsorship management, campaign management, project management, audience engagement, ROI measurement
The candidate has a strong background in technical project management and product management, but lacks direct experience in event marketing and sponsorship activation, which are critical for this role. While they have relevant skills in project management and data analytics, the significant gap in specific event planning and execution experience makes this a weak match.",,,,,2026-05-14T22:01:57.065581+00:00
,,,,3,"Marketing and Growth, Senior Manager",Vanna Health,remote,,,"Remote, US (Remote)",https://grnh.se/hznrp2rj5us,https://www.indeed.com/viewjob?jk=05acf5f44c9a6f6f,"marketing, growth, conference planning, business development, communications, healthcare, digital health, Medicaid, events strategy
The candidate has a strong background in technical project management and product management, but lacks direct experience in marketing, particularly in the healthcare or behavioral health sectors. While they have experience in data-driven roles and some transferable skills, they do not meet the core requirements for managing marketing strategies or conference execution as outlined in the job description.",,,,,2026-05-14T21:52:47.996850+00:00
,,,,3,Marketing Brand Manager,Custom Brand Service,remote,,,"Remote, US (Remote)",http://www.indeed.com/job/marketing-brand-manager-d6abf8ecdb9d344e,https://www.indeed.com/viewjob?jk=d6abf8ecdb9d344e,"marketing strategy, client relationship management, project management, leadership, data-driven recommendations, brand voice, digital marketing
The candidate has a strong background in technical project management and data analytics but lacks direct experience in marketing, brand management, and the specific tools mentioned in the job description (e.g., Klaviyo, Shopify, Google Analytics). While they have leadership and communication skills, the significant gap in relevant marketing experience and knowledge of digital marketing strategies makes this a weak match for the role.",,,,,2026-05-14T21:52:47.996850+00:00
,,,,3,Marketing Director – Behavioral Health SaaS,Opus EHR,remote,,,"Remote, US (Remote)",http://www.indeed.com/job/marketing-director-behavioral-health-saas-0cc2d691b074c566,https://www.indeed.com/viewjob?jk=0cc2d691b074c566,"marketing, HubSpot, SEO, PPC, content creation, analytics, behavioral health, SaaS, CRM
The candidate has a strong technical background in product management and data analytics but lacks direct experience in marketing, particularly in managing SEO and PPC campaigns or HubSpot administration. While they have relevant skills in data and analytics, the significant gap in marketing experience, especially at the director level, makes this a weak match for the role.",,,,,2026-05-14T21:44:13.352357+00:00
,,,,3,"Marketing Manager, PAVBLU",Amgen,remote,,,"Remote, US (Remote)",https://careers.amgen.com/en/job/washington-d-c/marketing-manager-pavblu/87/95005030240,https://www.indeed.com/viewjob?jk=2a2623dd03e6a811,"marketing, project management, brand strategy, digital engagement, promotional materials, cross-functional teams, budget management
The candidate has strong project management experience and technical skills, but lacks direct marketing experience and familiarity with the specific requirements of the role, such as developing promotional materials and executing marketing initiatives. The significant gap in relevant marketing experience and the specific industry focus makes this a weak match.",,,,,2026-05-14T21:52:47.996850+00:00
,,,,3,Marketing Specialist,indeed,remote,,,"Remote, US (Remote)",https://movemint.applytojob.com/apply/u9wQo2rCAf/Marketing-Specialist?source=INDE&~,https://www.indeed.com/viewjob?jk=1d12b74d27c39d92,"B2B marketing, content creation, campaign execution, analytics tools, project management, collaboration, marketing automation
The candidate has a strong background in technical project management and product management, but lacks direct experience in B2B marketing, particularly in the fintech or financial services sectors. While they have relevant skills in data analytics and project management, they do not meet the key requirements for content creation, marketing automation, and demand generation campaigns that are critical for the Marketing Specialist role.",,,,,2026-05-14T21:48:33.976678+00:00
,,,,3,Mid-Large Associate Director,Manulife,remote,,,"USA, Massachusetts - Full Time Remote",https://manulife.wd3.myworkdayjobs.com/MFCJH_Jobs/job/USA-Massachusetts---Full-Time-Remote/Mid-Large-Associate-Director_JR26050162-1,https://manulife.wd3.myworkdayjobs.com/MFCJH_Jobs/job/USA-Massachusetts---Full-Time-Remote/Mid-Large-Associate-Director_JR26050162-1,"retirement plans, financial services, relationship management, ERISA, consultative selling, sales strategy, pipeline management
The candidate has a strong background in technical project management and product management, but lacks direct experience in retirement plans or financial services, which is a critical requirement for this role. While they have experience in data governance and analytics, the significant gap in relevant industry knowledge and consultative sales experience indicates a weak match for the position.",,,,,2026-05-14T22:30:10.315458+00:00
,,,,3,Mobile Video Area Sales Manager (Southeast US),Motorola Solutions,remote,,,"Georgia Remote Work, More...",https://motorolasolutions.wd5.myworkdayjobs.com/Careers/job/Georgia-Remote-Work/Mobile-Video-Area-Sales-Manager--Southeast-US-_R61160-1,https://motorolasolutions.wd5.myworkdayjobs.com/Careers/job/Georgia-Remote-Work/Mobile-Video-Area-Sales-Manager--Southeast-US-_R61160-1,"sales, leadership, customer engagement, negotiation, CRM, software solutions
The candidate has a strong background in technical project management and product management but lacks direct sales experience, particularly in the public safety or video solutions sectors. While they have demonstrated leadership and communication skills, the significant gap in sales and customer relationship management experience makes them a weak match for this role.",,,,,2026-05-14T21:59:19.671411+00:00
,,,,3,New Business Development Executive,Thomson Reuters,unknown,,,,https://thomsonreuters.wd5.myworkdayjobs.com/External_Career_Site/job/United-States-of-America-Eagan-Minnesota/New-Business-Development-Executive_JREQ195349,https://thomsonreuters.wd5.myworkdayjobs.com/External_Career_Site/job/United-States-of-America-Eagan-Minnesota/New-Business-Development-Executive_JREQ195349,"sales, business development, client meetings, presentations, revenue growth, relationship building, market trends, product development
The candidate has a strong technical background in product management and data analytics but lacks direct experience in sales or business development, which are critical for this role. While they have experience in managing projects and collaborating with teams, the significant gap in sales experience and the specific knowledge of the book publishing market makes this a weak match.",,,,,2026-05-14T22:01:57.065581+00:00
,,,,3,"Oncology Clinical Account Executive, Rhode Island/Southern MA",Tempus,remote,,,"Remote, US (Remote)",https://tempus.wd5.myworkdayjobs.com/en-US/Tempus_Careers/job/Remote---Rhode-Island/Oncology-Clinical-Account-Executive--Rhode-Island-Southern-MA_JR202600427,https://www.indeed.com/viewjob?jk=ba69059d75bba65b,"oncology, molecular diagnostics, account management, sales, strategic planning, client engagement, healthcare, AI, business expansion
The candidate has a strong background in technical project management and product management, particularly in data and AI platforms, but lacks direct experience in oncology or molecular diagnostics, which are critical for this role. Additionally, the job requires specific account management experience with cancer centers and clinics, which the candidate does not demonstrate. There are significant gaps in relevant industry knowledge and experience, leading to a weak match overall.",,,,,2026-05-14T21:48:33.976678+00:00
,,,,3,Onsite Senior Federal Field Services Manager,Motorola Solutions,remote,,,"Washington DC Remote Work, More...",https://motorolasolutions.wd5.myworkdayjobs.com/Careers/job/Washington-DC-Remote-Work/Onsite-Senior-Federal-Field-Services-Manager_R64566,https://motorolasolutions.wd5.myworkdayjobs.com/Careers/job/Washington-DC-Remote-Work/Onsite-Senior-Federal-Field-Services-Manager_R64566,"technical oversight, network architecture, project management, team management, telecommunications, public safety, diagnostic evaluation, performance assessment
The candidate has experience in technical project management and product management, but lacks direct experience in telecommunications, network architecture, and the specific technologies mentioned in the job description (e.g., ASTRO 25, WAVE VoIP). Additionally, the candidate does not meet the requirement for 10+ years of experience in relevant fields, which indicates significant gaps in qualifications for this role.",,,,,2026-05-14T22:09:56.379824+00:00
,,,,3,Partnership Manager - Remote,Thomson Reuters,remote,,,,https://thomsonreuters.wd5.myworkdayjobs.com/External_Career_Site/job/United-States-of-America-Eagan-Minnesota/Partnership-Manager---Remote_JREQ200710,https://thomsonreuters.wd5.myworkdayjobs.com/External_Career_Site/job/United-States-of-America-Eagan-Minnesota/Partnership-Manager---Remote_JREQ200710,"partnership management, strategic relationships, revenue expansion, business planning, sales pipeline, account management, consultative selling, relationship management
The candidate has experience in product and project management but lacks direct experience in partnership management, sales, and business development, which are crucial for this role. While they have worked with data governance and analytics, the significant gaps in required skills and experience in managing large customer relationships and strategic partnerships indicate a weak match for this position.",,,,,2026-05-14T22:01:57.065581+00:00
,,,,3,"Partnership Manager, Government",Thomson Reuters,hybrid,,,,https://thomsonreuters.wd5.myworkdayjobs.com/External_Career_Site/job/United-States-of-America-McLean-Virginia/Partnership-Manager--Government_JREQ200423,https://thomsonreuters.wd5.myworkdayjobs.com/External_Career_Site/job/United-States-of-America-McLean-Virginia/Partnership-Manager--Government_JREQ200423,"partnership development, government contracting, negotiation, business development, communication skills, collaboration, revenue growth
The candidate has experience in project management and product management but lacks direct experience in partnership management and government contracting, which are critical for this role. While they have strong communication and organizational skills, the significant gaps in relevant experience and industry knowledge would require substantial ramp-up to meet the job requirements.",,,,,2026-05-14T22:01:57.065581+00:00
,,,,3,"Payroll Consultant, Higher Education",Workday,remote,,,USA Remote,https://workday.wd5.myworkdayjobs.com/Workday/job/USA-Remote/Payroll-Consultant--Higher-Education_JR-0105924,https://workday.wd5.myworkdayjobs.com/Workday/job/USA-Remote/Payroll-Consultant--Higher-Education_JR-0105924,"Workday Payroll, implementation, configuration, consulting, stakeholder alignment, data conversion, testing
The candidate has a strong background in technical project management and product management, but lacks direct experience with Workday Payroll or the specific requirements of the role. While they possess relevant skills in data management and analytics, the significant gap in Workday-specific experience and the focus on higher education payroll solutions indicates a weak match for this position.",,,,,2026-05-14T21:56:19.504779+00:00
,,,,3,Principal R&D Engineer,Motorola Solutions,remote,,,"Illinois Remote Work, More...",https://motorolasolutions.wd5.myworkdayjobs.com/Careers/job/Illinois-Remote-Work/Principal-R-D-Engineer_R64697,https://motorolasolutions.wd5.myworkdayjobs.com/Careers/job/Illinois-Remote-Work/Principal-R-D-Engineer_R64697,"wireless systems, technical project leadership, simulation, Python, technical writing, project management
The candidate has experience in project management and technical product management, but lacks the specific technical background in wireless communications, RF design, and the required years of experience in the design and development of wireless systems. The candidate's skills in Python and project management are relevant, but the significant gaps in required technical expertise and experience make this a weak match.",,,,,2026-05-14T21:59:19.671411+00:00
,,,,3,"Principal Research Associate, Analytical Development",Moderna,remote,,,,https://modernatx.wd1.myworkdayjobs.com/M_tx/job/Norwood-Massachusetts/Principal-Research-Associate--Analytical-Development_R19026-1,https://modernatx.wd1.myworkdayjobs.com/M_tx/job/Norwood-Massachusetts/Principal-Research-Associate--Analytical-Development_R19026-1,"bioassays, analytical development, troubleshooting, cross-functional collaboration, data analysis, regulatory requirements
The candidate has strong project management and data analytics experience, but lacks direct experience in biochemistry, cell biology, or the specific bioanalytical methods required for the role. The significant gaps in technical expertise related to cell-based bioassays and regulatory environments indicate a weak match for this position.",,,,,2026-05-14T22:12:00.818278+00:00
,,,,3,Principal Salesforce Developer and Release Manager,Veradigm,remote,,,"Remote, US (Remote)",https://veradigm.wd12.myworkdayjobs.com/en-US/VR/job/Remote---US/Principal-Salesforce-Developer-and-Release-Manager_JR10568,https://www.indeed.com/viewjob?jk=0083d0807bc63a9a,"Salesforce, Apex, LWC, release management, GitHub, Jira, CI/CD, mentoring, data migration
The candidate has experience in project management and data platforms but lacks direct experience with Salesforce development, specifically in Apex and Lightning Web Components, which are crucial for this role. Additionally, while they have some experience with project coordination and mentoring, they do not meet the required years of hands-on Salesforce development experience or familiarity with the specific tools and processes mentioned in the job description.",,,,,2026-05-14T21:46:30.549281+00:00
,,,,3,Principal/Lead Software Engineer Full-Stack (Typescript/NodeJS),Motorola Solutions,remote,,,Brazil Remote Work,https://motorolasolutions.wd5.myworkdayjobs.com/Careers/job/Brazil-Remote-Work/Principal-Lead-Software-Engineer-Full-Stack-Typescript-NodeJS_R62034,https://motorolasolutions.wd5.myworkdayjobs.com/Careers/job/Brazil-Remote-Work/Principal-Lead-Software-Engineer-Full-Stack-Typescript-NodeJS_R62034,"TypeScript, NodeJS, serverless architecture, AWS, Agile, technical leadership, full-stack, mentoring
The candidate has a strong background in product and project management, particularly in data and AI platforms, but lacks direct experience with TypeScript, NodeJS, and serverless architectures, which are critical for this role. While they have experience in Agile methodologies and technical project management, the significant gaps in required technical skills and direct software engineering experience make this a weak match.",,,,,2026-05-14T21:59:19.671411+00:00
,,,,3,Priority Project Manager,Priority Software,unknown,,,,,https://www.linkedin.com/jobs/view/4413195787,"project management, client relationships, specifications documents, time management, resource allocation
The candidate has extensive experience in project management and client interactions, but lacks specific expertise in Priority Software and its financial module, which is a critical requirement for the role. Additionally, while the candidate has relevant skills in managing project lifecycles, the absence of direct experience with the required software and modules presents a significant gap.",,,,,2026-05-14T21:48:33.976678+00:00
,,,,3,Product System Engineer,NVIDIA,remote,,,"Mexico, Remote",https://nvidia.wd5.myworkdayjobs.com/NVIDIAExternalCareerSite/job/Mexico-Remote/Product-System-Engineer_JR2005819,https://nvidia.wd5.myworkdayjobs.com/NVIDIAExternalCareerSite/job/Mexico-Remote/Product-System-Engineer_JR2005819,"hardware engineering, product engineering, failure analysis, debugging, Python, test engineering, manufacturing processes
The candidate has a strong background in product management and project management, particularly in data and AI platforms, but lacks direct experience in hardware engineering, manufacturing processes, and the specific technical skills required for the role. While there are transferable skills in data analysis and project management, the significant gaps in hardware design and failure analysis make this a weak match.",,,,,2026-05-14T22:52:11.948793+00:00
,,,,3,Project Manager,Metric Geo,unknown,,,,,https://www.linkedin.com/jobs/view/4413291706,"Project Manager, leadership, infrastructure, delivery strategies, stakeholder management
The candidate has experience as a Technical Project Manager and has led teams in data and AI projects, but lacks direct experience in heavy civil infrastructure projects, which is a significant requirement for this role. While they have strong project management skills, the absence of relevant industry experience and the specific technical requirements for infrastructure projects results in a weak match.",,,,,2026-05-14T21:41:03.898519+00:00
,,,,3,"Project Manager, PR & Analyst Relations",Fountain,unknown,,,,,https://www.linkedin.com/jobs/view/4410313657,"project management, communications, media relations, B2B tech, analyst relations, storytelling, writing, external communications
The candidate has strong project management experience and technical skills but lacks direct experience in PR, communications, or analyst relations, which are critical for this role. While they have managed projects in tech environments, the absence of relevant media relations experience and the specific focus on B2B tech PR creates significant gaps for this position.",,,,,2026-05-14T21:48:33.976678+00:00
,,,,3,Proposal Writer,TELUS Health,remote,,,APAC - Singapore - Remote,https://lifeworks.wd3.myworkdayjobs.com/External/job/APAC---Singapore---Remote/Proposal-Writer_R-22031,https://lifeworks.wd3.myworkdayjobs.com/External/job/APAC---Singapore---Remote/Proposal-Writer_R-22031,"proposal writing, project management, collaboration, compliance, communication, persuasive content, healthcare
The candidate has strong project management and technical skills but lacks direct experience in proposal writing and the specific requirements outlined in the job description. While they have experience in managing complex projects and collaborating with cross-functional teams, the absence of proposal writing experience and familiarity with healthcare or benefits sectors presents significant gaps for this role.",,,,,2026-05-14T22:02:55.884851+00:00
,,,,3,"Quality Assurance for Quality Control, Australia",Moderna,onsite,,,,https://modernatx.wd1.myworkdayjobs.com/M_tx/job/Melbourne---Australia/Quality-Assurance-for-Quality-Control--Australia_R18625-1,https://modernatx.wd1.myworkdayjobs.com/M_tx/job/Melbourne---Australia/Quality-Assurance-for-Quality-Control--Australia_R18625-1,"Quality Assurance, Quality Control, cGMP, regulatory compliance, data integrity, risk management, analytical methods
The candidate has a strong background in technical project management and product management, particularly in data and AI platforms, but lacks direct experience in the biopharmaceutical or pharmaceutical industry, which is crucial for this role. Additionally, the candidate does not demonstrate the required 7 years of relevant industry experience or familiarity with cGMP regulations and QA oversight, resulting in significant skill gaps for the position.",,,,,2026-05-14T22:12:00.818278+00:00
,,,,3,Quality Automation Engineer (NodeJS/Playwright),Motorola Solutions,remote,,,Brazil Remote Work,https://motorolasolutions.wd5.myworkdayjobs.com/Careers/job/Brazil-Remote-Work/Quality-Automation-Engineer-NodeJS-Playwright_R62039,https://motorolasolutions.wd5.myworkdayjobs.com/Careers/job/Brazil-Remote-Work/Quality-Automation-Engineer-NodeJS-Playwright_R62039,"Playwright, test automation, CI/CD, Agile, API testing, security testing, performance testing, cloud, AWS
The candidate has a strong background in product management and project management, particularly in data and AI platforms, but lacks direct experience with the specific technical skills required for the Quality Automation Engineer role, such as Playwright, Cucumber, and CI/CD pipelines. While they have some relevant experience in automation and data pipelines, the significant gaps in key technical skills and direct testing experience indicate a weak match for this position.",,,,,2026-05-14T21:59:19.671411+00:00
,,,,3,Quant Equities PM,CW Talent Solutions,unknown,,,,,https://www.linkedin.com/jobs/view/4413990712,"quantitative equity strategies, portfolio construction, risk management, hedge fund, alternative asset management, systematic, quantitative models
The candidate has a strong background in technical project management and product management but lacks direct experience in the hedge fund or alternative asset management industry, specifically in roles related to quantitative equity strategies. The significant gap in relevant experience and the requirement for a deep understanding of quantitative models and portfolio management leads to a weak match for this role.",,,,,2026-05-14T21:43:10.197062+00:00
,,,,3,"Regional Account Manager – Baltimore, MD",Moderna,remote,,,,https://modernatx.wd1.myworkdayjobs.com/M_tx/job/Remote---US/Regional-Account-Manager---Baltimore--MD_R18908-2,https://modernatx.wd1.myworkdayjobs.com/M_tx/job/Remote---US/Regional-Account-Manager---Baltimore--MD_R18908-2,"account management, customer relationships, sales targets, strategic account plans, collaboration, negotiation
The candidate has a strong background in technical project management and product management but lacks direct experience in pharmaceutical or biotech account management, which is critical for this role. While they have experience in developing customer relationships and managing projects, the significant gap in industry-specific experience and the required years of experience makes this a weak match.",,,,,2026-05-14T22:35:44.018180+00:00
,,,,3,"Regional Development Manager, C&I Turnkey Systems",Canadian Solar,remote,,,US - Remote,https://canadiansolar.wd5.myworkdayjobs.com/CanadianSolar/job/US---Remote/Regional-Development-Manager--C-I-Turnkey-Systems_10001070,https://canadiansolar.wd5.myworkdayjobs.com/CanadianSolar/job/US---Remote/Regional-Development-Manager--C-I-Turnkey-Systems_10001070,"sales, business development, renewable energy, project development, customer relationships, commercial agreements, technical solutions
The candidate has a strong background in technical project management and product management but lacks direct experience in sales or business development within the renewable energy sector. While they have relevant skills in managing projects and technical solutions, the significant gap in sales experience and specific industry knowledge makes them a weak match for this role.",,,,,2026-05-14T22:13:28.680494+00:00
,,,,3,Regional Director,Manulife,remote,,,"USA, California - Full Time Remote",https://manulife.wd3.myworkdayjobs.com/MFCJH_Jobs/job/USA-California---Full-Time-Remote/Regional-Director_JR26031014-2,https://manulife.wd3.myworkdayjobs.com/MFCJH_Jobs/job/USA-California---Full-Time-Remote/Regional-Director_JR26031014-2,"sales strategies, customer experience, communication skills, project management, cross-functional teams, market dynamics
The candidate has a strong background in technical project management and product management but lacks direct experience in sales within the insurance or financial services sector, which is a key requirement for the Regional Director role. Additionally, the candidate does not meet the necessary qualifications such as the required licenses and years of experience in sales, indicating significant skill gaps for this position.",,,,,2026-05-14T22:17:10.020978+00:00
,,,,3,"Responsable d’équipe, Production de vaccins à ARNm – Quart de nuit / Team Lead, mRNA Vaccines Production - Night Shift",Moderna,remote,,,,https://modernatx.wd1.myworkdayjobs.com/M_tx/job/Laval---Canada/Responsable-d-quipe--Production-de-vaccins--ARNm---Quart-de-nuit---Team-Lead--mRNA-Vaccines-Production---Night-Shift_R18731,https://modernatx.wd1.myworkdayjobs.com/M_tx/job/Laval---Canada/Responsable-d-quipe--Production-de-vaccins--ARNm---Quart-de-nuit---Team-Lead--mRNA-Vaccines-Production---Night-Shift_R18731,"production management, team leadership, cGMP, health and safety, project management, continuous improvement
The candidate has experience in project management and technical product management, but lacks direct experience in a GMP manufacturing environment, which is a critical requirement for this role. Additionally, there is no evidence of managing a production team or hands-on involvement in manufacturing processes, leading to significant skill gaps for the position.",,,,,2026-05-14T22:26:35.890133+00:00
,,,,3,"Responsable Environnement, Santé et Sécurité (EHS) du Site / Sr. Manager, Site Environment, Health & Safety (EHS) Lead",Moderna,remote,,,,https://modernatx.wd1.myworkdayjobs.com/M_tx/job/Laval---Canada/Responsable-Environnement--Sant-et-Scurit--EHS--du-Site---Sr-Manager--Site-Environment--Health---Safety--EHS--Lead_R19103,https://modernatx.wd1.myworkdayjobs.com/M_tx/job/Laval---Canada/Responsable-Environnement--Sant-et-Scurit--EHS--du-Site---Sr-Manager--Site-Environment--Health---Safety--EHS--Lead_R19103,"EHS, environment, health, safety, engineering, leadership, compliance, risk management, training, regulatory requirements
The candidate has a strong background in technical project management and product management, particularly in data and AI platforms, but lacks direct experience in environment, health, and safety (EHS) roles. While there are transferable skills in project management and compliance, the significant gap in specific EHS experience and the required years in leadership roles makes this a weak match for the position.",,,,,2026-05-14T22:12:00.818278+00:00
,,,,3,Sales Development Representative,Thomson Reuters,hybrid,,,,https://thomsonreuters.wd5.myworkdayjobs.com/External_Career_Site/job/Mexico-Mexico-City/Sales-Development-Representative_JREQ200160,https://thomsonreuters.wd5.myworkdayjobs.com/External_Career_Site/job/Mexico-Mexico-City/Sales-Development-Representative_JREQ200160,"Sales Development Representative, prospecting, pipeline development, CRM, communication skills, customer engagement
The candidate has extensive experience in technical project management and product management but lacks direct sales experience, particularly in B2C or cold calling, which is crucial for the Sales Development Representative role. While they possess strong communication skills and project management abilities, the significant gap in relevant sales experience and the specific requirements of the role indicate a weak match.",,,,,2026-05-14T22:01:57.065581+00:00
,,,,3,"Sales Engineer - Electronic Warfare, United States (Remote)",Motorola Solutions,remote,,,"California Southern Remote Work, More...",https://motorolasolutions.wd5.myworkdayjobs.com/Careers/job/California-Southern-Remote-Work/Sales-Engineer---Electronic-Warfare--United-States--Remote-_R63982-1,https://motorolasolutions.wd5.myworkdayjobs.com/Careers/job/California-Southern-Remote-Work/Sales-Engineer---Electronic-Warfare--United-States--Remote-_R63982-1,"technical support, customer training, troubleshooting, RF sensing, communication technologies, programming, Linux, networking
The candidate has a strong background in technical project management and product management, but lacks direct experience in defense technology, electronic warfare, or RF sensing, which are critical for this role. Additionally, while they have some programming skills, they do not mention proficiency in C/C++ or experience with RF instruments, which are essential for the position. Overall, there are significant gaps in relevant experience and technical skills.",,,,,2026-05-14T22:09:56.379824+00:00
,,,,3,Sales Engineer - Unmanned Systems - United States (Remote),Motorola Solutions,remote,,,"California Southern Remote Work, More...",https://motorolasolutions.wd5.myworkdayjobs.com/Careers/job/California-Southern-Remote-Work/Sales-Engineer---Unmanned-Systems---United-States--Remote-_R63983,https://motorolasolutions.wd5.myworkdayjobs.com/Careers/job/California-Southern-Remote-Work/Sales-Engineer---Unmanned-Systems---United-States--Remote-_R63983,"technical support, customer training, troubleshooting, networking, product demonstrations, programming, communication skills
The candidate has experience in technical project management and product management, but lacks direct experience in pre-and post-sales technical support, radio frequency instruments, and the specific technologies mentioned in the job description. The significant gaps in required technical skills and experience in the field of unmanned systems and radio communications indicate a weak match for this role.",,,,,2026-05-14T22:09:56.379824+00:00
,,,,3,Sales Engineer C&I Storage & PV TK Solutions Germany,Canadian Solar,hybrid,Germany - Remote,,Germany - Remote,https://canadiansolar.wd5.myworkdayjobs.com/CanadianSolar/job/Germany---Remote/Sales-Engineer-C-I-Storage---PV-TK-Solutions-Germany_10000904,https://canadiansolar.wd5.myworkdayjobs.com/CanadianSolar/job/Germany---Remote/Sales-Engineer-C-I-Storage---PV-TK-Solutions-Germany_10000904,"technical sales, pre-sales support, customer engagement, solution design, energy storage, C&I PV, project execution, technical understanding, proposal preparation
The candidate has strong project management and product management experience, particularly in data and AI platforms, but lacks direct experience in the solar energy sector or technical sales roles. While they have relevant skills in data analytics and project execution, the significant gap in specific industry knowledge and the required technical sales experience makes this a weak match for the role.",,,,,2026-05-14T22:13:28.680494+00:00
,,,,3,Sales Engineer – Department of Defense (DoD) - United States (Remote),Motorola Solutions,remote,,,"California Southern Remote Work, More...",https://motorolasolutions.wd5.myworkdayjobs.com/Careers/job/California-Southern-Remote-Work/Sales-Engineer---Department-of-Defense--DoD----United-States--Remote-_R63981,https://motorolasolutions.wd5.myworkdayjobs.com/Careers/job/California-Southern-Remote-Work/Sales-Engineer---Department-of-Defense--DoD----United-States--Remote-_R63981,"technical support, customer training, troubleshooting, networking, programming, Linux, communication systems
The candidate has experience in technical project management and product management but lacks direct experience in pre-and post-sales technical support, radio frequency instruments, and the specific technical knowledge required for the role. Additionally, the candidate's background does not align with the defense sector or the specific technologies mentioned in the job description, indicating significant skill gaps.",,,,,2026-05-14T22:09:56.379824+00:00
,,,,3,"Sales Engineer – Public Safety - Washington, DC",Motorola Solutions,remote,,,Washington DC Remote Work,https://motorolasolutions.wd5.myworkdayjobs.com/Careers/job/Washington-DC-Remote-Work/Sales-Engineer---Public-Safety---Washington--DC_R63980,https://motorolasolutions.wd5.myworkdayjobs.com/Careers/job/Washington-DC-Remote-Work/Sales-Engineer---Public-Safety---Washington--DC_R63980,"technical support, customer training, troubleshooting, networking, programming, product demonstrations, communication skills
The candidate has experience in technical project management and product management, but lacks direct experience in pre-and post-sales technical support, radio frequency instruments, and the specific technologies mentioned in the job description. While there are transferable skills in project management and analytics, the significant gaps in relevant technical experience and the specific requirements for this role indicate a weak match.",,,,,2026-05-14T22:09:56.379824+00:00
,,,,3,"Sales Executive, Tax",Thomson Reuters,hybrid,,,,https://thomsonreuters.wd5.myworkdayjobs.com/External_Career_Site/job/United-States-of-America-Ann-Arbor-Michigan/Sales-Executive--Tax_JREQ198440,https://thomsonreuters.wd5.myworkdayjobs.com/External_Career_Site/job/United-States-of-America-Ann-Arbor-Michigan/Sales-Executive--Tax_JREQ198440,"SaaS sales, account management, customer relations, communication skills, CRM, sales performance, market intelligence
The candidate has a strong technical background and experience in project management and product development, but lacks direct experience in SaaS sales or account executive roles. The role requires specific sales skills and experience in managing client relationships, which are not evident in the candidate's resume. Therefore, there are significant gaps in relevant experience for this sales-focused position.",,,,,2026-05-14T22:01:57.065581+00:00
,,,,3,"Sales Manager, Associate Sales Executive - GLLF",Thomson Reuters,unknown,,,,https://thomsonreuters.wd5.myworkdayjobs.com/External_Career_Site/job/United-States-of-America-Washington-District-of-Columbia/Sales-Manager--Associate-Sales-Executive---GLLF_JREQ200145,https://thomsonreuters.wd5.myworkdayjobs.com/External_Career_Site/job/United-States-of-America-Washington-District-of-Columbia/Sales-Manager--Associate-Sales-Executive---GLLF_JREQ200145,"sales management, sales growth, performance KPIs, lead generation, CRM software, Salesforce, team development, consultative selling
The candidate has a strong background in technical project management and product management but lacks direct experience in sales management or outbound sales, which are critical for this role. While they have demonstrated leadership and analytical skills, the significant gap in sales-specific experience and knowledge of sales processes makes this a weak match.",,,,,2026-05-14T22:01:57.065581+00:00
,,,,3,"Sales Manager, Partnerships/Alliances & New Sales – Mid Law",Thomson Reuters,unknown,,,,https://thomsonreuters.wd5.myworkdayjobs.com/External_Career_Site/job/United-States-of-America-New-York-New-York/Sales-Manager--Partnerships-Alliances---New-Sales---Mid-Law_JREQ199539,https://thomsonreuters.wd5.myworkdayjobs.com/External_Career_Site/job/United-States-of-America-New-York-New-York/Sales-Manager--Partnerships-Alliances---New-Sales---Mid-Law_JREQ199539,"sales management, B2B sales, revenue growth, partnerships, team leadership, pipeline management, Salesforce, AI-driven solutions
The candidate has a strong background in technical project management and product management, but lacks direct experience in B2B sales, particularly in a sales management role. While they have experience in leading teams and managing projects, the significant gap in sales-specific experience, particularly in legal tech or SaaS, indicates a weak match for the Sales Manager position.",,,,,2026-05-14T22:01:57.065581+00:00
,,,,3,Sales Specialist,Thomson Reuters,remote,,,,https://thomsonreuters.wd5.myworkdayjobs.com/External_Career_Site/job/United-Kingdom-London/Sales-Specialist_JREQ200747,https://thomsonreuters.wd5.myworkdayjobs.com/External_Career_Site/job/United-Kingdom-London/Sales-Specialist_JREQ200747,"sales strategy, customer engagement, product management, market trends, competitive analysis, cross-functional collaboration
The candidate has a strong background in technical project management and product management, but lacks direct experience in sales, particularly in the legal software market. The role requires extensive experience in sales strategy and customer engagement, which the candidate does not demonstrate. Additionally, the requirement for 15+ years of experience in sales and marketing is not met, indicating significant gaps in relevant experience.",,,,,2026-05-14T22:01:57.065581+00:00
,,,,3,Sales Specialist,Thomson Reuters,remote,,,,https://thomsonreuters.wd5.myworkdayjobs.com/External_Career_Site/job/United-States-of-America-Eagan-Minnesota/Sales-Specialist_JREQ200471,https://thomsonreuters.wd5.myworkdayjobs.com/External_Career_Site/job/United-States-of-America-Eagan-Minnesota/Sales-Specialist_JREQ200471,"Sales, Business Development, Customer Needs, Product Knowledge, Collaboration, Analytical Abilities
The candidate has a strong technical background and experience in project management and product development, but lacks direct experience in sales or business development, which is a key requirement for the Sales Specialist role. Additionally, the candidate does not demonstrate familiarity with the legal content market or specific Thomson Reuters products, which are crucial for success in this position.",,,,,2026-05-14T22:01:57.065581+00:00
,,,,3,Sales Specialist,Thomson Reuters,remote,,,,https://thomsonreuters.wd5.myworkdayjobs.com/External_Career_Site/job/United-States-of-America-Eagan-Minnesota/Product-Sales-Specialist_JREQ199612,https://thomsonreuters.wd5.myworkdayjobs.com/External_Career_Site/job/United-States-of-America-Eagan-Minnesota/Product-Sales-Specialist_JREQ199612,"sales strategy, product management, customer engagement, market trends, competitive analysis, project leadership, communication
The candidate has a strong background in technical project management and product management, but lacks direct experience in sales, particularly in the legal product space as required by the job description. While they have relevant skills in data analytics and project leadership, the significant gap in sales experience and industry-specific knowledge makes them a weak match for this role.",,,,,2026-05-14T22:01:57.065581+00:00
,,,,3,SAP SuccessFactors – HCM ABAP-CPI Consultant - Part Time,Cross Solutions,remote,,,"Remote, US (Remote)",https://crosssolutions.catsone.com/careers/24619-Jobs/jobs/16810769-SAP-SuccessFactors--HCM-ABAPCPI-Consultant--Part-Time/?ref=Indeed,https://www.indeed.com/viewjob?jk=04c61c29fec07f39,"SAP SuccessFactors, HCM, ABAP, CPI, programming, project management, requirements gathering, API integrations
The candidate has strong project management and technical experience, particularly in data and AI platforms, but lacks direct experience with SAP SuccessFactors, ABAP programming, and CPI integrations, which are critical for this role. The significant gap in specific SAP-related skills and experience would require substantial ramp-up for the candidate to be effective in this position.",,,,,2026-05-14T21:33:49.397717+00:00
,,,,3,"Scientist, Analytical Development",Moderna,remote,,,,https://modernatx.wd1.myworkdayjobs.com/M_tx/job/Norwood-Massachusetts/Scientist--Analytical-Development_R19027-1,https://modernatx.wd1.myworkdayjobs.com/M_tx/job/Norwood-Massachusetts/Scientist--Analytical-Development_R19027-1,"cell biology, analytical development, potency assays, mass spectrometry, proteomics, RNA, data analysis, project management
The candidate has a strong background in technical project management and product development, but lacks direct experience in cell biology, mass spectrometry, and the specific analytical techniques required for the role. While they have relevant skills in data analysis and project management, the significant gaps in technical expertise related to the core responsibilities of the position indicate a weak match.",,,,,2026-05-14T22:12:00.818278+00:00
,,,,3,"Scientist, Analytical Development",Moderna,remote,,,,https://modernatx.wd1.myworkdayjobs.com/M_tx/job/Norwood-Massachusetts/Scientist--Analytical-Development_R19079-1,https://modernatx.wd1.myworkdayjobs.com/M_tx/job/Norwood-Massachusetts/Scientist--Analytical-Development_R19079-1,"analytical methods, chromatography, mass spectrometry, HPLC, data analysis, method development, cross-functional collaboration, technical writing
The candidate has experience in project management and data analytics but lacks the specific technical skills and hands-on experience required for the Scientist role, particularly in chromatography and mass spectrometry. The candidate's background in product management and data pipelines does not align closely with the analytical chemistry focus of the position, resulting in significant skill gaps.",,,,,2026-05-14T22:02:20.415246+00:00
,,,,3,"Scientist, Flow Core, Research Analytics",Moderna,onsite,,,,https://modernatx.wd1.myworkdayjobs.com/M_tx/job/Cambridge-Massachusetts/Scientist--Flow-Core--Research-Analytics_R19107-1,https://modernatx.wd1.myworkdayjobs.com/M_tx/job/Cambridge-Massachusetts/Scientist--Flow-Core--Research-Analytics_R19107-1,"flow cytometry, project management, data analysis, automation, stakeholder communication, assay design
The candidate has a strong background in project management and data analytics but lacks direct experience with flow cytometry, which is a critical requirement for this role. While they have experience in managing complex projects and working with data, the absence of hands-on flow cytometry experience and relevant scientific expertise results in significant skill gaps for this position.",,,,,2026-05-14T22:12:00.818278+00:00
,,,,3,Senior Account Manager - Manitoba / Saskatchewan,Motorola Solutions,remote,,,"Manitoba Remote Work, More...",https://motorolasolutions.wd5.myworkdayjobs.com/Careers/job/Manitoba-Remote-Work/Senior-Account-Manager---Manitoba---Saskatchewan_R63487,https://motorolasolutions.wd5.myworkdayjobs.com/Careers/job/Manitoba-Remote-Work/Senior-Account-Manager---Manitoba---Saskatchewan_R63487,"sales, account management, relationship management, public safety, technology solutions, strategic planning
The candidate has a strong technical background and experience in project management, but lacks direct sales experience and specific public safety background required for the Senior Account Manager role. The significant gap in relevant sales experience and the focus on technical product management rather than account management leads to a weak match for this position.",,,,,2026-05-14T21:59:19.671411+00:00
,,,,3,"Senior Account Manager, Canada - WWFO",NVIDIA,remote,,,"Canada, Remote",https://nvidia.wd5.myworkdayjobs.com/NVIDIAExternalCareerSite/job/Canada-Remote/Senior-Account-Manager--Canada---WWFO_JR2014477,https://nvidia.wd5.myworkdayjobs.com/NVIDIAExternalCareerSite/job/Canada-Remote/Senior-Account-Manager--Canada---WWFO_JR2014477,"account management, sales, higher education, strategic partnerships, business development, AI, HPC, communication skills
The candidate has strong technical project management experience and skills in data and AI platforms, but lacks direct experience in account management, sales, and business development within the higher education or research sectors. The significant gap in required experience and the focus on sales and relationship management for strategic accounts makes this a weak match for the role.",,,,,2026-05-14T22:52:11.948793+00:00
,,,,3,Senior Accountant - Fixed Asset & Project Accounting,Thomson Reuters,hybrid,,,,https://thomsonreuters.wd5.myworkdayjobs.com/External_Career_Site/job/India-Bengaluru-Karnataka/Senior-Accountant---Fixed-Asset---Project-Accounting_JREQ200356,https://thomsonreuters.wd5.myworkdayjobs.com/External_Career_Site/job/India-Bengaluru-Karnataka/Senior-Accountant---Fixed-Asset---Project-Accounting_JREQ200356,"accounting, fixed assets, project accounting, IFRS, internal controls, SOX, automation, SAP, data analysis
The candidate has a strong background in technical project management and data analytics but lacks direct experience in accounting, particularly in fixed asset and project accounting. The job requires specific accounting knowledge and experience with SAP and IFRS, which are not present in the candidate's resume. While there are some transferable skills in data management and automation, the significant gaps in accounting experience and knowledge make this a weak match.",,,,,2026-05-14T22:01:57.065581+00:00
,,,,3,Senior Accounting Analyst (Bank),Thomson Reuters,hybrid,,,,https://thomsonreuters.wd5.myworkdayjobs.com/External_Career_Site/job/Poland-Gdansk/Senior-Accounting-Analyst--Bank-_JREQ200359,https://thomsonreuters.wd5.myworkdayjobs.com/External_Career_Site/job/Poland-Gdansk/Senior-Accounting-Analyst--Bank-_JREQ200359,"bank reconciliations, SAP, BlackLine, cash accounting, GL accounting, analytical skills, attention to detail
The candidate has experience in project management and data analytics but lacks direct experience in bank reconciliations, cash accounting, and the specific tools mentioned (SAP and BlackLine). While they have strong analytical skills and a background in data management, the significant gaps in relevant accounting experience and specific software knowledge indicate a weak match for this role.",,,,,2026-05-14T22:01:57.065581+00:00
,,,,3,Senior Accounting Analyst Tax,Thomson Reuters,hybrid,,,,https://thomsonreuters.wd5.myworkdayjobs.com/External_Career_Site/job/Poland-Gdansk/Senior-Accounting-Analyst-Tax_JREQ200370,https://thomsonreuters.wd5.myworkdayjobs.com/External_Career_Site/job/Poland-Gdansk/Senior-Accounting-Analyst-Tax_JREQ200370,"tax accounts reconciliations, SAP, BlackLine, GL accounting, analytical skills, attention to detail, month-end close activities
The candidate has a strong background in technical project management and data analytics but lacks direct experience in tax accounting and the specific tools mentioned in the job description, such as SAP and BlackLine. While they possess analytical skills and experience in managing complex data projects, the significant gap in relevant accounting experience and tax reconciliation makes this a weak match for the role.",,,,,2026-05-14T22:01:57.065581+00:00
,,,,3,"Senior Analyst, Indirect Tax (VAT)",Moderna,onsite,,,,https://modernatx.wd1.myworkdayjobs.com/M_tx/job/Warsaw---Poland/Senior-Analyst--Tax-and-Treasury_R19057,https://modernatx.wd1.myworkdayjobs.com/M_tx/job/Warsaw---Poland/Senior-Analyst--Tax-and-Treasury_R19057,"indirect tax, VAT compliance, financial systems, data-driven approaches, automation, collaboration, analytical skills
The candidate has a strong background in technical project management and data analytics, but lacks direct experience in indirect tax compliance or VAT, which is a core requirement for the role. While they possess transferable skills in data management and automation, the significant gap in relevant tax experience and knowledge of financial systems like SAP makes this a weak match for the position.",,,,,2026-05-14T22:12:00.818278+00:00
,,,,3,Senior BIM Coordinator/Manager,Gigantes Group,remote,,,Remote,,https://www.linkedin.com/jobs/view/4413555149,"BIM, VDC, Revit, Navisworks, AutoCAD, construction, coordination, project management
The candidate has a strong background in project management and technical product management, but lacks specific experience in BIM coordination, low-voltage systems, and the required software tools like Revit and Navisworks. While there are transferable skills in managing projects and working with data, the significant gaps in BIM-specific experience and software knowledge indicate a weak match for this role.",,,,,2026-05-14T21:45:28.863915+00:00
,,,,3,Senior Business Development Manager,Thomson Reuters,hybrid,,,,https://thomsonreuters.wd5.myworkdayjobs.com/External_Career_Site/job/Japan-Tokyo/Senior-Business-Development-Manager--Legal-Software-_JREQ195817,https://thomsonreuters.wd5.myworkdayjobs.com/External_Career_Site/job/Japan-Tokyo/Senior-Business-Development-Manager--Legal-Software-_JREQ195817,"business development, sales experience, consultative selling, customer needs, strategic relationships, legal solutions, communication skills
The candidate has a strong technical background in product management and project management but lacks direct experience in business development and sales, particularly in the legal software sector. While they have relevant skills in communication and project delivery, the significant gap in specific sales experience and understanding of legal solutions makes them a weak match for this role.",,,,,2026-05-14T22:01:57.065581+00:00
,,,,3,Senior Client Relationship Manager,Thomson Reuters,hybrid,,,,https://thomsonreuters.wd5.myworkdayjobs.com/External_Career_Site/job/Japan-Tokyo/Senior-Client-Relationship-Manager_JREQ198250,https://thomsonreuters.wd5.myworkdayjobs.com/External_Career_Site/job/Japan-Tokyo/Senior-Client-Relationship-Manager_JREQ198250,"account management, client management, customer success, software solutions, retention targets, Salesforce, onboarding, upsell, cross-sell
The candidate has experience in project and product management, particularly in technical roles, but lacks direct experience in account management or customer success, which are critical for this position. Additionally, there is no mention of fluency in Japanese, which is a requirement for the role. Overall, the candidate would face significant challenges in transitioning to this client-facing role without substantial ramp-up.",,,,,2026-05-14T22:01:57.065581+00:00
,,,,3,Senior Cloud Engineer,BMO,remote,,,"REMOTE/TELETRAVAIL, ON, CAN",https://bmo.wd3.myworkdayjobs.com/External/job/REMOTETELETRAVAIL-ON-CAN/Senior-Cloud-Engineer_R260012816,https://bmo.wd3.myworkdayjobs.com/External/job/REMOTETELETRAVAIL-ON-CAN/Senior-Cloud-Engineer_R260012816,"AWS, cloud engineering, serverless, automation, Infrastructure as Code, Python, security, compliance
The candidate has experience in project management and some technical skills, but lacks direct hands-on experience with AWS cloud engineering, serverless architecture, and the specific tools and technologies mentioned in the job description. While they have programming experience in Python, they do not demonstrate the required depth in cloud infrastructure or automation practices necessary for this senior role.",,,,,2026-05-14T22:38:01.137015+00:00
,,,,3,"Senior Control Systems Automation Engineer, Digital",Moderna,onsite,,,,https://modernatx.wd1.myworkdayjobs.com/M_tx/job/Tokyo---Japan/Senior-Control-Systems-Automation-Engineer--Digital_R18636-1,https://modernatx.wd1.myworkdayjobs.com/M_tx/job/Tokyo---Japan/Senior-Control-Systems-Automation-Engineer--Digital_R18636-1,"automation systems, SCADA, DCS, BMS, data integration, cybersecurity, IT/OT convergence, validation, compliance
The candidate has experience in project management and data analytics but lacks direct hands-on experience with automation systems, SCADA, DCS, and BMS platforms, which are critical for this role. Additionally, the candidate does not meet the required years of experience in a regulated manufacturing environment, indicating significant skill gaps that would require substantial ramp-up.",,,,,2026-05-14T22:12:00.818278+00:00
,,,,3,"Senior Director, Global Payroll",Moderna,onsite,,,,https://modernatx.wd1.myworkdayjobs.com/M_tx/job/Cambridge-Massachusetts/Senior-Director--Global-Payroll_R19219,https://modernatx.wd1.myworkdayjobs.com/M_tx/job/Cambridge-Massachusetts/Senior-Director--Global-Payroll_R19219,"global payroll, leadership, process improvements, automation, compliance, cross-functional collaboration, payroll operations, vendor management
The candidate has a strong background in technical project management and product management, but lacks direct experience in global payroll operations, which is a critical requirement for this role. While they have demonstrated leadership and process improvement skills, the significant gap in specific payroll experience and knowledge of payroll regulations and tax implications makes this a weak match.",,,,,2026-05-14T22:35:44.018180+00:00
,,,,3,"Senior Director, UX Design and Research",Thomson Reuters,hybrid,,,,https://thomsonreuters.wd5.myworkdayjobs.com/External_Career_Site/job/United-States-of-America-Eagan-Minnesota/Senior-Director--UX-Design-and-Research_JREQ198032,https://thomsonreuters.wd5.myworkdayjobs.com/External_Career_Site/job/United-States-of-America-Eagan-Minnesota/Senior-Director--UX-Design-and-Research_JREQ198032,"UX Design, Research, AI, Product Management, Leadership, Strategy, Customer-Centric, Agile, Design Standards
The candidate has strong experience in product management and technical project management, but lacks direct experience in UX design and research, which are critical for this senior director role. While they have led teams and managed projects involving AI, the absence of specific UX design leadership and research experience indicates significant skill gaps for the requirements of this position.",,,,,2026-05-14T22:01:57.065581+00:00
,,,,3,Senior Engineer (Critical Environments -US),TD Bank,remote,,,Remote Mount Laurel (NJ),https://td.wd3.myworkdayjobs.com/TD_Bank_Careers/job/Remote-Mount-Laurel-NJ/Senior-Engineer--Critical-Environments--US-_R_1487901-1,https://td.wd3.myworkdayjobs.com/TD_Bank_Careers/job/Remote-Mount-Laurel-NJ/Senior-Engineer--Critical-Environments--US-_R_1487901-1,"critical environments, engineering, operations, data centers, risk mitigation, incident management, technical leadership
The candidate has a strong background in product and project management, particularly in data and AI platforms, but lacks direct experience in critical environments engineering and operations, which is essential for this role. The significant gaps in required technical expertise and years of experience (10+ years required) indicate that the candidate would need substantial ramp-up to meet the job requirements.",,,,,2026-05-14T22:03:38.175527+00:00
,,,,3,"Senior Engineer II, Applied Technologies",Moderna,remote,,,,https://modernatx.wd1.myworkdayjobs.com/M_tx/job/Norwood-Massachusetts/Senior-Engineer-II--Applied-Technologies_R18643-1,https://modernatx.wd1.myworkdayjobs.com/M_tx/job/Norwood-Massachusetts/Senior-Engineer-II--Applied-Technologies_R18643-1,"Process Analytical Technology, PAT, automation, data modeling, Python, GMP, analytical tools, digital ecosystem, biopharmaceutical, multivariate data analysis
The candidate has experience in project management and data analytics but lacks direct hands-on experience with Process Analytical Technology (PAT) tools in a biopharmaceutical context, which is a critical requirement for this role. Additionally, while they have some programming skills in Python, they do not demonstrate the necessary expertise in chemometrics or the specific technologies mentioned in the job description. Overall, the candidate would require significant ramp-up to meet the job's technical demands.",,,,,2026-05-14T22:12:00.818278+00:00
,,,,3,Senior Event Manager,Insight Software,remote,,,"Remote, US (Remote)",https://magnitudesoftware.wd1.myworkdayjobs.com/en-US/External/job/USA---Remote/Senior-Event-Manager_REQ000664,https://www.indeed.com/viewjob?jk=df75728aef211d06,"event management, project management, AI tools, process improvement, cross-functional collaboration, performance analysis
The candidate has a strong background in technical project management and product management, but lacks direct experience in event management, which is a key requirement for the role. While they have experience in leading projects and using AI tools, the significant gap in relevant event planning and execution experience indicates a weak match for this position.",,,,,2026-05-14T21:29:36.448824+00:00
,,,,3,"Senior Field Service Technician - Austin, TX",Motorola Solutions,remote,,,Texas Remote Work,https://motorolasolutions.wd5.myworkdayjobs.com/Careers/job/Texas-Remote-Work/Senior-Field-Service-Technician---Austin--TX_R63311,https://motorolasolutions.wd5.myworkdayjobs.com/Careers/job/Texas-Remote-Work/Senior-Field-Service-Technician---Austin--TX_R63311,"technical support, troubleshooting, communications systems, RF systems, networking, IT systems, maintenance, documentation
The candidate has a strong background in product and project management, particularly in data and AI platforms, but lacks direct experience in the field service technician role, especially in RF systems and communications technologies. While they possess some transferable skills in technical project management and data systems, the significant gaps in relevant technical experience and specific industry knowledge make this a weak match for the role.",,,,,2026-05-14T21:59:19.671411+00:00
,,,,3,"Senior GxP Engineer, Endpoint Engineer",Moderna,onsite,,,,https://modernatx.wd1.myworkdayjobs.com/M_tx/job/Cambridge-Massachusetts/GxP-Endpoint-Engineer_R18517-1,https://modernatx.wd1.myworkdayjobs.com/M_tx/job/Cambridge-Massachusetts/GxP-Endpoint-Engineer_R18517-1,"SCCM, GxP, QA, compliance, deployment, patch management, documentation, validation
The candidate has a strong background in technical project management and data analytics but lacks direct experience with SCCM administration, GxP environments, and the specific compliance requirements outlined in the job description. While they have relevant skills in project management and data pipelines, the significant gaps in required technical skills and experience in regulated environments indicate a weak match for this role.",,,,,2026-05-14T22:12:00.818278+00:00
,,,,3,Senior Manager - Engineering & Maintenance,Moderna,remote,,,,https://modernatx.wd1.myworkdayjobs.com/M_tx/job/Oxford---England/Senior-Manager---Engineering---Maintenance_R18990-1,https://modernatx.wd1.myworkdayjobs.com/M_tx/job/Oxford---England/Senior-Manager---Engineering---Maintenance_R18990-1,"engineering, maintenance, biotechnology, vendor management, continuous improvement, technical oversight, problem-solving, GMP, communication skills
The candidate has a strong background in technical project management and product management, particularly in data and AI platforms, but lacks direct experience in engineering and maintenance within the biotechnology or pharmaceutical industries. The significant gap in required experience, particularly in facilities management and the specific technical skills related to the role, leads to a weak match.",,,,,2026-05-14T22:12:00.818278+00:00
,,,,3,"Senior Manager, Abstraction Layer Engineering – Autonomous Platform",NVIDIA,remote,,,"US, CA, Remote",https://nvidia.wd5.myworkdayjobs.com/NVIDIAExternalCareerSite/job/US-CA-Remote/Senior-Manager--Abstraction-Layer-Engineering---Autonomous-Platform_JR2002272,https://nvidia.wd5.myworkdayjobs.com/NVIDIAExternalCareerSite/job/US-CA-Remote/Senior-Manager--Abstraction-Layer-Engineering---Autonomous-Platform_JR2002272,"C++, software development, robotics, AI, data pipelines, Agile, project management
The candidate has experience in technical project management and product management within data and AI platforms, but lacks the required C++ programming skills and extensive experience in embedded systems and robotics. While there are some transferable skills in data pipelines and Agile methodologies, the significant gaps in core technical requirements and years of experience managing a team for this senior role result in a weak match.",,,,,2026-05-14T21:57:02.905092+00:00
,,,,3,"Senior Manager, Analytical Science & Technology (AS&T)",Moderna,remote,,,,https://modernatx.wd1.myworkdayjobs.com/M_tx/job/MTC-East---Norwood---USA---MA/Senior-Manager--Analytical-Science---Technology--AS-T-_R18346,https://modernatx.wd1.myworkdayjobs.com/M_tx/job/MTC-East---Norwood---USA---MA/Senior-Manager--Analytical-Science---Technology--AS-T-_R18346,"analytical method qualification, validation, regulatory submissions, biopharmaceutical industry, cross-functional collaboration, technical writing, lifecycle management
The candidate has experience in technical project management and product management, but lacks direct experience in analytical sciences, method validation, and regulatory submissions specific to the biopharmaceutical industry. While there are transferable skills in project management and data analytics, the significant gaps in required expertise and industry-specific experience indicate a weak match for this senior-level role.",,,,,2026-05-14T22:12:00.818278+00:00
,,,,3,"Senior Manager, Financial Planning & Analysis, CMC",Moderna,onsite,,,,https://modernatx.wd1.myworkdayjobs.com/M_tx/job/Cambridge-Massachusetts/Senior-Manager--Financial-Planning---Analysis--CMC_R19127,https://modernatx.wd1.myworkdayjobs.com/M_tx/job/Cambridge-Massachusetts/Senior-Manager--Financial-Planning---Analysis--CMC_R19127,"financial planning, analysis, reporting, project management, data governance, collaboration, variance analysis, forecasting
The candidate has a strong background in project management and data analytics but lacks direct experience in financial planning and analysis within the life sciences industry, which is a critical requirement for this role. Additionally, the candidate does not mention experience with Oracle planning and reporting software, which is preferred for the position. Overall, there are significant gaps in relevant experience and industry knowledge.",,,,,2026-05-14T22:02:20.415246+00:00
,,,,3,"Senior Manager, Identity Access Management",Simpson Thacher & Bartlett LLP,hybrid,,,,,https://www.linkedin.com/jobs/view/4414658403,"IAM, identity governance, access management, security, compliance, Active Directory, SSO, MFA, automation, risk management
The candidate has experience in project management and product management within data and AI platforms, but lacks direct experience in identity and access management (IAM) and the specific technical skills required for this role, such as expertise in Active Directory, SSO, MFA, and IAM strategy development. The significant gaps in relevant experience and technical skills indicate a weak match for this senior-level position.",,,,,2026-05-14T21:45:28.863915+00:00
,,,,3,"Senior Manager, MSAT",Moderna,onsite,,,,https://modernatx.wd1.myworkdayjobs.com/M_tx/job/Norwood-Massachusetts/Senior-Manager--MSAT_R18612-1,https://modernatx.wd1.myworkdayjobs.com/M_tx/job/Norwood-Massachusetts/Senior-Manager--MSAT_R18612-1,"technical transfer, process validation, cross-functional collaboration, documentation, continuous improvement, cGMP manufacturing
The candidate has experience in project management and technical product management, but lacks direct experience in the pharmaceutical or biotechnology industry, specifically in cGMP manufacturing and drug product technical transfer. The significant gap in industry-specific knowledge and experience, along with the requirement for a science degree in a relevant field, leads to a weak match for this senior role.",,,,,2026-05-14T22:12:00.818278+00:00
,,,,3,"Senior Manager, Project Finance",Hanwha Renewables,remote,,,Remote,,https://www.linkedin.com/jobs/view/4404429355,"project finance, corporate finance, investment banking, solar, BESS, financial models, investor relationships, Capex, OPEX, RFP process
The candidate has a strong background in technical project management and product management, but lacks direct experience in project finance, corporate finance, or investment banking, particularly in the solar and storage sectors. While they have relevant skills in data analytics and project management, the significant gaps in financial modeling and investor relations required for this role indicate a weak match.",,,,,2026-05-14T21:29:36.448824+00:00
,,,,3,Senior Mass Production Infrastructure Manufacture Engineer,NVIDIA,remote,,,"Vietnam, Remote",https://nvidia.wd5.myworkdayjobs.com/NVIDIAExternalCareerSite/job/Vietnam-Remote/Senior-Mass-Production-Infrastructure-Manufacture-Engineer_JR2016305,https://nvidia.wd5.myworkdayjobs.com/NVIDIAExternalCareerSite/job/Vietnam-Remote/Senior-Mass-Production-Infrastructure-Manufacture-Engineer_JR2016305,"production infrastructure, supply chain management, budgeting, process improvements, project management, communication skills
The candidate has experience in technical project management and product management, but lacks direct experience in mass production infrastructure and the specific technical skills related to mechanical engineering and production processes required for this role. Significant skill gaps exist in areas such as contract manufacturing management and familiarity with production processes, leading to a weak match overall.",,,,,2026-05-14T22:20:37.331030+00:00
,,,,3,Senior Mass Production Infrastructure Manufacture Engineer,NVIDIA,remote,,,"Vietnam, Remote",https://nvidia.wd5.myworkdayjobs.com/NVIDIAExternalCareerSite/job/Vietnam-Remote/Senior-Mass-Production-Infrastructure-Manufacture-Engineer_JR2017155,https://nvidia.wd5.myworkdayjobs.com/NVIDIAExternalCareerSite/job/Vietnam-Remote/Senior-Mass-Production-Infrastructure-Manufacture-Engineer_JR2017155,"production infrastructure, supply chain management, budgeting, process improvements, interpersonal skills, Microsoft Office, communication skills
The candidate has experience in technical project management and product management, but lacks direct experience in mass production infrastructure and the specific engineering background required for this role. While they possess some relevant skills in project management and data analytics, significant gaps exist in the core competencies needed for this position, such as mechanical engineering and production processes.",,,,,2026-05-14T22:20:37.331030+00:00
,,,,3,Senior Network Solution Architect,NVIDIA,remote,,,"France, Remote",https://nvidia.wd5.myworkdayjobs.com/NVIDIAExternalCareerSite/job/France-Remote/Senior-Network-Solution-Architect_JR2014420,https://nvidia.wd5.myworkdayjobs.com/NVIDIAExternalCareerSite/job/France-Remote/Senior-Network-Solution-Architect_JR2014420,"Solutions Architect, networking, cloud, technical account management, product demonstrations, AI, HPC, customer meetings, technical presentation skills
The candidate has experience in technical project management and product management but lacks direct experience in networking solutions architecture, which is a key requirement for the role. While there are some transferable skills in data management and analytics, the significant gaps in networking knowledge and experience with datacenter engineering make this a weak match.",,,,,2026-05-14T22:07:43.149559+00:00
,,,,3,Senior Partner Sales Account Manager - Global System Integrator,Adobe,remote,,,Remote Germany,https://adobe.wd5.myworkdayjobs.com/external_experienced/job/Remote-Germany/Senior-Partner-Sales-Account-Manager---Global-System-Integrator_R166236-1,https://adobe.wd5.myworkdayjobs.com/external_experienced/job/Remote-Germany/Senior-Partner-Sales-Account-Manager---Global-System-Integrator_R166236-1,"enterprise sales, strategic partnerships, global system integrators, customer success, go-to-market, communication, presentation skills
The candidate has a strong background in technical project management and product management, but lacks direct experience in enterprise sales and managing strategic partnerships, particularly with Global System Integrators. While they have relevant skills in data and analytics, their experience does not align closely with the requirements for building and scaling partner businesses or engaging with C-level executives in a sales context.",,,,,2026-05-14T22:21:34.326711+00:00
,,,,3,Senior Project Manager,Apex Imaging Services,unknown,,,,,https://www.linkedin.com/jobs/view/4373135326,"project management, multi-site rollout, construction, budgeting, team management, procurement, stakeholder communication
The candidate has a strong background in project management and technical product management, but lacks direct experience in construction and the specific requirements of managing multi-site remodels in the retail and restaurant industries. While they have relevant skills in budgeting and team management, the significant gap in industry-specific experience and knowledge of MEP building systems presents a challenge for this role.",,,,,2026-05-14T21:31:37.952938+00:00
,,,,3,Senior Project Manager,Insight Global,onsite,,,,,https://www.linkedin.com/jobs/view/4411919577,"project management, telecom, infrastructure projects, budgeting, scheduling, risk management, client communications, subcontractors
The candidate has experience in project management and technical product management, but lacks specific experience in telecom or utility construction project management, which is a key requirement for the role. Additionally, the candidate does not meet the 8+ years of experience in the relevant field, indicating significant skill gaps that would require substantial ramp-up.",,,,,2026-05-14T21:31:37.952938+00:00
,,,,3,Senior Project Manager,Thor,remote,,,Remote,,https://www.linkedin.com/jobs/view/4413581957,"project management, construction, data centers, stakeholder management, budget management, risk mitigation
The candidate has experience in project management and technical product management, but lacks direct experience in construction project management, particularly in mission-critical or hyperscale data center projects. The significant gap in specific industry knowledge and experience managing large-scale construction projects makes this a weak match.",,,,,2026-05-14T21:33:49.397717+00:00
,,,,3,Senior Project Manager - Clinical Trials,Precision For Medicine,unknown,,,,,https://www.linkedin.com/jobs/view/4404447213,"Project Management, Clinical Trials, CRO, Oncology, GCP, ICH guidelines, data management, client relationship, budget management
The candidate has experience in project management and data analytics but lacks specific experience in clinical trials and the oncology field, which are critical for this role. Additionally, the candidate does not meet the required years of experience in a CRO setting, indicating significant gaps in relevant expertise.",,,,,2026-05-14T21:44:13.352357+00:00
,,,,3,Senior Project Manager - CNS - Europe - Remote,Worldwide Clinical Trials,remote,,,Remote,,https://www.linkedin.com/jobs/view/4403952396,"project management, clinical trials, CRO, communication skills, multidisciplinary project teams, budget management
The candidate has experience in project management and technical roles but lacks specific experience in clinical project management within a CRO setting, which is a key requirement for this position. Additionally, the candidate does not have the required years of experience in the clinical field or CNS experience, resulting in significant skill gaps for this role.",,,,,2026-05-14T21:29:36.448824+00:00
,,,,3,Senior Project Manager | Data Centers,TYG,unknown,,,,,https://www.linkedin.com/jobs/view/4414214003,"project management, data center, construction, client management, budgeting, scheduling, subcontractor coordination, leadership, MEP systems
The candidate has experience in project management and technical product management, but lacks direct experience in commercial construction and specifically in managing large-scale data center projects. While they have strong skills in data and analytics, their background does not align closely with the mission critical construction focus of the role, indicating significant skill gaps.",,,,,2026-05-14T21:52:47.996850+00:00
,,,,3,Senior Proposal Writer,TELUS Health,remote,,,APAC - Singapore - Remote,https://lifeworks.wd3.myworkdayjobs.com/External/job/APAC---Singapore---Remote/Senior-Proposal-Writer_R-22028,https://lifeworks.wd3.myworkdayjobs.com/External/job/APAC---Singapore---Remote/Senior-Proposal-Writer_R-22028,"proposal management, project management, content writing, stakeholder management, collaboration, healthcare
The candidate has strong project management experience and technical skills, but lacks direct experience in proposal management and content writing, which are critical for this role. While they have led teams and managed complex projects, the significant gap in proposal-specific experience and the need for advanced writing skills leads to a weak match overall.",,,,,2026-05-14T22:02:55.884851+00:00
,,,,3,Senior R&D Software Engineer - Networked Electronic Warfare,Motorola Solutions,remote,,,California Southern Remote Work,https://motorolasolutions.wd5.myworkdayjobs.com/Careers/job/California-Southern-Remote-Work/Senior-R-D-Software-Engineer---Networked-Electronic-Warfare_R61854,https://motorolasolutions.wd5.myworkdayjobs.com/Careers/job/California-Southern-Remote-Work/Senior-R-D-Software-Engineer---Networked-Electronic-Warfare_R61854,"C/C++, Python, embedded systems, DevOps, CI/CD, software architecture, Agile development, API, integration
The candidate has a strong background in product and project management within data and AI platforms but lacks direct experience in embedded systems and the specific technical skills required for the role, such as C/C++ programming and DevOps methodologies. Additionally, the candidate's experience does not align with the domain expertise in Electronic Warfare or related fields, indicating significant skill gaps for this position.",,,,,2026-05-14T21:59:19.671411+00:00
,,,,3,Senior RHEL Engineer / Team Lead,Trilogy Innovations,hybrid,"Remote, US (Remote)",,"Remote, US (Remote)",https://trilogyinnovations.applytojob.com/apply/OSql8q502D/Senior-RHEL-Engineer-Team-Lead?source=INDE&~,https://www.indeed.com/viewjob?jk=629aa8a71efcd907,"RHEL, Linux, Ansible, OpenShift, automation, security, compliance, engineering standards, team leadership
The candidate has a strong background in product and project management, particularly in data and AI platforms, but lacks direct experience with Red Hat Enterprise Linux (RHEL) and the specific technical skills required for this role, such as kernel-level troubleshooting and OpenShift operations. While there are transferable skills in automation and team leadership, the significant gaps in relevant technical expertise and experience in Linux engineering make this a weak match.",,,,,2026-05-14T21:37:59.870693+00:00
,,,,3,"Senior Sales Manager, Subscriptions",Thomson Reuters,hybrid,,,,https://thomsonreuters.wd5.myworkdayjobs.com/External_Career_Site/job/United-Kingdom-London/Senior-Sales-Manager---Subscriptions_JREQ200122,https://thomsonreuters.wd5.myworkdayjobs.com/External_Career_Site/job/United-Kingdom-London/Senior-Sales-Manager---Subscriptions_JREQ200122,"subscription sales, B2B, client relationships, consultative sales, account growth, renewals, pipeline management
The candidate has a strong background in technical project management and product management but lacks direct experience in subscription sales and the insurance industry, which are crucial for this role. While they have experience in managing teams and driving product delivery, the significant gap in relevant sales experience and industry knowledge indicates a weak match for the Senior Sales Manager position.",,,,,2026-05-14T22:01:57.065581+00:00
,,,,3,"SENIOR SALES/CHANNEL MANAGER (EP Cube), Italy (m/w/d)",Canadian Solar,remote,,,Italy  - Remote,https://canadiansolar.wd5.myworkdayjobs.com/CanadianSolar/job/Italy----Remote/SENIOR-SALES-CHANNEL-MANAGER--EP-Cube---Italy--m-w-d-_10001169,https://canadiansolar.wd5.myworkdayjobs.com/CanadianSolar/job/Italy----Remote/SENIOR-SALES-CHANNEL-MANAGER--EP-Cube---Italy--m-w-d-_10001169,"sales, customer excellence, leadership, revenue growth, strategic sales, communication, collaboration
The candidate has a strong background in technical project management and product management, but lacks direct experience in sales or channel management, which is critical for this role. Additionally, the job requires a strong personal network and experience in the renewable energy sector, neither of which are evident in the candidate's resume. Significant skill gaps exist, particularly in sales and customer relationship management, indicating a weak match for the position.",,,,,2026-05-14T23:08:31.349104+00:00
,,,,3,Senior Salesforce Project Manager,Plative,unknown,,,,,https://www.linkedin.com/jobs/view/4411521740,"Salesforce, project management, implementation, Agile, stakeholder management, enterprise-level projects, Jira
The candidate has strong project management experience and a background in technical product management, but lacks specific experience with Salesforce implementation, which is a critical requirement for this role. Additionally, while they have experience managing budgets and teams, the absence of direct Salesforce experience and relevant certifications presents significant gaps for this position.",,,,,2026-05-14T21:37:59.870693+00:00
,,,,3,Senior SAP Project Manager,Westernacher Consulting,remote,,,Remote,,https://www.linkedin.com/jobs/view/4413777498,"project management, SAP, Agile, stakeholder management, data migration, system integration
The candidate has strong project management experience and technical skills, but lacks specific experience with SAP and its modules, which are critical for this role. While they have managed technical projects and teams, the absence of direct SAP experience and the required years in project management for this senior position indicates significant skill gaps.",,,,,2026-05-14T21:31:37.952938+00:00
,,,,3,Senior Software Engineer Full-Stack (Typescript/NodeJS),Motorola Solutions,remote,,,Brazil Remote Work,https://motorolasolutions.wd5.myworkdayjobs.com/Careers/job/Brazil-Remote-Work/Senior-Software-Engineer-Full-Stack-Typescript-NodeJS_R62036,https://motorolasolutions.wd5.myworkdayjobs.com/Careers/job/Brazil-Remote-Work/Senior-Software-Engineer-Full-Stack-Typescript-NodeJS_R62036,"TypeScript, NodeJS, AWS, serverless architecture, microservices, RESTful APIs, frontend frameworks, Agile, collaboration
The candidate has experience in project management and product development but lacks direct experience with the required technical skills such as TypeScript, NodeJS, and modern frontend frameworks. While they have worked with data pipelines and analytics, they do not meet the core requirements for software engineering, particularly in a full-stack capacity. The significant gaps in technical skills and experience with the specific tech stack make this a weak match.",,,,,2026-05-14T21:59:19.671411+00:00
,,,,3,Senior Software Engineer – Mobile Development - Reuters,Thomson Reuters,hybrid,,,,https://thomsonreuters.wd5.myworkdayjobs.com/External_Career_Site/job/India-Bengaluru-Karnataka/Senior-Software-Engineer---Mobile-Development---Reuters_JREQ196790,https://thomsonreuters.wd5.myworkdayjobs.com/External_Career_Site/job/India-Bengaluru-Karnataka/Senior-Software-Engineer---Mobile-Development---Reuters_JREQ196790,"React Native, mobile application development, JavaScript, TypeScript, Agile, Scrum, APIs, software engineering best practices
The candidate has a strong background in product and project management, particularly in data and AI platforms, but lacks direct experience in mobile application development and React Native, which are critical for this role. While they possess some transferable skills in software development and project management, the significant gap in mobile-specific experience and programming languages required for the position leads to a weak match.",,,,,2026-05-14T22:01:57.065581+00:00
,,,,3,Senior Software Safety Engineer-Aerospace Controls,Rolls-Royce,hybrid,"Remote, US (Remote)",,"Remote, US (Remote)",https://rollsroyce.wd3.myworkdayjobs.com/en-US/professional/job/Working-from-home-US/Senior-Software-Safety-Engineer-Aerospace-Controls_JR6153887,https://www.indeed.com/viewjob?jk=24fd53fa5703e8af,"software safety, aerospace controls, product development, engineering experience, safety analysis, agile development, certification requirements
The candidate has a strong background in product management and technical project management, but lacks direct experience in software safety engineering, aerospace controls, and the specific safety standards mentioned in the job description. While they have relevant skills in data management and project delivery, the significant gaps in aerospace and safety engineering experience indicate a weak match for this role.",,,,,2026-05-14T21:46:30.549281+00:00
,,,,3,Senior Solutions Architect Networking Ethernet - NVIS,NVIDIA,hybrid,"Australia, Remote",,"Australia, Remote",https://nvidia.wd5.myworkdayjobs.com/NVIDIAExternalCareerSite/job/Australia-Remote/Senior-Solutions-Architect-Networking-Ethernet---NVIS_JR2014366,https://nvidia.wd5.myworkdayjobs.com/NVIDIAExternalCareerSite/job/Australia-Remote/Senior-Solutions-Architect-Networking-Ethernet---NVIS_JR2014366,"Networking, AI, HPC, automation, Python, data center architecture, customer-focused, system design
The candidate has experience in technical project management and product management, but lacks direct experience in networking fundamentals, data center architecture, and the specific networking protocols and tools required for the role. While there are transferable skills in automation and Python, the significant gaps in networking experience and knowledge of specific protocols make this a weak match for the position.",,,,,2026-05-14T22:32:17.257383+00:00
,,,,3,"Senior Solutions Architect, Networking - Public Sector",NVIDIA,remote,,,"US, DC, Remote",https://nvidia.wd5.myworkdayjobs.com/NVIDIAExternalCareerSite/job/US-DC-Remote/Senior-Solutions-Architect--Networking---Public-Sector_JR2017664-1,https://nvidia.wd5.myworkdayjobs.com/NVIDIAExternalCareerSite/job/US-DC-Remote/Senior-Solutions-Architect--Networking---Public-Sector_JR2017664-1,"networking, artificial intelligence, data center, deployment, technical architecture, customer engagement, HPC clusters
The candidate has experience in project management and product development within data and AI platforms but lacks direct experience in networking, high-performance computing, and the specific technologies mentioned in the job description. While they have some relevant skills in data management and analytics, the significant gaps in networking and customer-facing solution architecture experience indicate a weak match for this senior solutions architect role.",,,,,2026-05-14T23:03:36.733136+00:00
,,,,3,"Senior Specialist, Social Media PV CoE",Moderna,onsite,,,,https://modernatx.wd1.myworkdayjobs.com/M_tx/job/Warsaw---Poland/Senior-Specialist--Social-Media-PV-CoE_R18605-1,https://modernatx.wd1.myworkdayjobs.com/M_tx/job/Warsaw---Poland/Senior-Specialist--Social-Media-PV-CoE_R18605-1,"pharmacovigilance, safety data, social media monitoring, data validation, quality checks, digital platforms, MedDRA coding, product quality complaints
The candidate has a strong background in technical project management and data analytics but lacks direct experience in pharmacovigilance or drug safety roles, which are critical for this position. Additionally, the candidate's experience does not align with the specific requirements of safety data analysis or familiarity with MedDRA coding, resulting in significant skill gaps.",,,,,2026-05-14T22:12:00.818278+00:00
,,,,3,Senior System Software Engineer - Slurm,NVIDIA,hybrid,"US, UT, Remote",,"US, UT, Remote",https://nvidia.wd5.myworkdayjobs.com/NVIDIAExternalCareerSite/job/US-UT-Remote/Senior-System-Software-Engineer---Slurm_JR2016543,https://nvidia.wd5.myworkdayjobs.com/NVIDIAExternalCareerSite/job/US-UT-Remote/Senior-System-Software-Engineer---Slurm_JR2016543,"C, Linux, systems programming, debugging, performance profiling, Agile methodologies, software development lifecycle
The candidate has a strong background in product and project management within data and AI platforms but lacks direct experience in C development, Linux systems programming, and the specific technical skills required for the Senior System Software Engineer role. The significant gaps in core technical skills and experience with system-level programming and debugging tools indicate a weak match for this position.",,,,,2026-05-14T21:57:02.905092+00:00
,,,,3,Senior Systems Software Security Engineer – Data Center Systems,NVIDIA,remote,,,"US, CO, Remote",https://nvidia.wd5.myworkdayjobs.com/NVIDIAExternalCareerSite/job/US-CO-Remote/Senior-Systems-Software-Security-Engineer---Data-Center-Systems_JR2004966-1,https://nvidia.wd5.myworkdayjobs.com/NVIDIAExternalCareerSite/job/US-CO-Remote/Senior-Systems-Software-Security-Engineer---Data-Center-Systems_JR2004966-1,"software security, Python, scripting, system programming, data center systems, Agile development, incident response
The candidate has experience in project management and product development, particularly in data and AI platforms, but lacks direct experience in software security engineering and the specific technologies mentioned in the job description. While they have some relevant skills in Python and scripting, their background does not align closely with the requirements for a Senior Systems Software Security Engineer, particularly in areas like firmware development and data center architecture.",,,,,2026-05-14T21:57:02.905092+00:00
,,,,3,Senior Test Engineer,NVIDIA,remote,,,"Vietnam, Remote",https://nvidia.wd5.myworkdayjobs.com/NVIDIAExternalCareerSite/job/Vietnam-Remote/Senior-Test-Engineer_JR1992191,https://nvidia.wd5.myworkdayjobs.com/NVIDIAExternalCareerSite/job/Vietnam-Remote/Senior-Test-Engineer_JR1992191,"automated tests, Python development, software development, debugging, test design, Linux, version control, collaboration
The candidate has experience in project management and some technical skills, particularly in Python and data analytics, but lacks direct experience in test engineering, hardware integration, and the specific requirements outlined in the job description. The significant gaps in relevant experience and technical skills required for the role indicate a weak match.",,,,,2026-05-14T21:57:02.905092+00:00
,,,,3,SEO Account Manager,Stan Ventures,remote,,,"Remote, US (Remote)",http://www.indeed.com/job/seo-account-manager-65c442ac854055c0,https://www.indeed.com/viewjob?jk=65c442ac854055c0,"SEO, account management, client relationships, campaign performance, data analysis, Google Analytics, project management
The candidate has a strong background in technical project management and data analytics but lacks direct experience in SEO and digital marketing, which are critical for the role. While they have relevant skills in data analysis and project management, the significant gap in SEO strategy and client-facing experience makes this a weak match.",,,,,2026-05-14T21:52:47.996850+00:00
,,,,3,Short-term REMOTE Instructional Designer (Oracle ERP),CapeTalent,remote,,,"Remote, US (Remote)",https://recruiterflow.com/capetalent/jobs/86?source=indeed&utm_channel=recruiterflow-posting&location=1,https://www.indeed.com/viewjob?jk=ff8f0f08524613b0,"Instructional Designer, Oracle Cloud ERP, eLearning, Articulate Storyline, finance modules, training development, project management
The candidate has strong project management and technical skills, but lacks direct experience in instructional design and specific ERP training. While they have experience in data and AI platforms, their background does not align closely with the requirements for designing and developing training materials for Oracle Cloud ERP. Significant ramp-up would be needed to meet the job's expectations.",,,,,2026-05-14T21:29:36.448824+00:00
,,,,3,Silvus International Inside Sales Representative- Singapore,Motorola Solutions,remote,,,,https://motorolasolutions.wd5.myworkdayjobs.com/Careers/job/Silvus-International-Inside-Sales-Representative--Singapore_R63916,https://motorolasolutions.wd5.myworkdayjobs.com/Careers/job/Silvus-International-Inside-Sales-Representative--Singapore_R63916,"sales experience, technology-related industry, CRM systems, client support, communication, coordination
The candidate has a strong background in technical project management and product management, but lacks direct sales experience in a technology-related industry, which is a key requirement for the role. While they have experience in client communication and project coordination, the significant gap in sales experience and familiarity with wireless or network systems makes this a weak match for the position.",,,,,2026-05-14T22:09:56.379824+00:00
,,,,3,Site Reliability Engineer,Motorola Solutions,remote,,,Brazil Remote Work,https://motorolasolutions.wd5.myworkdayjobs.com/Careers/job/Brazil-Remote-Work/Site-Reliability-Engineer_R62251,https://motorolasolutions.wd5.myworkdayjobs.com/Careers/job/Brazil-Remote-Work/Site-Reliability-Engineer_R62251,"Site Reliability Engineer, Java, Angular, Linux, Infrastructure as Code, Database Optimization, Cloud Infrastructure, Incident Management
The candidate has experience in technical project management and product management but lacks direct experience in site reliability engineering, specifically with Java, Angular, and Linux internals. While they have some relevant skills in data management and automation, they do not meet the required years of experience or specific technical expertise needed for this role, resulting in a weak match.",,,,,2026-05-14T21:59:19.671411+00:00
,,,,3,"Slack Paid Digital Marketing, Senior Manager",Salesforce,remote,,,Germany - Munich - Remote,https://salesforce.wd12.myworkdayjobs.com/External_Career_Site/job/Germany---Munich---Remote/Slack-Paid-Digital-Marketing--Senior-Manager_JR326511,https://salesforce.wd12.myworkdayjobs.com/External_Career_Site/job/Germany---Munich---Remote/Slack-Paid-Digital-Marketing--Senior-Manager_JR326511,"digital marketing, performance marketing, customer acquisition, budget management, analytics, team leadership, European market, campaign optimization
The candidate has a strong background in technical project management and data analytics but lacks direct experience in paid digital marketing and the specific requirements outlined in the job description. Significant gaps exist in their experience with managing performance marketing campaigns, especially in the German market, which is crucial for this role. The candidate would require substantial ramp-up to meet the expectations of this position.",,,,,2026-05-14T22:19:45.852175+00:00
,,,,3,SMB Senior Account Executive,GitHub,remote,,,"Remote, US (Remote)",https://globalcareers-githubinc.icims.com/jobs/5398/job?utm_source=indeed_integration&iis=Job%20Board&iisn=Indeed&indeed-apply-token=73a2d2b2a8d6d5c0a62696875eaebd669103652d3f0c2cd5445d3e66b1592b0f,https://www.indeed.com/viewjob?jk=2a8248d75fd2558f,"technology-related sales, account plans, customer engagement, sales pipeline, software development, consultative engagement
The candidate has a strong background in technical project management and product management, but lacks direct experience in technology-related sales, which is a key requirement for the role. While they have experience in managing projects and working with data and analytics, they do not demonstrate the necessary sales experience or familiarity with sales methodologies like MEDDPICC, making them a weak match for this position.",,,,,2026-05-14T21:44:13.352357+00:00
,,,,3,Social Media and Marketing Manager,indeed,remote,,,"Remote, US (Remote)",http://www.indeed.com/job/social-media-and-marketing-manager-6bceb433a435212e,https://www.indeed.com/viewjob?jk=6bceb433a435212e,"social media, marketing, content creation, SEO, Google Analytics, Adobe Creative Suite, Hootsuite, digital marketing
The candidate has a strong background in technical project management and data analytics but lacks direct experience in social media marketing and content creation, which are critical for this role. While they possess some transferable skills in data analysis and project management, the significant gaps in social media strategy and graphic design experience make this a weak match for the position.",,,,,2026-05-14T21:52:47.996850+00:00
,,,,3,Social Media Community and Content Manager - Legal,Thomson Reuters,hybrid,,,,https://thomsonreuters.wd5.myworkdayjobs.com/External_Career_Site/job/United-States-of-America-Ann-Arbor-Michigan/Social-Media-Community-and-Content-Manager---Legal_JREQ199946,https://thomsonreuters.wd5.myworkdayjobs.com/External_Career_Site/job/United-States-of-America-Ann-Arbor-Michigan/Social-Media-Community-and-Content-Manager---Legal_JREQ199946,"social media management, content creation, community management, legal tech, engagement best practices, analytics, writing skills
The candidate has strong project management and technical skills, particularly in data and AI, but lacks direct experience in social media management and content creation, which are critical for this role. Additionally, the candidate's background does not demonstrate familiarity with the legal industry or the specific social media platforms mentioned, resulting in significant skill gaps.",,,,,2026-05-14T22:01:57.065581+00:00
,,,,3,Software Account Executive (Command Center),Motorola Solutions,remote,,,"Nebraska Remote Work, More...",https://motorolasolutions.wd5.myworkdayjobs.com/Careers/job/Nebraska-Remote-Work/Software-Account-Executive--Command-Center-_R63449,https://motorolasolutions.wd5.myworkdayjobs.com/Careers/job/Nebraska-Remote-Work/Software-Account-Executive--Command-Center-_R63449,"sales, public safety, software solutions, customer relationships, CRM, enterprise software, consultative sales
The candidate has a strong technical background in product management and data analytics but lacks direct experience in sales, particularly in the public safety software sector. While they have managed projects and developed software solutions, they do not meet the required sales experience or familiarity with government procurement processes, which are critical for this role.",,,,,2026-05-14T21:59:19.671411+00:00
,,,,3,Software Engineer,Moderna,onsite,,,,https://modernatx.wd1.myworkdayjobs.com/M_tx/job/Warsaw---Poland/Software-Engineer_R19072-1,https://modernatx.wd1.myworkdayjobs.com/M_tx/job/Warsaw---Poland/Software-Engineer_R19072-1,"software engineering, Python, AWS, CI/CD pipelines, Infrastructure-as-Code, developer tooling
The candidate has experience in project management and product development but lacks the required software engineering experience, particularly in programming languages like TypeScript/JavaScript and building AWS infrastructure. While they have some relevant skills in Python and automation, they do not meet the 5+ years of software engineering experience required for the role, resulting in a weak match.",,,,,2026-05-14T22:02:20.415246+00:00
,,,,3,"Software Engineer, Build and Release - NVIDIA OpenShell",NVIDIA,remote,,,"US, CA, Remote",https://nvidia.wd5.myworkdayjobs.com/NVIDIAExternalCareerSite/job/US-CA-Remote/Software-Engineer--Build-and-Release---NVIDIA-OpenShell_JR2017889-1,https://nvidia.wd5.myworkdayjobs.com/NVIDIAExternalCareerSite/job/US-CA-Remote/Software-Engineer--Build-and-Release---NVIDIA-OpenShell_JR2017889-1,"CI/CD, GitHub Actions, Linux, Python, Docker, release pipelines, automation, build systems
The candidate has a strong background in project management and product development, particularly in data and AI platforms, but lacks direct experience in software engineering, CI/CD systems, and the specific technical skills required for the role, such as deep knowledge of GitHub Actions, multi-platform artifact shipping, and Linux systems. The significant gaps in technical skills and experience with the specific tools and environments mentioned in the job description indicate a weak match for this software engineering position.",,,,,2026-05-14T21:57:02.905092+00:00
,,,,3,"Software Engineer, NVIDIA OpenShell",NVIDIA,remote,,,"US, CA, Remote",https://nvidia.wd5.myworkdayjobs.com/NVIDIAExternalCareerSite/job/US-CA-Remote/Software-Engineer--NVIDIA-OpenShell_JR2017604,https://nvidia.wd5.myworkdayjobs.com/NVIDIAExternalCareerSite/job/US-CA-Remote/Software-Engineer--NVIDIA-OpenShell_JR2017604,"software engineer, distributed systems, gRPC, Python, network security, container, sandbox, Kubernetes
The candidate has a strong background in product and project management within data and AI platforms, but lacks direct experience in software engineering, distributed systems, and the specific technical skills required for the role, such as systems programming, gRPC, and Kubernetes. While there are transferable skills in data management and automation, the significant gaps in core technical requirements indicate a weak match for this software engineering position.",,,,,2026-05-14T21:57:02.905092+00:00
,,,,3,Solution Sales Specialist - BitTitan,"Idera, Inc.",remote,,,"Remote, US (Remote)",https://idera.applytojob.com/apply/XDvE6ATwzi/Solution-Sales-Specialist-BitTitan?source=INDE&~,https://www.indeed.com/viewjob?jk=9761baed90e0bcc8,"sales strategy, account management, customer insights, software solutions, Microsoft 365, Google Workspace, communication skills, consultative solutions selling
The candidate has a strong technical background and experience in product management and project management, but lacks direct sales experience, particularly in software sales and managing complex sales cycles. The role requires specific sales skills and experience with channel partners, which the candidate does not demonstrate. Therefore, there are significant gaps in relevant experience for this position.",,,,,2026-05-14T21:37:59.870693+00:00
,,,,3,"Solutions Architect, Networking Ethernet",NVIDIA,remote,,,"Australia, Remote",https://nvidia.wd5.myworkdayjobs.com/NVIDIAExternalCareerSite/job/Australia-Remote/Solutions-Architect--Networking-Ethernet_JR2015237,https://nvidia.wd5.myworkdayjobs.com/NVIDIAExternalCareerSite/job/Australia-Remote/Solutions-Architect--Networking-Ethernet_JR2015237,"Networking, AI, HPC, automation, Python, data center architecture, TCP/IP, customer-focused, system design
The candidate has experience in project management and data analytics but lacks direct experience in networking fundamentals, data center architecture, and the specific networking protocols and tools mentioned in the job description. While they have some technical skills in Python and automation, the significant gaps in networking experience and the required years of experience for this senior role indicate a weak match.",,,,,2026-05-14T22:32:17.257383+00:00
,,,,3,Sr. Account Manager (Central Louisiana),Motorola Solutions,remote,,,Louisiana Remote Work,https://motorolasolutions.wd5.myworkdayjobs.com/Careers/job/Louisiana-Remote-Work/Sr-Account-Manager--Central-Louisiana-_R63362,https://motorolasolutions.wd5.myworkdayjobs.com/Careers/job/Louisiana-Remote-Work/Sr-Account-Manager--Central-Louisiana-_R63362,"sales, account management, relationship management, public safety, strategic planning, customer-focused, negotiation skills
The candidate has a strong technical background in product and project management, particularly in data and AI platforms, but lacks direct experience in sales or account management, especially within the public safety sector. While they have demonstrated leadership and project management skills, the significant gap in relevant sales experience and public safety knowledge makes them a weak match for this role.",,,,,2026-05-14T21:59:19.671411+00:00
,,,,3,Sr. Account Manager (Utilities),Motorola Solutions,remote,,,"Illinois Remote Work, More...",https://motorolasolutions.wd5.myworkdayjobs.com/Careers/job/Illinois-Remote-Work/Sr-Account-Manager--Utilities-_R64001,https://motorolasolutions.wd5.myworkdayjobs.com/Careers/job/Illinois-Remote-Work/Sr-Account-Manager--Utilities-_R64001,"sales, account management, customer relationships, enterprise customers, strategic planning, communication skills
The candidate has a strong background in technical project management and product management but lacks direct sales experience, which is a key requirement for the Sr. Account Manager role. While they have experience in managing client relationships and understanding customer needs, the absence of specific sales achievements and experience in the utilities sector presents significant gaps for this position.",,,,,2026-05-14T21:59:19.671411+00:00
,,,,3,Sr. Account Manager - New Mexico,Motorola Solutions,remote,,,"New Mexico Remote Work, More...",https://motorolasolutions.wd5.myworkdayjobs.com/Careers/job/New-Mexico-Remote-Work/Sr-Account-Manager---New-Mexico_R63348,https://motorolasolutions.wd5.myworkdayjobs.com/Careers/job/New-Mexico-Remote-Work/Sr-Account-Manager---New-Mexico_R63348,"sales, account management, public safety, strategic planning, relationship management, technology solutions
The candidate has a strong technical background in product management and project management but lacks direct sales experience, particularly in public safety or government organizations, which is crucial for this role. The significant gap in relevant sales experience and the specific industry knowledge required for the Sr. Account Manager position indicates a weak match for the job.",,,,,2026-05-14T21:59:19.671411+00:00
,,,,3,Sr. Attractions Implementation Manager,indeed,remote,,,"Remote, US (Remote)",https://gethired.com/job/sr-attractions-implementation-manager?rcid=inply,https://www.indeed.com/viewjob?jk=884d40bd7e2dc5d8,"project management, construction, budget management, stakeholder management, RFIs, RFQs, leadership, communication
The candidate has a strong background in project management and technical product management, but lacks direct experience in construction or attraction-related roles, which are critical for this position. While they possess transferable skills in managing projects and budgets, the significant gap in industry-specific experience and technical requirements (like CAD software proficiency) indicates a weak match for this role.",,,,,2026-05-14T21:37:59.870693+00:00
,,,,3,Sr. Automation Engineer,Moderna,unknown,,,,https://modernatx.wd1.myworkdayjobs.com/M_tx/job/Cambridge-Massachusetts/Sr-Automation-Engineer_R19099-1,https://modernatx.wd1.myworkdayjobs.com/M_tx/job/Cambridge-Massachusetts/Sr-Automation-Engineer_R19099-1,"automation, laboratory protocols, liquid handling robots, Hamilton Venus software, high-throughput screening, LIMS, software development, version control, data integration
The candidate has experience in project management and data analytics but lacks direct experience in laboratory automation, Hamilton Venus software programming, and high-throughput laboratory automation, which are critical for the role. While they have relevant skills in data pipelines and automation scripting, the significant gaps in specific technical requirements and experience level make this a weak match.",,,,,2026-05-14T22:02:20.415246+00:00
,,,,3,Sr. Automation Engineer,Moderna,remote,,,,https://modernatx.wd1.myworkdayjobs.com/M_tx/job/Norwood-Massachusetts/Sr-Automation-Engineer_R19077,https://modernatx.wd1.myworkdayjobs.com/M_tx/job/Norwood-Massachusetts/Sr-Automation-Engineer_R19077,"automation, bioassay, GMP, programming, data integrity, liquid handling, project management
The candidate has experience in project management and data analytics but lacks direct experience in automation engineering, particularly in the context of bioassays and regulated laboratory environments. While they have some programming skills and project management experience, the significant gaps in relevant technical skills and specific industry experience (e.g., GMP, cell-based workflows) indicate a weak match for this role.",,,,,2026-05-14T22:02:20.415246+00:00
,,,,3,Sr. Bioinformatics Engineer II,Moderna,onsite,,,,https://modernatx.wd1.myworkdayjobs.com/M_tx/job/Warsaw---Poland/Sr-Bioinformatics-Engineer-II_R19163-1,https://modernatx.wd1.myworkdayjobs.com/M_tx/job/Warsaw---Poland/Sr-Bioinformatics-Engineer-II_R19163-1,"Python, automation, software quality assurance, problem-solving, documentation, collaboration
The candidate has experience in project management and data analytics, but lacks direct experience in bioinformatics, relevant programming frameworks, and the specific qualifications outlined in the job description. While they have strong Python skills and experience in automation, the significant gaps in bioinformatics knowledge and experience in a GxP environment indicate a weak match for this role.",,,,,2026-05-14T22:02:20.415246+00:00
,,,,3,"Sr. Dir, Brand Strategy & Narrative",GitHub,remote,,,"Remote, US (Remote)",https://www.github.careers/jobs/5329/job?utm_source=indeed_integration&iis=Job%20Board&iisn=Indeed&indeed-apply-token=73a2d2b2a8d6d5c0a62696875eaebd669103652d3f0c2cd5445d3e66b1592b0f,https://www.indeed.com/viewjob?jk=3396159715f67233,"brand strategy, narrative, marketing strategy, communications, storytelling, software development, AI, cross-functional teams
The candidate has extensive experience in technical project management and product management, but lacks direct experience in brand strategy, marketing, and communications, which are critical for this role. While they have some transferable skills in data and analytics, the significant gap in relevant brand and marketing experience makes them a weak match for this position.",,,,,2026-05-14T21:29:36.448824+00:00
,,,,3,"Sr. Grants Management Implementation Consultant, Higher Education",Workday,remote,,,USA Remote,https://workday.wd5.myworkdayjobs.com/Workday/job/USA-Remote/Sr-Grants-Management-Implementation-Consultant--Higher-Education_JR-0106899,https://workday.wd5.myworkdayjobs.com/Workday/job/USA-Remote/Sr-Grants-Management-Implementation-Consultant--Higher-Education_JR-0106899,"Grants Management, Higher Education, Workday, consulting, implementation, data conversion, integrations
The candidate has strong experience in technical project management and product management, particularly in data and AI platforms, but lacks specific experience in Grants Management or the Workday platform. While they have relevant skills in data handling and project execution, the significant gap in direct experience with Grants Management in Higher Education and Workday makes them a weak match for this role.",,,,,2026-05-14T21:56:19.504779+00:00
,,,,3,"Sr. Manager, CMC Stability",Moderna,remote,,,,https://modernatx.wd1.myworkdayjobs.com/M_tx/job/Norwood-Massachusetts/Sr-Manager--CMC-Stability_R19050-1,https://modernatx.wd1.myworkdayjobs.com/M_tx/job/Norwood-Massachusetts/Sr-Manager--CMC-Stability_R19050-1,"stability strategies, regulatory submissions, data interpretation, cross-functional collaboration, risk assessments
The candidate has experience in project management and data analytics, but lacks direct experience in stability programs, regulatory submissions, and the specific scientific background required for this role. The significant gaps in relevant industry experience and technical knowledge related to mRNA and biologics make this a weak match.",,,,,2026-05-14T22:12:00.818278+00:00
,,,,3,"Sr. Marketing Manager & Youth to Pro Integration, LYTE",League One Volleyball,remote,,,"Remote, US (Remote)",https://recruitingbypaycor.com/career/JobIntroduction.action?id=8a7887a19de07068019e1947b1ef2675&source=Indeed+Free,https://www.indeed.com/viewjob?jk=1f9c7f76f15c166a,"marketing strategy, event marketing, brand consistency, project management, community-based marketing, youth sports
The candidate has a strong background in technical project management and product management, but lacks direct experience in marketing, particularly in the context of youth sports or event marketing. While they have project management skills and experience with data-driven decision-making, the significant gap in relevant marketing experience and knowledge of the volleyball ecosystem suggests they would need substantial ramp-up to meet the job requirements.",,,,,2026-05-14T21:52:47.996850+00:00
,,,,3,Sr. Performance Engineer,Canadian Solar,remote,,,United Kingdom - Remote,https://canadiansolar.wd5.myworkdayjobs.com/CanadianSolar/job/United-Kingdom---Remote/Sr-Performance-Engineer_10000917-1,https://canadiansolar.wd5.myworkdayjobs.com/CanadianSolar/job/United-Kingdom---Remote/Sr-Performance-Engineer_10000917-1,"troubleshooting, data analysis, performance testing, problem solving, communication, project execution, SCADA protocols
The candidate has experience in project management and data analytics, but lacks direct experience in performance engineering, commissioning, and the specific technical skills related to SCADA protocols and battery energy storage systems. Significant gaps in relevant technical experience would require substantial ramp-up for this role.",,,,,2026-05-14T22:03:23.687348+00:00
,,,,3,Sr. Project Manager- Remote,KOMAN Sustainable Solutions,remote,,,"Remote, US (Remote)",https://kss.hrmdirect.com/employment/view.php?req=3715055&jbsrc=1014&location=cca31bbb-8612-6356-481b-ef411f35bb13,https://www.indeed.com/viewjob?jk=17617737dd7d90c7,"project management, budgeting, scheduling, leadership, federal projects, Agile, communication, mentoring
The candidate has experience in project management and technical roles, but lacks direct experience in federal construction projects and the specific qualifications required for this senior project manager role. While they have strong leadership and project management skills, the significant gap in relevant industry experience and knowledge of federal contracts indicates a weak match for this position.",,,,,2026-05-14T21:29:36.448824+00:00
,,,,3,"Sr. Research Associate, Analytical Development",Moderna,remote,,,,https://modernatx.wd1.myworkdayjobs.com/M_tx/job/Norwood-Massachusetts/Sr-Research-Associate--Analytical-Development_R19025,https://modernatx.wd1.myworkdayjobs.com/M_tx/job/Norwood-Massachusetts/Sr-Research-Associate--Analytical-Development_R19025,"cell-based bioassays, assay development, data analysis, troubleshooting, molecular biology, RNA, documentation, collaboration
The candidate has a strong background in technical project management and data analytics but lacks direct experience in biological sciences, specifically with cell-based bioassays and the hands-on laboratory techniques required for this role. While they have relevant skills in data analysis and project management, the significant gaps in biological and laboratory experience indicate a weak match for the position.",,,,,2026-05-14T22:12:00.818278+00:00
,,,,3,Strategic Account Manager - Software (East),Motorola Solutions,remote,,,"North Carolina Remote Work, More...",https://motorolasolutions.wd5.myworkdayjobs.com/Careers/job/North-Carolina-Remote-Work/Strategic-Account-Manager---Software--East-_R64538,https://motorolasolutions.wd5.myworkdayjobs.com/Careers/job/North-Carolina-Remote-Work/Strategic-Account-Manager---Software--East-_R64538,"sales, software sales, AI solutions, customer relationships, public safety, technical sales, CRM
The candidate has a strong technical background and experience in project management and product development, but lacks direct sales experience, particularly in software or public safety sectors. The role requires a proactive sales approach and experience with long sales cycles, which are not evident in the candidate's resume. Significant skill gaps exist in the required sales qualifications, making this a weak match.",,,,,2026-05-14T21:59:19.671411+00:00
,,,,3,Subcontract Administrator III,Amentum,hybrid,"Remote, US (Remote)",,"Remote, US (Remote)",https://www.amentumcareers.com/jobs/subcontract-administrator-iii-jacksonville-florida-united-states-21d4e881-a1a4-4dcc-9b3f-2f929352bf2f?source=Indeed+Feed,https://www.indeed.com/viewjob?jk=83343cbee6ba90db,"subcontract administration, procurement, negotiation, compliance, contract documentation, risk management
The candidate has a strong background in technical project management and product management, but lacks direct experience in subcontract administration and procurement, which are critical for this role. While there are transferable skills in negotiation and compliance from their project management experience, the significant gaps in specific subcontracting knowledge and government contracting experience indicate a weak match for this position.",,,,,2026-05-14T21:29:36.448824+00:00
,,,,3,"Supervisor, Accounting",Thomson Reuters,hybrid,,,,https://thomsonreuters.wd5.myworkdayjobs.com/External_Career_Site/job/India-Hyderabad-Telangana/Supervisor--Accounting_JREQ199122,https://thomsonreuters.wd5.myworkdayjobs.com/External_Career_Site/job/India-Hyderabad-Telangana/Supervisor--Accounting_JREQ199122,"accounting, reconciliation, IFRS, SOX compliance, ERP systems, team lead, process improvements, automation, stakeholder management
The candidate has a strong background in technical project management and data analytics but lacks direct experience in accounting, reconciliation, and the specific financial regulations (IFRS, SOX) required for this role. While they have experience in managing teams and implementing process improvements, the significant gap in accounting expertise and relevant software (like BlackLine and SAP S/4HANA) makes this a weak match.",,,,,2026-05-14T22:01:57.065581+00:00
,,,,3,Tax Consultant,Thomson Reuters,remote,,,,https://thomsonreuters.wd5.myworkdayjobs.com/External_Career_Site/job/United-States-of-America-Ann-Arbor-Michigan/Tax-Consultant_JREQ199740,https://thomsonreuters.wd5.myworkdayjobs.com/External_Career_Site/job/United-States-of-America-Ann-Arbor-Michigan/Tax-Consultant_JREQ199740,"tax consultant, training, technical writing, presentation skills, CPA, accounting, tax law
The candidate has a strong background in technical project management and data analytics but lacks direct experience in tax consulting, tax law, and the required CPA certification. While they possess some transferable skills in training and technical writing, the significant gaps in relevant tax experience and qualifications make this a weak match for the role.",,,,,2026-05-14T22:01:57.065581+00:00
,,,,3,Tax Operations Support,Moderna,onsite,,,,https://modernatx.wd1.myworkdayjobs.com/M_tx/job/Warsaw---Poland/Tax-Operations-Support_R19056-1,https://modernatx.wd1.myworkdayjobs.com/M_tx/job/Warsaw---Poland/Tax-Operations-Support_R19056-1,"indirect tax, compliance, VAT, GST, financial systems, analytical mindset, collaboration, reporting
The candidate has strong project management and technical skills, particularly in data and analytics, but lacks direct experience in tax operations or compliance, which are critical for this role. The absence of relevant tax experience and knowledge of financial systems like SAP indicates significant gaps that would require substantial ramp-up.",,,,,2026-05-14T22:26:35.890133+00:00
,,,,3,"Tax, Retirement & Estate Planning Services Consultant",Manulife,remote,,,"CAN, Ontario - Full Time Remote",https://manulife.wd3.myworkdayjobs.com/MFCJH_Jobs/job/CAN-Ontario---Full-Time-Remote/Tax--Retirement---Estate-Planning-Services-Consultant_JR26041008-1,https://manulife.wd3.myworkdayjobs.com/MFCJH_Jobs/job/CAN-Ontario---Full-Time-Remote/Tax--Retirement---Estate-Planning-Services-Consultant_JR26041008-1,"tax, estate planning, financial planning, project management, communication skills, regulatory matters, investment products
The candidate lacks the required legal or accounting designation and specific expertise in tax and estate planning, which are critical for this role. While they have project management experience and strong communication skills, the significant gaps in relevant qualifications and industry knowledge indicate a weak match for the position.",,,,,2026-05-14T21:55:02.833590+00:00
,,,,3,"Team Lead, Quality Control, Product Testing & Stability",Moderna,remote,,,,https://modernatx.wd1.myworkdayjobs.com/M_tx/job/Melbourne---Australia/Team-Lead--Quality-Control--Product-Testing---Stability_R19121,https://modernatx.wd1.myworkdayjobs.com/M_tx/job/Melbourne---Australia/Team-Lead--Quality-Control--Product-Testing---Stability_R19121,"Quality Control, cGMP, leadership, analytical techniques, microbiology, chemistry, bioassay, stability programs, sample management
The candidate has experience in project management and product development within data and AI platforms, but lacks direct experience in quality control, cGMP environments, and the specific scientific disciplines (chemistry, microbiology, bioassay) required for this role. The significant gaps in relevant industry experience and technical knowledge indicate a weak match for the position.",,,,,2026-05-14T22:12:00.818278+00:00
,,,,3,Technical Sales Engineer focused on Tier 1 Service Provider Customer,Ciena,remote,,,Remote-US,https://ciena.wd5.myworkdayjobs.com/Careers/job/Remote-US/Technical-Sales-Engineer-focused-on-Tier-1-Service-Provider-Customer_R030569,https://ciena.wd5.myworkdayjobs.com/Careers/job/Remote-US/Technical-Sales-Engineer-focused-on-Tier-1-Service-Provider-Customer_R030569,"Technical Sales Engineer, Tier 1 Service Provider, optical networking, solution design, technical presentations, customer requirements, engineering documentation
The candidate has a strong background in technical project management and product management, but lacks direct experience in sales engineering or optical networking technologies, which are crucial for this role. While they have experience in data and AI platforms, the significant gaps in relevant industry experience and specific technical skills related to optical networking and customer-facing sales roles indicate a weak match for this position.",,,,,2026-05-14T21:55:51.922966+00:00
,,,,3,Technical Sales Manager - Equipment,Bucher Vaslin North America,remote,,,"Remote, US (Remote)",http://www.indeed.com/job/technical-sales-manager-equipment-1677fb83fd540af3,https://www.indeed.com/viewjob?jk=1677fb83fd540af3,"technical sales, consultative sales, relationship management, equipment solutions, customer needs, project execution, CRM systems
The candidate has strong technical project management experience but lacks direct experience in technical sales or the winery equipment industry. While they have relevant skills in managing projects and technical solutions, the significant gap in sales experience and industry knowledge would require substantial ramp-up to meet the job requirements effectively.",,,,,2026-05-14T21:31:37.952938+00:00
,,,,3,"Technician II, Process Maintenance",Moderna,remote,,,,https://modernatx.wd1.myworkdayjobs.com/M_tx/job/Norwood-Massachusetts/Technician-II--Process-Maintenance_R18652-1,https://modernatx.wd1.myworkdayjobs.com/M_tx/job/Norwood-Massachusetts/Technician-II--Process-Maintenance_R18652-1,"maintenance, troubleshooting, equipment, GMP, compliance, documentation, automation
The candidate has a strong background in technical project management and data analytics but lacks direct experience in equipment maintenance, troubleshooting, and the specific requirements of a GMP environment. The role requires hands-on technical expertise and familiarity with manufacturing equipment, which are not evident in the candidate's experience. Significant skill gaps would need to be addressed for the candidate to be effective in this role.",,,,,2026-05-14T22:12:00.818278+00:00
,,,,3,TechnologyOne / TechOne -  Service Delivery Manager / Lead,Private Company,unknown,,,,,https://www.linkedin.com/jobs/view/4413866479,"Service Delivery Manager, consulting, implementation, customer value realization, team leadership, relationship management, project management
The candidate has strong project management and technical skills but lacks direct experience with TechnologyOne products and consulting delivery. While they have relevant experience in managing teams and customer relationships, the absence of specific TechnologyOne knowledge and consulting experience presents significant gaps for this role.",,,,,2026-05-14T21:37:59.870693+00:00
,,,,3,U.S. Reporter - The Insurer (Level 1 Journalist),Thomson Reuters,unknown,,,,https://thomsonreuters.wd5.myworkdayjobs.com/External_Career_Site/job/United-States-of-America-New-York-New-York/US-Reporter---The-Insurer--Level-1-Journalist-_JREQ199928-1,https://thomsonreuters.wd5.myworkdayjobs.com/External_Career_Site/job/United-States-of-America-New-York-New-York/US-Reporter---The-Insurer--Level-1-Journalist-_JREQ199928-1,"financial services, reporting, communication skills, news coverage, insurance
The candidate has a strong background in technical project management and product management but lacks direct experience in journalism or reporting, particularly in the financial services or insurance sectors. While they possess good communication skills and experience with data analytics, they do not meet the minimum requirement of two years of newsroom experience, which is critical for this role.",,,,,2026-05-14T22:56:56.263840+00:00
,,,,3,Veterinary Specialty & Emergency Marketing Specialist,Innovetive Petcare,remote,,,"Remote, US (Remote)",https://innovetivepetcare.pinpointhq.com/postings/ebf5cca7-5641-4863-b500-b363dccf59b8?utm_medium=job_board&utm_source=indeed,https://www.indeed.com/viewjob?jk=883f499a0fd441cb,"marketing, veterinary healthcare, relationship management, project management, strategic planning, multi-location growth, communication, analytics
The candidate has a strong background in technical project management and product management, but lacks direct experience in veterinary marketing or the healthcare sector. While they possess transferable skills in project management and analytics, the significant gap in industry-specific experience and the required marketing expertise for veterinary healthcare makes this a weak match.",,,,,2026-05-14T21:52:47.996850+00:00
,,,,3,Vice President Sales Manulife Investments,Manulife,remote,,,"CAN, Quebec - Full Time Remote",https://manulife.wd3.myworkdayjobs.com/MFCJH_Jobs/job/CAN-Quebec---Full-Time-Remote/Vice-President-Sales-Manulife-Investments_JR26041578-1,https://manulife.wd3.myworkdayjobs.com/MFCJH_Jobs/job/CAN-Quebec---Full-Time-Remote/Vice-President-Sales-Manulife-Investments_JR26041578-1,"sales, financial services, investment products, relationship management, communication skills, bilingual, project management
The candidate has a strong technical background in data and project management but lacks direct experience in investment sales and the financial services industry, which are critical for this role. Additionally, there is no indication of experience with mutual funds, ETFs, or the required qualifications related to financial advising, making this a weak match overall.",,,,,2026-05-14T22:30:10.315458+00:00
,,,,3,"Vice President, External Relations",CAF America,remote,,,"Remote, US (Remote)",https://www.cafamerica.org/careers/?gnk=job&gni=8a78839e9de0709e019e22499f1b24a8&gns=Indeed+Free,https://www.indeed.com/viewjob?jk=8b29741be56629c4,"leadership, communications, business development, strategic planning, client experience, digital strategy, stakeholder engagement
The candidate has a strong background in technical project management and product management, but lacks direct experience in external relations, philanthropy, and the specific leadership role required for this position. While they have skills in communication and project management, the significant gap in relevant experience and the focus on technical aspects rather than strategic external affairs leads to a weak match for this role.",,,,,2026-05-14T21:52:47.996850+00:00
,,,,3,"Vice President, Global Value & Access",Moderna,onsite,,,,https://modernatx.wd1.myworkdayjobs.com/M_tx/job/Cambridge-Massachusetts/Vice-President--Global-Value---Access_R19178,https://modernatx.wd1.myworkdayjobs.com/M_tx/job/Cambridge-Massachusetts/Vice-President--Global-Value---Access_R19178,"Market Access, Pricing, Health Economics, Outcomes Research, Reimbursement Strategies, Evidence Generation, Leadership, Biopharmaceutical Industry
The candidate has experience in technical project management and product management, but lacks the extensive background in market access, pricing, and health economics specifically required for this role. Additionally, the candidate does not meet the 15+ years of experience in the biopharmaceutical industry or the 8+ years of market access leadership experience, indicating significant gaps in qualifications for this senior position.",,,,,2026-05-14T22:35:44.018180+00:00
,,,,3,Virtual Classroom Training Instructor,ScribeAmerica,remote,,,"Remote, US (Remote)",https://scribeamerica.hiringplatform.com/processes/23cd03e6-e951-4a2f-8fe0-73da93d8120f?locale=en&source=indeed,https://www.indeed.com/viewjob?jk=2da223ea7e17e781,"training, virtual classroom, learner engagement, technical support, compliance, presentation skills, project management
The candidate has strong project management and technical skills, but lacks direct experience in training or healthcare environments, which are critical for this role. While they have experience in managing teams and delivering projects, the absence of specific training or scribe experience, as well as knowledge of medical documentation, presents significant gaps for the Virtual Classroom Training Instructor position.",,,,,2026-05-14T21:31:37.952938+00:00
,,,,3,VS&A North America Business Development Manager - Strategic Partners,Motorola Solutions,remote,,,"Illinois Remote Work, More...",https://motorolasolutions.wd5.myworkdayjobs.com/Careers/job/Illinois-Remote-Work/VS-A-North-America-Business-Development-Manager---Strategic-Partners_R62732,https://motorolasolutions.wd5.myworkdayjobs.com/Careers/job/Illinois-Remote-Work/VS-A-North-America-Business-Development-Manager---Strategic-Partners_R62732,"business development, strategic partnerships, sales, video security solutions, customer-focused, analytics, communication skills, project management
The candidate has experience in product management and project management but lacks direct experience in video security solutions sales and managing national accounts, which are critical for this role. While they possess strong analytical and communication skills, the significant gap in relevant industry experience and specific sales expertise makes them a weak match for this position.",,,,,2026-05-14T21:59:19.671411+00:00
,,,,3,WAVE Systems Engineer,Motorola Solutions,remote,,,"Virginia Remote Work, More...",https://motorolasolutions.wd5.myworkdayjobs.com/Careers/job/Virginia-Remote-Work/WAVE-Systems-Engineer_R64594,https://motorolasolutions.wd5.myworkdayjobs.com/Careers/job/Virginia-Remote-Work/WAVE-Systems-Engineer_R64594,"VoIP, Unified Communications, IP networking, SQL, Windows OS, system administration, information assurance
The candidate has experience in project management and data analytics but lacks direct experience in unified communications systems, VoIP, and the specific networking and system administration skills required for the role. While there are some transferable skills in data management and technical project oversight, the significant gaps in relevant technical expertise and experience in the specific technologies mentioned in the job description indicate a weak match for this position.",,,,,2026-05-14T21:59:19.671411+00:00
,,,,3,Workday Certified Project Manager,Makse Group,remote,,,"Remote, US (Remote)",https://maksegroup.wd12.myworkdayjobs.com/en-US/openings/job/Remote---US/Certified-Workday-Project-Manager_JR100112,https://www.indeed.com/viewjob?jk=d03e1ae8b82ab7c5,"project management, Workday, implementation, client communication, risk management, cross-functional teams
The candidate has strong project management experience and technical skills, but lacks specific experience with Workday implementations and certification, which are critical for this role. While they have managed projects involving data and analytics, the absence of direct Workday experience and the required certification presents significant gaps for this position.",,,,,2026-05-14T21:36:03.741595+00:00
,,,,3,"리걸AI분석가 (5-6개월, 파트타임)",Thomson Reuters,hybrid,,,,https://thomsonreuters.wd5.myworkdayjobs.com/External_Career_Site/job/Korea-Republic-of-Seoul/AI--5-6---_JREQ200441,https://thomsonreuters.wd5.myworkdayjobs.com/External_Career_Site/job/Korea-Republic-of-Seoul/AI--5-6---_JREQ200441,"AI, legal research, collaboration, quality assurance, product management, data analysis, NLP, SQL, project management
The candidate has strong experience in product and project management, particularly in data and AI platforms, but lacks a law degree and the specific legal research experience required for the role. While they have relevant skills in data analysis and AI, the significant gap in legal qualifications and direct legal research experience makes this a weak match.",,,,,2026-05-14T22:01:57.065581+00:00
,,,,1,(Fixed Term) Manufacturing Associate I,Moderna,remote,,,,https://modernatx.wd1.myworkdayjobs.com/M_tx/job/Oxford---England/XMLNAME--Fixed-Term--Manufacturing-Associate-I_R19114,https://modernatx.wd1.myworkdayjobs.com/M_tx/job/Oxford---England/XMLNAME--Fixed-Term--Manufacturing-Associate-I_R19114,"GMP, manufacturing, technical proficiency, compliance, operational excellence
The candidate has a strong background in technical project management and data analytics but lacks any relevant experience in a GMP manufacturing environment or the specific skills required for the role, such as filtration, chromatography, and cold chain management. The candidate's experience is not aligned with the requirements of the position, making this a poor match.",,,,,2026-05-14T22:12:00.818278+00:00
,,,,1,(Fixed-Term) Manufacturing Associate II - Shift Position,Moderna,remote,,,,https://modernatx.wd1.myworkdayjobs.com/M_tx/job/Oxford---England/XMLNAME--Fixed-Term--Manufacturing-Associate---Shift-Position_R17721-1,https://modernatx.wd1.myworkdayjobs.com/M_tx/job/Oxford---England/XMLNAME--Fixed-Term--Manufacturing-Associate---Shift-Position_R17721-1,"GMP, manufacturing, compliance, operational excellence, technical skills
The candidate's experience as a Technical Product Manager and Project Manager in data and AI platforms does not align with the requirements for a Manufacturing Associate role in a GMP environment. There is no relevant experience in pharmaceutical production technology, manufacturing processes, or compliance with health and safety regulations, indicating a significant gap in required skills and experience.",,,,,2026-05-14T22:12:00.818278+00:00
,,,,1,"(Fixed-Term) Manufacturing Associate, Drug Substance - Shift Position",Moderna,remote,,,,https://modernatx.wd1.myworkdayjobs.com/M_tx/job/Oxford---England/XMLNAME--Fixed-Term--Manufacturing-Associate--Drug-Substance---Shift-Position_R17824-1,https://modernatx.wd1.myworkdayjobs.com/M_tx/job/Oxford---England/XMLNAME--Fixed-Term--Manufacturing-Associate--Drug-Substance---Shift-Position_R17824-1,"GMP manufacturing, production equipment, compliance, health and safety, operational excellence
The candidate's experience as a Technical Product Manager and Project Manager does not align with the requirements for a Manufacturing Associate role in a GMP environment. They lack direct experience in pharmaceutical production technology, operating production equipment, and adhering to cGMP regulations, which are critical for this position. The candidate's background is primarily in data and AI platforms, making them a poor match for this role.",,,,,2026-05-14T22:46:13.005291+00:00
,,,,1,"2026 Co-Op, Mass Spec",Moderna,onsite,,,,https://modernatx.wd1.myworkdayjobs.com/M_tx/job/Norwood-Massachusetts/XMLNAME-2026-Co-Op--Mass-Spec_R18900,https://modernatx.wd1.myworkdayjobs.com/M_tx/job/Norwood-Massachusetts/XMLNAME-2026-Co-Op--Mass-Spec_R18900,"protein analysis, molecular biology, cross-functional teams, analytical skills, documentation
The candidate's experience as a Technical Product Manager and Project Manager does not align with the scientific and laboratory-based requirements of the Co-Op position at Moderna. There is no relevant background in protein biochemistry, molecular biology, or any hands-on laboratory experience, making this a poor match for the role.",,,,,2026-05-14T22:12:00.818278+00:00
,,,,1,"Account Executive, Enterprise",Restaurant365,hybrid,"Remote, US (Remote)",,"Remote, US (Remote)",https://jobs.lever.co/restaurant365/92a5665e-ad5c-48ad-a60c-7ba4703e70b0?lever-source=Indeed,https://www.indeed.com/viewjob?jk=3d7cf12716f9431b,"sales, software sales, CRM, communication skills, presentation skills, networking, relationship building
The candidate's experience is primarily in technical product management and project management, with no direct sales experience or history in meeting sales quotas. The role requires a proven track record in sales, particularly in software, which the candidate does not possess. Additionally, there is no mention of experience with CRM systems like Salesforce, making this a poor match for the Account Executive position.",,,,,2026-05-14T21:48:33.976678+00:00
,,,,1,Accounting Manager,Thomson Reuters,hybrid,,,,https://thomsonreuters.wd5.myworkdayjobs.com/External_Career_Site/job/Poland-Gdansk/Accounting-Manager_JREQ199120,https://thomsonreuters.wd5.myworkdayjobs.com/External_Career_Site/job/Poland-Gdansk/Accounting-Manager_JREQ199120,"accounting, financial statements, project management, analytical skills, communication skills, ERP systems
The candidate's experience is primarily in technical product management and project management within data and AI platforms, with no relevant accounting or financial management experience. The job requires extensive knowledge of accounting principles, financial reporting, and management experience in finance, which the candidate does not possess.",,,,,2026-05-14T22:01:57.065581+00:00
,,,,1,"Accounting Manager, Statutory Reporting",Thomson Reuters,hybrid,,,,https://thomsonreuters.wd5.myworkdayjobs.com/External_Career_Site/job/Poland-Gdansk/Accounting-Manager_JREQ199073,https://thomsonreuters.wd5.myworkdayjobs.com/External_Career_Site/job/Poland-Gdansk/Accounting-Manager_JREQ199073,"accounting, statutory reporting, tax reporting, financial reporting, legal entity controllers, compliance, IFRS, GAAP
The candidate's experience is primarily in technical product management and project management within data and AI platforms, which is completely unrelated to the accounting and finance focus of the Accounting Manager role. There is no relevant experience in statutory reporting, tax compliance, or financial auditing, which are critical for this position.",,,,,2026-05-14T22:01:57.065581+00:00
,,,,1,"Accounting Manager, Statutory Reporting",Thomson Reuters,hybrid,,,,https://thomsonreuters.wd5.myworkdayjobs.com/External_Career_Site/job/United-Kingdom-London/Accounting-Manager_JREQ198280,https://thomsonreuters.wd5.myworkdayjobs.com/External_Career_Site/job/United-Kingdom-London/Accounting-Manager_JREQ198280,"accounting, statutory reporting, tax reporting, financial reporting, legal entity controllers, compliance, IFRS, GAAP
The candidate's experience is primarily in technical project management and product management within data and AI platforms, with no relevant background in accounting, statutory reporting, or finance roles. The job requires significant expertise in accounting principles and practices, which the candidate does not possess, resulting in a poor match for this role.",,,,,2026-05-14T22:01:57.065581+00:00
,,,,1,Acquisition Sales Specialist - MLF,Thomson Reuters,unknown,,,,https://thomsonreuters.wd5.myworkdayjobs.com/External_Career_Site/job/United-States-of-America-Eagan-Minnesota/Acquisition-Sales-Specialist---MLF_JREQ200565,https://thomsonreuters.wd5.myworkdayjobs.com/External_Career_Site/job/United-States-of-America-Eagan-Minnesota/Acquisition-Sales-Specialist---MLF_JREQ200565,"sales, B2B sales, new logo acquisition, pipeline creation, outbound prospecting, law firms
The candidate's experience is primarily in technical project management and product management within data and AI platforms, with no demonstrated experience in sales, particularly in a quota-carrying role or within the legal sector. The lack of relevant sales experience and the focus on technical roles indicate a poor match for the Acquisition Sales Specialist position.",,,,,2026-05-14T22:01:57.065581+00:00
,,,,1,Affiliate Clinical Counselor EAP Sorel-Tracy,TELUS Health,unknown,,,,https://lifeworks.wd3.myworkdayjobs.com/External/job/Affili-PAE-Sorel-Tracy_R-20814,https://lifeworks.wd3.myworkdayjobs.com/External/job/Affili-PAE-Sorel-Tracy_R-20814,"counseling, clinical experience, social work, psychology, psychotherapy, community resources
The candidate's experience is primarily in technical product management and project management within data and AI platforms, with no relevant background in counseling, social work, or psychology. The job requires specific qualifications and experience in mental health services, which the candidate does not possess.",,,,,2026-05-14T22:41:40.095518+00:00
,,,,1,Assistant Superintendent,"Henning Companies, LLC",remote,,,"Remote, US (Remote)",https://secure7.saashr.com/ta/6206113.careers?ShowJob=604439907,https://www.indeed.com/viewjob?jk=08ebf965f4d512cd,"construction, project management, safety, team leadership, communication
The candidate has a strong background in technical project management and data analytics but lacks any relevant experience in the construction field, which is a key requirement for the Assistant Superintendent role. The skills and experiences listed do not align with the specific responsibilities and qualifications needed for this position, resulting in a poor match.",,,,,2026-05-14T21:29:36.448824+00:00
,,,,1,"Associate Director, Pharmacovigilance Country Head – Mexico",Moderna,onsite,,,,https://modernatx.wd1.myworkdayjobs.com/M_tx/job/Ciudad-de-Mxico---Mexico/Associate-Director--Pharmacovigilance-Country-Head---Mexico_R18969-1,https://modernatx.wd1.myworkdayjobs.com/M_tx/job/Ciudad-de-Mxico---Mexico/Associate-Director--Pharmacovigilance-Country-Head---Mexico_R18969-1,"pharmacovigilance, regulatory compliance, ICSR, risk management, COFEPRIS, leadership, quality management system, data analysis
The candidate has no relevant experience in pharmacovigilance or the pharmaceutical industry, which is critical for this role. Additionally, the job requires a strong understanding of Mexican regulations and direct interaction with regulatory authorities, which the candidate does not possess. Overall, the candidate's background is completely unrelated to the requirements of this position.",,,,,2026-05-14T22:35:44.018180+00:00
,,,,1,Bilingual Clinical Guide: Cardiology Nurse,Devoted Health,remote,,,"Remote, US (Remote)",https://devoted.wd1.myworkdayjobs.com/en-US/Devoted/job/Remote-USA/Bilingual-Clinical-Guide--Cardiology-Nurse_R3162-1,https://www.indeed.com/viewjob?jk=0bdd332b20c90df8,"RN license, bilingual, telehealth, nursing assessments, cardiac care
The candidate does not possess the required RN license or any nursing experience, which are critical for the role of a Clinical Guide in Cardiology. Additionally, the candidate's background is in technical product management and project management rather than healthcare, making them a poor fit for this position.",,,,,2026-05-14T21:37:59.870693+00:00
,,,,1,Business Development Manager – United States,Motorola Solutions,remote,,,Georgia Remote Work,https://motorolasolutions.wd5.myworkdayjobs.com/Careers/job/Georgia-Remote-Work/Business-Development-Manager---United-States_R64902,https://motorolasolutions.wd5.myworkdayjobs.com/Careers/job/Georgia-Remote-Work/Business-Development-Manager---United-States_R64902,"Business Development, Sales Cycle, RF Technology, Stakeholder Engagement, Government Sales, Defense, Telecommunications
The candidate's experience is primarily in technical project management and product management within data and AI platforms, with no relevant background in business development, sales, or the defense industry. There is a significant gap in required skills and experience, particularly in RF technology and government sales processes, making this a poor match for the role.",,,,,2026-05-14T21:59:19.671411+00:00
,,,,1,Clinical Guide: Cardiology Nurse,Devoted Health,remote,,,"Remote, US (Remote)",https://devoted.wd1.myworkdayjobs.com/en-US/Devoted/job/Remote-USA/Clinical-Guide--Cardiology-Nurse_R3163,https://www.indeed.com/viewjob?jk=3b050f0e7c3ebb4e,"RN license, cardiac experience, telehealth, nursing assessments, interdisciplinary team, health coaching
The candidate has no relevant nursing experience or an RN license, which are critical requirements for this role. Their background in technical project management and product management does not align with the clinical and healthcare-focused responsibilities outlined in the job description.",,,,,2026-05-14T21:37:59.870693+00:00
,,,,1,Corporate - Accounting Manager,indeed,remote,,,"Remote, US (Remote)",https://transformingage.wd108.myworkdayjobs.com/en-US/JoinUs/job/Remote---US/Corporate---Accounting-Manager_JR101454,https://www.indeed.com/viewjob?jk=278e484164c8bbf9,"accounting, GAAP, financial reporting, CPA, month-end close, audits, financial analysis
The candidate's experience is primarily in technical project management and product management within data and AI platforms, with no relevant accounting experience or qualifications such as a CPA license. The job requires a strong background in accounting principles, financial reporting, and management of accounting staff, which the candidate does not possess.",,,,,2026-05-14T21:29:36.448824+00:00
,,,,1,"Country Head, Regulatory Affairs, Australia and New Zealand",Moderna,onsite,,,,https://modernatx.wd1.myworkdayjobs.com/M_tx/job/Melbourne---Australia/Country-Head--Regulatory-Affairs--Australia-and-New-Zealand_R19039-1,https://modernatx.wd1.myworkdayjobs.com/M_tx/job/Melbourne---Australia/Country-Head--Regulatory-Affairs--Australia-and-New-Zealand_R19039-1,"regulatory strategy, regulatory submissions, pharmaceutical, biotech, TGA, Medsafe, leadership, compliance, public health
The candidate has a strong background in technical project management and product management within data and AI platforms, but lacks any direct experience in regulatory affairs, pharmaceuticals, or biotech. The role requires extensive experience (15+ years) in regulatory strategy and knowledge of specific regulatory frameworks, which the candidate does not possess.",,,,,2026-05-14T22:12:00.818278+00:00
,,,,1,Country Medical Director - Taiwan,Moderna,onsite,,,,https://modernatx.wd1.myworkdayjobs.com/M_tx/job/TWN---Taipei---Xinyi---101-Tower/Country-Medical-Director---Taiwan_R18981-1,https://modernatx.wd1.myworkdayjobs.com/M_tx/job/TWN---Taipei---Xinyi---101-Tower/Country-Medical-Director---Taiwan_R18981-1,"medical affairs, vaccines, public health, scientific leadership, stakeholder engagement, clinical research, regulatory requirements
The candidate's experience as a Technical Product Manager and Project Manager in data and AI platforms does not align with the medical and pharmaceutical focus of the Country Medical Director role. There is no relevant background in life sciences, medical affairs, or vaccine development, which are critical for this position. The significant gap in required qualifications and experience leads to a poor match.",,,,,2026-05-14T22:12:00.818278+00:00
,,,,1,Director of Hardware Engineering - Video Devices,Motorola Solutions,remote,,,"Texas Remote Work, More...",https://motorolasolutions.wd5.myworkdayjobs.com/Careers/job/Texas-Remote-Work/Director-of-Hardware-Engineering---Video-Devices_R64889,https://motorolasolutions.wd5.myworkdayjobs.com/Careers/job/Texas-Remote-Work/Director-of-Hardware-Engineering---Video-Devices_R64889,"hardware engineering, video devices, product development, team leadership, electrical engineering, mechanical engineering
The candidate's experience is primarily in technical project management and product management within data and AI platforms, with no direct experience in hardware engineering or video devices. The role requires deep technical knowledge in electrical and mechanical engineering, as well as extensive leadership experience in a hardware context, which the candidate does not possess.",,,,,2026-05-14T21:59:19.671411+00:00
,,,,1,"Director, Clinical Pharmacology",Moderna,onsite,,,,https://modernatx.wd1.myworkdayjobs.com/M_tx/job/Cambridge-Massachusetts/Director--Clinical-Pharmacology_R18458-1,https://modernatx.wd1.myworkdayjobs.com/M_tx/job/Cambridge-Massachusetts/Director--Clinical-Pharmacology_R18458-1,"clinical pharmacology, pharmacometrics, drug development, regulatory documents, PK/PD, modeling, simulation
The candidate's experience as a Technical Product Manager and in data analytics does not align with the specialized requirements of the Director, Clinical Pharmacology role, which demands a PhD in a related field and extensive experience in clinical pharmacology and drug development. The candidate lacks the necessary background in pharmacometrics, regulatory interactions, and the specific therapeutic knowledge required for this position.",,,,,2026-05-14T22:02:20.415246+00:00
,,,,1,"Director, People & Leader Advisory - UKI",Thomson Reuters,hybrid,,,,https://thomsonreuters.wd5.myworkdayjobs.com/External_Career_Site/job/United-Kingdom-London/Director--People---Leader-Advisory---UKI_JREQ200604,https://thomsonreuters.wd5.myworkdayjobs.com/External_Career_Site/job/United-Kingdom-London/Director--People---Leader-Advisory---UKI_JREQ200604,"HR leadership, employee relations, performance management, organizational change, compliance, crisis response, team development, HR consultation
The candidate's experience is primarily in technical product management and project management within data and AI platforms, with no relevant HR experience or knowledge of UK and Ireland employment law. The role requires extensive HR expertise and leadership skills that the candidate does not possess, making this a poor match for the position.",,,,,2026-05-14T22:01:57.065581+00:00
,,,,1,"Engineer III, Electrical",Moderna,remote,,,,https://modernatx.wd1.myworkdayjobs.com/M_tx/job/Norwood-Massachusetts/Engineer-III--Electrical_R18844-1,https://modernatx.wd1.myworkdayjobs.com/M_tx/job/Norwood-Massachusetts/Engineer-III--Electrical_R18844-1,"electrical engineering, facilities, utilities, manufacturing, GMP, reliability, troubleshooting, root cause analysis, FMEA
The candidate has no relevant experience in electrical engineering or the specific requirements outlined in the job description. Their background is primarily in product and project management within data and AI platforms, which does not align with the technical skills and industry knowledge needed for this role.",,,,,2026-05-14T22:12:00.818278+00:00
,,,,1,Executive Assistant,Thomson Reuters,hybrid,,,,https://thomsonreuters.wd5.myworkdayjobs.com/External_Career_Site/job/Poland-Gdansk/Executive-Assistant_JREQ200466,https://thomsonreuters.wd5.myworkdayjobs.com/External_Career_Site/job/Poland-Gdansk/Executive-Assistant_JREQ200466,"executive assistant, administrative support, scheduling, communication skills, confidentiality, organizational skills
The candidate's experience as a Technical Product Manager and Project Manager is heavily focused on technical and product management skills, which do not align with the administrative and executive support requirements of the Executive Assistant role. There is no relevant experience in scheduling, managing executive correspondence, or providing administrative support, making this a poor match for the position.",,,,,2026-05-14T22:01:57.065581+00:00
,,,,1,"Executive Director, CMC Regulatory Science",Moderna,onsite,,,,https://modernatx.wd1.myworkdayjobs.com/M_tx/job/Norwood-Massachusetts/Executive-Director--CMC-Regulatory-Science_R19075-1,https://modernatx.wd1.myworkdayjobs.com/M_tx/job/Norwood-Massachusetts/Executive-Director--CMC-Regulatory-Science_R19075-1,"CMC, regulatory, submissions, pharmaceutical, biotech, quality, documentation, IND, CTA, BLA, MAA, DMF, ASMF, US regulations, EU regulations, communication
The candidate has a background in technical project management and product management within data and AI platforms, but lacks any relevant experience in CMC regulatory science or the pharmaceutical/biotech industry. The job requires extensive experience in regulatory submissions and knowledge of specific regulations, which the candidate does not possess.",,,,,2026-05-14T22:35:44.018180+00:00
,,,,1,External Wholesaler - Mass Market,Manulife,remote,,,"CAN, Quebec - Full Time Remote",https://manulife.wd3.myworkdayjobs.com/MFCJH_Jobs/job/CAN-Quebec---Full-Time-Remote/Wholesaler---Mass-Market_JR26031059-1,https://manulife.wd3.myworkdayjobs.com/MFCJH_Jobs/job/CAN-Quebec---Full-Time-Remote/Wholesaler---Mass-Market_JR26031059-1,"sales, relationship-building, communication skills, insurance, consultative selling, marketing support
The candidate's experience is primarily in technical product management and project management within data and AI platforms, which is completely unrelated to the sales and insurance focus of the External Wholesaler role. There is no indication of experience in insurance sales, relationship management with advisors, or the required consultative selling skills, leading to a poor match for this position.",,,,,2026-05-14T22:17:10.020978+00:00
,,,,1,Field Adjuster - Panhandle,Security First Insurance Company (Security First Managers),remote,,,"Remote, US (Remote)",https://securityfirstmanagers.hrmdirect.com/employment/view.php?req=3714478&jbsrc=1014&location=1a653385-0b21-5493-5877-f13a407037c4,https://www.indeed.com/viewjob?jk=843055b4ba0f8a8d,"property claims, customer service, documentation, inspections, repair estimates
The candidate has a strong background in technical project management and product management, but lacks any direct experience in property claims handling or the specific skills required for a Field Adjuster role. The job requires a minimum of 2 years in property claims and relevant certifications, which the candidate does not possess.",,,,,2026-05-14T21:29:36.448824+00:00
,,,,1,"Field Service Technician - Nassau County, NY",Motorola Solutions,remote,,,New York Remote Work,https://motorolasolutions.wd5.myworkdayjobs.com/Careers/job/New-York-Remote-Work/Field-Service-Technician---Nassau-County--NY_R64078,https://motorolasolutions.wd5.myworkdayjobs.com/Careers/job/New-York-Remote-Work/Field-Service-Technician---Nassau-County--NY_R64078,"RF systems, networking, technical support, troubleshooting, communication systems
The candidate's experience as a Technical Product Manager and Project Manager does not align with the specific technical requirements of the Field Service Technician role, which focuses on RF systems, wired/wireless communication systems, and hands-on technical support. The candidate lacks direct experience in telecommunications, RF communications, and the necessary certifications, making this a poor match for the position.",,,,,2026-05-14T21:59:19.671411+00:00
,,,,1,Field Service Technician - Northern Illinois,Motorola Solutions,remote,,,Illinois Remote Work,https://motorolasolutions.wd5.myworkdayjobs.com/Careers/job/Illinois-Remote-Work/Field-Service-Technician---Northern-Illinois_R63404,https://motorolasolutions.wd5.myworkdayjobs.com/Careers/job/Illinois-Remote-Work/Field-Service-Technician---Northern-Illinois_R63404,"Field Service Technician, technical support, troubleshooting, communications systems, RF, networking, Motorola equipment
The candidate's experience as a Technical Product Manager and Project Manager does not align with the technical requirements of the Field Service Technician role, which focuses on RF communication systems, troubleshooting hardware, and installation of specialized systems. The candidate lacks direct experience with Motorola equipment, RF infrastructure, and the specific technical skills required for this position.",,,,,2026-05-14T21:59:19.671411+00:00
,,,,1,Fixed Term Manufacturing Associate II,Moderna,remote,,,,https://modernatx.wd1.myworkdayjobs.com/M_tx/job/Oxford---England/Fixed-Term-Manufacturing-Associate-II_R19105,https://modernatx.wd1.myworkdayjobs.com/M_tx/job/Oxford---England/Fixed-Term-Manufacturing-Associate-II_R19105,"GMP manufacturing, operational execution, digital proficiency, compliance, collaboration
The candidate's experience as a Technical Product Manager and Project Manager does not align with the requirements of a manufacturing associate role, particularly in a GMP environment. There is no relevant experience in pharmaceutical production technology, manufacturing operations, or the specific skills needed for the role, such as filtration and chromatography. The candidate's background is in data and AI platforms rather than hands-on manufacturing or operational roles.",,,,,2026-05-14T22:35:44.018180+00:00
,,,,1,General Construction Cost Estimator-Federal,BRS,hybrid,"Remote, US (Remote)",,"Remote, US (Remote)",https://jobs.dayforcehcm.com/en-US/brs/PPSCANDIDATEPORTAL/jobs/31724,https://www.indeed.com/viewjob?jk=8937363d7b8f30ed,"electrical construction, estimating, project management, communication, teamwork
The candidate's experience as a Technical Product Manager and Project Manager does not align with the specific requirements of a General Construction Cost Estimator, particularly in the electrical construction field. The candidate lacks direct experience in construction estimating, electrical takeoffs, and relevant software tools, which are critical for this role.",,,,,2026-05-14T21:29:36.448824+00:00
,,,,1,Global Tax Accountant,Ciena,remote,,,Remote-US-MD,https://ciena.wd5.myworkdayjobs.com/Careers/job/Remote-US-MD/Global-Tax-Accountant_R030707,https://ciena.wd5.myworkdayjobs.com/Careers/job/Remote-US-MD/Global-Tax-Accountant_R030707,"tax compliance, tax workpapers, U.S. federal tax regulations, international tax, CPA, accounting
The candidate's experience is primarily in technical project management and product management within data and AI platforms, with no relevant background in accounting or tax roles. The job requires specific expertise in tax compliance and accounting practices, which the candidate does not possess, resulting in a poor match.",,,,,2026-05-14T22:18:53.128608+00:00
,,,,1,Google Ads Specialist – eCommerce,Thriftizer Sulutions LLP,remote,,,"Remote, US (Remote)",http://www.indeed.com/job/google-ads-specialist-ecommerce-24c832ded2f84be1,https://www.indeed.com/viewjob?jk=24c832ded2f84be1,"Google Ads, eCommerce, campaign management, Google Analytics, performance marketing
The candidate's experience is primarily in technical project management and product management within data and AI platforms, with no relevant experience in Google Ads or eCommerce marketing. There is a significant gap in the required skills and experience for this role, making it a poor match.",,,,,2026-05-14T21:52:47.996850+00:00
,,,,1,Inbound Sales Manager,Adobe,remote,,,Remote India,https://adobe.wd5.myworkdayjobs.com/external_experienced/job/Remote-India/Inbound-Sales-Manager_R166997,https://adobe.wd5.myworkdayjobs.com/external_experienced/job/Remote-India/Inbound-Sales-Manager_R166997,"sales, management, customer experience, innovation, AI
The candidate's experience is primarily in technical project and product management roles focused on data and AI platforms, with no relevant experience in sales or customer-facing roles. The job description for the Inbound Sales Manager requires skills and experience in sales management and customer experience, which the candidate lacks entirely.",,,,,2026-05-14T22:21:34.326711+00:00
,,,,1,Intermediate Mainframe Application Developer,BMO,remote,,,"REMOTE/TELETRAVAIL, ON, CAN",https://bmo.wd3.myworkdayjobs.com/External/job/REMOTETELETRAVAIL-ON-CAN/Intermediate-Mainframe-Application-Developer_R260000527,https://bmo.wd3.myworkdayjobs.com/External/job/REMOTETELETRAVAIL-ON-CAN/Intermediate-Mainframe-Application-Developer_R260000527,"mainframe, COBOL, z/OS, CICS, PL/1, TSO, DB2, VSAM, JCL, automation, software development
The candidate has no relevant experience or skills related to mainframe technologies or programming languages such as COBOL, PL/1, or z/OS, which are critical for this role. Their background in product management and project management does not align with the technical requirements of a mainframe application developer position.",,,,,2026-05-14T22:38:01.137015+00:00
,,,,1,INTERVIEWING NOW FOR CALIFORNIA!! - LICENSED CLINICAL THERAPIST - LCSW/LPCC/LMFT – Adult Evening IOP Virtual Group Therapist..,HealthLinkNow,remote,,,"Remote, US (Remote)",https://uhs.jibeapply.com/careers/jobs/352885/job?utm_source=indeed_integration&iis=Job%20Board&iisn=Indeed&indeed-apply-token=73a2d2b2a8d6d5c0a62696875eaebd669103652d3f0c2cd5445d3e66b1592b0f,https://www.indeed.com/viewjob?jk=c3aa9fb4c72e32d7,"Licensed Clinical Therapist, Telehealth, Group Therapy, Substance Abuse, Patient Care
The candidate's experience is primarily in technical project management and product management within data and AI platforms, with no relevant qualifications or experience in clinical therapy or mental health. There is a complete mismatch between the candidate's background and the requirements for a licensed clinical therapist role, which necessitates specific licensure and clinical experience.",,,,,2026-05-14T21:44:13.352357+00:00
,,,,1,Linux Engineer,Moderna,hybrid,,,,https://modernatx.wd1.myworkdayjobs.com/M_tx/job/Warsaw---Poland/Linux-Engineer_R18571-1,https://modernatx.wd1.myworkdayjobs.com/M_tx/job/Warsaw---Poland/Linux-Engineer_R18571-1,"Linux, automation, system integration, troubleshooting, cloud platforms, Python, enterprise Linux, performance, availability, security
The candidate's experience is primarily in product and project management within data and AI platforms, lacking any direct experience with Linux systems engineering or the specific technical skills required for the role. There is no evidence of familiarity with Linux distributions, automation tools, or system performance management, which are critical for this position. Overall, the candidate is not a fit for this role.",,,,,2026-05-14T22:02:20.415246+00:00
,,,,1,"Market Access & Public Affairs Lead, Italy",Moderna,remote,,,,https://modernatx.wd1.myworkdayjobs.com/M_tx/job/Remote---Italy/Market-Access---Public-Affairs-Lead--Italy_R18740-1,https://modernatx.wd1.myworkdayjobs.com/M_tx/job/Remote---Italy/Market-Access---Public-Affairs-Lead--Italy_R18740-1,"Market Access, Public Affairs, Healthcare, Vaccine, Reimbursement, Stakeholder Management, Italian Healthcare System
The candidate's experience is primarily in technical project management and product management within data and AI platforms, which is completely unrelated to the market access and public affairs role in the pharmaceutical industry. There is no demonstrated experience in healthcare policy, market access strategies, or engagement with public health institutions, which are critical for this position.",,,,,2026-05-14T22:12:00.818278+00:00
,,,,1,"Market Development Executive, U.S. Navy",Motorola Solutions,remote,,,"California Southern Remote Work, More...",https://motorolasolutions.wd5.myworkdayjobs.com/Careers/job/California-Southern-Remote-Work/Market-Development-Executive--US-Navy_R60979,https://motorolasolutions.wd5.myworkdayjobs.com/Careers/job/California-Southern-Remote-Work/Market-Development-Executive--US-Navy_R60979,"strategic relationship management, government relations, defense industry, Navy, modernization, tactical communications
The candidate's experience as a Technical Product Manager and Project Manager does not align with the requirements for a Market Development Executive focused on the U.S. Navy. There is no evidence of direct experience in strategic relationship management within the defense industry or established contacts within the Navy, which are critical for this role. Additionally, the candidate lacks the required senior-level Navy experience and security clearance.",,,,,2026-05-14T22:22:43.289579+00:00
,,,,1,"Market Development Executive, United States Air Force & Space Force",Motorola Solutions,remote,,,"California Southern Remote Work, More...",https://motorolasolutions.wd5.myworkdayjobs.com/Careers/job/California-Southern-Remote-Work/Market-Development-Executive--United-States-Air-Force---Space-Force_R61169,https://motorolasolutions.wd5.myworkdayjobs.com/Careers/job/California-Southern-Remote-Work/Market-Development-Executive--United-States-Air-Force---Space-Force_R61169,"strategic relationship management, account management, government relations, defense industry, USAF, USSF, communications technologies
The candidate has a strong background in technical project management and product development, but lacks any direct experience or qualifications related to the defense industry, specifically within the U.S. Air Force or Space Force. Additionally, there is no evidence of established relationships within the required military organizations or knowledge of their mission structures, making this a poor match for the role.",,,,,2026-05-14T22:22:43.289579+00:00
,,,,1,Mechanical Claims Adjuster,"DKP Administration, Inc.",remote,,,"Remote, US (Remote)",http://www.indeed.com/job/mechanical-claims-adjuster-f8225e4210ec6367,https://www.indeed.com/viewjob?jk=f8225e4210ec6367,"automotive service, mechanical claims, customer service, problem-solving, teamwork
The candidate's experience and skills are primarily in technical product management, data analytics, and project management, with no relevant background in the automotive service industry or mechanical claims adjustment. There is a significant gap in required experience and knowledge for this role, making it a poor match.",,,,,2026-05-14T21:44:13.352357+00:00
,,,,1,National Market Access Lead (m/w/d),Moderna,onsite,,,,https://modernatx.wd1.myworkdayjobs.com/M_tx/job/Munich---Germany/National-Market-Access-Lead--m-w-d-_R18556-1,https://modernatx.wd1.myworkdayjobs.com/M_tx/job/Munich---Germany/National-Market-Access-Lead--m-w-d-_R18556-1,"market access, pricing strategy, reimbursement, German healthcare, HTA, real-world evidence, stakeholder management
The candidate's experience as a Technical Product Manager and Project Manager does not align with the specific requirements of the National Market Access Lead role, which demands extensive experience in pharmaceutical market access, pricing, and engagement with German health authorities. The candidate lacks the necessary background in healthcare policy, German reimbursement systems, and fluency in German, making them a poor fit for this position.",,,,,2026-05-14T22:26:35.890133+00:00
,,,,1,PATENT PROSECUTION COORDINATOR – 100% Remote,McNeill PLLC,remote,,,"Remote, US (Remote)",http://www.indeed.com/job/patent-prosecution-coordinator-100-remote-3b22159905f1aaf8,https://www.indeed.com/viewjob?jk=3b22159905f1aaf8,"patent prosecution, PCT applications, docketing systems, IP law, administrative support
The candidate has no relevant experience in patent prosecution or IP law, which are critical for this role. Their background is primarily in technical project management and product management within data and AI platforms, which does not align with the specific requirements of the patent prosecution coordinator position.",,,,,2026-05-14T21:44:13.352357+00:00
,,,,1,Payroll Manager,Mary Welsh Foundation Inc,remote,,,"Remote, US (Remote)",http://www.indeed.com/job/payroll-manager-e39c59daab888eb4,https://www.indeed.com/viewjob?jk=e39c59daab888eb4,"payroll processing, accounting software, HRIS systems, data entry, benefits administration
The candidate's experience is primarily in technical project management and product management within data and AI platforms, with no relevant experience in payroll management or the specific software mentioned in the job description. There are significant gaps in the required skills and experience for this payroll manager role, making it a poor match.",,,,,2026-05-14T21:44:13.352357+00:00
,,,,1,Photonics Process Integration Expert,Ciena,remote,,,Remote - Malaysia,https://ciena.wd5.myworkdayjobs.com/Careers/job/Remote---Malaysia/Photonics-Process-Integration-Expert_R030720,https://ciena.wd5.myworkdayjobs.com/Careers/job/Remote---Malaysia/Photonics-Process-Integration-Expert_R030720,"photonics, semiconductor, process integration, circuit design, manufacturing, yield optimization, Engineering Change Orders (ECOs)
The candidate's experience as a Technical Product Manager and Project Manager does not align with the highly specialized requirements of the Photonics Process Integration Expert role. There is no relevant experience in photonics, semiconductor process integration, or the specific technical skills required for this position, resulting in a poor match.",,,,,2026-05-14T22:06:26.829660+00:00
,,,,1,"Principal Engineer, HVAC, Mechanical, and Sustainability",Moderna,remote,,,,https://modernatx.wd1.myworkdayjobs.com/M_tx/job/Norwood-Massachusetts/Principal-Engineer--HVAC--Mechanical--and-Sustainability_R18856-1,https://modernatx.wd1.myworkdayjobs.com/M_tx/job/Norwood-Massachusetts/Principal-Engineer--HVAC--Mechanical--and-Sustainability_R18856-1,"HVAC, mechanical engineering, sustainability, project management, regulatory compliance
The candidate's experience is primarily in technical product management and project management within data and AI platforms, with no relevant background in HVAC, mechanical engineering, or sustainability. The job requires deep technical knowledge and extensive experience in HVAC systems, which the candidate does not possess, resulting in a poor match for the role.",,,,,2026-05-14T22:12:00.818278+00:00
,,,,1,"Process Technician, Electrical",Moderna,remote,,,,https://modernatx.wd1.myworkdayjobs.com/M_tx/job/Melbourne---Australia/Process-Technician--Electrical_R17966,https://modernatx.wd1.myworkdayjobs.com/M_tx/job/Melbourne---Australia/Process-Technician--Electrical_R17966,"Electrical Engineer, GMP, troubleshooting, maintenance management, compliance, safety, regulatory requirements
The candidate's experience as a Technical Product Manager and Project Manager does not align with the technical and hands-on requirements of the Process Technician role, particularly in electrical engineering and GMP environments. There is no evidence of relevant electrical qualifications, trade licenses, or experience in a regulated manufacturing setting, resulting in a poor match for this position.",,,,,2026-05-14T22:12:00.818278+00:00
,,,,1,"Process Technician, Mechanical",Moderna,remote,,,,https://modernatx.wd1.myworkdayjobs.com/M_tx/job/Melbourne---Australia/Process-Technician--Mechanical_R17945,https://modernatx.wd1.myworkdayjobs.com/M_tx/job/Melbourne---Australia/Process-Technician--Mechanical_R17945,"mechanical, maintenance, GMP, troubleshooting, process equipment, engineering
The candidate's experience is primarily in technical product management and project management within data and AI platforms, which is completely unrelated to the mechanical and maintenance-focused role of a Process Technician at Moderna. There are no relevant technical skills or experience in mechanical systems, GMP environments, or hands-on maintenance work, resulting in a poor match for the position.",,,,,2026-05-14T22:12:00.818278+00:00
,,,,1,Project Manager (Pipeline Construction Contractor),LONGHORN STAFFING SOLUTIONS,unknown,,,,,https://www.linkedin.com/jobs/view/4413431344,"project management, construction, pipeline, budgeting, subcontractors, field coordination
The candidate has no relevant experience in pipeline construction or facilities management, which is a critical requirement for this role. Their background is primarily in technical product management and data analytics, which does not align with the hands-on project management experience needed in the construction industry.",,,,,2026-05-14T21:42:01.891331+00:00
,,,,1,Regional Sales Executive - Automotive Marketing,Dealer Alchemist,remote,,,"Remote, US (Remote)",https://ht-jobs.net/tdm9qku?s=in,https://www.indeed.com/viewjob?jk=4d5b543f2df7cd06,"sales, automotive, digital marketing, client relationship management, CRM, ad tech
The candidate's experience is primarily in technical project management and product management within data and AI platforms, with no relevant sales experience or background in the automotive industry. The job requires a strong sales background and specific industry knowledge that the candidate does not possess, resulting in a poor match for the role.",,,,,2026-05-14T21:37:59.870693+00:00
,,,,1,Regional Sales Manager,Canadian Solar,remote,,,US - Remote,https://canadiansolar.wd5.myworkdayjobs.com/CanadianSolar/job/US---Remote/Regional-Sales-Manager_10001174,https://canadiansolar.wd5.myworkdayjobs.com/CanadianSolar/job/US---Remote/Regional-Sales-Manager_10001174,"sales, B2B, photovoltaic, renewable energy, account penetration, customer relationships, technical sales
The candidate has a strong background in technical project management and product management but lacks any direct experience in sales, particularly in the photovoltaic industry. The role requires significant B2B sales experience and a strong network in renewable energy, which the candidate does not possess. Therefore, there is a substantial mismatch between the candidate's experience and the job requirements.",,,,,2026-05-14T22:13:28.680494+00:00
,,,,1,Regional Sales Manager - SLF,Thomson Reuters,unknown,,,,https://thomsonreuters.wd5.myworkdayjobs.com/External_Career_Site/job/United-States-of-America-Los-Angeles-California/Regional-Sales-Manager---SLF_JREQ200158-1,https://thomsonreuters.wd5.myworkdayjobs.com/External_Career_Site/job/United-States-of-America-Los-Angeles-California/Regional-Sales-Manager---SLF_JREQ200158-1,"sales, account management, coaching, leadership, B2B, AI, SaaS, forecasting, communication
The candidate's experience is primarily in technical product management and project management, with no relevant sales or account management experience. The role requires a strong background in sales leadership within the legal market, which the candidate does not possess. Additionally, the candidate lacks the necessary qualifications and experience in B2B sales and coaching sales processes.",,,,,2026-05-14T22:01:57.065581+00:00
,,,,1,"Regional Sales Manager, Avtec - Northwest",Motorola Solutions,remote,,,"Colorado Remote Work, More...",https://motorolasolutions.wd5.myworkdayjobs.com/Careers/job/Colorado-Remote-Work/Regional-Sales-Manager--Avtec---Northwest_R63600,https://motorolasolutions.wd5.myworkdayjobs.com/Careers/job/Colorado-Remote-Work/Regional-Sales-Manager--Avtec---Northwest_R63600,"sales, technology sales, public safety, channel partners, Salesforce, quota, enterprise level
The candidate's experience is primarily in technical project management and product management within data and AI platforms, with no direct experience in sales, particularly in technology sales or public safety. The role requires a proven track record in sales and developing channel networks, which the candidate does not possess, resulting in a poor match for the position.",,,,,2026-05-14T21:59:19.671411+00:00
,,,,1,"Regional Sales Manager, Mid Size Law Firms",Thomson Reuters,unknown,,,,https://thomsonreuters.wd5.myworkdayjobs.com/External_Career_Site/job/United-States-of-America-Eagan-Minnesota/Regional-Sales-Manager--Mid-Size-Law-Firms_JREQ200463-1,https://thomsonreuters.wd5.myworkdayjobs.com/External_Career_Site/job/United-States-of-America-Eagan-Minnesota/Regional-Sales-Manager--Mid-Size-Law-Firms_JREQ200463-1,"sales management, coaching, customer relationships, business development, legal market
The candidate's experience is primarily in technical product and project management within data and AI platforms, with no relevant background in sales management or the legal market. The skills and responsibilities outlined in the job description do not align with the candidate's experience, indicating a poor match for the role.",,,,,2026-05-14T22:01:57.065581+00:00
,,,,1,RF / Microwave Practice Office Engineer,Motorola Solutions,remote,,,"Maryland Remote Work, More...",https://motorolasolutions.wd5.myworkdayjobs.com/Careers/job/Maryland-Remote-Work/RF---Microwave-Practice-Office-Engineer_R63337,https://motorolasolutions.wd5.myworkdayjobs.com/Careers/job/Maryland-Remote-Work/RF---Microwave-Practice-Office-Engineer_R63337,"RF, Microwave, wireless systems, troubleshooting, communication systems, field engineering
The candidate has no relevant experience or skills related to RF or microwave engineering, which are critical for this role. Their background in product management and data analytics does not align with the technical requirements of the position, making them a poor match for the job.",,,,,2026-05-14T22:09:56.379824+00:00
,,,,1,Sales Development Representative,Thomson Reuters,hybrid,,,,https://thomsonreuters.wd5.myworkdayjobs.com/External_Career_Site/job/Mexico-Mexico-City/Sales-Development-Representative_JREQ199975-1,https://thomsonreuters.wd5.myworkdayjobs.com/External_Career_Site/job/Mexico-Mexico-City/Sales-Development-Representative_JREQ199975-1,"sales, prospecting, lead generation, B2B, communication, CRM, customer engagement
The candidate's experience is primarily in technical project management and product management within data and AI platforms, with no relevant background in sales or lead generation. The skills and qualifications required for the Sales Development Representative role are not present in the candidate's resume, indicating a poor match for this position.",,,,,2026-05-14T22:01:57.065581+00:00
,,,,1,"Sales Executive, French/ Spanish speaker",Thomson Reuters,hybrid,,,,https://thomsonreuters.wd5.myworkdayjobs.com/External_Career_Site/job/United-Kingdom-London/International-Field-Account-Manager_JREQ199582,https://thomsonreuters.wd5.myworkdayjobs.com/External_Career_Site/job/United-Kingdom-London/International-Field-Account-Manager_JREQ199582,"SaaS sales, B2B, pipeline building, consultative selling, negotiation, customer acquisition, territory planning
The candidate's experience is primarily in technical project management and product management within data and AI platforms, with no relevant experience in SaaS sales or customer acquisition. There is a significant gap in the required skills for sales execution, territory planning, and consultative selling, making this a poor match for the Sales Executive role.",,,,,2026-05-14T22:01:57.065581+00:00
,,,,1,"SALES MANAGER ENERGY STORAGE (EP Cube), SOUTH/CENTRAL GERMANY (m/w/d)",Canadian Solar,hybrid,Germany - Remote,,Germany - Remote,https://canadiansolar.wd5.myworkdayjobs.com/CanadianSolar/job/Germany---Remote/SALES-MANAGER-ENERGY-STORAGE--EP-Cube---SOUTH-CENTRAL-GERMANY--m-w-d-_10001102,https://canadiansolar.wd5.myworkdayjobs.com/CanadianSolar/job/Germany---Remote/SALES-MANAGER-ENERGY-STORAGE--EP-Cube---SOUTH-CENTRAL-GERMANY--m-w-d-_10001102,"sales, energy storage, solar, B2B sales, customer excellence, technical knowledge, communication skills
The candidate's experience is primarily in technical project management and product management within data and AI platforms, with no relevant background in sales, energy storage, or the solar industry. There is a significant gap in the required skills and experience for this sales manager role, particularly in B2B sales and a personal network in the energy sector.",,,,,2026-05-14T23:08:31.349104+00:00
,,,,1,"Sales Manager, APAC",Thomson Reuters,hybrid,,,,https://thomsonreuters.wd5.myworkdayjobs.com/External_Career_Site/job/Australia-Pyrmont-New-South-Wales/Sales-Manager_JREQ199333-1,https://thomsonreuters.wd5.myworkdayjobs.com/External_Career_Site/job/Australia-Pyrmont-New-South-Wales/Sales-Manager_JREQ199333-1,"sales manager, B2B sales, sales strategy, sales targets, team leadership, performance metrics
The candidate's experience is primarily in technical project management and product management within data and AI platforms, with no direct sales experience or demonstrated success in a sales role. The job requires at least 10 years of successful sales experience in a B2B environment, which the candidate does not possess, leading to a poor match for the Sales Manager position.",,,,,2026-05-14T22:01:57.065581+00:00
,,,,1,"Scientist, In Vitro Biology",Moderna,hybrid,,,,https://modernatx.wd1.myworkdayjobs.com/M_tx/job/Cambridge-Massachusetts/Scientist--In-Vitro-Biology_R19097,https://modernatx.wd1.myworkdayjobs.com/M_tx/job/Cambridge-Massachusetts/Scientist--In-Vitro-Biology_R19097,"confocal microscopy, molecular biology, cell engineering, quantitative methods, in vitro pharmacology, nucleic acid delivery
The candidate's experience is primarily in technical project management and product management within data and AI platforms, with no relevant background in molecular biology, confocal microscopy, or in vitro pharmacology as required by the job description. The significant gap in required technical skills and experience makes this a poor match for the Scientist, In Vitro Biology role.",,,,,2026-05-14T23:07:19.186242+00:00
,,,,1,Senior Account Executive (SE Florida),Motorola Solutions,remote,,,Florida Remote Work,https://motorolasolutions.wd5.myworkdayjobs.com/Careers/job/Florida-Remote-Work/Senior-Account-Executive_R63285,https://motorolasolutions.wd5.myworkdayjobs.com/Careers/job/Florida-Remote-Work/Senior-Account-Executive_R63285,"sales, public safety, account management, strategic planning, relationship management, government organizations
The candidate's experience is primarily in technical product management and project management within data and AI platforms, with no direct sales or public safety experience. The role requires a strong background in sales, particularly in government organizations, which the candidate does not possess. Therefore, there is a significant mismatch between the candidate's qualifications and the job requirements.",,,,,2026-05-14T22:34:19.241190+00:00
,,,,1,"Senior Director, Clinical Development, Oncology",Moderna,onsite,,,,https://modernatx.wd1.myworkdayjobs.com/M_tx/job/Cambridge-Massachusetts/Senior-Director--Clinical-Development--Oncology_R18582-2,https://modernatx.wd1.myworkdayjobs.com/M_tx/job/Cambridge-Massachusetts/Senior-Director--Clinical-Development--Oncology_R18582-2,"oncology, clinical development, clinical studies, drug development, biopharmaceutical, medical monitoring, regulatory requirements
The candidate's experience is primarily in technical project management and product management within data and AI platforms, with no relevant background in oncology or clinical development. The role requires specific medical qualifications and extensive experience in drug development, which the candidate does not possess.",,,,,2026-05-14T22:12:00.818278+00:00
,,,,1,"Senior Director, Global Regulatory Strategy, Oncology",Moderna,onsite,,,,https://modernatx.wd1.myworkdayjobs.com/M_tx/job/Cambridge-Massachusetts/Senior-Director--Global-Regulatory-Strategy--Oncology_R19032-1,https://modernatx.wd1.myworkdayjobs.com/M_tx/job/Cambridge-Massachusetts/Senior-Director--Global-Regulatory-Strategy--Oncology_R19032-1,"regulatory strategy, oncology, pharmaceutical industry, INDs, CTAs, BLAs, health authority interactions, product approvals
The candidate's experience is primarily in technical project management and product management within data and AI platforms, with no direct experience in regulatory strategy or the pharmaceutical industry. The role requires extensive experience in regulatory submissions and oncology, which the candidate does not possess, resulting in a poor match.",,,,,2026-05-14T22:26:35.890133+00:00
,,,,1,"Senior Director, Nonclinical Safety Evaluation",Moderna,onsite,,,,https://modernatx.wd1.myworkdayjobs.com/M_tx/job/Cambridge-Massachusetts/Senior-Director--Nonclinical-Safety-Evaluation_R18713-1,https://modernatx.wd1.myworkdayjobs.com/M_tx/job/Cambridge-Massachusetts/Senior-Director--Nonclinical-Safety-Evaluation_R18713-1,"nonclinical safety, toxicology, pharmaceutical development, regulatory submissions, team management
The candidate's experience as a Technical Product Manager and in project management does not align with the highly specialized requirements of a Senior Director in Nonclinical Safety Evaluation. The role demands extensive experience in toxicology and regulatory submissions within the pharmaceutical industry, which the candidate lacks. There is no relevant scientific background or experience in drug development, making this a poor match.",,,,,2026-05-14T22:46:13.005291+00:00
,,,,1,"Senior Director, Patent Litigation",Moderna,onsite,,,,https://modernatx.wd1.myworkdayjobs.com/M_tx/job/Cambridge-Massachusetts/Senior-Director--Patent-Litigation_R18703,https://modernatx.wd1.myworkdayjobs.com/M_tx/job/Cambridge-Massachusetts/Senior-Director--Patent-Litigation_R18703,"patent litigation, IP litigation, legal technology, automation, biotechnology, pharmaceutical, J.D., complex IP challenges
The candidate's background is in technical product management and project management within data and AI platforms, with no legal qualifications or experience in patent litigation or intellectual property law. The role requires a J.D. and extensive experience in IP litigation, which the candidate does not possess, resulting in a poor match.",,,,,2026-05-14T22:35:44.018180+00:00
,,,,1,"Senior Engineer I, Process Engineering",Moderna,remote,,,,https://modernatx.wd1.myworkdayjobs.com/M_tx/job/Norwood-Massachusetts/Senior-Engineer-I--Process-Engineering_R18834-1,https://modernatx.wd1.myworkdayjobs.com/M_tx/job/Norwood-Massachusetts/Senior-Engineer-I--Process-Engineering_R18834-1,"process engineering, Drug Substance, chromatography, TFF, LNP, GxP, GMP, technical SME, manufacturing science
The candidate's experience is primarily in technical product management and project management within data and AI platforms, with no relevant background in process engineering or biopharmaceutical manufacturing. They lack the required technical expertise and hands-on experience with Drug Substance processes, making them a poor fit for this role.",,,,,2026-05-14T22:12:00.818278+00:00
,,,,1,"Senior Engineer I, Process Engineering",Moderna,onsite,,,,https://modernatx.wd1.myworkdayjobs.com/M_tx/job/Norwood-Massachusetts/Senior-Engineer-I--Process-Engineering_R18845-1,https://modernatx.wd1.myworkdayjobs.com/M_tx/job/Norwood-Massachusetts/Senior-Engineer-I--Process-Engineering_R18845-1,"process engineering, Drug Substance, chromatography, TFF, LNP, GxP, GMP, biopharmaceutical, biotechnology
The candidate's experience is primarily in technical product management and project management within data and AI platforms, with no relevant background in process engineering or the biopharmaceutical industry. They lack the required technical expertise in Drug Substance processes and do not meet the educational or experience requirements for this role.",,,,,2026-05-14T22:12:00.818278+00:00
,,,,1,Senior Field Service Technician - State of Louisiana,Motorola Solutions,remote,,,Louisiana Remote Work,https://motorolasolutions.wd5.myworkdayjobs.com/Careers/job/Louisiana-Remote-Work/Senior-Field-Service-Technician---State-of-Louisiana_R64133,https://motorolasolutions.wd5.myworkdayjobs.com/Careers/job/Louisiana-Remote-Work/Senior-Field-Service-Technician---State-of-Louisiana_R64133,"technical support, troubleshooting, communication systems, RF systems, network installation, maintenance
The candidate's experience as a Technical Product Manager and Project Manager does not align with the technical requirements of the Senior Field Service Technician role, which focuses heavily on RF communication systems, network configuration, and hardware maintenance. The candidate lacks direct experience with the specific technologies and systems mentioned in the job description, such as Motorola systems, RF infrastructure, and network certifications.",,,,,2026-05-14T21:59:19.671411+00:00
,,,,1,"Senior Manager, US Federal Tax",Thomson Reuters,hybrid,,,,https://thomsonreuters.wd5.myworkdayjobs.com/External_Career_Site/job/United-States-of-America-New-York-New-York/Senior-Manager--US-Federal-Tax_JREQ200412,https://thomsonreuters.wd5.myworkdayjobs.com/External_Career_Site/job/United-States-of-America-New-York-New-York/Senior-Manager--US-Federal-Tax_JREQ200412,"federal tax compliance, IFRS tax provision, OneSource Income Tax, tax planning, AI tools
The candidate's experience as a Technical Product Manager and Project Manager does not align with the specific requirements of a Senior Manager in US Federal Tax. They lack direct experience in tax compliance, preparation of federal tax returns, and knowledge of OneSource Income Tax, which are critical for this role. Additionally, the candidate's background is primarily in data and AI platforms rather than taxation or accounting.",,,,,2026-05-14T22:01:57.065581+00:00
,,,,1,Senior Package Engineer,NVIDIA,remote,,,"Thailand, Remote",https://nvidia.wd5.myworkdayjobs.com/NVIDIAExternalCareerSite/job/Thailand-Remote/Senior-Package-Engineer_JR1999848,https://nvidia.wd5.myworkdayjobs.com/NVIDIAExternalCareerSite/job/Thailand-Remote/Senior-Package-Engineer_JR1999848,"engineering, ASIC package development, manufacturing, mechanical engineering, project management
The candidate's experience is primarily in product and project management within data and AI platforms, with no relevant background in mechanical engineering, ASIC package development, or semiconductor manufacturing processes. The significant gap in required technical skills and experience makes this a poor match for the Senior Package Engineer role at NVIDIA.",,,,,2026-05-14T22:20:37.331030+00:00
,,,,1,Senior Packaging Technical Engineer - Hardware,NVIDIA,remote,,,"US, CA, Remote",https://nvidia.wd5.myworkdayjobs.com/NVIDIAExternalCareerSite/job/US-CA-Remote/Senior-Packaging-Technical-Engineer---Hardware_JR2014629,https://nvidia.wd5.myworkdayjobs.com/NVIDIAExternalCareerSite/job/US-CA-Remote/Senior-Packaging-Technical-Engineer---Hardware_JR2014629,"engineering, package design, board design, Python, signal integrity, transmission line theory
The candidate's experience is primarily in product and project management within data and AI platforms, with no relevant background in hardware engineering, package design, or board/system design. The required technical skills, such as knowledge of transmission line theory and experience with package design, are completely absent from the candidate's resume, making this a poor match for the role.",,,,,2026-05-14T22:07:43.149559+00:00
,,,,1,Senior Sales Executive,Thomson Reuters,unknown,,,,https://thomsonreuters.wd5.myworkdayjobs.com/External_Career_Site/job/United-States-of-America-Ann-Arbor-Michigan/Senior-Sales-Executive_JREQ199524,https://thomsonreuters.wd5.myworkdayjobs.com/External_Career_Site/job/United-States-of-America-Ann-Arbor-Michigan/Senior-Sales-Executive_JREQ199524,"sales, quota-carrying, SaaS, CRM, pipeline management, customer relationships
The candidate's experience is primarily in technical project and product management within data and AI platforms, with no relevant sales experience or background in the Tax and Accounting industry. The role requires a strong sales background, specifically in a quota-carrying position, which the candidate does not possess.",,,,,2026-05-14T22:01:57.065581+00:00
,,,,1,"Senior Sales Executive, Small Law (Northern NJ)",Thomson Reuters,remote,,,,https://thomsonreuters.wd5.myworkdayjobs.com/External_Career_Site/job/United-States-of-America-New-York-New-York/Senior-Sales-Executive--Small-Law--Northern-NJ-_JREQ199038,https://thomsonreuters.wd5.myworkdayjobs.com/External_Career_Site/job/United-States-of-America-New-York-New-York/Senior-Sales-Executive--Small-Law--Northern-NJ-_JREQ199038,"sales, account management, customer relations, communication skills, SaaS, legal industry
The candidate's experience is primarily in technical product management and project management within data and AI platforms, with no relevant sales experience or background in the legal industry. The role requires a strong sales background and specific knowledge of legal products, which the candidate does not possess.",,,,,2026-05-14T22:01:57.065581+00:00
,,,,1,Senior Service Technician,Canadian Solar,remote,,,Canada - Remote,https://canadiansolar.wd5.myworkdayjobs.com/CanadianSolar/job/Canada---Remote/Senior-Service-Technician_10000829-2,https://canadiansolar.wd5.myworkdayjobs.com/CanadianSolar/job/Canada---Remote/Senior-Service-Technician_10000829-2,"service technician, renewable energy, maintenance, troubleshooting, SCADA, electrical technician, OSHA, communication skills
The candidate's experience is primarily in technical product management and project management within data and AI platforms, with no relevant experience in service environments, renewable energy, or the specific technical skills required for the Sr. Service Technician role. There is a significant gap in the necessary qualifications, including hands-on maintenance and troubleshooting of energy storage systems, making this a poor match for the position.",,,,,2026-05-14T22:03:23.687348+00:00
,,,,1,"Senior Solutions Architect, Networking",NVIDIA,hybrid,"US, CA, Remote",,"US, CA, Remote",https://nvidia.wd5.myworkdayjobs.com/NVIDIAExternalCareerSite/job/US-CA-Remote/Senior-Solutions-Architect--Networking_JR2015507,https://nvidia.wd5.myworkdayjobs.com/NVIDIAExternalCareerSite/job/US-CA-Remote/Senior-Solutions-Architect--Networking_JR2015507,"networking, AI Data Centers, large-scale networks, automation, scripting, Linux, communication skills
The candidate's experience is primarily in product and project management within data and AI platforms, lacking any direct experience in networking technologies or large-scale network management as required by the job description. There is no evidence of relevant technical skills such as TCP/IP, BGP, or experience with networking hardware, making this a poor match for the role.",,,,,2026-05-14T22:32:17.257383+00:00
,,,,1,Senior Supplier Quality Engineer,NVIDIA,remote,,,"China, Remote",https://nvidia.wd5.myworkdayjobs.com/NVIDIAExternalCareerSite/job/China-Remote/Senior-Supplier-Quality-Engineer_JR2017040,https://nvidia.wd5.myworkdayjobs.com/NVIDIAExternalCareerSite/job/China-Remote/Senior-Supplier-Quality-Engineer_JR2017040,"supplier quality, quality management, continuous improvement, audits, problem-solving, cross-functional teams
The candidate's experience is primarily in technical project management and product management within data and AI platforms, which does not align with the requirements for a Senior Supplier Quality Engineer role. There is no relevant experience in quality management, supplier audits, or the specific technical background required for this position, resulting in a poor match.",,,,,2026-05-14T22:20:37.331030+00:00
,,,,1,Senior Supplier Quality Engineer - PCB,NVIDIA,remote,,,"Thailand, Remote",https://nvidia.wd5.myworkdayjobs.com/NVIDIAExternalCareerSite/job/Thailand-Remote/Senior-Supplier-Quality-Engineer---PCB_JR2017062,https://nvidia.wd5.myworkdayjobs.com/NVIDIAExternalCareerSite/job/Thailand-Remote/Senior-Supplier-Quality-Engineer---PCB_JR2017062,"supplier quality, quality management, continuous improvement, problem-solving, audits, PCB manufacturing
The candidate's experience as a Technical Product Manager and Project Manager does not align with the specific requirements of a Senior Supplier Quality Engineer role, particularly in the PCB industry. There is no relevant experience in quality management, supplier audits, or PCB manufacturing processes, which are critical for this position. The candidate's background is more focused on data and AI platforms rather than the technical and quality aspects required for this role.",,,,,2026-05-14T22:32:17.257383+00:00
,,,,1,"Senior Systems Software Engineer, Base OS - Kernel",NVIDIA,remote,,,"US, CA, Remote",https://nvidia.wd5.myworkdayjobs.com/NVIDIAExternalCareerSite/job/US-CA-Remote/Senior-Systems-Software-Engineer--Base-OS---Kernel_JR2013791,https://nvidia.wd5.myworkdayjobs.com/NVIDIAExternalCareerSite/job/US-CA-Remote/Senior-Systems-Software-Engineer--Base-OS---Kernel_JR2013791,"Linux, kernel development, C programming, automation, systems software, virtualization
The candidate's experience is primarily in product and project management within data and AI platforms, lacking direct experience in Linux kernel development, low-level systems programming, or the specific technical skills required for this role. There is no evidence of expertise in C programming or systems mastery, which are critical for the position, resulting in a poor match.",,,,,2026-05-14T21:57:02.905092+00:00
,,,,1,"Senior Windows Engineer,  Active Directory and Server Platforms",Moderna,hybrid,,,,https://modernatx.wd1.myworkdayjobs.com/M_tx/job/Cambridge-Massachusetts/Windows-Engineer_R18518-1,https://modernatx.wd1.myworkdayjobs.com/M_tx/job/Cambridge-Massachusetts/Windows-Engineer_R18518-1,"Active Directory, Windows Server, DNS, DHCP, Group Policy, automation, troubleshooting
The candidate's experience is primarily in product and project management within data and AI platforms, with no relevant experience in Windows Server environments or Active Directory, which are critical for this role. The lack of technical skills related to server management and the specific requirements outlined in the job description indicates a poor match for the position.",,,,,2026-05-14T22:12:00.818278+00:00
,,,,1,Social Media Manager – Fully Remote,BlackDog Advertising,remote,,,"Remote, US (Remote)",https://www.blackdogadvertising.com/careers/social-media-manager/,https://www.indeed.com/viewjob?jk=48cb01a9b9435e99,"social media management, content marketing, client services, engagement, analytics, communication skills
The candidate's experience is primarily in technical product management and project management within data and AI platforms, which does not align with the requirements for a Social Media Manager role. There is no relevant experience in content creation, social media strategy, or marketing, indicating a significant gap in necessary skills and experience for this position.",,,,,2026-05-14T21:52:47.996850+00:00
,,,,1,Sr Commissioning Technician,Canadian Solar,remote,,,England - Remote,https://canadiansolar.wd5.myworkdayjobs.com/CanadianSolar/job/England---Remote/Sr-Commissioning-Technician_10000921-1,https://canadiansolar.wd5.myworkdayjobs.com/CanadianSolar/job/England---Remote/Sr-Commissioning-Technician_10000921-1,"commissioning, electrical fault finding, BESS projects, installation, renewables, SCADA, HVAC
The candidate's experience as a Technical Product Manager and Project Manager does not align with the technical and hands-on requirements of a Commissioning Technician role, which focuses on electrical and mechanical tasks in the renewable energy sector. There is no relevant experience in commissioning, electrical disciplines, or the renewables sector, leading to a poor match.",,,,,2026-05-14T22:13:28.680494+00:00
,,,,1,Sr. Legal Counsel,Canadian Solar,remote,,,US - Remote,https://canadiansolar.wd5.myworkdayjobs.com/CanadianSolar/job/US---Remote/Sr-Legal-Counsel_10001059-1,https://canadiansolar.wd5.myworkdayjobs.com/CanadianSolar/job/US---Remote/Sr-Legal-Counsel_10001059-1,"legal advice, contracts, negotiation, project management, energy industry
The candidate's experience is primarily in technical project management and product management within data and AI platforms, with no relevant legal qualifications or experience in drafting and negotiating construction contracts. The role requires a licensed attorney with specific expertise in energy law, which the candidate does not possess.",,,,,2026-05-14T22:27:52.121023+00:00
,,,,1,Sr. Litigation Paralegal,Moderna,onsite,,,,https://modernatx.wd1.myworkdayjobs.com/M_tx/job/Cambridge-Massachusetts/Sr-Litigation-Paralegal_R19160,https://modernatx.wd1.myworkdayjobs.com/M_tx/job/Cambridge-Massachusetts/Sr-Litigation-Paralegal_R19160,"litigation, paralegal, eDiscovery, case management, legal operations, document management, communication, project management
The candidate's experience is primarily in technical product management and project management within data and AI platforms, with no relevant experience in litigation or paralegal work. The skills required for the Sr. Litigation Paralegal role, such as managing litigation cases, eDiscovery, and legal documentation, are completely outside the candidate's background, making this a poor match.",,,,,2026-05-14T22:02:20.415246+00:00
,,,,1,Sr. Manager Production Engineering (Electrical),Crown Holdings,remote,,,"Remote, US (Remote)",https://crownholdings.wd501.myworkdayjobs.com/en-US/CrownHoldings/job/Remote/Sr-Manager-Production-Engineering--Electrical-_JR102394,https://www.indeed.com/viewjob?jk=cbdfb5f9fc669dbf,"Electrical Engineering, packaging manufacturing, PLC programming, problem-solving, project management
The candidate's experience is primarily in technical product management and project management within data and AI platforms, with no relevant background in electrical engineering or packaging manufacturing. The job requires extensive knowledge of electrical systems, PLC programming, and experience in a manufacturing environment, which the candidate does not possess.",,,,,2026-05-14T21:46:30.549281+00:00
,,,,1,"Technician II, Utilities Maintenance",Moderna,remote,,,,https://modernatx.wd1.myworkdayjobs.com/M_tx/job/Norwood-Massachusetts/Technician-II--Utilities-Maintenance_R18846-1,https://modernatx.wd1.myworkdayjobs.com/M_tx/job/Norwood-Massachusetts/Technician-II--Utilities-Maintenance_R18846-1,"maintenance, troubleshooting, GMP, equipment, repairs, reliability engineering, technical field, preventative maintenance
The candidate's experience as a Technical Product Manager and Project Manager in data and AI platforms does not align with the technical maintenance and repair requirements of the Technician II role. There is no relevant experience in equipment maintenance, troubleshooting, or working within GMP environments, making this a poor match for the position.",,,,,2026-05-14T22:12:00.818278+00:00
,,,,1,"Technician II, Utilities Maintenance",Moderna,remote,,,,https://modernatx.wd1.myworkdayjobs.com/M_tx/job/Norwood-Massachusetts/Technician-II--Utilities-Maintenance_R18848,https://modernatx.wd1.myworkdayjobs.com/M_tx/job/Norwood-Massachusetts/Technician-II--Utilities-Maintenance_R18848,"maintenance, troubleshooting, GMP, equipment, corrective maintenance, reliability engineering
The candidate's experience is primarily in technical product management and project management within data and AI platforms, which is completely unrelated to the maintenance and repair of equipment in a GMP environment. There are no relevant technical skills or certifications that align with the requirements for the Technician II role, indicating a poor match.",,,,,2026-05-14T22:12:00.818278+00:00
,,,,1,"Technician III, Process Maintenance",Moderna,remote,,,,https://modernatx.wd1.myworkdayjobs.com/M_tx/job/Norwood-Massachusetts/Technician-III--Process-Maintenance_R18649-1,https://modernatx.wd1.myworkdayjobs.com/M_tx/job/Norwood-Massachusetts/Technician-III--Process-Maintenance_R18649-1,"maintenance, equipment, troubleshooting, GMP, compliance, technical field, preventive maintenance
The candidate's experience as a Technical Product Manager and Project Manager primarily focuses on data and AI platforms, which is completely unrelated to the hands-on maintenance and technical troubleshooting required for the Technician III role at Moderna. There is no relevant experience in equipment maintenance, GMP compliance, or the technical trade skills necessary for this position.",,,,,2026-05-14T22:12:00.818278+00:00
,,,,1,"Technician III, Process Maintenance",Moderna,remote,,,,https://modernatx.wd1.myworkdayjobs.com/M_tx/job/Norwood-Massachusetts/Technician-III--Process-Maintenance_R18651,https://modernatx.wd1.myworkdayjobs.com/M_tx/job/Norwood-Massachusetts/Technician-III--Process-Maintenance_R18651,"maintenance, equipment, troubleshooting, preventive maintenance, corrective maintenance, GMP, compliance
The candidate's experience is primarily in technical product management and project management within data and AI platforms, which is completely unrelated to the hands-on maintenance and troubleshooting of equipment required for the Technician III role. There is no relevant experience in process maintenance, equipment management, or compliance with GMP standards, leading to a poor match for this position.",,,,,2026-05-14T22:12:00.818278+00:00
,,,,1,"Technician III, Process/Utility Maintenance",Moderna,remote,,,,https://modernatx.wd1.myworkdayjobs.com/M_tx/job/Marlborough-Massachusetts/Technician-III--Process-Utility-Maintenance_R19008-1,https://modernatx.wd1.myworkdayjobs.com/M_tx/job/Marlborough-Massachusetts/Technician-III--Process-Utility-Maintenance_R19008-1,"maintenance, troubleshooting, GMP, technical support, documentation, CMMS, electrical, plumbing, HVAC
The candidate's experience is primarily in technical project management and product management within data and AI platforms, with no relevant background in maintenance or troubleshooting of facility systems in a GMP environment. There is a significant gap in the required technical skills and experience for this role, which focuses on hands-on maintenance and operational support.",,,,,2026-05-14T22:12:00.818278+00:00
,,,,1,"Technician IV, Electrical",Moderna,remote,,,,https://modernatx.wd1.myworkdayjobs.com/M_tx/job/Norwood-Massachusetts/Technician-IV--Electrical_R18841-1,https://modernatx.wd1.myworkdayjobs.com/M_tx/job/Norwood-Massachusetts/Technician-IV--Electrical_R18841-1,"electrical systems, troubleshooting, maintenance, GMP, compliance, safety standards
The candidate's experience is primarily in technical product management and project management within data and AI platforms, with no relevant background in electrical systems or the specific requirements outlined in the job description. The role requires extensive experience in electrical maintenance and compliance in a GMP environment, which the candidate does not possess.",,,,,2026-05-14T22:12:00.818278+00:00
,,,,1,"Vice President, Communications - Reuters",Thomson Reuters,hybrid,,,,https://thomsonreuters.wd5.myworkdayjobs.com/External_Career_Site/job/United-Kingdom-London/Vice-President--Communications---Reuters_JREQ199742,https://thomsonreuters.wd5.myworkdayjobs.com/External_Career_Site/job/United-Kingdom-London/Vice-President--Communications---Reuters_JREQ199742,"communications, PR, crisis management, media relations, storytelling, writing skills, strategic communications
The candidate's experience is primarily in technical project management and product management within data and AI platforms, with no relevant background in communications, public relations, or media. The role requires extensive experience in communications and PR, particularly in a media organization, which the candidate does not possess. Therefore, the fit is poor.",,,,,2026-05-14T22:01:57.065581+00:00
,,,,1,"Vice President, Medical Affairs, Asia & Country Medical Director, Singapore",Moderna,onsite,,,,https://modernatx.wd1.myworkdayjobs.com/M_tx/job/Singapore/Vice-President--Medical-Affairs--Asia---Country-Medical-Director--Singapore_R18714-1,https://modernatx.wd1.myworkdayjobs.com/M_tx/job/Singapore/Vice-President--Medical-Affairs--Asia---Country-Medical-Director--Singapore_R18714-1,"Medical Affairs, Clinical Development, Vaccine, Leadership, Stakeholders, Regulatory, Communication
The candidate's experience as a Technical Product Manager and Project Manager in data and AI platforms does not align with the medical and pharmaceutical focus of the Vice President, Medical Affairs role. There is no relevant medical or clinical experience, nor the required medical degree or extensive experience in vaccine development, making this a poor match for the position.",,,,,2026-05-14T22:26:35.890133+00:00
