"score","title","company","custom_resume_path","custom_resume_status","custom_resume_validation_errors","custom_resume_validation_warnings","tailored_resume_path","work_arrangement","office_location","remote_region","location","application_url","source_url","score_reasoning","apply_status","apply_error","cover_letter_path","discovered_at"
"10","Technical Program Manager","Juniper Square","","","","","","remote","","","Remote","","https://www.linkedin.com/jobs/view/4383124104","Python, Agile Scrum, SAFe, Software Project Management, Program Management, Technical Documentation, Roadmap Planning, Customer Success, Change Management, Workflow Automation, Jira, Confluence, Legal Technology
Deterministic profile match: 13 profile skills mentioned; title alignment 2.0/3.0; domain signals 11.","","","","2026-05-19T03:47:58.625216+00:00"
"10","Technical Program Manager","Quantiphi","","","","","","unknown","","","","","https://www.linkedin.com/jobs/view/4375959085","Agile Scrum, Software Project Management, Stakeholder Management, Program Management, Technical Documentation, Customer Success, AI/ML, Risk Management, Observability Concepts, Snowflake, AWS, Jira, Google Cloud
Deterministic profile match: 13 profile skills mentioned; title alignment 2.0/3.0; domain signals 13.","","","","2026-05-19T03:41:57.324976+00:00"
"10","Sr. Technical Program Manager (Remote)","Jobs via Dice","","","","","","remote","","","Remote","","https://www.linkedin.com/jobs/view/4415748277","Agile Scrum, Software Project Management, Program Management, Technical Documentation, Requirements Gathering, Change Management, Scheduling Management, Resource Planning, Risk Management, Jira, Smartsheet
Deterministic profile match: 11 profile skills mentioned; title alignment 2.0/3.0; domain signals 9.","","","","2026-05-19T03:41:57.324976+00:00"
"10","Senior Program Manager","The Voleon Group","","","","","","hybrid","Remote","","Remote","","https://www.linkedin.com/jobs/view/4407119259","Agile Scrum, Hybrid Project Management, Software Project Management, Kanban, OKRs, Machine Learning Frameworks, Program Management, Change Management, Resource Planning, AI/ML, Jira, Confluence
Deterministic profile match: 12 profile skills mentioned; title alignment 1.5/3.0; domain signals 9.","","","","2026-05-19T03:39:44.477961+00:00"
"10","Project Manager","ITMC Systems, Inc","","","","","","unknown","","","","","https://www.linkedin.com/jobs/view/4412836753","Agile Scrum, Sprint Planning, Software Project Management, Retrospectives, Stakeholder Management, Program Management, Presentation Skills, Change Management, Sprint Reviews, Risk Management, Jira
Deterministic profile match: 11 profile skills mentioned; title alignment 2.0/3.0; domain signals 10.","","","","2026-05-19T03:39:44.477961+00:00"
"10","Project Manager ? Digital Transformation Projects","Unicorn Lab","","","","","","unknown","","","","","https://www.linkedin.com/jobs/view/4412278264","Agile Scrum, Sprint Planning, SDLC, Retrospectives, Stakeholder Management, Presentation Skills, Change Management, Resource Planning, Sprint Reviews, Jira, Confluence
Deterministic profile match: 11 profile skills mentioned; title alignment 2.0/3.0; domain signals 9.","","","","2026-05-19T03:35:32.190761+00:00"
"10","Agile Project Manager / Release Manager","Hatch Pros","","","","","","remote","","","Remote","","https://www.linkedin.com/jobs/view/4412828758","Sprint Planning, SAFe, Retrospectives, Stakeholder Management, Program Management, Technical Documentation, Sprint Reviews, Risk Management, Release Coordination, Deployment Workflows, Jira
Deterministic profile match: 11 profile skills mentioned; title alignment 2.5/3.0; domain signals 10.","","","","2026-05-19T03:35:32.190761+00:00"
"10","Implementation Project Manager","Smartlinx","","","","","","remote","","","Remote","","https://www.linkedin.com/jobs/view/4412110976","SQL, Software Project Management, SDLC, Presentation Skills, Roadmap Planning, Requirements Gathering, Customer Success, Scheduling Management, Resource Planning, Risk Management
Deterministic profile match: 10 profile skills mentioned; title alignment 2.5/3.0; domain signals 7.","","","","2026-05-19T03:30:57.247300+00:00"
"10","Senior Technical Project Manager, Growth Solutions","Workiva","","","","","","hybrid","Remote, US (Remote)","","Remote, US (Remote)","https://workiva.wd503.myworkdayjobs.com/en-US/careers/job/USA---Remote/Senior-Technical-Project-Manager--Growth-Solutions_R11745","https://www.indeed.com/viewjob?jk=e419c1d96b996d49","Hybrid Project Management, Software Project Management, Kanban, Program Management, Change Management, Risk Management, Jira, Smartsheet
Deterministic profile match: 8 profile skills mentioned; title alignment 3.0/3.0; domain signals 10.","","","","2026-05-19T03:28:48.056786+00:00"
"10","Sr Project Manager/Scrum Master","Apply Digital","","","","","","hybrid","Remote","","Remote","","https://www.linkedin.com/jobs/view/4385180774","Agile Scrum, Ecommerce Workflows, Hybrid Project Management, Sprint Planning, SAFe, Software Project Management, Kanban, SDLC, Retrospectives, CI/CD Collaboration, Stakeholder Management, Technical Documentation, Requirements Gathering, Sprint Reviews, Jira, Confluence, GitHub, Smartsheet, Notion, Google Analytics, Google Cloud
Deterministic profile match: 21 profile skills mentioned; title alignment 2.0/3.0; domain signals 14.","","","","2026-05-19T03:28:48.056786+00:00"
"10","Technical Project Manager - iGaming","Block Labs","","","","","","unknown","","","","","https://www.linkedin.com/jobs/view/4373355270","Software Project Management, SDLC, Stakeholder Management, Customer Success, Change Management, QA Coordination, Risk Management, Release Coordination
Deterministic profile match: 8 profile skills mentioned; title alignment 3.0/3.0; domain signals 10.","","","","2026-05-19T03:28:48.056786+00:00"
"10","Senior Technical Project Manager (Work From Home)","Persona","C:\Users\bsing\OneDrive\Documents\Projects\ApplyPilot\portable_applypilot\software-pm\tailored_resumes\software-pm\Brianna Singer_resume_Senior Technical Project Manager Work From Home.txt","approved","","","C:\Users\bsing\OneDrive\Documents\Projects\ApplyPilot\portable_applypilot\software-pm\tailored_resumes\software-pm\Brianna Singer_resume_Senior Technical Project Manager Work From Home.pdf","remote","","","Remote","","https://www.linkedin.com/jobs/view/4415499612","SAFe, Software Project Management, Stakeholder Management, Technical Documentation, Customer Success, Risk Management, Deployment Workflows, Jira, Confluence, GitHub, Notion
Deterministic profile match: 11 profile skills mentioned; title alignment 3.0/3.0; domain signals 9.","","","","2026-05-19T03:28:48.056786+00:00"
"10","Senior Technical Project Manager","Relativity","","","","","","hybrid","Remote","","Remote","","https://www.linkedin.com/jobs/view/4397348038","Hybrid Project Management, Software Project Management, Stakeholder Management, Program Management, Change Management, Risk Management, Observability Concepts, Workflow Automation, Distributed Systems Concepts, AWS, Jira, Confluence, GitHub, Legal Technology
Deterministic profile match: 14 profile skills mentioned; title alignment 3.0/3.0; domain signals 12.","","","","2026-05-19T03:26:29.194443+00:00"
"10","Senior Project Manager","Enlyte","C:\Users\bsing\OneDrive\Documents\Projects\ApplyPilot\portable_applypilot\software-pm\tailored_resumes\software-pm\Brianna Singer_resume_Senior Project Manager_Enlyte_18846.txt","approved","","","C:\Users\bsing\OneDrive\Documents\Projects\ApplyPilot\portable_applypilot\software-pm\tailored_resumes\software-pm\Brianna Singer_resume_Senior Project Manager_Enlyte_18846.pdf","hybrid","","","","https://careers.enlyte.com/careers-home/jobs/18846?lang=en-us&iis=LinkedIn&iisn=LinkedIn&mode=apply","https://www.linkedin.com/jobs/view/4394224194","Agile Scrum, Hybrid Project Management, Sprint Planning, SAFe, Software Project Management, Kanban, Root Cause Analysis, 5 Whys, Retrospectives, CI/CD Collaboration, Stakeholder Management, Resource Planning, Risk Management, Data Pipelines, AWS, Jira
Deterministic profile match: 16 profile skills mentioned; title alignment 2.0/3.0; domain signals 14.","","","","2026-05-19T03:26:29.194443+00:00"
"10","IT Project manager","RELQ TECHNOLOGIES","C:\Users\bsing\OneDrive\Documents\Projects\ApplyPilot\portable_applypilot\software-pm\tailored_resumes\software-pm\Brianna Singer_resume_IT Agile Project Manager_RELQ_4416255508.txt","approved","","","C:\Users\bsing\OneDrive\Documents\Projects\ApplyPilot\portable_applypilot\software-pm\tailored_resumes\software-pm\Brianna Singer_resume_IT Agile Project Manager_RELQ_4416255508.pdf","hybrid","Remote","","Remote","","https://www.linkedin.com/jobs/view/4416255508","Agile Scrum, Hybrid Project Management, Sprint Planning, SAFe, Software Project Management, Retrospectives, Stakeholder Management, QA Coordination, Resource Planning, Sprint Reviews, Release Coordination, AWS, Power BI, Jira, Confluence
Deterministic profile match: 15 profile skills mentioned; title alignment 2.5/3.0; domain signals 13.","","","","2026-05-19T03:26:29.194443+00:00"
"10","Senior Technical Project Manager- (CMS)","Jobgether","C:\Users\bsing\OneDrive\Documents\Projects\ApplyPilot\portable_applypilot\software-pm\tailored_resumes\software-pm\Brianna Singer_resume_Senior Technical Project Manager_CMS_4415609999.txt","approved","","","C:\Users\bsing\OneDrive\Documents\Projects\ApplyPilot\portable_applypilot\software-pm\tailored_resumes\software-pm\Brianna Singer_resume_Senior Technical Project Manager_CMS_4415609999.pdf","hybrid","Remote","","Remote","","https://www.linkedin.com/jobs/view/4415609999","Agile Scrum, Hybrid Project Management, Software Project Management, Stakeholder Management, Program Management, Technical Documentation, Presentation Skills, Customer Success, Resource Planning, Release Coordination, Deployment Workflows, Smartsheet
Deterministic profile match: 12 profile skills mentioned; title alignment 3.0/3.0; domain signals 12.","","","","2026-05-19T03:26:29.194443+00:00"
"10","Sr. Technical Program Manager","Thomson Reuters","C:\Users\bsing\OneDrive\Documents\Projects\ApplyPilot\portable_applypilot\software-pm\tailored_resumes\software-pm\Brianna Singer_resume_Sr Technical Program Manager_Thomson Reuters_JREQ200684.txt","approved","","","C:\Users\bsing\OneDrive\Documents\Projects\ApplyPilot\portable_applypilot\software-pm\tailored_resumes\software-pm\Brianna Singer_resume_Sr Technical Program Manager_Thomson Reuters_JREQ200684.pdf","hybrid","","","","https://thomsonreuters.wd5.myworkdayjobs.com/External_Career_Site/job/United-States-of-America-McLean-Virginia/Sr-Technical-Program-Manager_JREQ200684","https://thomsonreuters.wd5.myworkdayjobs.com/External_Career_Site/job/United-States-of-America-McLean-Virginia/Sr-Technical-Program-Manager_JREQ200684","Hybrid Project Management, SAFe, Software Project Management, Stakeholder Management, Program Management, Roadmap Planning, Customer Success, Change Management, Risk Management, Release Coordination, Legal Technology
Deterministic profile match: 11 profile skills mentioned; title alignment 2.0/3.0; domain signals 9.","","","","2026-05-14T22:01:57.065581+00:00"
"10","Agile Project Manager","Everforth ECS","C:\Users\bsing\.applypilot\tailored_resumes\software-pm\001_8_Everforth_ECS_Agile_Project_Manager.txt","failed_validation","Missing required field: projects","","","remote","","","Remote, US (Remote)","https://recruiting.adp.com/srccsh/public/RTI.home?r=5001197391406&c=2201039&d=ExternalCareerSite&rb=INDEED&idUnique=5001197391406","https://www.indeed.com/viewjob?jk=28de63ff303a47e6","Agile Scrum, Sprint Planning, SAFe, Kanban, Retrospectives, Stakeholder Management, Program Management, Sprint Reviews, AI/ML, Risk Management, Jira
Deterministic profile match: 11 profile skills mentioned; title alignment 2.5/3.0; domain signals 12.","","","","2026-05-14T21:50:40.094592+00:00"
"10","Technical Program Manager - Adobe","Hirobe Limited","C:\Users\bsing\OneDrive\Documents\Projects\ApplyPilot\portable_applypilot\software-pm\tailored_resumes\software-pm\Brianna Singer_resume_Technical Program Manager Adobe_Hirobe_4414676061.txt","approved","","","C:\Users\bsing\OneDrive\Documents\Projects\ApplyPilot\portable_applypilot\software-pm\tailored_resumes\software-pm\Brianna Singer_resume_Technical Program Manager Adobe_Hirobe_4414676061.pdf","hybrid","Remote","","Remote","","https://www.linkedin.com/jobs/view/4414676061","Agile Scrum, SAFe, Data Governance Frameworks, Stakeholder Management, Program Management, Roadmap Planning, Customer Success, Resource Planning, Risk Management, Jira, Confluence
Deterministic profile match: 11 profile skills mentioned; title alignment 2.0/3.0; domain signals 14.","","","","2026-05-14T21:50:40.094592+00:00"
"10","Program Manager, Customer Experience","Sprinto","C:\Users\bsing\OneDrive\Documents\Projects\ApplyPilot\portable_applypilot\software-pm\tailored_resumes\software-pm\Brianna Singer_resume_Program Manager Customer Experience_Sprinto_4414414788.txt","approved","","","C:\Users\bsing\OneDrive\Documents\Projects\ApplyPilot\portable_applypilot\software-pm\tailored_resumes\software-pm\Brianna Singer_resume_Program Manager Customer Experience_Sprinto_4414414788.pdf","remote","","","Remote","","https://www.linkedin.com/jobs/view/4414414788","SQL, Data Governance Frameworks, Stakeholder Management, Program Management, Customer Success, Change Management, KPI Tracking, Training Enablement, Sprint Reviews, Risk Management, Deployment Workflows, Workflow Automation, Jira, Google Sheets, HubSpot
Deterministic profile match: 15 profile skills mentioned; title alignment 1.5/3.0; domain signals 11.","","","","2026-05-14T21:48:33.976678+00:00"
"10","Senior IT Project Manager/Agile Coach","ASRC Federal","","","","","","hybrid","Remote, US (Remote)","","Remote, US (Remote)","https://jobs.dayforcehcm.com/en-US/asrcfh/CANDIDATEPORTAL/jobs/22971","https://www.indeed.com/viewjob?jk=aac45397098d2b7d","Agile Scrum, Hybrid Project Management, Sprint Planning, SAFe, Kanban, Retrospectives, Stakeholder Management, Program Management, Change Management, Resource Planning, Sprint Reviews, Risk Management, Jira, Confluence
Deterministic profile match: 14 profile skills mentioned; title alignment 2.5/3.0; domain signals 10.","","","","2026-05-14T21:42:01.891331+00:00"
"10","DC to Cloud Scrum Master/Project Manager","Sogeti","C:\Users\bsing\OneDrive\Documents\Projects\ApplyPilot\portable_applypilot\software-pm\tailored_resumes\software-pm\Brianna Singer_resume_DC to Cloud Scrum Master Project Manager_Sogeti_4413517269.txt","approved","","","C:\Users\bsing\OneDrive\Documents\Projects\ApplyPilot\portable_applypilot\software-pm\tailored_resumes\software-pm\Brianna Singer_resume_DC to Cloud Scrum Master Project Manager_Sogeti_4413517269.pdf","hybrid","","","","","https://www.linkedin.com/jobs/view/4413517269","Agile Scrum, Hybrid Project Management, Sprint Planning, Retrospectives, CI/CD Collaboration, Stakeholder Management, Roadmap Planning, Sprint Reviews, Data Pipelines, AWS, Jira, Confluence, Google Cloud
Deterministic profile match: 13 profile skills mentioned; title alignment 2.0/3.0; domain signals 15.","","","","2026-05-14T21:42:01.891331+00:00"
"10","Senior Project Manager","Auria","","","","","","remote","","","Remote, US (Remote)","https://www.auria.space/careers/?gnk=job&gni=8a78839f9de0710c019e1e436e857923&gns=Indeed+Free","https://www.indeed.com/viewjob?jk=afcf48c73620ffed","Agile Scrum, Sprint Planning, Software Project Management, Milestone Tracking, Stakeholder Management, Program Management, Technical Documentation, Presentation Skills, Resource Planning, Sprint Reviews, Risk Management
Deterministic profile match: 11 profile skills mentioned; title alignment 2.0/3.0; domain signals 8.","","","","2026-05-14T21:40:03.505024+00:00"
"10","Project Manager Scrum Master","CloudIngest","","","","","","hybrid","","","","","https://www.linkedin.com/jobs/view/4413845775","Agile Scrum, Hybrid Project Management, Sprint Planning, Retrospectives, CI/CD Collaboration, Stakeholder Management, Roadmap Planning, Sprint Reviews, Data Pipelines, AWS, Jira, Confluence, Google Cloud
Deterministic profile match: 13 profile skills mentioned; title alignment 2.0/3.0; domain signals 14.","","","","2026-05-14T21:40:03.505024+00:00"
"10","Project Manager/Scrum Master (100% Remote) (Colombia Only)","Allshore Talent","","","","","","hybrid","Remote","","Remote","","https://www.linkedin.com/jobs/view/4413476941","Agile Scrum, Hybrid Project Management, Sprint Planning, SAFe, Software Project Management, Kanban, SDLC, Lean Product Development, Retrospectives, Data Governance Frameworks, Stakeholder Management, Technical Documentation, Resource Planning, Sprint Reviews, Risk Management, Jira, Confluence
Deterministic profile match: 17 profile skills mentioned; title alignment 2.0/3.0; domain signals 11.","","","","2026-05-14T21:40:03.505024+00:00"
"10","Senior Project Manager","Presidio","","","","","","unknown","","","","","https://www.linkedin.com/jobs/view/4365639389","Agile Scrum, Milestone Tracking, Kanban, Technical Documentation, Customer Success, Change Management, Risk Management, AWS, Jira, Confluence, Smartsheet, Trello
Deterministic profile match: 12 profile skills mentioned; title alignment 2.0/3.0; domain signals 10.","","","","2026-05-14T21:36:03.741595+00:00"
"10","Project Manager","The Project Shop","C:\Users\bsing\.applypilot\tailored_resumes\software-pm\030_8_The_Project_Shop_Project_Manager.txt","failed_validation","Company 'Sakhi' missing from experience; Company 'The Samaritans of New York' missing from experience","Banned words: extensive experience","","hybrid","Remote, US (Remote)","","Remote, US (Remote)","http://www.indeed.com/job/project-manager-f2a1b25d6979c8c7","https://www.indeed.com/viewjob?jk=f2a1b25d6979c8c7","Agile Scrum, Hybrid Project Management, Sprint Planning, Retrospectives, Stakeholder Management, Program Management, Technical Documentation, Presentation Skills, Resource Planning, Sprint Reviews, Workflow Automation, Jira, Smartsheet
Deterministic profile match: 13 profile skills mentioned; title alignment 2.0/3.0; domain signals 11.","","","","2026-05-14T21:31:37.952938+00:00"
"10","Senior Technical Project Manager (6-month Contract)","Activision","","","","","","hybrid","","","","","https://www.linkedin.com/jobs/view/4414153599","Agile Scrum, Hybrid Project Management, Kanban, A/B Testing, Experimentation Frameworks, Stakeholder Management, Program Management, Roadmap Planning, Customer Success, QA Coordination, Release Coordination, Distributed Systems Concepts, Jira, Confluence, Legal Technology
Deterministic profile match: 15 profile skills mentioned; title alignment 3.0/3.0; domain signals 12.","","","","2026-05-14T21:31:37.952938+00:00"
"10","Technical Project Manager (TPM)","The Cadmus Group","C:\Users\bsing\.applypilot\tailored_resumes\software-pm\045_8_The_Cadmus_Group_Technical_Project_Manager_TPM.txt","failed_validation","Company 'Sakhi' missing from experience; Company 'The Samaritans of New York' missing from experience","","","unknown","","","","","https://www.linkedin.com/jobs/view/4403524849","Agile Scrum, SAFe, SDLC, Program Management, Customer Success, Change Management, Risk Management, Jira
Deterministic profile match: 8 profile skills mentioned; title alignment 3.0/3.0; domain signals 9.","","","","2026-05-14T21:31:37.952938+00:00"
"10","Senior IT Project Manager","TechHarbor Partners","","","","","","hybrid","Remote","","Remote","","https://www.linkedin.com/jobs/view/4413149852","Agile Scrum, Hybrid Project Management, Kanban, Root Cause Analysis, Stakeholder Management, Program Management, Change Management, Risk Management, Jira, Confluence, Microsoft Planner
Deterministic profile match: 11 profile skills mentioned; title alignment 2.5/3.0; domain signals 13.","","","","2026-05-14T21:31:37.952938+00:00"
"10","Sr Lead Technical Program Manager","Lumen","","","","","","remote","","","Remote, US (Remote)","https://careers.lumen.com/careers/job/1133913284432?domain=lumen.com","https://www.indeed.com/viewjob?jk=2663d2f2decb9be2","Agile Scrum, Software Project Management, SDLC, Stakeholder Management, Program Management, Presentation Skills, Change Management, AWS, Jira, Confluence, Smartsheet
Deterministic profile match: 11 profile skills mentioned; title alignment 2.0/3.0; domain signals 10.","","","","2026-05-14T21:29:36.448824+00:00"
"10","Scrum Master with Data center","Envision Technology Solutions","","","","","","unknown","","","","","https://www.linkedin.com/jobs/view/4414135093","Agile Scrum, Sprint Planning, Retrospectives, CI/CD Collaboration, Stakeholder Management, Roadmap Planning, Sprint Reviews, Data Pipelines, AWS, Jira, Confluence, Google Cloud
Deterministic profile match: 12 profile skills mentioned; title alignment 1.5/3.0; domain signals 14.","","","","2026-05-14T21:29:36.448824+00:00"
"10","Senior Project Manager","PeopleCaddie","","","","","","hybrid","Remote","","Remote","","https://www.linkedin.com/jobs/view/4414593879","Agile Scrum, Hybrid Project Management, Data Governance Frameworks, Stakeholder Management, Presentation Skills, QA Coordination, Resource Planning, Risk Management, Deployment Workflows, Data Pipelines, Snowflake, AWS
Deterministic profile match: 12 profile skills mentioned; title alignment 2.0/3.0; domain signals 9.","","","","2026-05-14T21:29:36.448824+00:00"
"10","Technical Project Manager","Gravitate","C:\Users\bsing\OneDrive\Documents\Projects\ApplyPilot\portable_applypilot\software-pm\tailored_resumes\software-pm\Brianna Singer_resume_Technical Project Manager_Gravitate_4411529384.txt","approved","","","C:\Users\bsing\OneDrive\Documents\Projects\ApplyPilot\portable_applypilot\software-pm\tailored_resumes\software-pm\Brianna Singer_resume_Technical Project Manager_Gravitate_4411529384.pdf","unknown","","","","","https://www.linkedin.com/jobs/view/4411529384","Technical Documentation, Customer Success, ERP, Risk Management, Release Coordination, Jira, Notion, HubSpot
Deterministic profile match: 8 profile skills mentioned; title alignment 3.0/3.0; domain signals 10.","","","","2026-05-14T21:29:36.448824+00:00"
"10","Technical Project Manager","System One","C:\Users\bsing\.applypilot\tailored_resumes\software-pm\043_8_System_One_Technical_Project_Manager.txt","failed_validation","Company 'Sakhi' missing from experience; Company 'The Samaritans of New York' missing from experience","","","hybrid","","","","","https://www.linkedin.com/jobs/view/4411501234","Agile Scrum, Hybrid Project Management, Sprint Planning, SDLC, Retrospectives, Stakeholder Management, Change Management, Sprint Reviews, Risk Management, Power BI
Deterministic profile match: 10 profile skills mentioned; title alignment 3.0/3.0; domain signals 7.","","","","2026-05-14T21:29:36.448824+00:00"
"10","Sr. Project Manager","Blytheco","","","","","","remote","","","Remote","","https://www.linkedin.com/jobs/view/4405269260","Agile Scrum, Sprint Planning, Software Project Management, Retrospectives, Stakeholder Management, Program Management, Presentation Skills, Roadmap Planning, Customer Success, Change Management, Resource Planning, ERP, Risk Management, AWS
Deterministic profile match: 14 profile skills mentioned; title alignment 2.0/3.0; domain signals 10.","","","","2026-05-14T21:29:36.448824+00:00"
"9","Project Manager, Customer Experience","Ridgeline","","","","","","unknown","","","","","https://www.linkedin.com/jobs/view/4383175985","Software Project Management, Technical Documentation, Customer Success, Risk Management, AWS, Jira, Confluence, Google Cloud
Deterministic profile match: 8 profile skills mentioned; title alignment 2.0/3.0; domain signals 12.","","","","2026-05-19T03:45:43.877251+00:00"
"9","Service Delivery Project Manager- Immediate Joiners are required","techolution","","","","","","remote","","","Remote","","https://www.linkedin.com/jobs/view/4414458481","Agile Scrum, Sprint Planning, Kanban, Stakeholder Management, Technical Documentation, Sprint Reviews, Risk Management, Google Cloud
Deterministic profile match: 8 profile skills mentioned; title alignment 2.0/3.0; domain signals 10.","","","","2026-05-19T03:45:43.877251+00:00"
"9","Technical Program Manager","Autodesk","","","","","","unknown","","","","","https://www.linkedin.com/jobs/view/4391134630","Agile Scrum, Sprint Planning, Retrospectives, Program Management, Sprint Reviews, Risk Management, Jira, Confluence
Deterministic profile match: 8 profile skills mentioned; title alignment 2.0/3.0; domain signals 11.","","","","2026-05-19T03:41:57.324976+00:00"
"9","Technical Program Manager (APM) - P&C Insurance","Ahura Workforce Solutions","","","","","","remote","","","Remote","","https://www.linkedin.com/jobs/view/4415667467","SQL, Agile Scrum, Data Governance Frameworks, Stakeholder Management, Program Management, Customer Success, Risk Management, Data Pipelines, Snowflake
Deterministic profile match: 9 profile skills mentioned; title alignment 2.0/3.0; domain signals 12.","","","","2026-05-19T03:41:57.324976+00:00"
"9","Program Manager","Intellias","portable_applypilot\software-pm\tailored_resumes\software-pm\Brianna Singer_resume_Program Manager_Intellias_4416017774.pdf","manual_approved","","","portable_applypilot\software-pm\tailored_resumes\software-pm\Brianna Singer_resume_Program Manager_Intellias_4416017774.txt","unknown","","","","","https://www.linkedin.com/jobs/view/4416017774","Software Project Management, SDLC, Stakeholder Management, Program Management, Presentation Skills, Roadmap Planning, Mentoring, Change Management, Scheduling Management, Risk Management, Policy Automation
Deterministic profile match: 11 profile skills mentioned; title alignment 1.5/3.0; domain signals 7.","","","","2026-05-19T03:39:44.477961+00:00"
"9","Staff Technical Program Manager","MongoDB","","","","","","hybrid","Remote","","Remote","","https://www.linkedin.com/jobs/view/4344728326","Python, Google Apps Script, Policy Automation, MongoDB, AWS, Jira, Google Analytics, Google Cloud
Deterministic profile match: 8 profile skills mentioned; title alignment 2.0/3.0; domain signals 9.","","","","2026-05-19T03:39:44.477961+00:00"
"9","Program Manager","Confidential","","","","","","remote","","","Remote","","https://www.linkedin.com/jobs/view/4416091902","Agile Scrum, Software Project Management, Stakeholder Management, Program Management, Roadmap Planning, Change Management, Resource Planning, Risk Management, Jira, Smartsheet
Deterministic profile match: 10 profile skills mentioned; title alignment 1.5/3.0; domain signals 9.","","","","2026-05-19T03:39:44.477961+00:00"
"9","Senior Staff Technical Program Manager","MongoDB","","","","","","hybrid","Remote","","Remote","","https://www.linkedin.com/jobs/view/4344648784","Python, Google Apps Script, Policy Automation, MongoDB, AWS, Jira, Google Analytics, Google Cloud
Deterministic profile match: 8 profile skills mentioned; title alignment 2.0/3.0; domain signals 9.","","","","2026-05-19T03:39:44.477961+00:00"
"9","Sr. Technical Program Manager (Remote)","Jobs via Dice","","","","","","remote","","","Remote","","https://www.linkedin.com/jobs/view/4415710561","Agile Scrum, Software Project Management, Program Management, Change Management, Scheduling Management, Resource Planning, Risk Management, Jira, Smartsheet
Deterministic profile match: 9 profile skills mentioned; title alignment 2.0/3.0; domain signals 7.","","","","2026-05-19T03:39:44.477961+00:00"
"9","Remote Principal Project Manager","Alignment Health","","","","","","hybrid","Remote","","Remote","","https://www.linkedin.com/jobs/view/4412854271","Agile Scrum, Hybrid Project Management, Software Project Management, Continuous Improvement / Kaizen, Stakeholder Management, Change Management, Resource Planning, Risk Management, Jira, ServiceNow
Deterministic profile match: 10 profile skills mentioned; title alignment 2.0/3.0; domain signals 11.","","","","2026-05-19T03:35:32.190761+00:00"
"9","Technical Project Manager Tether Wallet - 100% remote","Tether.io","","","","","","remote","","","Remote","","https://www.linkedin.com/jobs/view/4414265588","Sprint Planning, Software Project Management, Stakeholder Management, QA Coordination, Release Coordination, Legal Technology
Deterministic profile match: 6 profile skills mentioned; title alignment 3.0/3.0; domain signals 9.","","","","2026-05-19T03:33:24.221345+00:00"
"9","Technical Project Manager Tether Wallet (100% Remote Worldwide)","Tether.io","","","","","","remote","","","Remote","","https://www.linkedin.com/jobs/view/4414283057","Sprint Planning, Software Project Management, Stakeholder Management, QA Coordination, Release Coordination, Legal Technology
Deterministic profile match: 6 profile skills mentioned; title alignment 3.0/3.0; domain signals 9.","","","","2026-05-19T03:33:24.221345+00:00"
"9","Sr Project Manager - Edifecs Implementations","Jobgether","","","","","","remote","","","Remote","","https://www.linkedin.com/jobs/view/4415655043","Agile Scrum, Software Project Management, Data Governance Frameworks, Stakeholder Management, Program Management, Requirements Gathering, Customer Success, Change Management, Resource Planning, Risk Management
Deterministic profile match: 10 profile skills mentioned; title alignment 2.0/3.0; domain signals 10.","","","","2026-05-19T03:30:57.247300+00:00"
"9","Implementation Project Manager","Swooped","","","","","","unknown","","","","","https://www.linkedin.com/jobs/view/4416250920","Data Governance Frameworks, Stakeholder Management, Customer Success, Risk Management, Data Pipelines, Jira, Smartsheet
Deterministic profile match: 7 profile skills mentioned; title alignment 2.5/3.0; domain signals 10.","","","","2026-05-19T03:30:57.247300+00:00"
"9","Scrum Master","Concept Plus","","","","","","remote","","","Remote, US (Remote)","https://ats.rippling.com/conceptplus/jobs/8f262f33-0aee-4693-9220-42e511bc4f20?jobSite=Indeed","https://www.indeed.com/viewjob?jk=0a40eee985d41e4f","Agile Scrum, Sprint Planning, Kanban, SDLC, Retrospectives, CI/CD Collaboration, Program Management, Sprint Reviews, Workflow Automation, Data Pipelines, Jira
Deterministic profile match: 11 profile skills mentioned; title alignment 1.5/3.0; domain signals 11.","","","","2026-05-19T03:28:48.056786+00:00"
"9","Senior Project Manager - Generative AI Data Operations","Welocalize","","","","","","remote","","","Remote","","https://www.linkedin.com/jobs/view/4415735473","SQL, Stakeholder Management, Program Management, Change Management, QA Coordination, Training Enablement, Risk Management, Deployment Workflows, System Monitoring, Distributed Systems Concepts
Deterministic profile match: 10 profile skills mentioned; title alignment 2.0/3.0; domain signals 6.","","","","2026-05-19T03:28:48.056786+00:00"
"9","Technical Project Manager","Emapta Global","","","","","","remote","","","Remote","","https://www.linkedin.com/jobs/view/4416407754","Software Project Management, Customer Success, Change Management, Snowflake, Jira, Smartsheet
Deterministic profile match: 6 profile skills mentioned; title alignment 3.0/3.0; domain signals 9.","","","","2026-05-19T03:28:48.056786+00:00"
"9","Lead Technical Project Manager","Hyland","","","","","","unknown","","","","","https://www.linkedin.com/jobs/view/4408977252","Software Project Management, CI/CD Collaboration, Change Management, Risk Management, Distributed Systems Concepts
Deterministic profile match: 5 profile skills mentioned; title alignment 3.0/3.0; domain signals 8.","","","","2026-05-19T03:28:48.056786+00:00"
"9","Sr. Program Manager","Synergy BIS","","","","","","remote","","","Remote, US (Remote)","https://app.jobvite.com/CompanyJobs/Job.aspx?j=oec8zfwR&s=Indeed","https://www.indeed.com/viewjob?jk=4865a66279edf64c","Agile Scrum, Sprint Planning, SAFe, Software Project Management, Stakeholder Management, Program Management, Technical Documentation, Risk Management, Jira, Confluence
Deterministic profile match: 10 profile skills mentioned; title alignment 1.5/3.0; domain signals 11.","","","","2026-05-19T03:26:29.194443+00:00"
"9","Interaction Intelligence Program Manager - Remote","Velera","","","","","","remote","","","Remote, US (Remote)","https://velera.wd5.myworkdayjobs.com/en-US/VeleraCareers/job/Remote-USA/Manager--QA-Member-Experience---Remote_9237","https://www.indeed.com/viewjob?jk=a515dac95b14d29d","Software Project Management, Data Governance Frameworks, Program Management, Technical Documentation, Presentation Skills, Customer Success, Change Management, Training Enablement, Deployment Workflows, Data Pipelines, Legal Technology
Deterministic profile match: 11 profile skills mentioned; title alignment 1.5/3.0; domain signals 8.","","","","2026-05-19T03:26:29.194443+00:00"
"9","Senior Technical Program Manager","Jobgether","","","","","","remote","","","Remote","","https://www.linkedin.com/jobs/view/4415603439","Agile Scrum, Kanban, Data Governance Frameworks, Stakeholder Management, Program Management, Risk Management, Jira, Confluence
Deterministic profile match: 8 profile skills mentioned; title alignment 2.0/3.0; domain signals 13.","","","","2026-05-19T03:26:29.194443+00:00"
"9","Founding Technical Project Manager","Kruncher","","","","","","hybrid","Remote","","Remote","","https://www.linkedin.com/jobs/view/4415892213","Hybrid Project Management, Software Project Management, Program Management, Customer Success, Jira, Confluence, Notion
Deterministic profile match: 7 profile skills mentioned; title alignment 3.0/3.0; domain signals 11.","","","","2026-05-19T03:25:28.289938+00:00"
"9","Senior Technical Program Manager, QC Digital GxP Systems","Moderna","","","","","","hybrid","","","","https://modernatx.wd1.myworkdayjobs.com/M_tx/job/Warsaw---Poland/Senior-Technical-Program-Manager--QC-Digital-GxP-Systems_R19088-1","https://modernatx.wd1.myworkdayjobs.com/M_tx/job/Warsaw---Poland/Senior-Technical-Program-Manager--QC-Digital-GxP-Systems_R19088-1","Data Governance Frameworks, Stakeholder Management, Program Management, Roadmap Planning, Change Management, QA Coordination, Resource Planning, Risk Management, Legal Technology
Deterministic profile match: 9 profile skills mentioned; title alignment 2.0/3.0; domain signals 8.","","","","2026-05-14T22:12:00.818278+00:00"
"9","Project Manager - ONESOURCE & Pagero E-Invoicing","Thomson Reuters","","","","","","hybrid","","","","https://thomsonreuters.wd5.myworkdayjobs.com/External_Career_Site/job/Australia-Pyrmont-New-South-Wales/Senior-Project-Manager_JREQ197891-1","https://thomsonreuters.wd5.myworkdayjobs.com/External_Career_Site/job/Australia-Pyrmont-New-South-Wales/Senior-Project-Manager_JREQ197891-1","Agile Scrum, Hybrid Project Management, Software Project Management, Stakeholder Management, Program Management, Customer Success, Change Management, Risk Management, Legal Technology
Deterministic profile match: 9 profile skills mentioned; title alignment 2.0/3.0; domain signals 9.","","","","2026-05-14T22:01:57.065581+00:00"
"9","Staff Product Manager - Enterprise AI","Twilio","","","","","","remote","","","Remote, US (Remote)","https://jobs.twilio.com/careers/job/1099553537887?domain=twilio.com","https://www.indeed.com/viewjob?jk=7fe92a95cee1b2fb","SQL, Stakeholder Management, Program Management, Requirements Gathering, Customer Success, Change Management, Training Enablement, ERP, AI/ML, Risk Management, Workflow Automation, Distributed Systems Concepts, Legal Technology
Deterministic profile match: 13 profile skills mentioned; title alignment 1.0/3.0; domain signals 8.","","","","2026-05-14T21:46:30.549281+00:00"
"9","Technical Program Manager","Abnormal AI","C:\Users\bsing\.applypilot\tailored_resumes\software-pm\036_8_Abnormal_AI_Technical_Program_Manager.txt","failed_validation","Company 'Sakhi' missing from experience; Company 'The Samaritans of New York' missing from experience","","","unknown","","","","","https://www.linkedin.com/jobs/view/4413783610","SQL, Agile Scrum, Software Project Management, Program Management, Customer Success, Resource Planning, AI/ML, Jira
Deterministic profile match: 8 profile skills mentioned; title alignment 2.0/3.0; domain signals 11.","","","","2026-05-14T21:46:30.549281+00:00"
"9","Senior Technical Program Manager- Remote","BeyondTrust","","","","","","remote","","","Remote","","https://www.linkedin.com/jobs/view/4413742907","Agile Scrum, Software Project Management, Kanban, Program Management, Customer Success, Risk Management, Jira, Confluence, GitHub
Deterministic profile match: 9 profile skills mentioned; title alignment 2.0/3.0; domain signals 11.","","","","2026-05-14T21:46:30.549281+00:00"
"9","Senior Technical Program Manager","BeyondTrust","","","","","","unknown","","","","","https://www.linkedin.com/jobs/view/4413718124","Agile Scrum, Software Project Management, Kanban, Program Management, Customer Success, Risk Management, Jira, Confluence, GitHub
Deterministic profile match: 9 profile skills mentioned; title alignment 2.0/3.0; domain signals 11.","","","","2026-05-14T21:46:30.549281+00:00"
"9","Technical Program Manager, North Delivery & Release Operations","Cohere","","","","","","remote","","","Remote","","https://www.linkedin.com/jobs/view/4404297144","Software Project Management, Program Management, Customer Success, AI/ML, Release Coordination, Deployment Workflows, Jira, GitHub
Deterministic profile match: 8 profile skills mentioned; title alignment 2.0/3.0; domain signals 9.","","","","2026-05-14T21:44:13.352357+00:00"
"9","Principal Technical Program Manager","Zillow","","","","","","remote","","","Remote","","https://www.linkedin.com/jobs/view/4383330524","Postmortems, Program Management, Mentoring, Customer Success, Change Management, AI/ML, Risk Management, Workflow Automation
Deterministic profile match: 8 profile skills mentioned; title alignment 2.0/3.0; domain signals 8.","","","","2026-05-14T21:44:13.352357+00:00"
"9","Technical Project Manager","Insight Global","C:\Users\bsing\.applypilot\tailored_resumes\software-pm\040_8_Insight_Global_Technical_Project_Manager.txt","failed_validation","Company 'Sakhi' missing from experience; Company 'The Samaritans of New York' missing from experience","Banned words: proven track record","","remote","","","Remote","","https://www.linkedin.com/jobs/view/4413194470","Sprint Planning, Software Project Management, Program Management, Technical Documentation, Sprint Reviews, Workflow Automation, GitHub
Deterministic profile match: 7 profile skills mentioned; title alignment 3.0/3.0; domain signals 10.","","","","2026-05-14T21:44:13.352357+00:00"
"9","Project Manager - SaaS Transformation (1875)","Focus Systems Inc.","","","","","","remote","","","Remote","","https://www.linkedin.com/jobs/view/4414736282","SAFe, Software Project Management, Stakeholder Management, Program Management, Requirements Gathering, Resource Planning, Risk Management, Power BI
Deterministic profile match: 8 profile skills mentioned; title alignment 2.0/3.0; domain signals 8.","","","","2026-05-14T21:44:13.352357+00:00"
"9","Senior Project Manager","Percepta","","","","","","remote","","","Remote","","https://www.linkedin.com/jobs/view/4413466716","Software Project Management, Stakeholder Management, Program Management, Presentation Skills, Requirements Gathering, Mentoring, Change Management, KPI Tracking, Risk Management, Smartsheet
Deterministic profile match: 10 profile skills mentioned; title alignment 2.0/3.0; domain signals 6.","","","","2026-05-14T21:42:01.891331+00:00"
"9","Technical Program Manager","LMI","","","","","","remote","","","Remote, US (Remote)","https://careers-lmi.icims.com/jobs/14021/job?utm_source=indeed_integration&iis=Job%20Board&iisn=Indeed&indeed-apply-token=73a2d2b2a8d6d5c0a62696875eaebd669103652d3f0c2cd5445d3e66b1592b0f","https://www.indeed.com/viewjob?jk=f2861c93a7b4adca","Agile Scrum, Software Project Management, Stakeholder Management, Program Management, Technical Documentation, Roadmap Planning, Change Management, AWS
Deterministic profile match: 8 profile skills mentioned; title alignment 2.0/3.0; domain signals 11.","","","","2026-05-14T21:40:03.505024+00:00"
"9","Project Manager","Outsourcey","","","","","","remote","","","Remote","","https://www.linkedin.com/jobs/view/4413274924","Agile Scrum, Sprint Planning, Stakeholder Management, Program Management, Change Management, KPI Tracking, Risk Management, Jira, Confluence
Deterministic profile match: 9 profile skills mentioned; title alignment 2.0/3.0; domain signals 7.","","","","2026-05-14T21:40:03.505024+00:00"
"9","Agile Project Manager","Pinnacle Method Consulting","C:\Users\bsing\.applypilot\tailored_resumes\software-pm\002_8_Pinnacle_Method_Cons_Agile_Project_Manager.txt","failed_validation","Company 'Sakhi' missing from experience; Company 'The Samaritans of New York' missing from experience","Banned words: proactive","","remote","","","Remote","","https://www.linkedin.com/jobs/view/4414436932","Agile Scrum, Sprint Planning, SAFe, Kanban, Retrospectives, Sprint Reviews, Risk Management, Jira
Deterministic profile match: 8 profile skills mentioned; title alignment 2.5/3.0; domain signals 11.","","","","2026-05-14T21:40:03.505024+00:00"
"9","AI Technical Project Manager - Remote Work","BairesDev","C:\Users\bsing\.applypilot\tailored_resumes\software-pm\003_8_BairesDev_AI_Technical_Project_Manager_-_Remote_Work.txt","failed_validation","Company 'Sakhi' missing from experience; Company 'The Samaritans of New York' missing from experience","Banned words: proven track record","","remote","","","Remote","","https://www.linkedin.com/jobs/view/4414154751","Software Project Management, Program Management, Technical Documentation, Deployment Workflows, Workflow Automation, Jira
Deterministic profile match: 6 profile skills mentioned; title alignment 3.0/3.0; domain signals 7.","","","","2026-05-14T21:37:59.870693+00:00"
"9","Project Manager","CSG","C:\Users\bsing\.applypilot\tailored_resumes\software-pm\027_8_CSG_Project_Manager.txt","failed_validation","Company 'Sakhi' missing from experience; Company 'The Samaritans of New York' missing from experience","","","hybrid","Remote, US (Remote)","","Remote, US (Remote)","https://csgi.wd5.myworkdayjobs.com/en-US/CSGCareers/job/United-States-Remote/Project-Manager_31900-1","https://www.indeed.com/viewjob?jk=77035283329ced6e","Hybrid Project Management, SAFe, Software Project Management, Stakeholder Management, Program Management, Mentoring, Customer Success, Resource Planning, Risk Management
Deterministic profile match: 9 profile skills mentioned; title alignment 2.0/3.0; domain signals 7.","","","","2026-05-14T21:36:03.741595+00:00"
"9","PROJECT MANAGER","Atos","C:\Users\bsing\.applypilot\tailored_resumes\software-pm\024_8_Atos_PROJECT_MANAGER.txt","failed_validation","Company 'Sakhi' missing from experience; Company 'The Samaritans of New York' missing from experience","","","remote","","","Remote, US (Remote)","https://jobs.atos.net/job/Remote-Home-PROJECT-MANAGER/1392538133/","https://www.indeed.com/viewjob?jk=3348aa4af1cdee09","Agile Scrum, SAFe, Lean Product Development, Data Governance Frameworks, Stakeholder Management, Program Management, Presentation Skills, Customer Success
Deterministic profile match: 8 profile skills mentioned; title alignment 2.0/3.0; domain signals 10.","","","","2026-05-14T21:36:03.741595+00:00"
"9","Sr. Project Manager","Net2Source (N2S)","","","","","","hybrid","Remote","","Remote","","https://www.linkedin.com/jobs/view/4410995300","Agile Scrum, Hybrid Project Management, Stakeholder Management, Program Management, Technical Documentation, Change Management, Scheduling Management, Risk Management, AWS
Deterministic profile match: 9 profile skills mentioned; title alignment 2.0/3.0; domain signals 7.","","","","2026-05-14T21:36:03.741595+00:00"
"9","Implementation Project Manager","Attentive","C:\Users\bsing\.applypilot\tailored_resumes\software-pm\082_7_Attentive_Implementation_Project_Manager.txt","failed_validation","Company 'Sakhi' missing from experience; Company 'The Samaritans of New York' missing from experience","","","unknown","","","","","https://www.linkedin.com/jobs/view/4413755360","Data Governance Frameworks, Stakeholder Management, Customer Success, Risk Management, Data Pipelines, Jira, Smartsheet
Deterministic profile match: 7 profile skills mentioned; title alignment 2.5/3.0; domain signals 11.","","","","2026-05-14T21:36:03.741595+00:00"
"9","Senior IT Project Manager - US","mSupply","","","","","","hybrid","Remote","","Remote","","https://www.linkedin.com/jobs/view/4409618751","Hybrid Project Management, Program Management, Change Management, Resource Planning, ERP, Risk Management, Workflow Automation, Jira
Deterministic profile match: 8 profile skills mentioned; title alignment 2.5/3.0; domain signals 9.","","","","2026-05-14T21:36:03.741595+00:00"
"9","Program Manager - CRM Migration, Enterprise Transformation","Slipstream IT","","","","","","hybrid","Remote, US (Remote)","","Remote, US (Remote)","https://slipstream-it.hrmdirect.com/employment/view.php?req=3714901&jbsrc=1014&location=5dfa8151-0284-6a25-5521-43b65c119c0f","https://www.indeed.com/viewjob?jk=b4a8d655651d77dc","Hybrid Project Management, Software Project Management, Stakeholder Management, Program Management, Technical Documentation, Change Management, Resource Planning, ERP, Risk Management, Jira, Smartsheet
Deterministic profile match: 11 profile skills mentioned; title alignment 1.5/3.0; domain signals 13.","","","","2026-05-14T21:33:49.397717+00:00"
"9","Technical Project Manager","Norstella","C:\Users\bsing\.applypilot\tailored_resumes\software-pm\042_8_Norstella_Technical_Project_Manager.txt","failed_validation","Company 'Sakhi' missing from experience; Company 'The Samaritans of New York' missing from experience","","","remote","","","Remote, US (Remote)","https://careers.norstella.com/jobs/17733290-technical-project-manager?tm_job=R-1957&tm_event=view&tm_company=90918","https://www.indeed.com/viewjob?jk=40ba07f0b140f9a4","Program Management, Technical Documentation, Presentation Skills, Customer Success, Change Management, Risk Management, Deployment Workflows
Deterministic profile match: 7 profile skills mentioned; title alignment 3.0/3.0; domain signals 5.","","","","2026-05-14T21:33:49.397717+00:00"
"9","SAP Business One / Acumatica Project Manager","Softengine","","","","","","hybrid","Remote, US (Remote)","","Remote, US (Remote)","https://ats.rippling.com/softengine/jobs/e71dfd14-1e77-4c0d-bb14-c55675502820?jobSite=Indeed","https://www.indeed.com/viewjob?jk=c8da88956170e590","Hybrid Project Management, Software Project Management, Stakeholder Management, Customer Success, Change Management, Resource Planning, ERP, Risk Management, Jira, Smartsheet
Deterministic profile match: 10 profile skills mentioned; title alignment 2.0/3.0; domain signals 9.","","","","2026-05-14T21:33:49.397717+00:00"
"9","Technical Project Manager","Yalo","C:\Users\bsing\.applypilot\tailored_resumes\software-pm\044_8_Yalo_Technical_Project_Manager.txt","failed_validation","Company 'Sakhi' missing from experience; Company 'The Samaritans of New York' missing from experience","","","unknown","","","","","https://www.linkedin.com/jobs/view/4410354262","Python, Agile Scrum, SDLC, AWS, Power BI, Jira, Google Cloud
Deterministic profile match: 7 profile skills mentioned; title alignment 3.0/3.0; domain signals 10.","","","","2026-05-14T21:33:49.397717+00:00"
"9","Lead Technical Project Manager - Remote","Experian","C:\Users\bsing\.applypilot\tailored_resumes\software-pm\011_8_Experian_Lead_Technical_Project_Manager_-_Remote.txt","failed_validation","Company 'Sakhi' missing from experience; Company 'The Samaritans of New York' missing from experience","","","hybrid","Remote","","Remote","","https://www.linkedin.com/jobs/view/4414517661","Hybrid Project Management, Software Project Management, SDLC, Program Management, Change Management, Jira, Confluence
Deterministic profile match: 7 profile skills mentioned; title alignment 3.0/3.0; domain signals 8.","","","","2026-05-14T21:33:49.397717+00:00"
"9","Project Manager","Blu Omega LLC","","","","","","hybrid","Remote, US (Remote)","","Remote, US (Remote)","https://bluomega.com/wp-content/plugins/bullhorn-oscp/#/jobs/2139","https://www.indeed.com/viewjob?jk=ebf35f23353de952","Hybrid Project Management, Retrospectives, Stakeholder Management, Program Management, Technical Documentation, Risk Management, Jira, Legal Technology
Deterministic profile match: 8 profile skills mentioned; title alignment 2.0/3.0; domain signals 9.","","","","2026-05-14T21:31:37.952938+00:00"
"9","Product Manager","SureTest, Inc.","","","","","","remote","","","Remote, US (Remote)","http://www.indeed.com/job/product-manager-04e550a5110df027","https://www.indeed.com/viewjob?jk=04e550a5110df027","SDLC, Acceptance Criteria Frameworks, CI/CD Collaboration, Program Management, Technical Documentation, QA Coordination, Release Coordination, Deployment Workflows, Jira, Playwright, Smartsheet
Deterministic profile match: 11 profile skills mentioned; title alignment 1.0/3.0; domain signals 9.","","","","2026-05-14T21:29:36.448824+00:00"
"9","Technical Program Manager, Research","Deepgram","","","","","","remote","","","Remote, US (Remote)","https://jobs.ashbyhq.com/Deepgram/69d7f329-968a-4c9d-a0b4-972f83f1206c?employmentType=FullTime","https://www.indeed.com/viewjob?jk=4b3aacc67f60b535","Software Project Management, Stakeholder Management, Program Management, Change Management, Training Enablement, AI/ML, Risk Management, Data Pipelines
Deterministic profile match: 8 profile skills mentioned; title alignment 2.0/3.0; domain signals 10.","","","","2026-05-14T21:29:36.448824+00:00"
"9","Information Technology Project Manager","Wilson & Sterling Consulting","C:\Users\bsing\.applypilot\tailored_resumes\software-pm\091_7_Wilson__Sterling_Con_Information_Technology_Project_Manager.txt","failed_validation","Missing required field: projects","","","hybrid","Remote","","Remote","","https://www.linkedin.com/jobs/view/4413952427","Hybrid Project Management, Software Project Management, Kanban, SDLC, Stakeholder Management, Program Management, Change Management, Risk Management, Jira, Confluence
Deterministic profile match: 10 profile skills mentioned; title alignment 2.0/3.0; domain signals 8.","","","","2026-05-14T21:29:36.448824+00:00"
"9","Senior IT Project Manager","Precision Medicine Group","","","","","","hybrid","","","","","https://www.linkedin.com/jobs/view/4404432328","Hybrid Project Management, SAFe, OKRs, Data Governance Frameworks, Stakeholder Management, Program Management, Roadmap Planning, Change Management, Risk Management, Policy Automation
Deterministic profile match: 10 profile skills mentioned; title alignment 2.5/3.0; domain signals 6.","","","","2026-05-14T21:29:36.448824+00:00"
"8","Technical Project Manager, Data Analytics - Data Center Operations","NVIDIA","","","","","","remote","","","US, CA, Remote","https://nvidia.wd5.myworkdayjobs.com/NVIDIAExternalCareerSite/job/US-CA-Remote/Technical-Project-Manager--Data-Analytics---Data-Center-Operations_JR2018069-1","https://nvidia.wd5.myworkdayjobs.com/NVIDIAExternalCareerSite/job/US-CA-Remote/Technical-Project-Manager--Data-Analytics---Data-Center-Operations_JR2018069-1","SQL, Software Project Management, Requirements Gathering, Data Pipelines, Databricks
Deterministic profile match: 5 profile skills mentioned; title alignment 3.0/3.0; domain signals 5.","","","","2026-05-19T03:50:13.793393+00:00"
"8","Digital Project Manager (Remote)","Pinnacle Method Consulting","","","","","","remote","","","Remote","","https://www.linkedin.com/jobs/view/4415660869","Agile Scrum, Software Project Management, Kanban, Risk Management, Jira, Confluence
Deterministic profile match: 6 profile skills mentioned; title alignment 2.0/3.0; domain signals 7.","","","","2026-05-19T03:47:58.625216+00:00"
"8","Project Manager","Joinrs","","","","","","remote","","","Remote","","https://www.linkedin.com/jobs/view/4416089701","Agile Scrum, Software Project Management, Stakeholder Management, Program Management, Customer Success, Sprint Reviews
Deterministic profile match: 6 profile skills mentioned; title alignment 2.0/3.0; domain signals 10.","","","","2026-05-19T03:45:43.877251+00:00"
"8","Technical Project Manager ? Datacenter & Infrastructure (all genders)(EN)","Contabo","","","","","","hybrid","Remote","","Remote","","https://www.linkedin.com/jobs/view/4415701017","Hybrid Project Management, Program Management, Change Management, Jira, Confluence
Deterministic profile match: 5 profile skills mentioned; title alignment 3.0/3.0; domain signals 5.","","","","2026-05-19T03:45:43.877251+00:00"
"8","Product Manager III, Order Management Systems","ACV Auctions","","","","","","remote","","","Remote, US (Remote)","https://jobs.dayforcehcm.com/en-US/acv/CANDIDATEPORTAL/jobs/35006","https://www.indeed.com/viewjob?jk=79c66015d67709d9","SQL, Program Management, Presentation Skills, Roadmap Planning, Mentoring, Customer Success, ERP, Risk Management, Workflow Automation, Legal Technology
Deterministic profile match: 10 profile skills mentioned; title alignment 1.0/3.0; domain signals 9.","","","","2026-05-19T03:41:57.324976+00:00"
"8","Technical Program Manager II, Advanced Technology Group","Pinterest","","","","","","onsite","","","","","https://www.linkedin.com/jobs/view/4406806356","SQL, Program Management, Change Management, AI/ML, Jira, Google Sheets, Legal Technology
Deterministic profile match: 7 profile skills mentioned; title alignment 2.0/3.0; domain signals 6.","","","","2026-05-19T03:41:57.324976+00:00"
"8","Technical Program Manager","RemoteHunter","","","","","","remote","","","Remote","","https://www.linkedin.com/jobs/view/4415692822","Software Project Management, Stakeholder Management, Program Management, Technical Documentation, Customer Success, AI/ML, Jira, Confluence
Deterministic profile match: 8 profile skills mentioned; title alignment 2.0/3.0; domain signals 7.","","","","2026-05-19T03:41:57.324976+00:00"
"8","Senior Technical Product Manager (Patient Engagement Experimentation), Remote","Aledade, Inc.","","","","","","remote","","","Remote, US (Remote)","https://jobs.lever.co/aledade/72f96b6c-9170-407d-827e-9cc4a3c66f08?lever-source=Indeed","https://www.indeed.com/viewjob?jk=8e95aee161aa1d0f","SQL, Agile Scrum, A/B Testing, Program Management, Customer Success, Risk Management, System Monitoring, PostgreSQL, Mixpanel
Deterministic profile match: 9 profile skills mentioned; title alignment 1.0/3.0; domain signals 8.","","","","2026-05-19T03:39:44.477961+00:00"
"8","Staff Technical Program Manager, Security","GoFundMe","","","","","","hybrid","Remote","","Remote","","https://www.linkedin.com/jobs/view/4397407515","SAFe, Stakeholder Management, Program Management, Roadmap Planning, Change Management, Resource Planning, Risk Management
Deterministic profile match: 7 profile skills mentioned; title alignment 2.0/3.0; domain signals 7.","","","","2026-05-19T03:39:44.477961+00:00"
"8","Staff Program Manager","Wellhub","","","","","","hybrid","Remote","","Remote","","https://www.linkedin.com/jobs/view/4383124588","Hybrid Project Management, Software Project Management, OKRs, Program Management, Risk Management, Jira
Deterministic profile match: 6 profile skills mentioned; title alignment 1.5/3.0; domain signals 8.","","","","2026-05-19T03:39:44.477961+00:00"
"8","Senior Technical Program Manager (Telecom/Network)","Calix","","","","","","remote","","","Remote","","https://www.linkedin.com/jobs/view/4345046430","Software Project Management, Stakeholder Management, Program Management, Change Management, Jira, Confluence
Deterministic profile match: 6 profile skills mentioned; title alignment 2.0/3.0; domain signals 6.","","","","2026-05-19T03:39:44.477961+00:00"
"8","Senior Technical Program Manager","Porch Group","","","","","","remote","","","Remote","","https://www.linkedin.com/jobs/view/4406620916","Program Management, Technical Documentation, Change Management, Resource Planning, Jira, Confluence
Deterministic profile match: 6 profile skills mentioned; title alignment 2.0/3.0; domain signals 9.","","","","2026-05-19T03:39:44.477961+00:00"
"8","Senior Project Manager","Empresa Confidencial","","","","","","hybrid","Remote","","Remote","","https://www.linkedin.com/jobs/view/4416269081","Hybrid Project Management, SAFe, Software Project Management, Stakeholder Management, Program Management, Jira, Trello
Deterministic profile match: 7 profile skills mentioned; title alignment 2.0/3.0; domain signals 7.","","","","2026-05-19T03:39:44.477961+00:00"
"8","Program Manager, Product Security (Remote, CAN)","CrowdStrike","","","","","","remote","","","Remote","","https://www.linkedin.com/jobs/view/4412852160","Agile Scrum, SAFe, Software Project Management, SDLC, Program Management, Roadmap Planning, Scheduling Management
Deterministic profile match: 7 profile skills mentioned; title alignment 1.5/3.0; domain signals 10.","","","","2026-05-19T03:39:44.477961+00:00"
"8","Scrum Master","Pinnacle Method Consulting","","","","","","hybrid","","","","","https://www.linkedin.com/jobs/view/4415176898","Agile Scrum, Sprint Planning, Milestone Tracking, Retrospectives, CI/CD Collaboration, Sprint Reviews, Jira, Confluence
Deterministic profile match: 8 profile skills mentioned; title alignment 1.5/3.0; domain signals 8.","","","","2026-05-19T03:35:32.190761+00:00"
"8","Project Manager","Providge Consulting","","","","","","hybrid","Remote","","Remote","","https://www.linkedin.com/jobs/view/4416270128","Hybrid Project Management, Data Governance Frameworks, Stakeholder Management, Program Management, Presentation Skills, ERP, Risk Management, Jira, Smartsheet
Deterministic profile match: 9 profile skills mentioned; title alignment 2.0/3.0; domain signals 6.","","","","2026-05-19T03:35:32.190761+00:00"
"8","Project Manager # 26-11732","US Tech Solutions","","","","","","unknown","","","","","https://www.linkedin.com/jobs/view/4412846251","Sprint Planning, Experimentation Frameworks, Retrospectives, Stakeholder Management, Program Management, Technical Documentation, Change Management, Resource Planning, Sprint Reviews
Deterministic profile match: 9 profile skills mentioned; title alignment 2.0/3.0; domain signals 6.","","","","2026-05-19T03:35:32.190761+00:00"
"8","Senior Technical Project Manager","Fluxon","","","","","","remote","","","Remote","","https://www.linkedin.com/jobs/view/4357458815","Stakeholder Management, Program Management, Technical Documentation, Jira, Confluence
Deterministic profile match: 5 profile skills mentioned; title alignment 3.0/3.0; domain signals 5.","","","","2026-05-19T03:35:32.190761+00:00"
"8","Middle Art Project Manager","Pingle Studio","","","","","","remote","","","Remote","","https://www.linkedin.com/jobs/view/4412248957","Agile Scrum, Sprint Planning, Milestone Tracking, Program Management, Technical Documentation, Presentation Skills, Sprint Reviews, Jira, Confluence
Deterministic profile match: 9 profile skills mentioned; title alignment 2.0/3.0; domain signals 6.","","","","2026-05-19T03:35:32.190761+00:00"
"8","Project Manager","Advanced Bio-Logic Solutions Corp.","","","","","","remote","","","Remote","","https://www.linkedin.com/jobs/view/4412828925","Sprint Planning, Retrospectives, Stakeholder Management, Program Management, Technical Documentation, Change Management, Resource Planning, Sprint Reviews
Deterministic profile match: 8 profile skills mentioned; title alignment 2.0/3.0; domain signals 6.","","","","2026-05-19T03:35:32.190761+00:00"
"8","Product Manager","DealerOn, Inc.","","","","","","remote","","","Remote, US (Remote)","https://ats.rippling.com/dealeron/jobs/0206d61a-6c74-4f97-885c-8782ca08bb0f?jobSite=Indeed","https://www.indeed.com/viewjob?jk=0a843e7c3579e944","Agile Scrum, Sprint Planning, Stakeholder Management, Technical Documentation, Roadmap Planning, Customer Success, Training Enablement, Jira, Confluence, Figma
Deterministic profile match: 10 profile skills mentioned; title alignment 1.0/3.0; domain signals 13.","","","","2026-05-19T03:33:24.221345+00:00"
"8","Project Manager Adminstrator","CME Corp","","","","","","remote","","","Remote, US (Remote)","http://www.indeed.com/job/project-manager-adminstrator-1185e419f3c6fbf4","https://www.indeed.com/viewjob?jk=1185e419f3c6fbf4","Software Project Management, Program Management, Requirements Gathering, Change Management, Scheduling Management, ERP, SOPs
Deterministic profile match: 7 profile skills mentioned; title alignment 2.0/3.0; domain signals 5.","","","","2026-05-19T03:33:24.221345+00:00"
"8","Junior Healthcare IT Project Manager","Jobs via Dice","","","","","","unknown","","","","","https://www.linkedin.com/jobs/view/4415750182","Program Management, Technical Documentation, Change Management, Risk Management, Deployment Workflows, Data Pipelines
Deterministic profile match: 6 profile skills mentioned; title alignment 2.5/3.0; domain signals 4.","","","","2026-05-19T03:30:57.247300+00:00"
"8","Scrum Master/Technical Documentation","Finch Computing","","","","","","remote","","","Remote, US (Remote)","https://finchai.com/about/#Careers?gnk=job&gni=8a78879e9db1e8bc019dd4e62c5d4d32&gns=Indeed+Free","https://www.indeed.com/viewjob?jk=08ce5e6121a6433e","Agile Scrum, Sprint Planning, Retrospectives, Technical Documentation, Sprint Reviews, Deployment Workflows, AWS, Jira
Deterministic profile match: 8 profile skills mentioned; title alignment 1.5/3.0; domain signals 8.","","","","2026-05-19T03:28:48.056786+00:00"
"8","Program Manager (Federal Government Experience Required)","NexGen Technologies Inc.","","","","","","hybrid","Remote, US (Remote)","","Remote, US (Remote)","https://ht-jobs.net/gfwkaix?s=in","https://www.indeed.com/viewjob?jk=d2a02505851abe0e","Hybrid Project Management, SAFe, Software Project Management, Stakeholder Management, Program Management, Change Management, Risk Management
Deterministic profile match: 7 profile skills mentioned; title alignment 1.5/3.0; domain signals 9.","","","","2026-05-19T03:28:48.056786+00:00"
"8","IT Project Manager","Pinnacle Method Consulting","","","","","","hybrid","Remote","","Remote","","https://www.linkedin.com/jobs/view/4415444017","Agile Scrum, Hybrid Project Management, Technical Documentation, Resource Planning, Risk Management, Jira, Smartsheet
Deterministic profile match: 7 profile skills mentioned; title alignment 2.5/3.0; domain signals 6.","","","","2026-05-19T03:28:48.056786+00:00"
"8","Sr. Project Manager -- Telecoms and OpEx","American Workforce Solutions","","","","","","remote","","","Remote","","https://www.linkedin.com/jobs/view/4415727668","SDLC, Stakeholder Management, Change Management, ERP, Risk Management, Jira, Confluence
Deterministic profile match: 7 profile skills mentioned; title alignment 2.0/3.0; domain signals 8.","","","","2026-05-19T03:28:48.056786+00:00"
"8","IT Project Manager (Medical Affairs Systems)","JSR Tech Consulting","","","","","","unknown","","","","","https://www.linkedin.com/jobs/view/4410858477","Agile Scrum, SDLC, Stakeholder Management, Technical Documentation, Presentation Skills, Requirements Gathering, Change Management
Deterministic profile match: 7 profile skills mentioned; title alignment 2.5/3.0; domain signals 6.","","","","2026-05-19T03:28:48.056786+00:00"
"8","Product Manager - RCA","Cotiviti","","","","","","remote","","","Remote, US (Remote)","https://careers-cotiviti.icims.com/jobs/19159/job?utm_source=indeed_integration&iis=Job%20Board&iisn=Indeed&indeed-apply-token=73a2d2b2a8d6d5c0a62696875eaebd669103652d3f0c2cd5445d3e66b1592b0f","https://www.indeed.com/viewjob?jk=50b1c01f6b7240f4","SQL, Stakeholder Management, Presentation Skills, Roadmap Planning, Requirements Gathering, Customer Success, Change Management, Risk Management
Deterministic profile match: 8 profile skills mentioned; title alignment 1.0/3.0; domain signals 8.","","","","2026-05-19T03:26:29.194443+00:00"
"8","Product Manager","indeed","","","","","","remote","","","Remote, US (Remote)","https://modernclassroomsproject.applytojob.com/apply/KBYVxxaHne/Product-Manager?source=INDE&~","https://www.indeed.com/viewjob?jk=c3af1bf66332ddcf","Sprint Planning, SAFe, Software Project Management, Retrospectives, Program Management, Technical Documentation, Roadmap Planning, Risk Management, Figma
Deterministic profile match: 9 profile skills mentioned; title alignment 1.0/3.0; domain signals 6.","","","","2026-05-19T03:26:29.194443+00:00"
"8","Project Manager - E-commerce - Qualcomm, flexible on location within Europe/Remote","Qualcomm","","","","","","remote","","","Remote, US (Remote)","https://app.eightfold.ai/careers/job/446717760161?domain=qualcomm.com","https://www.indeed.com/viewjob?jk=f66f728f935966c4","Software Project Management, A/B Testing, Stakeholder Management, Roadmap Planning, Customer Success, Resource Planning
Deterministic profile match: 6 profile skills mentioned; title alignment 2.0/3.0; domain signals 7.","","","","2026-05-19T03:26:29.194443+00:00"
"8","IT Project Manager","Remote Recruitment","","","","","","remote","","","Remote","","https://www.linkedin.com/jobs/view/4412289859","Agile Scrum, Sprint Planning, Retrospectives, Stakeholder Management, Resource Planning, Jira
Deterministic profile match: 6 profile skills mentioned; title alignment 2.5/3.0; domain signals 7.","","","","2026-05-19T03:26:29.194443+00:00"
"8","Implementation Project Manager","Symplast","","","","","","remote","","","Remote","","https://www.linkedin.com/jobs/view/4416257843","Software Project Management, Technical Documentation, Customer Success, Change Management, Workflow Automation
Deterministic profile match: 5 profile skills mentioned; title alignment 2.5/3.0; domain signals 7.","","","","2026-05-19T03:26:29.194443+00:00"
"8","Senior Project Manager","Amaris Consulting","","","","","","remote","","","Remote","","https://www.linkedin.com/jobs/view/4412274392","Stakeholder Management, Program Management, Change Management, Risk Management, Jira, Confluence
Deterministic profile match: 6 profile skills mentioned; title alignment 2.0/3.0; domain signals 8.","","","","2026-05-19T03:26:29.194443+00:00"
"8","Senior Project Manager - Banking Software","VeriPark","","","","","","hybrid","Remote","","Remote","","https://www.linkedin.com/jobs/view/4392522073","Agile Scrum, Hybrid Project Management, Software Project Management, Stakeholder Management, Program Management, Customer Success
Deterministic profile match: 6 profile skills mentioned; title alignment 2.0/3.0; domain signals 9.","","","","2026-05-19T03:26:29.194443+00:00"
"8","Information Technology Project Manager","FROQ FAR EAST BRAND SERVICES PRIVATE LIMITED","","","","","","unknown","","","","","https://www.linkedin.com/jobs/view/4415605074","Agile Scrum, Stakeholder Management, Technical Documentation, Requirements Gathering, Change Management, Resource Planning, ERP, Risk Management, Deployment Workflows
Deterministic profile match: 9 profile skills mentioned; title alignment 2.0/3.0; domain signals 6.","","","","2026-05-19T03:26:29.194443+00:00"
"8","Senior Project Manager","BIP US","","","","","","remote","","","Remote","","https://www.linkedin.com/jobs/view/4412844336","Software Project Management, Stakeholder Management, Program Management, Mentoring, Change Management, Resource Planning, Risk Management
Deterministic profile match: 7 profile skills mentioned; title alignment 2.0/3.0; domain signals 8.","","","","2026-05-19T03:25:28.289938+00:00"
"8","Sr. GxP Product Manager","Moderna","","","","","","onsite","","","","https://modernatx.wd1.myworkdayjobs.com/M_tx/job/Cambridge-Massachusetts/GxP-Product-Manager_R19011-1","https://modernatx.wd1.myworkdayjobs.com/M_tx/job/Cambridge-Massachusetts/GxP-Product-Manager_R19011-1","Sprint Planning, SDLC, Technical Documentation, Roadmap Planning, Change Management, KPI Tracking, Jira, Confluence, Legal Technology
Deterministic profile match: 9 profile skills mentioned; title alignment 1.0/3.0; domain signals 10.","","","","2026-05-14T22:12:00.818278+00:00"
"8","Principal Technical Program Manager","Moderna","","","","","","onsite","","","","https://modernatx.wd1.myworkdayjobs.com/M_tx/job/Cambridge-Massachusetts/Principal-Technical-Program-Manager_R18730-1","https://modernatx.wd1.myworkdayjobs.com/M_tx/job/Cambridge-Massachusetts/Principal-Technical-Program-Manager_R18730-1","Software Project Management, Stakeholder Management, Program Management, Customer Success, Change Management, Legal Technology
Deterministic profile match: 6 profile skills mentioned; title alignment 2.0/3.0; domain signals 7.","","","","2026-05-14T22:02:20.415246+00:00"
"8","Data Analyst, Product Analytics","Thomson Reuters","C:\Users\bsing\.applypilot\tailored_resumes\software-pm\064_7_Thomson_Reuters_Data_Analyst_Product_Analytics.txt","failed_validation","Company 'Sakhi' missing from experience; Company 'The Samaritans of New York' missing from experience","","","hybrid","","","","https://thomsonreuters.wd5.myworkdayjobs.com/External_Career_Site/job/Canada-Toronto-Ontario/Data-Analyst--Product-Analytics_JREQ200602","https://thomsonreuters.wd5.myworkdayjobs.com/External_Career_Site/job/Canada-Toronto-Ontario/Data-Analyst--Product-Analytics_JREQ200602","Python, SQL, JavaScript, A/B Testing, Data Governance Frameworks, Stakeholder Management, Program Management, Customer Success, Change Management, AI/ML, Legal Technology, Google Analytics
Deterministic profile match: 12 profile skills mentioned; title alignment 0.0/3.0; domain signals 6.","","","","2026-05-14T22:01:57.065581+00:00"
"8","Client Project Manager","Thomson Reuters","C:\Users\bsing\.applypilot\tailored_resumes\software-pm\058_7_Thomson_Reuters_Client_Project_Manager.txt","failed_validation","Company 'Sakhi' missing from experience; Company 'The Samaritans of New York' missing from experience","Banned words: extensive experience","","hybrid","","","","https://thomsonreuters.wd5.myworkdayjobs.com/External_Career_Site/job/Poland-Gdansk/Client-Project-Manager_JREQ199616","https://thomsonreuters.wd5.myworkdayjobs.com/External_Career_Site/job/Poland-Gdansk/Client-Project-Manager_JREQ199616","Hybrid Project Management, Software Project Management, Program Management, Technical Documentation, ERP, Legal Technology
Deterministic profile match: 6 profile skills mentioned; title alignment 2.0/3.0; domain signals 6.","","","","2026-05-14T22:01:57.065581+00:00"
"8","UX Research Ops ? Program Manager?","Thomson Reuters","","","","","","hybrid","","","","https://thomsonreuters.wd5.myworkdayjobs.com/External_Career_Site/job/United-States-of-America-Eagan-Minnesota/Senior-UX-Producer_JREQ197377-1","https://thomsonreuters.wd5.myworkdayjobs.com/External_Career_Site/job/United-States-of-America-Eagan-Minnesota/Senior-UX-Producer_JREQ197377-1","SAFe, Data Governance Frameworks, Stakeholder Management, Program Management, Data Pipelines, Legal Technology
Deterministic profile match: 6 profile skills mentioned; title alignment 1.5/3.0; domain signals 9.","","","","2026-05-14T22:01:57.065581+00:00"
"8","Curriculum Certification Program Manager","Thomson Reuters","","","","","","hybrid","","","","https://thomsonreuters.wd5.myworkdayjobs.com/External_Career_Site/job/United-States-of-America-Eagan-Minnesota/Customer-Education-Certification-Program-Manager_JREQ200256","https://thomsonreuters.wd5.myworkdayjobs.com/External_Career_Site/job/United-States-of-America-Eagan-Minnesota/Customer-Education-Certification-Program-Manager_JREQ200256","SAFe, Data Governance Frameworks, Stakeholder Management, Program Management, Roadmap Planning, Customer Success, Legal Technology
Deterministic profile match: 7 profile skills mentioned; title alignment 1.5/3.0; domain signals 7.","","","","2026-05-14T22:01:57.065581+00:00"
"8","Client Project Manager","Thomson Reuters","C:\Users\bsing\.applypilot\tailored_resumes\software-pm\059_7_Thomson_Reuters_Client_Project_Manager.txt","failed_validation","Company 'Sakhi' missing from experience; Company 'The Samaritans of New York' missing from experience","Banned words: proven track record, extensive experience","","hybrid","","","","https://thomsonreuters.wd5.myworkdayjobs.com/External_Career_Site/job/Spain-Madrid-Madrid/Client-Project-Manager_JREQ200098","https://thomsonreuters.wd5.myworkdayjobs.com/External_Career_Site/job/Spain-Madrid-Madrid/Client-Project-Manager_JREQ200098","Hybrid Project Management, Software Project Management, Technical Documentation, Customer Success, ERP, Legal Technology
Deterministic profile match: 6 profile skills mentioned; title alignment 2.0/3.0; domain signals 6.","","","","2026-05-14T22:01:57.065581+00:00"
"8","Senior Project Manager","Motorola Solutions","","","","","","remote","","","Texas Remote Work, More...","https://motorolasolutions.wd5.myworkdayjobs.com/Careers/job/Texas-Remote-Work/Senior-Project-Manager_R64245-1","https://motorolasolutions.wd5.myworkdayjobs.com/Careers/job/Texas-Remote-Work/Senior-Project-Manager_R64245-1","Software Project Management, Stakeholder Management, Program Management, Change Management, Risk Management, Deployment Workflows
Deterministic profile match: 6 profile skills mentioned; title alignment 2.0/3.0; domain signals 10.","","","","2026-05-14T21:59:19.671411+00:00"
"8","Washington Metropolitan Area Transit Authority (WMATA) Program Manager Lead","Motorola Solutions","","","","","","remote","","","Maryland Remote Work, More...","https://motorolasolutions.wd5.myworkdayjobs.com/Careers/job/Maryland-Remote-Work/Washington-Metropolitan-Area-Transit-Authority--WMATA--Program-Manager-Lead_R64980","https://motorolasolutions.wd5.myworkdayjobs.com/Careers/job/Maryland-Remote-Work/Washington-Metropolitan-Area-Transit-Authority--WMATA--Program-Manager-Lead_R64980","Software Project Management, Program Management, Technical Documentation, Mentoring, Customer Success, Change Management, KPI Tracking, Scheduling Management, Resource Planning, Risk Management
Deterministic profile match: 10 profile skills mentioned; title alignment 1.5/3.0; domain signals 5.","","","","2026-05-14T21:59:19.671411+00:00"
"8","Senior Project Manager","K?rber","","","","","","remote","","","Remote, US (Remote)","https://jobs.koerber.com/pharma/job/Remote-work-Senior-Project-Manager/1393035233/","https://www.indeed.com/viewjob?jk=21ba93a5e376f249","Software Project Management, Program Management, Customer Success, Change Management, ERP, Risk Management, Policy Automation
Deterministic profile match: 7 profile skills mentioned; title alignment 2.0/3.0; domain signals 5.","","","","2026-05-14T21:52:47.996850+00:00"
"8","Project Manager","Focus GTS","","","","","","remote","","","Remote","","https://www.linkedin.com/jobs/view/4413584303","Software Project Management, Stakeholder Management, Program Management, Presentation Skills, Customer Success, Change Management, Resource Planning
Deterministic profile match: 7 profile skills mentioned; title alignment 2.0/3.0; domain signals 7.","","","","2026-05-14T21:50:40.094592+00:00"
"8","Associate Project Manager, Product and Data","Horizon Media","C:\Users\bsing\.applypilot\tailored_resumes\software-pm\006_8_Horizon_Media_Associate_Project_Manager_Product_and_Data.txt","failed_validation","Company 'Sakhi' missing from experience; Company 'The Samaritans of New York' missing from experience","Banned words: proven track record, adept at","","unknown","","","","","https://www.linkedin.com/jobs/view/4411510278","SAFe, Stakeholder Management, Program Management, Jira, Legal Technology
Deterministic profile match: 5 profile skills mentioned; title alignment 2.0/3.0; domain signals 8.","","","","2026-05-14T21:49:36.838746+00:00"
"8","Revenue Operations Project Manager","Dutchie","","","","","","unknown","","","","","https://www.linkedin.com/jobs/view/4392101954","SAFe, Software Project Management, Stakeholder Management, Program Management, Customer Success, Change Management, Resource Planning, HubSpot
Deterministic profile match: 8 profile skills mentioned; title alignment 2.0/3.0; domain signals 7.","","","","2026-05-14T21:48:33.976678+00:00"
"8","Project Manager I (East Region)","Panorama Education","","","","","","remote","","","Remote","","https://www.linkedin.com/jobs/view/4413722958","Stakeholder Management, Program Management, Change Management, QA Coordination, Training Enablement
Deterministic profile match: 5 profile skills mentioned; title alignment 2.0/3.0; domain signals 8.","","","","2026-05-14T21:48:33.976678+00:00"
"8","Sr. Principal Technical Program Manager","Jobgether","","","","","","remote","","","Remote","","https://www.linkedin.com/jobs/view/4413527218","Data Governance Frameworks, Program Management, Risk Management, Policy Automation, Jira, Confluence
Deterministic profile match: 6 profile skills mentioned; title alignment 2.0/3.0; domain signals 7.","","","","2026-05-14T21:46:30.549281+00:00"
"8","Engineering Program Manager, Infrastructure","Stripe","C:\Users\bsing\.applypilot\tailored_resumes\software-pm\075_7_Stripe_Engineering_Program_Manager_Infrastructure.txt","failed_validation","Company 'Sakhi' missing from experience; Company 'The Samaritans of New York' missing from experience","Banned words: seamless","","hybrid","Remote","","Remote","","https://www.linkedin.com/jobs/view/4413485632","Hybrid Project Management, Software Project Management, Stakeholder Management, Program Management, Technical Documentation, Customer Success, Change Management, Risk Management
Deterministic profile match: 8 profile skills mentioned; title alignment 1.5/3.0; domain signals 8.","","","","2026-05-14T21:46:30.549281+00:00"
"8","Technical Program Manager","BayOne Solutions","","","","","","remote","","","Remote","","https://www.linkedin.com/jobs/view/4393045819","Stakeholder Management, Program Management, Resource Planning, Risk Management, Jira, Smartsheet
Deterministic profile match: 6 profile skills mentioned; title alignment 2.0/3.0; domain signals 6.","","","","2026-05-14T21:46:30.549281+00:00"
"8","Technical Program Manager","Tredence Inc.","","","","","","unknown","","","","","https://www.linkedin.com/jobs/view/4414589594","Agile Scrum, SAFe, Stakeholder Management, Program Management, Databricks, Google Analytics, Google Cloud
Deterministic profile match: 7 profile skills mentioned; title alignment 2.0/3.0; domain signals 9.","","","","2026-05-14T21:46:30.549281+00:00"
"8","Staff Technical Program Manager, Infrastructure FinOps","Pinterest","","","","","","onsite","","","","","https://www.linkedin.com/jobs/view/4405465260","Data Governance Frameworks, Stakeholder Management, Program Management, Roadmap Planning, Mentoring, Risk Management
Deterministic profile match: 6 profile skills mentioned; title alignment 2.0/3.0; domain signals 7.","","","","2026-05-14T21:46:30.549281+00:00"
"8","Senior Technical Program Manager, Hosting Services","Airbnb","","","","","","remote","","","Remote","","https://www.linkedin.com/jobs/view/4394934830","Software Project Management, A/B Testing, Program Management, Change Management, AI/ML, Deployment Workflows
Deterministic profile match: 6 profile skills mentioned; title alignment 2.0/3.0; domain signals 6.","","","","2026-05-14T21:44:13.352357+00:00"
"8","Project Manager","Plusgrade","C:\Users\bsing\.applypilot\tailored_resumes\software-pm\028_8_Plusgrade_Project_Manager.txt","failed_validation","Company 'Sakhi' missing from experience; Company 'The Samaritans of New York' missing from experience","","","unknown","","","","","https://www.linkedin.com/jobs/view/4414607384","Ecommerce Workflows, Software Project Management, Stakeholder Management, Program Management, Technical Documentation, Risk Management
Deterministic profile match: 6 profile skills mentioned; title alignment 2.0/3.0; domain signals 8.","","","","2026-05-14T21:44:13.352357+00:00"
"8","Professional Services Program Manager","Five9","","","","","","hybrid","Remote","","Remote","","https://www.linkedin.com/jobs/view/4382823450","Agile Scrum, Hybrid Project Management, Software Project Management, Kanban, Program Management, Customer Success, ServiceNow
Deterministic profile match: 7 profile skills mentioned; title alignment 1.5/3.0; domain signals 9.","","","","2026-05-14T21:44:13.352357+00:00"
"8","Senior Technical Project Manager, Remote","Experian","","","","","","hybrid","Remote","","Remote","","https://www.linkedin.com/jobs/view/4414531462","Workflow Automation, Jira, Confluence, Smartsheet
Deterministic profile match: 4 profile skills mentioned; title alignment 3.0/3.0; domain signals 10.","","","","2026-05-14T21:44:13.352357+00:00"
"8","Project Manager","Applied Information Sciences","","","","","","hybrid","Remote, US (Remote)","","Remote, US (Remote)","https://appliedis.wd5.myworkdayjobs.com/en-US/AIS_Careers/job/USA-Remote/Project-Manager_JR2026001199","https://www.indeed.com/viewjob?jk=f79ce79094ebd6cc","Agile Scrum, Hybrid Project Management, Stakeholder Management, Customer Success, Resource Planning, Risk Management, GitHub
Deterministic profile match: 7 profile skills mentioned; title alignment 2.0/3.0; domain signals 8.","","","","2026-05-14T21:42:01.891331+00:00"
"8","Scrum Master for Data Center to Cloud Migration","CloudIngest","","","","","","hybrid","Remote","","Remote","","https://www.linkedin.com/jobs/view/4414222802","Agile Scrum, Hybrid Project Management, Sprint Planning, Retrospectives, Stakeholder Management, Roadmap Planning, Sprint Reviews, AWS, Google Cloud
Deterministic profile match: 9 profile skills mentioned; title alignment 1.5/3.0; domain signals 13.","","","","2026-05-14T21:42:01.891331+00:00"
"8","Senior Project Manager - Therapeutics","Telix Pharmaceuticals Limited","","","","","","hybrid","Remote","","Remote","","https://www.linkedin.com/jobs/view/4402303128","Hybrid Project Management, Software Project Management, Milestone Tracking, Program Management, Change Management, Scheduling Management, Resource Planning, Risk Management, Smartsheet
Deterministic profile match: 9 profile skills mentioned; title alignment 2.0/3.0; domain signals 4.","","","","2026-05-14T21:42:01.891331+00:00"
"8","Project Manager, PMO","Simpson Thacher & Bartlett LLP","","","","","","onsite","","","","","https://www.linkedin.com/jobs/view/4414644861","Agile Scrum, Software Project Management, Stakeholder Management, Program Management, Presentation Skills, Change Management, Risk Management
Deterministic profile match: 7 profile skills mentioned; title alignment 2.0/3.0; domain signals 7.","","","","2026-05-14T21:41:03.898519+00:00"
"8","Analytics Product Manager","Cotiviti","C:\Users\bsing\.applypilot\tailored_resumes\software-pm\049_7_Cotiviti_Analytics_Product_Manager.txt","failed_validation","Company 'Sakhi' missing from experience; Company 'The Samaritans of New York' missing from experience","","","remote","","","Remote, US (Remote)","https://careers-cotiviti.icims.com/jobs/19116/job?utm_source=indeed_integration&iis=Job%20Board&iisn=Indeed&indeed-apply-token=73a2d2b2a8d6d5c0a62696875eaebd669103652d3f0c2cd5445d3e66b1592b0f","https://www.indeed.com/viewjob?jk=cedbdf906206a9c5","SQL, Stakeholder Management, Technical Documentation, Roadmap Planning, Requirements Gathering, Change Management, AI/ML, Jira
Deterministic profile match: 8 profile skills mentioned; title alignment 1.0/3.0; domain signals 9.","","","","2026-05-14T21:40:03.505024+00:00"
"8","Associate Project Manager","System Automation Corporation","C:\Users\bsing\.applypilot\tailored_resumes\software-pm\052_7_System_Automation_Co_Associate_Project_Manager.txt","failed_validation","Company 'Sakhi' missing from experience; Company 'The Samaritans of New York' missing from experience","","","remote","","","Remote","","https://www.linkedin.com/jobs/view/4410608301","Agile Scrum, Software Project Management, Program Management, Technical Documentation, Scheduling Management, ERP, System Monitoring
Deterministic profile match: 7 profile skills mentioned; title alignment 2.0/3.0; domain signals 11.","","","","2026-05-14T21:40:03.505024+00:00"
"8","UKG Kronos Project Manager","ROI Healthcare Solutions","","","","","","hybrid","Remote","","Remote","","https://www.linkedin.com/jobs/view/4405424192","Hybrid Project Management, Stakeholder Management, Requirements Gathering, Change Management, Scheduling Management, Risk Management
Deterministic profile match: 6 profile skills mentioned; title alignment 2.0/3.0; domain signals 8.","","","","2026-05-14T21:40:03.505024+00:00"
"8","Project Manager (English Speaking)","Jobgether","C:\Users\bsing\.applypilot\tailored_resumes\software-pm\031_8_Jobgether_Project_Manager_English_Speaking.txt","failed_validation","Missing required field: projects","","","hybrid","Remote","","Remote","","https://www.linkedin.com/jobs/view/4414127420","Agile Scrum, Hybrid Project Management, Software Project Management, Stakeholder Management, Release Coordination, Jira, Confluence
Deterministic profile match: 7 profile skills mentioned; title alignment 2.0/3.0; domain signals 10.","","","","2026-05-14T21:40:03.505024+00:00"
"8","Project Manager - Payment","Cotiviti","","","","","","unknown","","","","","https://www.linkedin.com/jobs/view/4403625876","Software Project Management, Stakeholder Management, Program Management, Change Management, Jira, Smartsheet
Deterministic profile match: 6 profile skills mentioned; title alignment 2.0/3.0; domain signals 7.","","","","2026-05-14T21:40:03.505024+00:00"
"8","Project Coordinator (Scrum)","OP","C:\Users\bsing\.applypilot\tailored_resumes\software-pm\021_8_OP_Project_Coordinator_Scrum.txt","failed_validation","Company 'Sakhi' missing from experience; Company 'The Samaritans of New York' missing from experience","","","unknown","","","","","https://www.linkedin.com/jobs/view/4412998036","Agile Scrum, Sprint Planning, SAFe, Software Project Management, Retrospectives, Stakeholder Management, Technical Documentation, Scheduling Management, Resource Planning, Sprint Reviews, Power BI, Jira, Confluence
Deterministic profile match: 13 profile skills mentioned; title alignment 0.0/3.0; domain signals 11.","","","","2026-05-14T21:40:03.505024+00:00"
"8","Project Manager","RedStream Technology","C:\Users\bsing\.applypilot\tailored_resumes\software-pm\029_8_RedStream_Technology_Project_Manager.txt","failed_validation","Company 'Sakhi' missing from experience; Company 'The Samaritans of New York' missing from experience","","","hybrid","Remote","","Remote","","https://www.linkedin.com/jobs/view/4412168034","Agile Scrum, Hybrid Project Management, Software Project Management, Program Management, Risk Management, Jira
Deterministic profile match: 6 profile skills mentioned; title alignment 2.0/3.0; domain signals 8.","","","","2026-05-14T21:40:03.505024+00:00"
"8","Project Manager","CSG","","","","","","remote","","","Remote","","https://www.linkedin.com/jobs/view/4414176873","Agile Scrum, SAFe, Program Management, Technical Documentation, Requirements Gathering, Mentoring, Customer Success
Deterministic profile match: 7 profile skills mentioned; title alignment 2.0/3.0; domain signals 5.","","","","2026-05-14T21:40:03.505024+00:00"
"8","Technical Project Manager","Rezilient Health","","","","","","unknown","","","","","https://www.linkedin.com/jobs/view/4413433932","Python, SQL, Technical Documentation, SOPs, Google Sheets
Deterministic profile match: 5 profile skills mentioned; title alignment 3.0/3.0; domain signals 7.","","","","2026-05-14T21:37:59.870693+00:00"
"8","Senior Project Manager","Guidewire","","","","","","remote","","","Remote, US (Remote)","https://www.guidewire.com/about/careers/jobs/senior-project-manager-jr_14799/","https://www.indeed.com/viewjob?jk=c875272897aca916","Software Project Management, Stakeholder Management, Program Management, Customer Success, Resource Planning, Risk Management
Deterministic profile match: 6 profile skills mentioned; title alignment 2.0/3.0; domain signals 7.","","","","2026-05-14T21:36:03.741595+00:00"
"8","Technical Project Manager","DMI","","","","","","remote","","","Remote, US (Remote)","https://careers-dminc.icims.com/jobs/28710/job?utm_source=indeed_integration&iis=Job%20Board&iisn=Indeed&indeed-apply-token=73a2d2b2a8d6d5c0a62696875eaebd669103652d3f0c2cd5445d3e66b1592b0f","https://www.indeed.com/viewjob?jk=f0dd499f62ac41ff","Stakeholder Management, Customer Success, Change Management, Risk Management
Deterministic profile match: 4 profile skills mentioned; title alignment 3.0/3.0; domain signals 5.","","","","2026-05-14T21:36:03.741595+00:00"
"8","Implementation Project Manager","Medallion","C:\Users\bsing\.applypilot\tailored_resumes\software-pm\083_7_Medallion_Implementation_Project_Manager.txt","failed_validation","Company 'Sakhi' missing from experience; Company 'The Samaritans of New York' missing from experience","","","remote","","","Remote, US (Remote)","https://grnh.se/jyvmc15r9us","https://www.indeed.com/viewjob?jk=1ad5fe317dde2b99","Stakeholder Management, Customer Success, System Monitoring, Jira
Deterministic profile match: 4 profile skills mentioned; title alignment 2.5/3.0; domain signals 9.","","","","2026-05-14T21:36:03.741595+00:00"
"8","Workday Certified Project Manager","Makse Group","","","","","","remote","","","Remote, US (Remote)","https://maksegroup.wd12.myworkdayjobs.com/en-US/openings/job/Remote---US/Certified-Workday-Project-Manager_JR100112","https://www.indeed.com/viewjob?jk=d03e1ae8b82ab7c5","Milestone Tracking, Stakeholder Management, Technical Documentation, Change Management, Scheduling Management, Resource Planning, Risk Management, Google Sheets
Deterministic profile match: 8 profile skills mentioned; title alignment 2.0/3.0; domain signals 5.","","","","2026-05-14T21:36:03.741595+00:00"
"8","Implementation Project Manager","Medallion","C:\Users\bsing\.applypilot\tailored_resumes\software-pm\084_7_Medallion_Implementation_Project_Manager.txt","failed_validation","Company 'Sakhi' missing from experience; Company 'The Samaritans of New York' missing from experience","","","unknown","","","","","https://www.linkedin.com/jobs/view/4413822677","Stakeholder Management, Customer Success, System Monitoring, Jira
Deterministic profile match: 4 profile skills mentioned; title alignment 2.5/3.0; domain signals 9.","","","","2026-05-14T21:36:03.741595+00:00"
"8","Senior Project Manager (Systemwide/Higher Education/SaaS/ERP)","Ellucian","","","","","","remote","","","Remote, US (Remote)","https://careers.ellucian.com/jobs/7474/job?utm_source=indeed_integration&iis=Job%20Board&iisn=Indeed&indeed-apply-token=73a2d2b2a8d6d5c0a62696875eaebd669103652d3f0c2cd5445d3e66b1592b0f","https://www.indeed.com/viewjob?jk=b2086b083c174cc7","Program Management, Mentoring, Customer Success, Change Management, Resource Planning, ERP, Risk Management
Deterministic profile match: 7 profile skills mentioned; title alignment 2.0/3.0; domain signals 9.","","","","2026-05-14T21:33:49.397717+00:00"
"8","Oracle ERP Project Manager","e4health","","","","","","remote","","","Remote, US (Remote)","https://recruiting.paylocity.com/Recruiting/Jobs/Details/3592205","https://www.indeed.com/viewjob?jk=8e4533f796a6eeb1","SAFe, Program Management, Technical Documentation, Presentation Skills, ERP, Risk Management, Deployment Workflows, System Monitoring
Deterministic profile match: 8 profile skills mentioned; title alignment 2.0/3.0; domain signals 5.","","","","2026-05-14T21:33:49.397717+00:00"
"8","PROJECT MANAGER","Atos","C:\Users\bsing\.applypilot\tailored_resumes\software-pm\025_8_Atos_PROJECT_MANAGER.txt","failed_validation","Company 'Sakhi' missing from experience; Company 'The Samaritans of New York' missing from experience","","","remote","","","Remote, US (Remote)","https://jobs.atos.net/job/Remote-Home-PROJECT-MANAGER/1393494833/","https://www.indeed.com/viewjob?jk=26183c56ed3b2f89","Agile Scrum, SAFe, Data Governance Frameworks, Stakeholder Management, Program Management, Presentation Skills, Release Coordination
Deterministic profile match: 7 profile skills mentioned; title alignment 2.0/3.0; domain signals 9.","","","","2026-05-14T21:33:49.397717+00:00"
"8","Product Manager I","Ad Hoc","C:\Users\bsing\.applypilot\tailored_resumes\software-pm\014_8_Ad_Hoc_Product_Manager_I.txt","failed_validation","Company 'Sakhi' missing from experience; Company 'The Samaritans of New York' missing from experience","Banned words: cross-functional collaboration","","remote","","","Remote, US (Remote)","https://adhoc.hrmdirect.com/employment/view.php?req=3710904&jbsrc=1014&location=02e8ea78-dec7-490b-cfbf-a60f1ead3f16","https://www.indeed.com/viewjob?jk=ac7c90c7f7876ca9","Agile Scrum, Sprint Planning, Retrospectives, Program Management, Requirements Gathering, Sprint Reviews, Jira, Confluence
Deterministic profile match: 8 profile skills mentioned; title alignment 1.0/3.0; domain signals 10.","","","","2026-05-14T21:33:49.397717+00:00"
"8","Information Systems Project Manager","Northrop Grumman","C:\Users\bsing\.applypilot\tailored_resumes\software-pm\088_7_Northrop_Grumman_Information_Systems_Project_Manager.txt","failed_validation","Company 'Sakhi' missing from experience; Company 'The Samaritans of New York' missing from experience","","","remote","","","Remote, US (Remote)","https://jsv3.recruitics.com/redirect?rx_cid=3658&rx_jobId=R10232622&rx_url=https%3A%2F%2Fjobs.northropgrumman.com%2Fcareers%2Fjob%2F1340071695500%3Fcode%3DJB-17946%26domain%3Dngc.com%26rx_a%3D0%26rx_c%3D%26rx_ch%3Djobp4p%26rx_group%3D288254%26rx_id%3D8752792d-4ecc-11f1-a11c-f7ac312d4d1c%26rx_job%3DR10232622%26rx_medium%3Dcpc%26rx_r%3Dnone%26rx_source%3Dindeed%26rx_ts%3D20260514T200413Z%26rx_vp%3Dcpc%26source%3DJB-17946%26utm_audience%3Dprospectivetalentemployees%26utm_campaign%3Dta-general%26utm_content%3Djobfeed%26utm_format%3Dcpl%26utm_medium%3Djobboard%26utm_source%3Dindeed","https://www.indeed.com/viewjob?jk=d9a31766dc6a869a","Agile Scrum, Program Management, Change Management, Scheduling Management, Risk Management, Jira, Confluence
Deterministic profile match: 7 profile skills mentioned; title alignment 2.0/3.0; domain signals 6.","","","","2026-05-14T21:33:49.397717+00:00"
"8","Sr. IT Project Manager","IQVIA","","","","","","hybrid","","","","","https://www.linkedin.com/jobs/view/4404433702","Hybrid Project Management, Software Project Management, SDLC, Lean Product Development, Resource Planning, Risk Management, Jira
Deterministic profile match: 7 profile skills mentioned; title alignment 2.5/3.0; domain signals 6.","","","","2026-05-14T21:33:49.397717+00:00"
"8","Senior Project Manager","nesto","","","","","","unknown","","","","","https://www.linkedin.com/jobs/view/4395286349","Agile Scrum, Stakeholder Management, Technical Documentation, Change Management, Risk Management, Jira
Deterministic profile match: 6 profile skills mentioned; title alignment 2.0/3.0; domain signals 9.","","","","2026-05-14T21:33:49.397717+00:00"
"8","System Analyst / Technical Product Manager","Capgemini","","","","","","remote","","","Remote, US (Remote)","https://capgemini.talentnet.community/jobs/bb0a0b96-47a8-4e8a-a7b4-3cac7b97ec60","https://www.indeed.com/viewjob?jk=721dad35c27480c4","SQL, Agile Scrum, Stakeholder Management, Technical Documentation, Roadmap Planning, Change Management, ERP, Power BI
Deterministic profile match: 8 profile skills mentioned; title alignment 1.0/3.0; domain signals 11.","","","","2026-05-14T21:31:37.952938+00:00"
"8","Deputy Program Manager","AEM Corporation","","","","","","remote","","","Remote, US (Remote)","http://www.indeed.com/job/deputy-program-manager-765050bba19fe700","https://www.indeed.com/viewjob?jk=765050bba19fe700","Agile Scrum, Sprint Planning, SAFe, Data Governance Frameworks, Stakeholder Management, Program Management, Risk Management, System Monitoring, AWS
Deterministic profile match: 9 profile skills mentioned; title alignment 1.5/3.0; domain signals 9.","","","","2026-05-14T21:31:37.952938+00:00"
"8","Product Manager 1 - (AI Focus)","Principal Financial Group","C:\Users\bsing\.applypilot\tailored_resumes\software-pm\013_8_Principal_Financial_Product_Manager_1_-_AI_Focus.txt","failed_validation","Company 'Sakhi' missing from experience; Company 'The Samaritans of New York' missing from experience","","","hybrid","Remote, US (Remote)","","Remote, US (Remote)","https://careers.principal.com/us/jobs/51132/job?utm_source=indeed_integration&iis=Job%20Board&iisn=Indeed&indeed-apply-token=73a2d2b2a8d6d5c0a62696875eaebd669103652d3f0c2cd5445d3e66b1592b0f","https://www.indeed.com/viewjob?jk=a22f6bcc0fa2c1e3","Hybrid Project Management, Experimentation Frameworks, Data Governance Frameworks, Stakeholder Management, Program Management, Technical Documentation, AI/ML, Risk Management, Data Pipelines, Jira, Confluence
Deterministic profile match: 11 profile skills mentioned; title alignment 1.0/3.0; domain signals 7.","","","","2026-05-14T21:31:37.952938+00:00"
"8","Senior Program Manager, Network Operations & Infrastructure","DMI","","","","","","hybrid","Remote, US (Remote)","","Remote, US (Remote)","https://careers-dminc.icims.com/jobs/28712/job?utm_source=indeed_integration&iis=Job%20Board&iisn=Indeed&indeed-apply-token=73a2d2b2a8d6d5c0a62696875eaebd669103652d3f0c2cd5445d3e66b1592b0f","https://www.indeed.com/viewjob?jk=717dba1dfc25aef2","Hybrid Project Management, Stakeholder Management, Program Management, Change Management, Resource Planning, Release Coordination, Distributed Systems Concepts, ServiceNow
Deterministic profile match: 8 profile skills mentioned; title alignment 1.5/3.0; domain signals 7.","","","","2026-05-14T21:31:37.952938+00:00"
"8","Senior SAP Project Manager","Westernacher Consulting","","","","","","remote","","","Remote","","https://www.linkedin.com/jobs/view/4413777498","Data Governance Frameworks, Stakeholder Management, Change Management, Resource Planning, Risk Management, Jira, Smartsheet
Deterministic profile match: 7 profile skills mentioned; title alignment 2.0/3.0; domain signals 6.","","","","2026-05-14T21:31:37.952938+00:00"
"8","Senior Project Manager","Net2Source (N2S)","","","","","","hybrid","Remote","","Remote","","https://www.linkedin.com/jobs/view/4413973918","Hybrid Project Management, Data Governance Frameworks, Stakeholder Management, Program Management, Change Management, ERP, Risk Management
Deterministic profile match: 7 profile skills mentioned; title alignment 2.0/3.0; domain signals 5.","","","","2026-05-14T21:31:37.952938+00:00"
"8","Senior Project Manager","Telix Pharmaceuticals Limited","","","","","","hybrid","Remote","","Remote","","https://www.linkedin.com/jobs/view/4407959451","Hybrid Project Management, Software Project Management, Milestone Tracking, Program Management, Change Management, Scheduling Management, Resource Planning, Risk Management, Smartsheet
Deterministic profile match: 9 profile skills mentioned; title alignment 2.0/3.0; domain signals 4.","","","","2026-05-14T21:31:37.952938+00:00"
"8","Technical Program Manager","Acorns","","","","","","remote","","","Remote","","https://www.linkedin.com/jobs/view/4393223315","SQL, SAFe, Program Management, Change Management, Risk Management
Deterministic profile match: 5 profile skills mentioned; title alignment 2.0/3.0; domain signals 9.","","","","2026-05-14T21:31:37.952938+00:00"
"8","Sr. Project Manager, Program Management - Product & Data","Horizon Media","","","","","","unknown","","","","","https://www.linkedin.com/jobs/view/4411512224","SAFe, Data Governance Frameworks, Stakeholder Management, Program Management, Risk Management, Jira, Legal Technology
Deterministic profile match: 7 profile skills mentioned; title alignment 2.0/3.0; domain signals 9.","","","","2026-05-14T21:30:36.685596+00:00"
"8","Associate Technical Program Manager","Guidewire","C:\Users\bsing\.applypilot\tailored_resumes\software-pm\055_7_Guidewire_Associate_Technical_Program_Manager.txt","failed_validation","Company 'Sakhi' missing from experience; Company 'The Samaritans of New York' missing from experience","","","remote","","","Remote, US (Remote)","https://www.guidewire.com/about/careers/jobs/associate-technical-program-manager-jr_14800/","https://www.indeed.com/viewjob?jk=bc42251231ad736e","Software Project Management, Program Management, Customer Success, Risk Management, Jira, Confluence
Deterministic profile match: 6 profile skills mentioned; title alignment 2.0/3.0; domain signals 10.","","","","2026-05-14T21:29:36.448824+00:00"
"8","Program Manager","TISTA Science and Technology Corporation","","","","","","remote","","","Remote, US (Remote)","https://careers.tistatech.com/jobs/5881/job?utm_source=indeed_integration&iis=Job%20Board&iisn=Indeed&indeed-apply-token=73a2d2b2a8d6d5c0a62696875eaebd669103652d3f0c2cd5445d3e66b1592b0f","https://www.indeed.com/viewjob?jk=1b824511b6d45fb2","Agile Scrum, SAFe, Software Project Management, Program Management, Technical Documentation, Change Management, Resource Planning, Risk Management
Deterministic profile match: 8 profile skills mentioned; title alignment 1.5/3.0; domain signals 7.","","","","2026-05-14T21:29:36.448824+00:00"
"8","Staff Program Manager, Product Operations","GitHub","","","","","","remote","","","Remote, US (Remote)","https://www.github.careers/jobs/5336/job?utm_source=indeed_integration&iis=Job%20Board&iisn=Indeed&indeed-apply-token=73a2d2b2a8d6d5c0a62696875eaebd669103652d3f0c2cd5445d3e66b1592b0f","https://www.indeed.com/viewjob?jk=c6fb61021e627e50","Software Project Management, Stakeholder Management, Program Management, Customer Success, Change Management, VS Code, GitHub
Deterministic profile match: 7 profile skills mentioned; title alignment 1.5/3.0; domain signals 8.","","","","2026-05-14T21:29:36.448824+00:00"
"8","IT Project Manager","OpenLoop","C:\Users\bsing\.applypilot\tailored_resumes\software-pm\094_7_OpenLoop_IT_Project_Manager.txt","failed_validation","Company 'Sakhi' missing from experience; Company 'The Samaritans of New York' missing from experience","","","remote","","","Remote","","https://www.linkedin.com/jobs/view/4413874019","Agile Scrum, Retrospectives, Jira, Smartsheet
Deterministic profile match: 4 profile skills mentioned; title alignment 2.5/3.0; domain signals 7.","","","","2026-05-14T21:29:36.448824+00:00"
"8","Project Manager, Card Program Implementations","Blossom","","","","","","unknown","","","","","https://www.linkedin.com/jobs/view/4413754553","SQL, Stakeholder Management, Program Management, Risk Management, Jira, Smartsheet
Deterministic profile match: 6 profile skills mentioned; title alignment 2.0/3.0; domain signals 8.","","","","2026-05-14T21:29:36.448824+00:00"
"8","Technical Project Manager","Penta Consulting","","","","","","unknown","","","","","https://www.linkedin.com/jobs/view/4413463784","Stakeholder Management, Program Management, Resource Planning
Deterministic profile match: 3 profile skills mentioned; title alignment 3.0/3.0; domain signals 6.","","","","2026-05-14T21:29:36.448824+00:00"
"8","Senior Project Manager","BlastX Consulting","","","","","","remote","","","Remote","","https://www.linkedin.com/jobs/view/4409076916","Agile Scrum, Retrospectives, Technical Documentation, Customer Success, Change Management, Resource Planning, Risk Management, Jira, Confluence
Deterministic profile match: 9 profile skills mentioned; title alignment 2.0/3.0; domain signals 6.","","","","2026-05-14T21:29:36.448824+00:00"
"8","Scrum Master","Helic & Co.","C:\Users\bsing\.applypilot\tailored_resumes\software-pm\034_8_Helic__Co_Scrum_Master.txt","failed_validation","Missing required field: projects","","","unknown","","","","","https://www.linkedin.com/jobs/view/4414622235","Agile Scrum, Sprint Planning, SAFe, SDLC, Retrospectives, Sprint Reviews, Jira, Confluence
Deterministic profile match: 8 profile skills mentioned; title alignment 1.5/3.0; domain signals 6.","","","","2026-05-14T21:29:36.448824+00:00"
"7","Engineer II, Data Systems","Moderna","","","","","","remote","","","","https://modernatx.wd1.myworkdayjobs.com/M_tx/job/Norwood-Massachusetts/Engineer-II--Data-Systems_R18796","https://modernatx.wd1.myworkdayjobs.com/M_tx/job/Norwood-Massachusetts/Engineer-II--Data-Systems_R18796","JavaScript, Software Project Management, Root Cause Analysis, Change Management, SOPs, Risk Management, System Monitoring, Data Pipelines, PostgreSQL, Power BI, Legal Technology
Deterministic profile match: 11 profile skills mentioned; title alignment 0.0/3.0; domain signals 8. Title relevance penalty 1.0 applied.","","","","2026-05-19T03:50:28.124066+00:00"
"7","Senior Technical Program Manager, Chip Tools","NVIDIA","","","","","","hybrid","US, CA, Remote","","US, CA, Remote","https://nvidia.wd5.myworkdayjobs.com/NVIDIAExternalCareerSite/job/US-CA-Remote/Senior-Technical-Program-Manager--Chip-Tools_JR2018247","https://nvidia.wd5.myworkdayjobs.com/NVIDIAExternalCareerSite/job/US-CA-Remote/Senior-Technical-Program-Manager--Chip-Tools_JR2018247","Root Cause Analysis, Stakeholder Management, Program Management, Change Management, Risk Management
Deterministic profile match: 5 profile skills mentioned; title alignment 2.0/3.0; domain signals 7.","","","","2026-05-19T03:50:13.793393+00:00"
"7","Digital Project Manager -Mexico & Nicaragua-","HireBoost","","","","","","remote","","","Remote","","https://www.linkedin.com/jobs/view/4407600866","Software Project Management, Scheduling Management, Risk Management, Google Sheets, Google Analytics, Figma
Deterministic profile match: 6 profile skills mentioned; title alignment 2.0/3.0; domain signals 4.","","","","2026-05-19T03:47:58.625216+00:00"
"7","Program Manager, GTM Strategic Programs","Stripe","","","","","","hybrid","Remote","","Remote","","https://www.linkedin.com/jobs/view/4416456988","SQL, Stakeholder Management, Program Management, Presentation Skills, Customer Success, Change Management
Deterministic profile match: 6 profile skills mentioned; title alignment 1.5/3.0; domain signals 6.","","","","2026-05-19T03:47:58.625216+00:00"
"7","Senior Program Manager","K?rber","","","","","","remote","","","Remote","","https://www.linkedin.com/jobs/view/4416265825","Stakeholder Management, Program Management, Technical Documentation, Change Management, Scheduling Management, Resource Planning, Risk Management, Policy Automation
Deterministic profile match: 8 profile skills mentioned; title alignment 1.5/3.0; domain signals 5.","","","","2026-05-19T03:47:58.625216+00:00"
"7","Marketing Operations Program Manager, Sold Funnel","Jobgether","","","","","","remote","","","Remote","","https://www.linkedin.com/jobs/view/4415604109","Stakeholder Management, Program Management, Technical Documentation, Distributed Systems Concepts
Deterministic profile match: 4 profile skills mentioned; title alignment 1.5/3.0; domain signals 7.","","","","2026-05-19T03:47:58.625216+00:00"
"7","MSP Project Manager","BruntWork","","","","","","remote","","","Remote","","https://www.linkedin.com/jobs/view/4412251277","Software Project Management, Milestone Tracking, Change Management, AWS, Jira
Deterministic profile match: 5 profile skills mentioned; title alignment 2.0/3.0; domain signals 6.","","","","2026-05-19T03:45:43.877251+00:00"
"7","SAP Project Manager with S/4 Hana","YASH Technologies","","","","","","hybrid","Remote","","Remote","","https://www.linkedin.com/jobs/view/4415465283","Hybrid Project Management, Stakeholder Management, Program Management, Technical Documentation
Deterministic profile match: 4 profile skills mentioned; title alignment 2.0/3.0; domain signals 6.","","","","2026-05-19T03:45:43.877251+00:00"
"7","Digital Product Manager","OVME","","","","","","remote","","","Remote, US (Remote)","https://ovme.pinpointhq.com/postings/e0af6af5-cf7f-489a-84f2-3fadd6cbf142?utm_medium=job_board&utm_source=indeed","https://www.indeed.com/viewjob?jk=edbe99a8e33581f4","Program Management, Technical Documentation, Change Management, Training Enablement, Power BI
Deterministic profile match: 5 profile skills mentioned; title alignment 1.0/3.0; domain signals 8.","","","","2026-05-19T03:41:57.324976+00:00"
"7","Product Manager, Integrations","Doma Technology","","","","","","remote","","","Remote, US (Remote)","https://grnh.se/v0904mat1us","https://www.indeed.com/viewjob?jk=c1ae688645690a13","Program Management, Risk Management, System Monitoring, Workflow Automation, Jira, Confluence
Deterministic profile match: 6 profile skills mentioned; title alignment 1.0/3.0; domain signals 9.","","","","2026-05-19T03:41:57.324976+00:00"
"7","Product Manager, Integrations","Doma Technology","","","","","","remote","","","Remote, US (Remote)","https://job-boards.greenhouse.io/doma/jobs/7788168","https://www.indeed.com/viewjob?jk=f4ff6cb8f2937b1a","Program Management, Risk Management, System Monitoring, Workflow Automation, Jira, Confluence
Deterministic profile match: 6 profile skills mentioned; title alignment 1.0/3.0; domain signals 9.","","","","2026-05-19T03:41:57.324976+00:00"
"7","Integration Engineer","HARVEY","","","","","","remote","","","Remote, US (Remote)","https://jobs.ashbyhq.com/harvey/9cb5be7c-24ea-406d-975b-83342a6dee39","https://www.indeed.com/viewjob?jk=035fba8048e6cc20","Python, JavaScript, Root Cause Analysis, Program Management, Technical Documentation, Mentoring, Observability Concepts, System Monitoring, Data Pipelines, Data Warehousing, Snowflake, VS Code
Deterministic profile match: 12 profile skills mentioned; title alignment 0.0/3.0; domain signals 7. Title relevance penalty 1.0 applied.","","","","2026-05-19T03:39:44.477961+00:00"
"7","Software Developer","BJC HealthCare","","","","","","remote","","","Remote, US (Remote)","https://dentalfamilyandkidss.simplicant.com/jobs/60982-software-developer/detail?utm_campaign=job-board&utm_medium=web&utm_source=indeed","https://www.indeed.com/viewjob?jk=2658bbd439b05621","Python, SQL, JavaScript, Agile Scrum, Sprint Planning, SDLC, Retrospectives, CI/CD Collaboration, Technical Documentation, Sprint Reviews, Data Pipelines, AWS, Google Cloud
Deterministic profile match: 13 profile skills mentioned; title alignment 0.0/3.0; domain signals 12. Title relevance penalty 1.0 applied.","","","","2026-05-19T03:39:44.477961+00:00"
"7","Program Manager, Q&R Digital","Avantor","","","","","","unknown","","","","","https://www.linkedin.com/jobs/view/4405354528","Software Project Management, Stakeholder Management, Program Management, Change Management, Resource Planning, Risk Management
Deterministic profile match: 6 profile skills mentioned; title alignment 1.5/3.0; domain signals 7.","","","","2026-05-19T03:39:44.477961+00:00"
"7","Program Manager UAT","Applicantz","","","","","","remote","","","Remote","","https://www.linkedin.com/jobs/view/4416290126","Software Project Management, Stakeholder Management, Program Management, Scheduling Management, Release Coordination, Jira
Deterministic profile match: 6 profile skills mentioned; title alignment 1.5/3.0; domain signals 7.","","","","2026-05-19T03:39:44.477961+00:00"
"7","Principal Program Manager","Autodesk","","","","","","hybrid","Remote","","Remote","","https://www.linkedin.com/jobs/view/4415672542","Hybrid Project Management, Software Project Management, Stakeholder Management, Program Management, Customer Success, Change Management, Risk Management
Deterministic profile match: 7 profile skills mentioned; title alignment 1.5/3.0; domain signals 3.","","","","2026-05-19T03:39:44.477961+00:00"
"7","Technical Program Manager","Machinify","","","","","","unknown","","","","","https://www.linkedin.com/jobs/view/4412821161","Software Project Management, Program Management, Risk Management, Release Coordination
Deterministic profile match: 4 profile skills mentioned; title alignment 2.0/3.0; domain signals 7.","","","","2026-05-19T03:39:44.477961+00:00"
"7","Lead/Principal Product Designer, Design Systems","Energage","","","","","","remote","","","Remote, US (Remote)","https://grnh.se/c460o7c72us","https://www.indeed.com/viewjob?jk=61e27f32cd0c396f","Agile Scrum, Lean Product Development, Data Governance Frameworks, Program Management, Change Management, Confluence, VS Code, Notion, Google Analytics, Figma
Deterministic profile match: 10 profile skills mentioned; title alignment 0.0/3.0; domain signals 7.","","","","2026-05-19T03:35:32.190761+00:00"
"7","Python Developer","BV Teck","","","","","","remote","","","Remote, US (Remote)","https://brightvisiontechnologies.applytojob.com/apply/5DjtRC8DMF/Python-Developer?source=INDE&~","https://www.indeed.com/viewjob?jk=80b4ec4ddf5614d5","Python, SQL, SDLC, Mentoring, Customer Success, Observability Concepts, System Monitoring, Policy Automation, Distributed Systems Concepts, PostgreSQL, AWS
Deterministic profile match: 11 profile skills mentioned; title alignment 0.0/3.0; domain signals 13. Title relevance penalty 1.0 applied.","","","","2026-05-19T03:35:32.190761+00:00"
"7","Automation and Workflow Engineering - Sr ServiceNow Developer","Golden 1 Credit Union","","","","","","remote","","","Remote, US (Remote)","https://jobs.dayforcehcm.com/en-US/golden1/CANDIDATEPORTAL/jobs/49191","https://www.indeed.com/viewjob?jk=3bde0f93f079abe6","SQL, JavaScript, Software Project Management, SDLC, A/B Testing, Technical Documentation, Requirements Gathering, Mentoring, Deployment Workflows, Workflow Automation, ServiceNow
Deterministic profile match: 11 profile skills mentioned; title alignment 0.0/3.0; domain signals 9. Title relevance penalty 1.0 applied.","","","","2026-05-19T03:35:32.190761+00:00"
"7","Project Manager With Active PMP (Remote US)","Pinnacle Method Consulting","","","","","","hybrid","Remote","","Remote","","https://www.linkedin.com/jobs/view/4415428321","Hybrid Project Management, Stakeholder Management, Resource Planning, Jira, Smartsheet
Deterministic profile match: 5 profile skills mentioned; title alignment 2.0/3.0; domain signals 4.","","","","2026-05-19T03:35:32.190761+00:00"
"7","Project Manager (Fintech)","MindTech","","","","","","unknown","","","","","https://www.linkedin.com/jobs/view/4412813634","Sprint Planning, Retrospectives, Roadmap Planning, Sprint Reviews, Jira, Trello
Deterministic profile match: 6 profile skills mentioned; title alignment 2.0/3.0; domain signals 5.","","","","2026-05-19T03:35:32.190761+00:00"
"7","Agile Project Manager","Scoutit","","","","","","unknown","","","","","https://www.linkedin.com/jobs/view/4415602985","Sprint Planning, Retrospectives, Sprint Reviews
Deterministic profile match: 3 profile skills mentioned; title alignment 2.5/3.0; domain signals 5.","","","","2026-05-19T03:35:32.190761+00:00"
"7","Project Manager","OLIVER | The Brandtech Group","","","","","","remote","","","Remote","","https://www.linkedin.com/jobs/view/4405960750","Software Project Management, Stakeholder Management, Jira, Smartsheet
Deterministic profile match: 4 profile skills mentioned; title alignment 2.0/3.0; domain signals 8.","","","","2026-05-19T03:35:32.190761+00:00"
"7","Project Manager","CSI","","","","","","unknown","","","","","https://www.linkedin.com/jobs/view/4416245193","Software Project Management, Stakeholder Management, Customer Success, Risk Management
Deterministic profile match: 4 profile skills mentioned; title alignment 2.0/3.0; domain signals 6.","","","","2026-05-19T03:35:32.190761+00:00"
"7","Senior Technical Program Manager","Grow Therapy","","","","","","hybrid","Remote","","Remote","","https://www.linkedin.com/jobs/view/4393892567","Hybrid Project Management, Software Project Management, Program Management, Legal Technology
Deterministic profile match: 4 profile skills mentioned; title alignment 2.0/3.0; domain signals 6.","","","","2026-05-19T03:34:24.090303+00:00"
"7","Senior Engineer - Workforce Tools & Integrations","College Board","","","","","","hybrid","Remote, US (Remote)","","Remote, US (Remote)","https://collegeboard.wd1.myworkdayjobs.com/en-US/Careers/job/Remote---USA/Senior-Engineer---Workforce-Tools---Integrations_REQ002664","https://www.indeed.com/viewjob?jk=4b7456a15eee8c9d","JavaScript, Agile Scrum, Sprint Planning, CI/CD Collaboration, Technical Documentation, Customer Success, Sprint Reviews, AI/ML, Deployment Workflows, Okta Integration Workflows, AWS, Jira, GitHub
Deterministic profile match: 13 profile skills mentioned; title alignment 0.0/3.0; domain signals 12. Title relevance penalty 1.0 applied.","","","","2026-05-19T03:33:24.221345+00:00"
"7","Project Manager","Computer Services Inc.","","","","","","remote","","","Remote, US (Remote)","https://csiweb.wd1.myworkdayjobs.com/en-US/CSI_Careers/job/Remote-USA/Project-Manager_R-100543","https://www.indeed.com/viewjob?jk=b1ec610436fc2b03","Software Project Management, Stakeholder Management, Customer Success, Risk Management
Deterministic profile match: 4 profile skills mentioned; title alignment 2.0/3.0; domain signals 6.","","","","2026-05-19T03:33:24.221345+00:00"
"7","Group Manager - Enterprise Applications","Brookhaven National Laboratory","","","","","","remote","","","Remote, US (Remote)","https://bnl.wd1.myworkdayjobs.com/en-US/Externa/job/Remote/Group-Manager---Enterprise-Applications_JR102471","https://www.indeed.com/viewjob?jk=50235166373d2993","SAFe, Software Project Management, Stakeholder Management, Program Management, Technical Documentation, Roadmap Planning, Customer Success, Resource Planning, ERP, Risk Management, Database Access Governance
Deterministic profile match: 11 profile skills mentioned; title alignment 0.0/3.0; domain signals 11. Title relevance penalty 1.0 applied.","","","","2026-05-19T03:33:24.221345+00:00"
"7","Technical Project Manager","Peraton","","","","","","remote","","","Remote","","https://www.linkedin.com/jobs/view/4415724760","SAFe, Program Management, Technical Documentation, Scheduling Management
Deterministic profile match: 4 profile skills mentioned; title alignment 3.0/3.0; domain signals 3.","","","","2026-05-19T03:33:24.221345+00:00"
"7","Program Manager, Enterprise Growth & Capital Programs","Jabil","","","","","","remote","","","Remote, US (Remote)","https://jabil.wd5.myworkdayjobs.com/en-US/Jabil_Careers/job/Remote---USA/Program-Manager--Enterprise-Growth---Capital-Programs_J2450744","https://www.indeed.com/viewjob?jk=88f6a5f86a5eece4","Stakeholder Management, Program Management, Requirements Gathering, Customer Success, Change Management, KPI Tracking, Resource Planning, Risk Management
Deterministic profile match: 8 profile skills mentioned; title alignment 1.5/3.0; domain signals 5.","","","","2026-05-19T03:30:57.247300+00:00"
"7","Sr. Program Manager, Enterprise Growth & Capital Programs","Jabil","","","","","","remote","","","Remote, US (Remote)","https://jabil.wd5.myworkdayjobs.com/en-US/Jabil_Careers/job/Remote---USA/Sr-Program-Manager--Enterprise-Growth---Capital-Programs_J2450747","https://www.indeed.com/viewjob?jk=dbe0330f565bf21b","Stakeholder Management, Program Management, Requirements Gathering, Customer Success, Change Management, KPI Tracking, Resource Planning, Risk Management
Deterministic profile match: 8 profile skills mentioned; title alignment 1.5/3.0; domain signals 5.","","","","2026-05-19T03:30:57.247300+00:00"
"7","Program Manager Equity (A&E)","Bureau Veritas","","","","","","remote","","","Remote, US (Remote)","https://jobs.bureauveritas.com/gb/en/job/209138","https://www.indeed.com/viewjob?jk=8b0ee849710ec157","SAFe, Software Project Management, Program Management, Customer Success, Change Management, Resource Planning, Risk Management
Deterministic profile match: 7 profile skills mentioned; title alignment 1.5/3.0; domain signals 5.","","","","2026-05-19T03:30:57.247300+00:00"
"7","Senior Project Manager","K?rber","","","","","","unknown","","","","","https://www.linkedin.com/jobs/view/4416277634","Program Management, Technical Documentation, Customer Success, Change Management, Resource Planning, Risk Management, Policy Automation
Deterministic profile match: 7 profile skills mentioned; title alignment 2.0/3.0; domain signals 4.","","","","2026-05-19T03:30:57.247300+00:00"
"7","Senior Project Manager of E-Commerce","Southend Pharmacy","","","","","","unknown","","","","","https://www.linkedin.com/jobs/view/4412821721","Stakeholder Management, Program Management, QA Coordination, SOPs, Release Coordination
Deterministic profile match: 5 profile skills mentioned; title alignment 2.0/3.0; domain signals 5.","","","","2026-05-19T03:30:57.247300+00:00"
"7","Project Manager","By Light Professional IT Services","","","","","","remote","","","Remote, US (Remote)","https://jobs-bylight.icims.com/jobs/10995/job?utm_source=indeed_integration&iis=Job%20Board&iisn=Indeed&indeed-apply-token=73a2d2b2a8d6d5c0a62696875eaebd669103652d3f0c2cd5445d3e66b1592b0f","https://www.indeed.com/viewjob?jk=040cfa962ea99a29","Software Project Management, Change Management, Resource Planning, AI/ML, Risk Management
Deterministic profile match: 5 profile skills mentioned; title alignment 2.0/3.0; domain signals 7.","","","","2026-05-19T03:28:48.056786+00:00"
"7","ServiceNow Program Manager","eCIFM Solutions Inc","","","","","","remote","","","Remote, US (Remote)","http://www.indeed.com/job/servicenow-program-manager-6f86c1a5af989d14","https://www.indeed.com/viewjob?jk=6f86c1a5af989d14","Software Project Management, Stakeholder Management, Program Management, Change Management, Risk Management, ServiceNow
Deterministic profile match: 6 profile skills mentioned; title alignment 1.5/3.0; domain signals 5.","","","","2026-05-19T03:28:48.056786+00:00"
"7","Senior Project Manager","Juniper Square","","","","","","remote","","","Remote","","https://www.linkedin.com/jobs/view/4393888616","Stakeholder Management, Requirements Gathering, Customer Success, Change Management, Risk Management
Deterministic profile match: 5 profile skills mentioned; title alignment 2.0/3.0; domain signals 5.","","","","2026-05-19T03:28:48.056786+00:00"
"7","Senior Project Manager (100% Remote)","The Mom Project","","","","","","remote","","","Remote","","https://www.linkedin.com/jobs/view/4416440317","Software Project Management, Stakeholder Management, Requirements Gathering, Mentoring, Risk Management
Deterministic profile match: 5 profile skills mentioned; title alignment 2.0/3.0; domain signals 4.","","","","2026-05-19T03:28:48.056786+00:00"
"7","Technical Project Manager","Netskope","","","","","","unknown","","","","","https://www.linkedin.com/jobs/view/4416434210","Technical Documentation, Customer Success
Deterministic profile match: 2 profile skills mentioned; title alignment 3.0/3.0; domain signals 7.","","","","2026-05-19T03:28:48.056786+00:00"
"7","Project Manager","Parsons","","","","","","remote","","","Remote, US (Remote)","https://jobs.parsons.com/jobs/project-manager-virtual-r-180971-jobs--project-program-management--","https://www.indeed.com/viewjob?jk=f51f9694f138e1ea","SAFe, Software Project Management, Program Management, Technical Documentation, Customer Success, Scheduling Management, Risk Management
Deterministic profile match: 7 profile skills mentioned; title alignment 2.0/3.0; domain signals 2.","","","","2026-05-19T03:26:29.194443+00:00"
"7","Dir, Solution Delivery","NASCO","","","","","","hybrid","Remote, US (Remote)","","Remote, US (Remote)","https://careers-nasco.icims.com/jobs/4309/job?utm_source=indeed_integration&iis=Job%20Board&iisn=Indeed&indeed-apply-token=73a2d2b2a8d6d5c0a62696875eaebd669103652d3f0c2cd5445d3e66b1592b0f","https://www.indeed.com/viewjob?jk=bfa0207fcc85cbd3","Hybrid Project Management, Software Project Management, Stakeholder Management, Program Management, Technical Documentation, Roadmap Planning, Customer Success, Training Enablement, Resource Planning, Risk Management, Legal Technology
Deterministic profile match: 11 profile skills mentioned; title alignment 0.0/3.0; domain signals 13. Title relevance penalty 1.0 applied.","","","","2026-05-19T03:26:29.194443+00:00"
"7","Senior Product manager -Contractor Role ? PIU Based Compensation (No Salary)","FactfindersPro","","","","","","remote","","","Remote, US (Remote)","http://www.indeed.com/job/senior-product-manager-contractor-role-piu-based-compensation-no-salary-6f6aed379ed41146","https://www.indeed.com/viewjob?jk=6f6aed379ed41146","Python, SQL, Sprint Planning, A/B Testing, Program Management, Roadmap Planning, Customer Success
Deterministic profile match: 7 profile skills mentioned; title alignment 1.0/3.0; domain signals 8.","","","","2026-05-19T03:26:29.194443+00:00"
"7","Senior Business Architect / Engagement Manager","KT2i Inc","","","","","","remote","","","Remote, US (Remote)","http://www.indeed.com/job/senior-business-architect-engagement-manager-abcaf6b8911a0d73","https://www.indeed.com/viewjob?jk=abcaf6b8911a0d73","Agile Scrum, Sprint Planning, Software Project Management, Stakeholder Management, Program Management, Technical Documentation, Presentation Skills, Change Management, QA Coordination, Sprint Reviews, ERP, Release Coordination, Deployment Workflows, Workflow Automation, Snowflake
Deterministic profile match: 15 profile skills mentioned; title alignment 0.0/3.0; domain signals 13. Title relevance penalty 1.0 applied.","","","","2026-05-19T03:26:29.194443+00:00"
"7","Senior Project Manager","Haystack","","","","","","remote","","","Remote","","https://www.linkedin.com/jobs/view/4412240490","Software Project Management, Stakeholder Management, Change Management, Resource Planning, Risk Management
Deterministic profile match: 5 profile skills mentioned; title alignment 2.0/3.0; domain signals 4.","","","","2026-05-19T03:26:29.194443+00:00"
"7","Project Manager - Healthcare IT","Pinnacle Method Consulting","","","","","","unknown","","","","","https://www.linkedin.com/jobs/view/4415440089","Agile Scrum, SAFe, Software Project Management
Deterministic profile match: 3 profile skills mentioned; title alignment 2.0/3.0; domain signals 7.","","","","2026-05-19T03:26:29.194443+00:00"
"7","Healthcare IT Project Manager - Critical Support I","Oracle","","","","","","unknown","","","","","https://www.linkedin.com/jobs/view/4383073317","Stakeholder Management, Risk Management
Deterministic profile match: 2 profile skills mentioned; title alignment 2.5/3.0; domain signals 6.","","","","2026-05-19T03:26:29.194443+00:00"
"7","Information Technology Project Manager","Beacon Hill","","","","","","remote","","","Remote","","https://www.linkedin.com/jobs/view/4416240554","Software Project Management, Technical Documentation, Presentation Skills, Jira, Confluence
Deterministic profile match: 5 profile skills mentioned; title alignment 2.0/3.0; domain signals 7.","","","","2026-05-19T03:26:29.194443+00:00"
"7","IT Project Manager (remote)","Automation Consulting","","","","","","remote","","","Remote","","https://www.linkedin.com/jobs/view/4415738395","Change Management, QA Coordination, Jira, Confluence, Figma
Deterministic profile match: 5 profile skills mentioned; title alignment 2.5/3.0; domain signals 5.","","","","2026-05-19T03:26:29.194443+00:00"
"7","Senior Project Manager - Technical","Red Hat","","","","","","remote","","","Remote","","https://www.linkedin.com/jobs/view/4405971526","Software Project Management, Change Management, Scheduling Management, Risk Management
Deterministic profile match: 4 profile skills mentioned; title alignment 2.0/3.0; domain signals 7.","","","","2026-05-19T03:26:29.194443+00:00"
"7","Senior Project Manager (Workfront and Banking exp needed)","Morph Enterprise","","","","","","unknown","","","","","https://www.linkedin.com/jobs/view/4415676911","Software Project Management, Stakeholder Management, Requirements Gathering, Mentoring, Risk Management
Deterministic profile match: 5 profile skills mentioned; title alignment 2.0/3.0; domain signals 4.","","","","2026-05-19T03:26:29.194443+00:00"
"7","Project Manager S?nior","Jobgether","","","","","","unknown","","","","","https://www.linkedin.com/jobs/view/4415677150","SAFe, OKRs, Data Governance Frameworks, Stakeholder Management, Program Management, Roadmap Planning
Deterministic profile match: 6 profile skills mentioned; title alignment 2.0/3.0; domain signals 5.","","","","2026-05-19T03:26:29.194443+00:00"
"7","Senior Servicenow CMDB Technical Lead","Moderna","","","","","","onsite","","","","https://modernatx.wd1.myworkdayjobs.com/M_tx/job/Cambridge-Massachusetts/Senior-Servicenow-CMDB-Technical-Lead_R19035-1","https://modernatx.wd1.myworkdayjobs.com/M_tx/job/Cambridge-Massachusetts/Senior-Servicenow-CMDB-Technical-Lead_R19035-1","Python, JavaScript, Data Governance Frameworks, Technical Documentation, Roadmap Planning, Customer Success, Change Management, Risk Management, Database Access Governance, AWS, ServiceNow, Legal Technology
Deterministic profile match: 12 profile skills mentioned; title alignment 0.0/3.0; domain signals 8. Title relevance penalty 1.0 applied.","","","","2026-05-14T22:12:00.818278+00:00"
"7","Senior Systems Engineer, Digital for Research and Technical Development","Moderna","","","","","","hybrid","","","","https://modernatx.wd1.myworkdayjobs.com/M_tx/job/Cambridge-Massachusetts/Senior-Systems-Engineer--Digital-for-Research-and-Technical-Development_R18871-1","https://modernatx.wd1.myworkdayjobs.com/M_tx/job/Cambridge-Massachusetts/Senior-Systems-Engineer--Digital-for-Research-and-Technical-Development_R18871-1","Root Cause Analysis, Technical Documentation, Roadmap Planning, Change Management, Deployment Workflows, Database Access Governance, AWS, Jira, Confluence, ServiceNow, Legal Technology
Deterministic profile match: 11 profile skills mentioned; title alignment 0.0/3.0; domain signals 8. Title relevance penalty 1.0 applied.","","","","2026-05-14T22:12:00.818278+00:00"
"7","Senior Product Manager, Clinical Safety and Pharmacovigilance Systems","Moderna","","","","","","onsite","","","","https://modernatx.wd1.myworkdayjobs.com/M_tx/job/Cambridge-Massachusetts/Senior-Product-Manager--Clinical-Safety-and-Pharmacovigilance-Systems_R18475","https://modernatx.wd1.myworkdayjobs.com/M_tx/job/Cambridge-Massachusetts/Senior-Product-Manager--Clinical-Safety-and-Pharmacovigilance-Systems_R18475","Roadmap Planning, Change Management, AI/ML, Deployment Workflows, Legal Technology
Deterministic profile match: 5 profile skills mentioned; title alignment 1.0/3.0; domain signals 9.","","","","2026-05-14T22:02:20.415246+00:00"
"7","Engineer II, Data Systems","Moderna","","","","","","remote","","","","https://modernatx.wd1.myworkdayjobs.com/M_tx/job/Norwood-Massachusetts/Engineer-II--Data-Systems_R18799-1","https://modernatx.wd1.myworkdayjobs.com/M_tx/job/Norwood-Massachusetts/Engineer-II--Data-Systems_R18799-1","JavaScript, Software Project Management, Root Cause Analysis, Change Management, SOPs, Risk Management, System Monitoring, Data Pipelines, PostgreSQL, Power BI, Legal Technology
Deterministic profile match: 11 profile skills mentioned; title alignment 0.0/3.0; domain signals 8. Title relevance penalty 1.0 applied.","","","","2026-05-14T22:02:20.415246+00:00"
"7","Technical Support Manager - Level 2 (Salesforce)","Thomson Reuters","","","","","","hybrid","","","","https://thomsonreuters.wd5.myworkdayjobs.com/External_Career_Site/job/Mexico-Mexico-City/Technical-Support-Manager---Level-2--Salesforce-_JREQ200638","https://thomsonreuters.wd5.myworkdayjobs.com/External_Career_Site/job/Mexico-Mexico-City/Technical-Support-Manager---Level-2--Salesforce-_JREQ200638","JavaScript, Hybrid Project Management, Software Project Management, Data Governance Frameworks, Stakeholder Management, Technical Documentation, Presentation Skills, Mentoring, Customer Success, Change Management, Distributed Systems Concepts, AWS, GitHub, Legal Technology
Deterministic profile match: 14 profile skills mentioned; title alignment 0.0/3.0; domain signals 8. Title relevance penalty 1.0 applied.","","","","2026-05-14T22:01:57.065581+00:00"
"7","Lead Product Engineer (Full Stack - Python / React), Materia AI (Evergreen)","Thomson Reuters","","","","","","hybrid","","","","https://thomsonreuters.wd5.myworkdayjobs.com/External_Career_Site/job/Mexico-Mexico-City/Lead-Product-Engineer--Full-Stack---Python---React---Materia-AI--Evergreen-_JREQ199885","https://thomsonreuters.wd5.myworkdayjobs.com/External_Career_Site/job/Mexico-Mexico-City/Lead-Product-Engineer--Full-Stack---Python---React---Materia-AI--Evergreen-_JREQ199885","Python, Hybrid Project Management, SAFe, Software Project Management, A/B Testing, Experimentation Frameworks, Data Governance Frameworks, Customer Success, Legal Technology
Deterministic profile match: 9 profile skills mentioned; title alignment 0.0/3.0; domain signals 9.","","","","2026-05-14T22:01:57.065581+00:00"
"7","Implementation Consultant - Global Trade","Thomson Reuters","","","","","","unknown","","","","https://thomsonreuters.wd5.myworkdayjobs.com/External_Career_Site/job/United-States-of-America-Frisco-Texas/Implementation-Consultant---Global-Trade_JREQ200621","https://thomsonreuters.wd5.myworkdayjobs.com/External_Career_Site/job/United-States-of-America-Frisco-Texas/Implementation-Consultant---Global-Trade_JREQ200621","SQL, SAFe, Software Project Management, Program Management, Technical Documentation, Requirements Gathering, Mentoring, Legal Technology
Deterministic profile match: 8 profile skills mentioned; title alignment 1.0/3.0; domain signals 6.","","","","2026-05-14T22:01:57.065581+00:00"
"7","AI Product Security Manager","Thomson Reuters","","","","","","hybrid","","","","https://thomsonreuters.wd5.myworkdayjobs.com/External_Career_Site/job/Canada-Toronto-Ontario/AI-Product-Security-Manager_JREQ199374","https://thomsonreuters.wd5.myworkdayjobs.com/External_Career_Site/job/Canada-Toronto-Ontario/AI-Product-Security-Manager_JREQ199374","Python, SDLC, Data Governance Frameworks, Program Management, AI/ML, Risk Management, AWS, Legal Technology, Google Analytics, Google Cloud
Deterministic profile match: 10 profile skills mentioned; title alignment 0.0/3.0; domain signals 8.","","","","2026-05-14T22:01:57.065581+00:00"
"7","Principal Engineer CoCounsel Audit","Thomson Reuters","","","","","","hybrid","","","","https://thomsonreuters.wd5.myworkdayjobs.com/External_Career_Site/job/United-States-of-America-New-York-New-York/Principal-Engineer-CoCounsel-Audit_JREQ200659-3","https://thomsonreuters.wd5.myworkdayjobs.com/External_Career_Site/job/United-States-of-America-New-York-New-York/Principal-Engineer-CoCounsel-Audit_JREQ200659-3","Python, SAFe, Experimentation Frameworks, Postmortems, Data Governance Frameworks, Program Management, Mentoring, AI/ML, Data Pipelines, PostgreSQL, AWS, Legal Technology
Deterministic profile match: 12 profile skills mentioned; title alignment 0.0/3.0; domain signals 10. Title relevance penalty 1.0 applied.","","","","2026-05-14T22:01:57.065581+00:00"
"7","Software Development Engineer","Thomson Reuters","","","","","","hybrid","","","","https://thomsonreuters.wd5.myworkdayjobs.com/External_Career_Site/job/Germany-Langenfeld/Software-Development-Engineer_JREQ200387","https://thomsonreuters.wd5.myworkdayjobs.com/External_Career_Site/job/Germany-Langenfeld/Software-Development-Engineer_JREQ200387","Python, SQL, JavaScript, PHP, A/B Testing, Data Governance Frameworks, System Monitoring, Data Pipelines, Jira, Confluence, GitHub, Trello, Legal Technology
Deterministic profile match: 13 profile skills mentioned; title alignment 0.0/3.0; domain signals 11. Title relevance penalty 1.0 applied.","","","","2026-05-14T22:01:57.065581+00:00"
"7","Delivery Manager, SRE","Thomson Reuters","","","","","","hybrid","","","","https://thomsonreuters.wd5.myworkdayjobs.com/External_Career_Site/job/United-States-of-America-Eagan-Minnesota/Delivery-Manager--SRE_JREQ199394","https://thomsonreuters.wd5.myworkdayjobs.com/External_Career_Site/job/United-States-of-America-Eagan-Minnesota/Delivery-Manager--SRE_JREQ199394","Python, Hybrid Project Management, SAFe, Software Project Management, Program Management, Technical Documentation, Presentation Skills, Roadmap Planning, Change Management, Distributed Systems Concepts, PostgreSQL, AWS, Legal Technology
Deterministic profile match: 13 profile skills mentioned; title alignment 0.0/3.0; domain signals 8. Title relevance penalty 1.0 applied.","","","","2026-05-14T22:01:57.065581+00:00"
"7","Client Exec Manager - Retention","Thomson Reuters","","","","","","hybrid","","","","https://thomsonreuters.wd5.myworkdayjobs.com/External_Career_Site/job/United-Kingdom-London/Client-Exec-Manager---Retention_JREQ199998-1","https://thomsonreuters.wd5.myworkdayjobs.com/External_Career_Site/job/United-Kingdom-London/Client-Exec-Manager---Retention_JREQ199998-1","Go-to-market Strategy, Hybrid Project Management, Software Project Management, Stakeholder Management, Roadmap Planning, Customer Success, Change Management, Training Enablement, Risk Management, Workflow Automation, Data Pipelines, Legal Technology
Deterministic profile match: 12 profile skills mentioned; title alignment 0.0/3.0; domain signals 8. Title relevance penalty 1.0 applied.","","","","2026-05-14T22:01:57.065581+00:00"
"7","Campaign Planning Manager","Thomson Reuters","","","","","","hybrid","","","","https://thomsonreuters.wd5.myworkdayjobs.com/External_Career_Site/job/United-States-of-America-Eagan-Minnesota/Campaign-Planning-Manager_JREQ200571","https://thomsonreuters.wd5.myworkdayjobs.com/External_Career_Site/job/United-States-of-America-Eagan-Minnesota/Campaign-Planning-Manager_JREQ200571","Hybrid Project Management, SAFe, Software Project Management, Data Governance Frameworks, Stakeholder Management, Program Management, Roadmap Planning, Customer Success, Training Enablement, Deployment Workflows, Legal Technology
Deterministic profile match: 11 profile skills mentioned; title alignment 0.0/3.0; domain signals 9. Title relevance penalty 1.0 applied.","","","","2026-05-14T22:01:57.065581+00:00"
"7","Project Manager","Thomson Reuters","","","","","","unknown","","","","https://thomsonreuters.wd5.myworkdayjobs.com/External_Career_Site/job/Brazil-So-Paulo-So-Paulo/Project-Manager_JREQ198406","https://thomsonreuters.wd5.myworkdayjobs.com/External_Career_Site/job/Brazil-So-Paulo-So-Paulo/Project-Manager_JREQ198406","Software Project Management, Requirements Gathering, Risk Management, Jira, Legal Technology
Deterministic profile match: 5 profile skills mentioned; title alignment 2.0/3.0; domain signals 7.","","","","2026-05-14T22:01:57.065581+00:00"
"7","Head of Commercial & Corporate Engineering","Thomson Reuters","","","","","","hybrid","","","","https://thomsonreuters.wd5.myworkdayjobs.com/External_Career_Site/job/United-States-of-America-New-York-New-York/Head-of-Commercial---Corporate-Engineering_JREQ200470","https://thomsonreuters.wd5.myworkdayjobs.com/External_Career_Site/job/United-States-of-America-New-York-New-York/Head-of-Commercial---Corporate-Engineering_JREQ200470","Go-to-market Strategy, SAFe, Stakeholder Management, Program Management, Roadmap Planning, Customer Success, Change Management, ERP, AI/ML, Risk Management, Distributed Systems Concepts, Legal Technology
Deterministic profile match: 12 profile skills mentioned; title alignment 0.0/3.0; domain signals 13. Title relevance penalty 1.0 applied.","","","","2026-05-14T22:01:57.065581+00:00"
"7","Implementation Consultant ? Legal AI Solutions","Thomson Reuters","C:\Users\bsing\.applypilot\tailored_resumes\software-pm\079_7_Thomson_Reuters_Implementation_Consultant__Legal_AI_Solutions.txt","failed_validation","Company 'Sakhi' missing from experience; Company 'The Samaritans of New York' missing from experience","","","unknown","","","","https://thomsonreuters.wd5.myworkdayjobs.com/External_Career_Site/job/Poland-Gdansk/Implementation-Consultant---Legal-AI-Solutions--CoCounsel-_JREQ195875","https://thomsonreuters.wd5.myworkdayjobs.com/External_Career_Site/job/Poland-Gdansk/Implementation-Consultant---Legal-AI-Solutions--CoCounsel-_JREQ195875","Software Project Management, Program Management, Technical Documentation, Presentation Skills, Customer Success, Training Enablement, Risk Management, Legal Technology
Deterministic profile match: 8 profile skills mentioned; title alignment 1.0/3.0; domain signals 7.","","","","2026-05-14T22:01:57.065581+00:00"
"7","Data & Analytics (ML-Enabled Systems)","Thomson Reuters","C:\Users\bsing\.applypilot\tailored_resumes\software-pm\063_7_Thomson_Reuters_Data__Analytics_ML-Enabled_Systems.txt","failed_validation","Company 'Sakhi' missing from experience; Company 'The Samaritans of New York' missing from experience","","","hybrid","","","","https://thomsonreuters.wd5.myworkdayjobs.com/External_Career_Site/job/United-States-of-America-Eagan-Minnesota/Data---Analytics--ML-Enabled-Systems-_JREQ200344","https://thomsonreuters.wd5.myworkdayjobs.com/External_Career_Site/job/United-States-of-America-Eagan-Minnesota/Data---Analytics--ML-Enabled-Systems-_JREQ200344","Python, SQL, SAFe, AI/ML, Deployment Workflows, System Monitoring, Data Pipelines, Data Warehousing, Snowflake, AWS, Power BI, Legal Technology
Deterministic profile match: 12 profile skills mentioned; title alignment 0.0/3.0; domain signals 10. Title relevance penalty 1.0 applied.","","","","2026-05-14T22:01:57.065581+00:00"
"7","Tech Lead Engineer -Backend- Reuters","Thomson Reuters","","","","","","hybrid","","","","https://thomsonreuters.wd5.myworkdayjobs.com/External_Career_Site/job/India-Bengaluru-Karnataka/Tech-Lead-Engineer--Backend--Reuters_JREQ196783","https://thomsonreuters.wd5.myworkdayjobs.com/External_Career_Site/job/India-Bengaluru-Karnataka/Tech-Lead-Engineer--Backend--Reuters_JREQ196783","SQL, Hybrid Project Management, Software Project Management, Data Governance Frameworks, CI/CD Collaboration, Data Pipelines, PostgreSQL, MongoDB, AWS, Jira, GitHub, Legal Technology
Deterministic profile match: 12 profile skills mentioned; title alignment 0.0/3.0; domain signals 8. Title relevance penalty 1.0 applied.","","","","2026-05-14T22:01:57.065581+00:00"
"7","Product Manager","Thomson Reuters","","","","","","hybrid","","","","https://thomsonreuters.wd5.myworkdayjobs.com/External_Career_Site/job/United-States-of-America-Frisco-Texas/Product-Manager_JREQ199813","https://thomsonreuters.wd5.myworkdayjobs.com/External_Career_Site/job/United-States-of-America-Frisco-Texas/Product-Manager_JREQ199813","SAFe, Program Management, AI/ML, Workflow Automation, Legal Technology
Deterministic profile match: 5 profile skills mentioned; title alignment 1.0/3.0; domain signals 9.","","","","2026-05-14T22:01:57.065581+00:00"
"7","Lead Product Engineer (Full Stack - Python / React), Materia AI","Thomson Reuters","","","","","","hybrid","","","","https://thomsonreuters.wd5.myworkdayjobs.com/External_Career_Site/job/United-States-of-America-Brooklyn-New-York/Lead-Product-Engineer--Full-Stack---Materia-AI_JREQ197053-3","https://thomsonreuters.wd5.myworkdayjobs.com/External_Career_Site/job/United-States-of-America-Brooklyn-New-York/Lead-Product-Engineer--Full-Stack---Materia-AI_JREQ197053-3","Python, Hybrid Project Management, SAFe, Software Project Management, A/B Testing, Experimentation Frameworks, Data Governance Frameworks, Program Management, Customer Success, Legal Technology
Deterministic profile match: 10 profile skills mentioned; title alignment 0.0/3.0; domain signals 9.","","","","2026-05-14T22:01:57.065581+00:00"
"7","Senior Technical Product Manager, Billing & Payments","Thomson Reuters","","","","","","hybrid","","","","https://thomsonreuters.wd5.myworkdayjobs.com/External_Career_Site/job/Canada-Toronto-Ontario/Senior-Technical-Product-Manager--Billing---Payments_JREQ198733","https://thomsonreuters.wd5.myworkdayjobs.com/External_Career_Site/job/Canada-Toronto-Ontario/Senior-Technical-Product-Manager--Billing---Payments_JREQ198733","Stakeholder Management, Program Management, Roadmap Planning, Customer Success, Workflow Automation, Legal Technology
Deterministic profile match: 6 profile skills mentioned; title alignment 1.0/3.0; domain signals 11.","","","","2026-05-14T22:01:57.065581+00:00"
"7","Project Manager - ONESOURCE","Thomson Reuters","","","","","","hybrid","","","","https://thomsonreuters.wd5.myworkdayjobs.com/External_Career_Site/job/United-Arab-Emirates-Dubai-Dubai/Project-Manager---ONESOURCE_JREQ197689","https://thomsonreuters.wd5.myworkdayjobs.com/External_Career_Site/job/United-Arab-Emirates-Dubai-Dubai/Project-Manager---ONESOURCE_JREQ197689","Hybrid Project Management, Software Project Management, Stakeholder Management, ERP, Legal Technology
Deterministic profile match: 5 profile skills mentioned; title alignment 2.0/3.0; domain signals 5.","","","","2026-05-14T22:01:57.065581+00:00"
"7","Sr. Program Manager","Thomson Reuters","","","","","","hybrid","","","","https://thomsonreuters.wd5.myworkdayjobs.com/External_Career_Site/job/Mexico-Mexico-City/Sr-Program-Manager_JREQ198855-1","https://thomsonreuters.wd5.myworkdayjobs.com/External_Career_Site/job/Mexico-Mexico-City/Sr-Program-Manager_JREQ198855-1","Hybrid Project Management, Software Project Management, Stakeholder Management, Program Management, Customer Success, Legal Technology
Deterministic profile match: 6 profile skills mentioned; title alignment 1.5/3.0; domain signals 6.","","","","2026-05-14T22:01:57.065581+00:00"
"7","SAP Project Manager","Thomson Reuters","","","","","","hybrid","","","","https://thomsonreuters.wd5.myworkdayjobs.com/External_Career_Site/job/India-Bengaluru-Karnataka/Project-Manager_JREQ197697","https://thomsonreuters.wd5.myworkdayjobs.com/External_Career_Site/job/India-Bengaluru-Karnataka/Project-Manager_JREQ197697","Hybrid Project Management, Software Project Management, ERP, Legal Technology
Deterministic profile match: 4 profile skills mentioned; title alignment 2.0/3.0; domain signals 6.","","","","2026-05-14T22:01:57.065581+00:00"
"7","Project Manager | ????????????","Thomson Reuters","","","","","","hybrid","","","","https://thomsonreuters.wd5.myworkdayjobs.com/External_Career_Site/job/Japan-Tokyo/Project-Manager---_JREQ198672","https://thomsonreuters.wd5.myworkdayjobs.com/External_Career_Site/job/Japan-Tokyo/Project-Manager---_JREQ198672","Hybrid Project Management, Software Project Management, Program Management, ERP, Risk Management, Legal Technology
Deterministic profile match: 6 profile skills mentioned; title alignment 2.0/3.0; domain signals 5.","","","","2026-05-14T22:01:57.065581+00:00"
"7","Project Manager - Mid-Atlantic Territory Software Deployment","Motorola Solutions","","","","","","remote","","","Maryland Remote Work, More...","https://motorolasolutions.wd5.myworkdayjobs.com/Careers/job/Maryland-Remote-Work/Project-Manager---Mid-Atlantic-Territory-Software-Deployment_R64022","https://motorolasolutions.wd5.myworkdayjobs.com/Careers/job/Maryland-Remote-Work/Project-Manager---Mid-Atlantic-Territory-Software-Deployment_R64022","Software Project Management, Program Management, Presentation Skills, Scheduling Management, Risk Management, Legal Technology, Google Cloud
Deterministic profile match: 7 profile skills mentioned; title alignment 2.0/3.0; domain signals 4.","","","","2026-05-14T21:59:19.671411+00:00"
"7","Senior Program Manager","Ad Hoc","","","","","","remote","","","Remote, US (Remote)","https://adhoc.hrmdirect.com/employment/view.php?req=3715422&jbsrc=1014&location=4400ba57-164e-8aae-6767-e570c8a49188","https://www.indeed.com/viewjob?jk=d4b12486b1d1b140","Agile Scrum, SAFe, Software Project Management, Program Management, Customer Success, Change Management
Deterministic profile match: 6 profile skills mentioned; title alignment 1.5/3.0; domain signals 5.","","","","2026-05-14T21:52:47.996850+00:00"
"7","Marketing Operations Specialist","HealthcareLive","","","","","","remote","","","Remote, US (Remote)","http://www.indeed.com/job/marketing-operations-specialist-df1308a8e20e9b52","https://www.indeed.com/viewjob?jk=df1308a8e20e9b52","SQL, JavaScript, Data Governance Frameworks, Program Management, Technical Documentation, SOPs, Audit Logging, Workflow Automation, VS Code, Google Sheets, Google Cloud, HubSpot
Deterministic profile match: 12 profile skills mentioned; title alignment 0.0/3.0; domain signals 9. Title relevance penalty 1.0 applied.","","","","2026-05-14T21:52:47.996850+00:00"
"7","Senior Manager, Indicator Enablement","Save the Children","","","","","","hybrid","Remote, US (Remote)","","Remote, US (Remote)","https://www.savethechildren.net/careers/apply/details?jid=16424","https://www.indeed.com/viewjob?jk=8a6315187d1010c3","Agile Scrum, Hybrid Project Management, SAFe, Data Governance Frameworks, Stakeholder Management, Program Management, Technical Documentation, Training Enablement, Risk Management, Release Coordination, System Monitoring
Deterministic profile match: 11 profile skills mentioned; title alignment 0.0/3.0; domain signals 8. Title relevance penalty 1.0 applied.","","","","2026-05-14T21:52:47.996850+00:00"
"7","Junior Project Manager","ViewLift","","","","","","hybrid","","","","","https://www.linkedin.com/jobs/view/4414631775","Hybrid Project Management, Stakeholder Management, Requirements Gathering, Resource Planning, Risk Management
Deterministic profile match: 5 profile skills mentioned; title alignment 2.0/3.0; domain signals 5.","","","","2026-05-14T21:51:42.690108+00:00"
"7","Project Manager - HR Service Support","A P Ventures LLC","","","","","","remote","","","Remote, US (Remote)","https://secure6.saashr.com/ta/6198131.jobs?ShowJob=705054211","https://www.indeed.com/viewjob?jk=82f398b28709fdbb","Program Management, Customer Success, AI/ML, Risk Management, Policy Automation
Deterministic profile match: 5 profile skills mentioned; title alignment 2.0/3.0; domain signals 5.","","","","2026-05-14T21:50:40.094592+00:00"
"7","Project Manager - HR Service Support","A P Ventures LLC","","","","","","remote","","","Remote, US (Remote)","https://secure6.saashr.com/ta/6198131.careers?ShowJob=705054211","https://www.indeed.com/viewjob?jk=f90ddebd38b70e78","Program Management, Customer Success, AI/ML, Risk Management, Policy Automation
Deterministic profile match: 5 profile skills mentioned; title alignment 2.0/3.0; domain signals 5.","","","","2026-05-14T21:50:40.094592+00:00"
"7","Project Manager II (MAE)","Coastal","","","","","","remote","","","Remote, US (Remote)","https://recruitingbypaycor.com/career/JobIntroduction.action?id=8a7887a19de07068019e17aade35764e&source=Indeed+Free","https://www.indeed.com/viewjob?jk=2f10dd70f8c7b340","Presentation Skills, Mentoring, Customer Success, Change Management, Risk Management, Snowflake
Deterministic profile match: 6 profile skills mentioned; title alignment 2.0/3.0; domain signals 5.","","","","2026-05-14T21:50:40.094592+00:00"
"7","ServiceNow Project Manager","Intuitive.ai","","","","","","remote","","","Remote","","https://www.linkedin.com/jobs/view/4414147186","Stakeholder Management, AI/ML, Risk Management, ServiceNow
Deterministic profile match: 4 profile skills mentioned; title alignment 2.0/3.0; domain signals 8.","","","","2026-05-14T21:50:40.094592+00:00"
"7","Technical Program Manager - Infrastructure Engineering","Netflix","","","","","","unknown","","","","","https://www.linkedin.com/jobs/view/4394894613","Program Management, Customer Success, AI/ML, Data Pipelines, AWS
Deterministic profile match: 5 profile skills mentioned; title alignment 2.0/3.0; domain signals 5.","","","","2026-05-14T21:50:40.094592+00:00"
"7","IT/OT Project Manager","Cognizant","","","","","","unknown","","","","","https://www.linkedin.com/jobs/view/4413424239","Stakeholder Management, Program Management, Technical Documentation, Roadmap Planning, Change Management, Risk Management
Deterministic profile match: 6 profile skills mentioned; title alignment 2.0/3.0; domain signals 5.","","","","2026-05-14T21:50:40.094592+00:00"
"7","Azure Certified Project Manager","Amazech Solutions","","","","","","unknown","","","","","https://www.linkedin.com/jobs/view/4411169645","Agile Scrum, Software Project Management, Stakeholder Management
Deterministic profile match: 3 profile skills mentioned; title alignment 2.0/3.0; domain signals 7.","","","","2026-05-14T21:50:40.094592+00:00"
"7","IT Solutions Project Manager - Supply Chain Planning Systems","ERP Logic Israel, SAP Partner","C:\Users\bsing\.applypilot\tailored_resumes\software-pm\095_7_ERP_Logic_Israel_SAP_IT_Solutions_Project_Manager_-_Supply_Chain_Planni.txt","failed_validation","Company 'Sakhi' missing from experience; Company 'The Samaritans of New York' missing from experience","","","unknown","","","","","https://www.linkedin.com/jobs/view/4411174756","Stakeholder Management, Presentation Skills, ERP
Deterministic profile match: 3 profile skills mentioned; title alignment 2.0/3.0; domain signals 9.","","","","2026-05-14T21:50:40.094592+00:00"
"7","Practices Senior Manager ? Enterprise Collaboration & Technical Transformation Leader","Salesforce","","","","","","unknown","","","","","https://www.linkedin.com/jobs/view/4413708190","Python, JavaScript, Data Governance Frameworks, Stakeholder Management, Program Management, Presentation Skills, Customer Success, Change Management, Training Enablement, Deployment Workflows, Policy Automation, Jira, GitHub
Deterministic profile match: 13 profile skills mentioned; title alignment 0.0/3.0; domain signals 12. Title relevance penalty 1.0 applied.","","","","2026-05-14T21:49:36.838746+00:00"
"7","Senior Treasury Management Product Manager ? Integrated Receivables","Fifth Third Bank","","","","","","remote","","","Remote, US (Remote)","https://fifththird.wd5.myworkdayjobs.com/en-US/53careers/job/Virtual/Senior-Treasury-Management-Product-Manager---Integrated-Receivables_R68123","https://www.indeed.com/viewjob?jk=585ea699793ae747","Training Enablement, ERP, Risk Management, Distributed Systems Concepts, Legal Technology
Deterministic profile match: 5 profile skills mentioned; title alignment 1.0/3.0; domain signals 9.","","","","2026-05-14T21:46:30.549281+00:00"
"7","Senior Technical Program Manager, FUB Engineering","Zillow","","","","","","remote","","","Remote","","https://www.linkedin.com/jobs/view/4383359492","Experimentation Frameworks, Program Management, Customer Success, AI/ML
Deterministic profile match: 4 profile skills mentioned; title alignment 2.0/3.0; domain signals 10.","","","","2026-05-14T21:46:30.549281+00:00"
"7","Technical Program Manager, Identity and Access Management Programs","Stripe","","","","","","hybrid","Remote","","Remote","","https://www.linkedin.com/jobs/view/4413482663","Program Management, Customer Success, Risk Management
Deterministic profile match: 3 profile skills mentioned; title alignment 2.0/3.0; domain signals 8.","","","","2026-05-14T21:46:30.549281+00:00"
"7","Sr. Technical Program Manager, Professional Services - Digital Native Business (DNB)","Databricks","","","","","","unknown","","","","","https://www.linkedin.com/jobs/view/4410122055","Program Management, Customer Success, Change Management, Risk Management, Databricks
Deterministic profile match: 5 profile skills mentioned; title alignment 2.0/3.0; domain signals 6.","","","","2026-05-14T21:46:30.549281+00:00"
"7","Technical Program Manager [210085]","Skill","","","","","","unknown","","","","","https://www.linkedin.com/jobs/view/4414655570","Program Management, Change Management, Deployment Workflows, Okta Integration Workflows
Deterministic profile match: 4 profile skills mentioned; title alignment 2.0/3.0; domain signals 6.","","","","2026-05-14T21:46:30.549281+00:00"
"7","Sr. Program Manager","AEVEX","","","","","","remote","","","Remote","","https://www.linkedin.com/jobs/view/4393245464","Software Project Management, Program Management, Presentation Skills, Customer Success, Risk Management, System Monitoring
Deterministic profile match: 6 profile skills mentioned; title alignment 1.5/3.0; domain signals 6.","","","","2026-05-14T21:46:30.549281+00:00"
"7","Technical Program Manager, Data Center Design","Google","","","","","","hybrid","Remote","","Remote","","https://www.linkedin.com/jobs/view/4414469435","Hybrid Project Management, Program Management, Requirements Gathering, Change Management, Scheduling Management, Resource Planning
Deterministic profile match: 6 profile skills mentioned; title alignment 2.0/3.0; domain signals 3.","","","","2026-05-14T21:46:30.549281+00:00"
"7","Senior Strategic Procurement Program Manager","Omada Health","","","","","","remote","","","Remote","","https://www.linkedin.com/jobs/view/4402475978","Program Management, Roadmap Planning, Change Management, Risk Management, System Monitoring
Deterministic profile match: 5 profile skills mentioned; title alignment 1.5/3.0; domain signals 6.","","","","2026-05-14T21:46:30.549281+00:00"
"7","Staff Product Analyst","Deepgram","","","","","","remote","","","Remote, US (Remote)","https://jobs.ashbyhq.com/Deepgram/790579d8-6474-42ca-9104-9a4bafcf13e9?employmentType=FullTime","https://www.indeed.com/viewjob?jk=73a64b81894e7ffe","SQL, SaaS Pricing Frameworks, A/B Testing, Experimentation Frameworks, Customer Success, AI/ML, Data Pipelines, Mixpanel
Deterministic profile match: 8 profile skills mentioned; title alignment 0.0/3.0; domain signals 10.","","","","2026-05-14T21:44:13.352357+00:00"
"7","VPP Program Manager","Qcells","","","","","","remote","","","Remote, US (Remote)","https://careers.qcells.com/jobs/17736935-vpp-program-manager?tm_job=2439&tm_event=view&tm_company=92338","https://www.indeed.com/viewjob?jk=e53caa261b496633","Python, SQL, Program Management, Policy Automation, Power BI
Deterministic profile match: 5 profile skills mentioned; title alignment 1.5/3.0; domain signals 6.","","","","2026-05-14T21:44:13.352357+00:00"
"7","Program Manager, Major Deployments (South East)","Skydio","","","","","","unknown","","","","","https://www.linkedin.com/jobs/view/4393237737","Software Project Management, Program Management, Customer Success, Scheduling Management, Risk Management
Deterministic profile match: 5 profile skills mentioned; title alignment 1.5/3.0; domain signals 7.","","","","2026-05-14T21:44:13.352357+00:00"
"7","Senior Manager, Technical Program Management","Icertis","","","","","","hybrid","","","","","https://www.linkedin.com/jobs/view/4280179505","Agile Scrum, Hybrid Project Management, Software Project Management, SDLC, Stakeholder Management, Program Management, AI/ML, Risk Management, Jira, Confluence
Deterministic profile match: 10 profile skills mentioned; title alignment 0.0/3.0; domain signals 13.","","","","2026-05-14T21:44:13.352357+00:00"
"7","Technical Program Manager","Hanson Consulting Group","C:\Users\bsing\.applypilot\tailored_resumes\software-pm\037_8_Hanson_Consulting_Gr_Technical_Program_Manager.txt","failed_validation","Company 'Sakhi' missing from experience; Company 'The Samaritans of New York' missing from experience","","","unknown","","","","","https://www.linkedin.com/jobs/view/4413843297","Sprint Planning, Software Project Management, Program Management, Release Coordination
Deterministic profile match: 4 profile skills mentioned; title alignment 2.0/3.0; domain signals 6.","","","","2026-05-14T21:44:13.352357+00:00"
"7","Program Manager ? non-CO2 Mitigation","GE Aerospace","","","","","","remote","","","Remote","","https://www.linkedin.com/jobs/view/4413497887","Software Project Management, Stakeholder Management, Program Management, Customer Success, Risk Management
Deterministic profile match: 5 profile skills mentioned; title alignment 1.5/3.0; domain signals 6.","","","","2026-05-14T21:44:13.352357+00:00"
"7","Senior Project Manager","K?rber","","","","","","unknown","","","","","https://www.linkedin.com/jobs/view/4413754575","Software Project Management, Program Management, Change Management, ERP, Risk Management, Policy Automation
Deterministic profile match: 6 profile skills mentioned; title alignment 2.0/3.0; domain signals 5.","","","","2026-05-14T21:44:13.352357+00:00"
"7","Junior Product Life Cycle Program Manager","Ciena","C:\Users\bsing\.applypilot\tailored_resumes\software-pm\096_7_Ciena_Junior_Product_Life_Cycle_Program_Manager.txt","failed_validation","Missing required field: projects","","","unknown","","","","","https://www.linkedin.com/jobs/view/4402765363","Software Project Management, Program Management, Technical Documentation, Customer Success, Change Management, Risk Management
Deterministic profile match: 6 profile skills mentioned; title alignment 1.5/3.0; domain signals 5.","","","","2026-05-14T21:44:13.352357+00:00"
"7","Senior Technical Program Manager, Ads","Instacart","","","","","","remote","","","Remote","","https://www.linkedin.com/jobs/view/4411244403","SAFe, Software Project Management, Program Management, AI/ML
Deterministic profile match: 4 profile skills mentioned; title alignment 2.0/3.0; domain signals 6.","","","","2026-05-14T21:44:13.352357+00:00"
"7","Scrum Master/Project Manager","Pinnacle Method Consulting","","","","","","remote","","","Remote","","https://www.linkedin.com/jobs/view/4414438978","Agile Scrum, Software Project Management, SDLC, Risk Management
Deterministic profile match: 4 profile skills mentioned; title alignment 2.0/3.0; domain signals 5.","","","","2026-05-14T21:42:01.891331+00:00"
"7","Principal Program Manager, Product Operations, Circle Payments Network","Circle","","","","","","hybrid","","","","","https://www.linkedin.com/jobs/view/4401660582","SQL, Stakeholder Management, Program Management, Technical Documentation, Jira
Deterministic profile match: 5 profile skills mentioned; title alignment 1.5/3.0; domain signals 11.","","","","2026-05-14T21:41:03.898519+00:00"
"7","IT - Digital Platform Ops - Sr Business Systems Analyst - Digital","Golden 1 Credit Union","C:\Users\bsing\.applypilot\tailored_resumes\software-pm\092_7_Golden_1_Credit_Unio_IT_-_Digital_Platform_Ops_-_Sr_Business_Systems_An.txt","failed_validation","Company 'Sakhi' missing from experience; Company 'The Samaritans of New York' missing from experience","","","remote","","","Remote, US (Remote)","https://jobs.dayforcehcm.com/en-US/golden1/CANDIDATEPORTAL/jobs/49096","https://www.indeed.com/viewjob?jk=70da02dd55bd7c71","Agile Scrum, Sprint Planning, Software Project Management, Stakeholder Management, Program Management, Technical Documentation, Presentation Skills, Requirements Gathering, Mentoring, Change Management, Sprint Reviews, Risk Management
Deterministic profile match: 12 profile skills mentioned; title alignment 0.0/3.0; domain signals 9. Title relevance penalty 1.0 applied.","","","","2026-05-14T21:40:03.505024+00:00"
"7","Senior Product Owner/Manager - Broker-Dealer & RIA","Penn Mutual","","","","","","remote","","","Remote, US (Remote)","https://pennmutual.wd1.myworkdayjobs.com/en-US/_penn-careers/job/Remote---United-States/Senior-Product-Owner-Manager_R-100586","https://www.indeed.com/viewjob?jk=87fe3515635e429f","Sprint Planning, Software Project Management, Stakeholder Management, Technical Documentation, Roadmap Planning, Sprint Reviews, Risk Management, Deployment Workflows, Jira, Legal Technology
Deterministic profile match: 10 profile skills mentioned; title alignment 0.0/3.0; domain signals 11.","","","","2026-05-14T21:40:03.505024+00:00"
"7","Product Manager","Cotiviti","","","","","","remote","","","Remote, US (Remote)","https://careers-cotiviti.icims.com/jobs/19147/job?utm_source=indeed_integration&iis=Job%20Board&iisn=Indeed&indeed-apply-token=73a2d2b2a8d6d5c0a62696875eaebd669103652d3f0c2cd5445d3e66b1592b0f","https://www.indeed.com/viewjob?jk=f8780e4820986982","Sprint Planning, Software Project Management, Stakeholder Management, Technical Documentation, Roadmap Planning, Requirements Gathering
Deterministic profile match: 6 profile skills mentioned; title alignment 1.0/3.0; domain signals 12.","","","","2026-05-14T21:40:03.505024+00:00"
"7","Junior Project Manager","Ruby Labs","C:\Users\bsing\.applypilot\tailored_resumes\software-pm\097_7_Ruby_Labs_Junior_Project_Manager.txt","failed_validation","Company 'Sakhi' missing from experience; Company 'The Samaritans of New York' missing from experience","Banned words: detail-oriented","","remote","","","Remote","","https://www.linkedin.com/jobs/view/4414258750","Sprint Planning, Software Project Management, Acceptance Criteria Frameworks, Technical Documentation, Jira
Deterministic profile match: 5 profile skills mentioned; title alignment 2.0/3.0; domain signals 7.","","","","2026-05-14T21:40:03.505024+00:00"
"7","Project Manager-ITIL","Ampstek","","","","","","hybrid","Remote","","Remote","","https://www.linkedin.com/jobs/view/4413528572","Hybrid Project Management, Stakeholder Management, Change Management, ServiceNow
Deterministic profile match: 4 profile skills mentioned; title alignment 2.0/3.0; domain signals 6.","","","","2026-05-14T21:40:03.505024+00:00"
"7","Project Manager","Latacora","","","","","","remote","","","Remote","","https://www.linkedin.com/jobs/view/4411768378","Program Management, Roadmap Planning, Scheduling Management, Resource Planning, Jira
Deterministic profile match: 5 profile skills mentioned; title alignment 2.0/3.0; domain signals 4.","","","","2026-05-14T21:40:03.505024+00:00"
"7","Marketing Project Manager","Batesville","","","","","","unknown","","","","","https://www.linkedin.com/jobs/view/4412994141","Software Project Management, Program Management, Customer Success, Resource Planning, Workflow Automation
Deterministic profile match: 5 profile skills mentioned; title alignment 2.0/3.0; domain signals 6.","","","","2026-05-14T21:40:03.505024+00:00"
"7","Project Manager | Remote","Crossing Hurdles","C:\Users\bsing\.applypilot\tailored_resumes\software-pm\033_8_Crossing_Hurdles_Project_Manager__Remote.txt","failed_validation","Company 'Sakhi' missing from experience; Company 'The Samaritans of New York' missing from experience","","","remote","","","Remote","","https://www.linkedin.com/jobs/view/4414480381","Agile Scrum, SDLC, Stakeholder Management, Resource Planning, Risk Management
Deterministic profile match: 5 profile skills mentioned; title alignment 2.0/3.0; domain signals 4.","","","","2026-05-14T21:40:03.505024+00:00"
"7","Middle Project Manager","NineTwoThree AI Studio","C:\Users\bsing\.applypilot\tailored_resumes\software-pm\012_8_NineTwoThree_AI_Stud_Middle_Project_Manager.txt","failed_validation","Company 'Sakhi' missing from experience; Company 'The Samaritans of New York' missing from experience","","","remote","","","Remote","","https://www.linkedin.com/jobs/view/4414609807","Software Project Management, Presentation Skills, Mentoring, AI/ML, System Monitoring
Deterministic profile match: 5 profile skills mentioned; title alignment 2.0/3.0; domain signals 4.","","","","2026-05-14T21:40:03.505024+00:00"
"7","Product Owner","Realtime Clinical Trial Management Systems","C:\Users\bsing\.applypilot\tailored_resumes\software-pm\018_8_Realtime_Clinical_Tr_Product_Owner.txt","failed_validation","Company 'Sakhi' missing from experience; Company 'The Samaritans of New York' missing from experience","","","remote","","","Remote, US (Remote)","https://workforcenow.adp.com/mascsr/default/mdf/recruitment/recruitment.html?cid=9054646f-9aae-42c8-8167-93d86fefbae4&ccId=19000101_000001&jobId=573528&source=IN&lang=en_US","https://www.indeed.com/viewjob?jk=3a4de16dfbca176c","Agile Scrum, Sprint Planning, Retrospectives, Acceptance Criteria Frameworks, Program Management, Technical Documentation, Roadmap Planning, Sprint Reviews, Jira
Deterministic profile match: 9 profile skills mentioned; title alignment 0.0/3.0; domain signals 15.","","","","2026-05-14T21:37:59.870693+00:00"
"7","Senior RHEL Engineer / Team Lead","Trilogy Innovations","","","","","","hybrid","Remote, US (Remote)","","Remote, US (Remote)","https://trilogyinnovations.applytojob.com/apply/OSql8q502D/Senior-RHEL-Engineer-Team-Lead?source=INDE&~","https://www.indeed.com/viewjob?jk=629aa8a71efcd907","Hybrid Project Management, Software Project Management, Milestone Tracking, Root Cause Analysis, CI/CD Collaboration, Program Management, Customer Success, Change Management, Deployment Workflows, Workflow Automation, Policy Automation, Data Pipelines, Legal Technology
Deterministic profile match: 13 profile skills mentioned; title alignment 0.0/3.0; domain signals 7. Title relevance penalty 1.0 applied.","","","","2026-05-14T21:37:59.870693+00:00"
"7","Service Delivery Manager","Pythian","","","","","","remote","","","Remote","","https://www.linkedin.com/jobs/view/4410123046","Agile Scrum, Software Project Management, Kanban, SDLC, Data Governance Frameworks, Stakeholder Management, Technical Documentation, Customer Success, Change Management, Resource Planning, Risk Management, System Monitoring, Snowflake, AWS, Google Analytics, Google Cloud
Deterministic profile match: 16 profile skills mentioned; title alignment 0.0/3.0; domain signals 11. Title relevance penalty 1.0 applied.","","","","2026-05-14T21:37:59.870693+00:00"
"7","Senior Salesforce Project Manager","Plative","","","","","","unknown","","","","","https://www.linkedin.com/jobs/view/4411521740","Mentoring, Risk Management, Jira
Deterministic profile match: 3 profile skills mentioned; title alignment 2.0/3.0; domain signals 7.","","","","2026-05-14T21:37:59.870693+00:00"
"7","Sr. Program Manager, Enterprise Growth & Capital Programs","Jabil","","","","","","remote","","","Remote, US (Remote)","https://jabil.wd5.myworkdayjobs.com/en-US/Jabil_Careers/job/Remote---USA/Sr-Program-Manager--Enterprise-Growth---Capital-Programs_J2450313","https://www.indeed.com/viewjob?jk=c1f430988145e831","Stakeholder Management, Program Management, Requirements Gathering, Customer Success, Change Management, KPI Tracking, Resource Planning, Risk Management
Deterministic profile match: 8 profile skills mentioned; title alignment 1.5/3.0; domain signals 5.","","","","2026-05-14T21:36:03.741595+00:00"
"7","Utility Integration Program Manager","EnergyHub","","","","","","remote","","","Remote, US (Remote)","https://job-boards.greenhouse.io/energyhub/jobs/8533502002","https://www.indeed.com/viewjob?jk=d4f389da7bda342b","Machine Learning Frameworks, Program Management, Customer Success, Change Management, Resource Planning
Deterministic profile match: 5 profile skills mentioned; title alignment 1.5/3.0; domain signals 11.","","","","2026-05-14T21:36:03.741595+00:00"
"7","Program Manager, Implementation (Enterprise)","Aledade, Inc.","","","","","","remote","","","Remote, US (Remote)","https://jobs.lever.co/aledade/76d12ed1-8a35-497f-97a7-9fb5b0368f1b?lever-source=Indeed","https://www.indeed.com/viewjob?jk=82487f2fa14d66d2","Stakeholder Management, Program Management, Technical Documentation, Legal Technology
Deterministic profile match: 4 profile skills mentioned; title alignment 1.5/3.0; domain signals 7.","","","","2026-05-14T21:36:03.741595+00:00"
"7","Senior Program Manager ? Health IT / EHR Deployment (REMOTE)","Koniag Government Services","","","","","","remote","","","Remote, US (Remote)","https://jobs.dayforcehcm.com/en-US/kgs/CANDIDATEPORTAL/jobs/8296","https://www.indeed.com/viewjob?jk=a13534ad249fba27","Data Governance Frameworks, Stakeholder Management, Program Management, Customer Success, Risk Management
Deterministic profile match: 5 profile skills mentioned; title alignment 1.5/3.0; domain signals 7.","","","","2026-05-14T21:36:03.741595+00:00"
"7","Senior Project Manager - ServiceNow Implementation","Engenious","","","","","","hybrid","","","","","https://www.linkedin.com/jobs/view/4413984945","Hybrid Project Management, Stakeholder Management, Risk Management, ServiceNow
Deterministic profile match: 4 profile skills mentioned; title alignment 2.0/3.0; domain signals 6.","","","","2026-05-14T21:36:03.741595+00:00"
"7","Remote Implementation Project Manager (ONESOURCE)","Piper Companies","","","","","","remote","","","Remote","","https://www.linkedin.com/jobs/view/4413816358","Software Project Management, Change Management, ERP, Legal Technology
Deterministic profile match: 4 profile skills mentioned; title alignment 2.5/3.0; domain signals 5.","","","","2026-05-14T21:36:03.741595+00:00"
"7","Program Analyst Senior (CCN NG Technology Implementation Focused)","Artemis ARC","","","","","","remote","","","Remote, US (Remote)","https://artemisarc-aptiveresources.icims.com/jobs/4332/job?utm_source=indeed_integration&iis=Job%20Board&iisn=Indeed&indeed-apply-token=73a2d2b2a8d6d5c0a62696875eaebd669103652d3f0c2cd5445d3e66b1592b0f","https://www.indeed.com/viewjob?jk=85b5cd517549fe33","Sprint Planning, SAFe, Data Governance Frameworks, Stakeholder Management, Program Management, Technical Documentation, Risk Management, Jira
Deterministic profile match: 8 profile skills mentioned; title alignment 0.0/3.0; domain signals 9.","","","","2026-05-14T21:33:49.397717+00:00"
"7","Product Operations Analyst","Interlace Health","","","","","","remote","","","Remote, US (Remote)","https://interlacehealth.applytojob.com/apply/BirEd5b4gv/Product-Operations-Analyst?source=INDE&~","https://www.indeed.com/viewjob?jk=df9ef801f49fdb39","Agile Scrum, Sprint Planning, Software Project Management, Technical Documentation, Change Management, Release Coordination, Jira, Confluence
Deterministic profile match: 8 profile skills mentioned; title alignment 0.0/3.0; domain signals 12.","","","","2026-05-14T21:33:49.397717+00:00"
"7","Utility Billing/Customer Information System (CIS) Implementation Project Manager","BerryDunn","","","","","","hybrid","Remote, US (Remote)","","Remote, US (Remote)","https://careers-berrydunn.icims.com/jobs/3826/utility-billing-customer-information-system-%28cis%29-implementation-project-manager/job","https://www.indeed.com/viewjob?jk=0d20e3aba7b07cda","Hybrid Project Management, Software Project Management, Requirements Gathering, Change Management
Deterministic profile match: 4 profile skills mentioned; title alignment 2.5/3.0; domain signals 5.","","","","2026-05-14T21:33:49.397717+00:00"
"7","Engagement Manager","Neo4j","","","","","","remote","","","Remote, US (Remote)","https://boards.greenhouse.io/neo4j/jobs/4681406006?gh_jid=4681406006","https://www.indeed.com/viewjob?jk=2387e083dc5a0c83","Software Project Management, Presentation Skills, Customer Success, Resource Planning, Risk Management, Snowflake, Databricks, MongoDB, Jira, Legal Technology, Google Analytics, Google Cloud
Deterministic profile match: 12 profile skills mentioned; title alignment 0.0/3.0; domain signals 11. Title relevance penalty 1.0 applied.","","","","2026-05-14T21:33:49.397717+00:00"
"7","Sr. Program Manager","Lynx","","","","","","hybrid","Remote, US (Remote)","","Remote, US (Remote)","https://ats.rippling.com/lynx-software-technologies/jobs/c88c6829-60cc-427f-971c-46bb0f535b34?jobSite=Indeed","https://www.indeed.com/viewjob?jk=0157c941519dcfca","Agile Scrum, Hybrid Project Management, Software Project Management, Program Management, Presentation Skills, Customer Success, Jira, Confluence
Deterministic profile match: 8 profile skills mentioned; title alignment 1.5/3.0; domain signals 5.","","","","2026-05-14T21:33:49.397717+00:00"
"7","Technical Client Engagement Manager","Aspira","C:\Users\bsing\.applypilot\tailored_resumes\software-pm\035_8_Aspira_Technical_Client_Engagement_Manager.txt","failed_validation","Missing required field: projects","","","remote","","","Remote, US (Remote)","https://grnh.se/b53rq2v19us","https://www.indeed.com/viewjob?jk=1eb7a61564811435","Sprint Planning, Software Project Management, Stakeholder Management, Technical Documentation, Change Management, QA Coordination, Scheduling Management, Sprint Reviews, Risk Management, Release Coordination, Deployment Workflows, System Monitoring, Jira, Confluence
Deterministic profile match: 14 profile skills mentioned; title alignment 0.0/3.0; domain signals 9. Title relevance penalty 1.0 applied.","","","","2026-05-14T21:33:49.397717+00:00"
"7","Senior Project Manager - Oncology","Precision For Medicine","","","","","","unknown","","","","","https://www.linkedin.com/jobs/view/4391850994","Software Project Management, Program Management, Presentation Skills, Change Management, SOPs, Risk Management
Deterministic profile match: 6 profile skills mentioned; title alignment 2.0/3.0; domain signals 5.","","","","2026-05-14T21:33:49.397717+00:00"
"7","Information Technology Project Manager","Apprize Technology Solutions","","","","","","remote","","","Remote","","https://www.linkedin.com/jobs/view/4411182687","Agile Scrum, Kanban, Stakeholder Management, Technical Documentation
Deterministic profile match: 4 profile skills mentioned; title alignment 2.0/3.0; domain signals 7.","","","","2026-05-14T21:33:49.397717+00:00"
"7","Associate Project Manager","RemoteHunter","C:\Users\bsing\.applypilot\tailored_resumes\software-pm\005_8_RemoteHunter_Associate_Project_Manager.txt","failed_validation","Missing required field: projects","","","remote","","","Remote","","https://www.linkedin.com/jobs/view/4414741193","SAFe, Software Project Management, Retrospectives, Program Management, Risk Management, Legal Technology
Deterministic profile match: 6 profile skills mentioned; title alignment 2.0/3.0; domain signals 3.","","","","2026-05-14T21:33:49.397717+00:00"
"7","Sr. Technical Delivery Manager (East Region)","World Wide Technology","","","","","","hybrid","","","","","https://www.linkedin.com/jobs/view/4413817281","SAFe, Data Governance Frameworks, Stakeholder Management, Program Management, Customer Success, Change Management, Risk Management, Data Warehousing, AWS, Legal Technology, Google Cloud
Deterministic profile match: 11 profile skills mentioned; title alignment 0.0/3.0; domain signals 10. Title relevance penalty 1.0 applied.","","","","2026-05-14T21:32:43.337726+00:00"
"7","Project Manager","Artemis ARC","","","","","","remote","","","Remote, US (Remote)","https://artemisarc-aptiveresources.icims.com/jobs/4335/job?utm_source=indeed_integration&iis=Job%20Board&iisn=Indeed&indeed-apply-token=73a2d2b2a8d6d5c0a62696875eaebd669103652d3f0c2cd5445d3e66b1592b0f","https://www.indeed.com/viewjob?jk=d5628f9fe06391dd","Sprint Planning, Program Management, Sprint Reviews, Risk Management, Jira
Deterministic profile match: 5 profile skills mentioned; title alignment 2.0/3.0; domain signals 7.","","","","2026-05-14T21:31:37.952938+00:00"
"7","Program Analyst Senior (EDI Focused Project Coordinator)","Artemis ARC","","","","","","remote","","","Remote, US (Remote)","https://artemisarc-aptiveresources.icims.com/jobs/4334/job?utm_source=indeed_integration&iis=Job%20Board&iisn=Indeed&indeed-apply-token=73a2d2b2a8d6d5c0a62696875eaebd669103652d3f0c2cd5445d3e66b1592b0f","https://www.indeed.com/viewjob?jk=117aed8d10b4311d","SQL, Root Cause Analysis, Stakeholder Management, Program Management, Technical Documentation, SOPs, AWS, Jira
Deterministic profile match: 8 profile skills mentioned; title alignment 0.0/3.0; domain signals 9.","","","","2026-05-14T21:31:37.952938+00:00"
"7","Technical Project Manager","MANTECH","C:\Users\bsing\.applypilot\tailored_resumes\software-pm\041_8_MANTECH_Technical_Project_Manager.txt","failed_validation","Company 'Sakhi' missing from experience; Company 'The Samaritans of New York' missing from experience","Banned words: proven track record","","remote","","","Remote, US (Remote)","https://careers.mantech.com/en_US/careers/JobDetail/Technical-Project-Manager/63789","https://www.indeed.com/viewjob?jk=e0d7afed313dc9ea","Technical Documentation, Resource Planning, Risk Management
Deterministic profile match: 3 profile skills mentioned; title alignment 3.0/3.0; domain signals 5.","","","","2026-05-14T21:31:37.952938+00:00"
"7","Senior Project Manager","IDR, Inc.","","","","","","remote","","","Remote","","https://www.linkedin.com/jobs/view/4413572804","Program Management, Jira, Confluence
Deterministic profile match: 3 profile skills mentioned; title alignment 2.0/3.0; domain signals 8.","","","","2026-05-14T21:31:37.952938+00:00"
"7","Technical Business Analyst-Veeva Vault","Newpage Digital Healthcare solutions","","","","","","remote","","","Remote, US (Remote)","https://newpage.io/careers/z5G7h3l6a1kMvyS65NP3c40jNNCid8R-dJh3jwMp5dc=","https://www.indeed.com/viewjob?jk=f6abe54644d6cb07","Agile Scrum, Sprint Planning, SAFe, Software Project Management, SDLC, Lean Product Development, Retrospectives, Stakeholder Management, Technical Documentation, Requirements Gathering, QA Coordination, Sprint Reviews, Jira, Confluence
Deterministic profile match: 14 profile skills mentioned; title alignment 0.0/3.0; domain signals 14. Title relevance penalty 1.0 applied.","","","","2026-05-14T21:29:36.448824+00:00"
"7","Cybersecurity Operations Program Manager","Electrosoft Services Inc","","","","","","remote","","","Remote, US (Remote)","https://job-boards.greenhouse.io/electrosoft/jobs/4201763009","https://www.indeed.com/viewjob?jk=e3668061d8faebf6","Software Project Management, SDLC, Stakeholder Management, Program Management, Resource Planning, Risk Management
Deterministic profile match: 6 profile skills mentioned; title alignment 1.5/3.0; domain signals 7.","","","","2026-05-14T21:29:36.448824+00:00"
"7","Information Technology Project Manager","Net2Source (N2S)","","","","","","remote","","","Remote","","https://www.linkedin.com/jobs/view/4413968413","SAFe, Mentoring, Resource Planning, Release Coordination, Jira, ServiceNow
Deterministic profile match: 6 profile skills mentioned; title alignment 2.0/3.0; domain signals 4.","","","","2026-05-14T21:29:36.448824+00:00"
"7","Senior Information Technology Project Manager","Motion Recruitment","","","","","","remote","","","Remote","","https://www.linkedin.com/jobs/view/4413905293","Software Project Management, SDLC, Stakeholder Management, Risk Management, Jira
Deterministic profile match: 5 profile skills mentioned; title alignment 2.0/3.0; domain signals 7.","","","","2026-05-14T21:29:36.448824+00:00"
"7","Senior Project Manager - Oncology","Precision Medicine Group","","","","","","unknown","","","","","https://www.linkedin.com/jobs/view/4391870588","Software Project Management, Program Management, Presentation Skills, Change Management, SOPs, Risk Management
Deterministic profile match: 6 profile skills mentioned; title alignment 2.0/3.0; domain signals 5.","","","","2026-05-14T21:29:36.448824+00:00"
"7","Scrum Master","Optomi","","","","","","remote","","","Remote","","https://www.linkedin.com/jobs/view/4414704697","Agile Scrum, Sprint Planning, SAFe, Retrospectives, Stakeholder Management, Program Management, Sprint Reviews
Deterministic profile match: 7 profile skills mentioned; title alignment 1.5/3.0; domain signals 6.","","","","2026-05-14T21:29:36.448824+00:00"
"7","Technical Project Manager","Reboot Monkey","","","","","","hybrid","Remote","","Remote","","https://www.linkedin.com/jobs/view/4414640222","Hybrid Project Management, Resource Planning, Jira, ServiceNow
Deterministic profile match: 4 profile skills mentioned; title alignment 3.0/3.0; domain signals 3.","","","","2026-05-14T21:29:36.448824+00:00"
"6","Implementation Consultant, HighQ","Thomson Reuters","","","","","","unknown","","","","https://thomsonreuters.wd5.myworkdayjobs.com/External_Career_Site/job/United-States-of-America-Eagan-Minnesota/Implementation-Consultant--HighQ_JREQ200670","https://thomsonreuters.wd5.myworkdayjobs.com/External_Career_Site/job/United-States-of-America-Eagan-Minnesota/Implementation-Consultant--HighQ_JREQ200670","SAFe, Software Project Management, Program Management, Customer Success, Legal Technology
Deterministic profile match: 5 profile skills mentioned; title alignment 1.0/3.0; domain signals 7.","","","","2026-05-19T03:52:28.317114+00:00"
"6","ServiceNow Quality Assurance Lead","Moderna","","","","","","onsite","","","","https://modernatx.wd1.myworkdayjobs.com/M_tx/job/Warsaw---Poland/ServiceNow-Quality-Assurance-Lead_R19215","https://modernatx.wd1.myworkdayjobs.com/M_tx/job/Warsaw---Poland/ServiceNow-Quality-Assurance-Lead_R19215","Acceptance Criteria Frameworks, Stakeholder Management, Technical Documentation, Customer Success, Change Management, SOPs, Workflow Automation, Jira, ServiceNow, Legal Technology
Deterministic profile match: 10 profile skills mentioned; title alignment 0.0/3.0; domain signals 10. Title relevance penalty 1.0 applied.","","","","2026-05-19T03:50:28.124066+00:00"
"6","Senior AI Product Manager - Data Center Engineering and Operations","NVIDIA","","","","","","remote","","","US, CA, Remote","https://nvidia.wd5.myworkdayjobs.com/NVIDIAExternalCareerSite/job/US-CA-Remote/Senior-AI-Product-Manager---Data-Center-Engineering-and-Operations_JR2017959","https://nvidia.wd5.myworkdayjobs.com/NVIDIAExternalCareerSite/job/US-CA-Remote/Senior-AI-Product-Manager---Data-Center-Engineering-and-Operations_JR2017959","Roadmap Planning, ERP, AI/ML, Deployment Workflows, Data Pipelines
Deterministic profile match: 5 profile skills mentioned; title alignment 1.0/3.0; domain signals 5.","","","","2026-05-19T03:50:13.793393+00:00"
"6","Marketing Project Manager","The Fountain Group","","","","","","remote","","","Remote","","https://www.linkedin.com/jobs/view/4416274788","Software Project Management, Stakeholder Management, Requirements Gathering
Deterministic profile match: 3 profile skills mentioned; title alignment 2.0/3.0; domain signals 5.","","","","2026-05-19T03:47:58.625216+00:00"
"6","Customer Program Manager | DX","Atlassian","","","","","","remote","","","Remote","","https://www.linkedin.com/jobs/view/4416493026","Software Project Management, Program Management, Customer Success, Change Management, GitHub
Deterministic profile match: 5 profile skills mentioned; title alignment 1.5/3.0; domain signals 3.","","","","2026-05-19T03:47:58.625216+00:00"
"6","Project Manager","PeopleX Inc. Active Connector Group","","","","","","remote","","","Remote","","https://www.linkedin.com/jobs/view/4415467819","Customer Success, AI/ML
Deterministic profile match: 2 profile skills mentioned; title alignment 2.0/3.0; domain signals 5.","","","","2026-05-19T03:45:43.877251+00:00"
"6","Program Manager","HCLTech","","","","","","unknown","","","","","https://www.linkedin.com/jobs/view/4416200519","Data Governance Frameworks, Stakeholder Management, Program Management, Scheduling Management
Deterministic profile match: 4 profile skills mentioned; title alignment 1.5/3.0; domain signals 3.","","","","2026-05-19T03:45:43.877251+00:00"
"6","Project Manager - E-invoicing + AI SaaS","Recommend Recruitment Ltd","","","","","","hybrid","Remote","","Remote","","https://www.linkedin.com/jobs/view/4412276001","Hybrid Project Management, Stakeholder Management, Customer Success
Deterministic profile match: 3 profile skills mentioned; title alignment 2.0/3.0; domain signals 6.","","","","2026-05-19T03:45:43.877251+00:00"
"6","AWS Project Manager","Pinnacle Method Consulting","","","","","","remote","","","Remote","","https://www.linkedin.com/jobs/view/4415658932","Agile Scrum, SAFe, AWS
Deterministic profile match: 3 profile skills mentioned; title alignment 2.0/3.0; domain signals 4.","","","","2026-05-19T03:45:43.877251+00:00"
"6","Principal Client Onboarding & Implementation Manager","Ometria","","","","","","remote","","","Remote","","https://www.linkedin.com/jobs/view/4403953672","Stakeholder Management, Technical Documentation, Roadmap Planning, Resource Planning, Risk Management
Deterministic profile match: 5 profile skills mentioned; title alignment 0.0/3.0; domain signals 9.","","","","2026-05-19T03:44:41.785105+00:00"
"6","Senior Product Manager","Grow Therapy","","","","","","hybrid","Remote","","Remote","","https://www.linkedin.com/jobs/view/4374684495","Stakeholder Management, Program Management, Customer Success, Legal Technology
Deterministic profile match: 4 profile skills mentioned; title alignment 1.0/3.0; domain signals 8.","","","","2026-05-19T03:44:41.785105+00:00"
"6","Staff Product Manager, Healthcare","GoTo","","","","","","remote","","","Remote, US (Remote)","https://goto.wd5.myworkdayjobs.com/en-US/GoToCareers/job/Remote-US/Staff-Product-Manager--Healthcare_R26-2089","https://www.indeed.com/viewjob?jk=03fc81952da2ef1c","Program Management, Customer Success, Change Management
Deterministic profile match: 3 profile skills mentioned; title alignment 1.0/3.0; domain signals 6.","","","","2026-05-19T03:41:57.324976+00:00"
"6","Project Manager (Multiple Levels)","Noblis","","","","","","hybrid","Remote, US (Remote)","","Remote, US (Remote)","https://careers.noblis.org/jobs/27111/job?utm_source=indeed_integration&iis=Job%20Board&iisn=Indeed&indeed-apply-token=73a2d2b2a8d6d5c0a62696875eaebd669103652d3f0c2cd5445d3e66b1592b0f","https://www.indeed.com/viewjob?jk=19f1e64d2fc0f306","Hybrid Project Management, Program Management, Change Management
Deterministic profile match: 3 profile skills mentioned; title alignment 2.0/3.0; domain signals 2.","","","","2026-05-19T03:41:57.324976+00:00"
"6","Technical Project/Program Manager","Pinnacle Method Consulting","","","","","","remote","","","Remote","","https://www.linkedin.com/jobs/view/4415433220","Program Management, Technical Documentation, Change Management, KPI Tracking
Deterministic profile match: 4 profile skills mentioned; title alignment 1.5/3.0; domain signals 4.","","","","2026-05-19T03:41:57.324976+00:00"
"6","Senior Program Manager, Dedicated Workplace Teams","Spring Health","","","","","","remote","","","Remote","","https://www.linkedin.com/jobs/view/4397575685","Stakeholder Management, Program Management, Customer Success, Change Management, Legal Technology
Deterministic profile match: 5 profile skills mentioned; title alignment 1.5/3.0; domain signals 4.","","","","2026-05-19T03:41:57.324976+00:00"
"6","Technical Program Manager (Coupa / Icertis)","JMD Technologies Inc.","","","","","","remote","","","Remote","","https://www.linkedin.com/jobs/view/4413808288","Stakeholder Management, Program Management
Deterministic profile match: 2 profile skills mentioned; title alignment 2.0/3.0; domain signals 5.","","","","2026-05-19T03:41:57.324976+00:00"
"6","Senior Consultant - Digital Program Manager - Healthcare","Nordic Global","","","","","","unknown","","","","","https://www.linkedin.com/jobs/view/4113940193","Stakeholder Management, Program Management, Change Management
Deterministic profile match: 3 profile skills mentioned; title alignment 1.5/3.0; domain signals 6.","","","","2026-05-19T03:41:57.324976+00:00"
"6","Application Security Program Manager","XBOW","","","","","","remote","","","Remote","","https://www.linkedin.com/jobs/view/4415654607","Program Management, Technical Documentation, Customer Success, Risk Management, GitHub
Deterministic profile match: 5 profile skills mentioned; title alignment 1.5/3.0; domain signals 5.","","","","2026-05-19T03:41:57.324976+00:00"
"6","Cloud Director - Program Delivery Lead","World Wide Technology","","","","","","hybrid","","","","","https://www.linkedin.com/jobs/view/4415697499","Hybrid Project Management, Software Project Management, CI/CD Collaboration, Stakeholder Management, Program Management, Customer Success, Risk Management, Data Warehousing, AWS, Legal Technology
Deterministic profile match: 10 profile skills mentioned; title alignment 0.0/3.0; domain signals 10. Title relevance penalty 1.5 applied.","","","","2026-05-19T03:40:50.527547+00:00"
"6","Senior Software Quality Engineer, Imaging Systems","Cleerly","","","","","","remote","","","Remote, US (Remote)","https://cleerlyhealth.com/careers-board?gh_jid=5997795004","https://www.indeed.com/viewjob?jk=c21e1a10e15c0e1e","Python, Sprint Planning, SAFe, Software Project Management, Program Management, Change Management, Sprint Reviews, Risk Management, AWS, Jira, Confluence, Google Sheets, Google Cloud
Deterministic profile match: 13 profile skills mentioned; title alignment 0.0/3.0; domain signals 5. Title relevance penalty 1.0 applied.","","","","2026-05-19T03:39:44.477961+00:00"
"6","Program Manager","Gifthealth","","","","","","remote","","","Remote","","https://www.linkedin.com/jobs/view/4416414340","Program Management, Customer Success, QA Coordination, Resource Planning, SOPs
Deterministic profile match: 5 profile skills mentioned; title alignment 1.5/3.0; domain signals 3.","","","","2026-05-19T03:39:44.477961+00:00"
"6","Marketing Operations Program Manager, Sold Funnel","Stripe","","","","","","hybrid","Remote","","Remote","","https://www.linkedin.com/jobs/view/4416472591","Program Management, Distributed Systems Concepts
Deterministic profile match: 2 profile skills mentioned; title alignment 1.5/3.0; domain signals 7.","","","","2026-05-19T03:39:44.477961+00:00"
"6","Commercialization Program Manager","Genus PLC","","","","","","unknown","","","","","https://www.linkedin.com/jobs/view/4413241664","Technical Documentation, Customer Success, Legal Technology
Deterministic profile match: 3 profile skills mentioned; title alignment 1.5/3.0; domain signals 4.","","","","2026-05-19T03:39:44.477961+00:00"
"6","Project Manager - $52.88 - $62.50 per hour","7Seventy Recruiting","","","","","","remote","","","Remote","","https://www.linkedin.com/jobs/view/4412816546","Python, Technical Documentation, AWS
Deterministic profile match: 3 profile skills mentioned; title alignment 2.0/3.0; domain signals 6.","","","","2026-05-19T03:38:37.176824+00:00"
"6","Project Manager","Atlas Search","","","","","","unknown","","","","","https://www.linkedin.com/jobs/view/4412804930","Stakeholder Management, Change Management, Risk Management, Jira
Deterministic profile match: 4 profile skills mentioned; title alignment 2.0/3.0; domain signals 4.","","","","2026-05-19T03:36:45.605646+00:00"
"6","Senior Product Designer","Energage","","","","","","remote","","","Remote, US (Remote)","https://grnh.se/yzl7g2qz2us","https://www.indeed.com/viewjob?jk=c89127b2963d818f","Agile Scrum, Stakeholder Management, Program Management, Mentoring, Change Management, Confluence, Notion, Google Analytics, Figma
Deterministic profile match: 9 profile skills mentioned; title alignment 0.0/3.0; domain signals 6.","","","","2026-05-19T03:35:32.190761+00:00"
"6","Junior Project Manager","Helic & Co.","","","","","","remote","","","Remote","","https://www.linkedin.com/jobs/view/4416215385","Agile Scrum, Resource Planning, Jira, Trello
Deterministic profile match: 4 profile skills mentioned; title alignment 2.0/3.0; domain signals 4.","","","","2026-05-19T03:35:32.190761+00:00"
"6","Project Manager","HM Revenue & Customs","","","","","","unknown","","","","","https://www.linkedin.com/jobs/view/4412839260","
Deterministic profile match: 0 profile skills mentioned; title alignment 2.0/3.0; domain signals 6.","","","","2026-05-19T03:35:32.190761+00:00"
"6","Cross-Functional Project Coordinator","Digistore24 USA","","","","","","unknown","","","","","https://www.linkedin.com/jobs/view/4412819872","Ecommerce Workflows, Stakeholder Management, Technical Documentation, Customer Success, Workflow Automation, Jira
Deterministic profile match: 6 profile skills mentioned; title alignment 0.0/3.0; domain signals 11.","","","","2026-05-19T03:35:32.190761+00:00"
"6","Project Manager","Fluence","","","","","","remote","","","Remote","","https://www.linkedin.com/jobs/view/4416261064","Software Project Management, Program Management, Customer Success
Deterministic profile match: 3 profile skills mentioned; title alignment 2.0/3.0; domain signals 4.","","","","2026-05-19T03:35:32.190761+00:00"
"6","Senior Product Manager - PartsTech Search Experience","OEConnection","","","","","","hybrid","Remote, US (Remote)","","Remote, US (Remote)","https://jobs.dayforcehcm.com/en-US/oec/USCANDIDATEPORTAL/jobs/7780","https://www.indeed.com/viewjob?jk=6552d47d1c84c577","OKRs, Roadmap Planning, Customer Success, Resource Planning, AI/ML
Deterministic profile match: 5 profile skills mentioned; title alignment 1.0/3.0; domain signals 7.","","","","2026-05-19T03:33:24.221345+00:00"
"6","Security Solutions Principal - Cryptography, Key Management & Post-Quantum Readiness","World Wide Technology","","","","","","hybrid","Remote, US (Remote)","","Remote, US (Remote)","https://recruiting.adp.com/srccsh/public/RTI.home?r=5001180881406&c=2166501&d=WWTExternalCareerSite&rb=INDEED&idUnique=5001180881406","https://www.indeed.com/viewjob?jk=2ef1416f1172f26d","Data Governance Frameworks, Stakeholder Management, Program Management, Customer Success, AI/ML, Risk Management, Data Warehousing, AWS, VS Code, Legal Technology
Deterministic profile match: 10 profile skills mentioned; title alignment 0.0/3.0; domain signals 9. Title relevance penalty 1.0 applied.","","","","2026-05-19T03:33:24.221345+00:00"
"6","Senior Project Manager","Pinnacle Method Consulting","","","","","","hybrid","Remote","","Remote","","https://www.linkedin.com/jobs/view/4415444014","Hybrid Project Management, Software Project Management, SDLC, Program Management
Deterministic profile match: 4 profile skills mentioned; title alignment 2.0/3.0; domain signals 3.","","","","2026-05-19T03:33:24.221345+00:00"
"6","Senior Project Manager","Pinnacle Method Consulting","","","","","","unknown","","","","","https://www.linkedin.com/jobs/view/4415169911","Acceptance Criteria Frameworks, Program Management, Presentation Skills, Resource Planning, ERP
Deterministic profile match: 5 profile skills mentioned; title alignment 2.0/3.0; domain signals 2.","","","","2026-05-19T03:33:24.221345+00:00"
"6","Senior Project Manager","Resident360","","","","","","remote","","","Remote","","https://www.linkedin.com/jobs/view/4416273924","Retrospectives, Change Management, Risk Management, Smartsheet
Deterministic profile match: 4 profile skills mentioned; title alignment 2.0/3.0; domain signals 4.","","","","2026-05-19T03:33:24.221345+00:00"
"6","Technical Project Manager ? Datacenter & Infrastructure (all genders)","Contabo","","","","","","hybrid","Remote","","Remote","","https://www.linkedin.com/jobs/view/4415684671","Jira, Confluence
Deterministic profile match: 2 profile skills mentioned; title alignment 3.0/3.0; domain signals 3.","","","","2026-05-19T03:33:24.221345+00:00"
"6","Project Manager I, Project Management","Liberty Mutual Insurance","","","","","","remote","","","Remote, US (Remote)","https://searchjobs.libertymutualgroup.com/careers/job/618516188524?microsite=libertymutual.com&domain=libertymutual.com","https://www.indeed.com/viewjob?jk=1598ccc018a7f9ab","Stakeholder Management, Mentoring, SOPs, Risk Management
Deterministic profile match: 4 profile skills mentioned; title alignment 2.0/3.0; domain signals 3.","","","","2026-05-19T03:30:57.247300+00:00"
"6","Senior Project Manager (Merger & Acquisition) - Remote","Pinnacle Method Consulting","","","","","","hybrid","Remote","","Remote","","https://www.linkedin.com/jobs/view/4415438221","Hybrid Project Management, Program Management, Change Management, Jira
Deterministic profile match: 4 profile skills mentioned; title alignment 2.0/3.0; domain signals 3.","","","","2026-05-19T03:30:57.247300+00:00"
"6","Agile Transformation Lead/Scrum Master Lead","By Light Professional IT Services","","","","","","remote","","","Remote, US (Remote)","https://jobs-bylight.icims.com/jobs/10997/job?utm_source=indeed_integration&iis=Job%20Board&iisn=Indeed&indeed-apply-token=73a2d2b2a8d6d5c0a62696875eaebd669103652d3f0c2cd5445d3e66b1592b0f","https://www.indeed.com/viewjob?jk=1c91979d09026170","Agile Scrum, Retrospectives, CI/CD Collaboration, AWS
Deterministic profile match: 4 profile skills mentioned; title alignment 1.5/3.0; domain signals 5.","","","","2026-05-19T03:28:48.056786+00:00"
"6","Technical Delivery Lead","By Light Professional IT Services","","","","","","hybrid","Remote, US (Remote)","","Remote, US (Remote)","https://jobs-bylight.icims.com/jobs/10996/job?utm_source=indeed_integration&iis=Job%20Board&iisn=Indeed&indeed-apply-token=73a2d2b2a8d6d5c0a62696875eaebd669103652d3f0c2cd5445d3e66b1592b0f","https://www.indeed.com/viewjob?jk=20671d07bb0d76df","Agile Scrum, Hybrid Project Management, Software Project Management, Program Management, Risk Management, System Monitoring, AWS, GitHub
Deterministic profile match: 8 profile skills mentioned; title alignment 0.0/3.0; domain signals 8. Title relevance penalty 1.0 applied.","","","","2026-05-19T03:28:48.056786+00:00"
"6","Application Program Manager (SR-5266958-APM)","LMG Technology Services LLC","","","","","","remote","","","Remote, US (Remote)","https://ht-jobs.net/c891ou6?s=in","https://www.indeed.com/viewjob?jk=8c550f27181152c9","Program Management, Change Management, Resource Planning
Deterministic profile match: 3 profile skills mentioned; title alignment 1.5/3.0; domain signals 5.","","","","2026-05-19T03:28:48.056786+00:00"
"6","Senior Project Manager","GH Engage","","","","","","unknown","","","","","https://www.linkedin.com/jobs/view/4411888102","Stakeholder Management, Risk Management
Deterministic profile match: 2 profile skills mentioned; title alignment 2.0/3.0; domain signals 4.","","","","2026-05-19T03:28:48.056786+00:00"
"6","Technical Project Manager (Remote Position)","Pinnacle Method Consulting","","","","","","remote","","","Remote","","https://www.linkedin.com/jobs/view/4415429260","Program Management
Deterministic profile match: 1 profile skills mentioned; title alignment 3.0/3.0; domain signals 3.","","","","2026-05-19T03:28:48.056786+00:00"
"6","Senior Project Manager (Contract)","Movement Strategy","","","","","","remote","","","Remote","","https://www.linkedin.com/jobs/view/4406624343","Software Project Management, Program Management, Resource Planning
Deterministic profile match: 3 profile skills mentioned; title alignment 2.0/3.0; domain signals 2.","","","","2026-05-19T03:28:48.056786+00:00"
"6","Senior Project Manager","BCD Meetings & Events","","","","","","onsite","","","","","https://www.linkedin.com/jobs/view/4416074882","Stakeholder Management, Program Management, Mentoring, Change Management, Risk Management, Microsoft Planner
Deterministic profile match: 6 profile skills mentioned; title alignment 2.0/3.0; domain signals 2.","","","","2026-05-19T03:28:48.056786+00:00"
"6","Senior Program Manager, Strategic Initiatives","Fireblocks","","","","","","hybrid","Remote","","Remote","","https://www.linkedin.com/jobs/view/4375029073","Hybrid Project Management, Stakeholder Management, Program Management
Deterministic profile match: 3 profile skills mentioned; title alignment 1.5/3.0; domain signals 4.","","","","2026-05-19T03:27:42.850595+00:00"
"6","Staff Member - Program Manager","indeed","","","","","","remote","","","Remote, US (Remote)","https://jobs.dayforcehcm.com/en-US/febenjamin/CANDIDATEPORTAL/jobs/3602","https://www.indeed.com/viewjob?jk=443fda72c1e46c98","Program Management, Mentoring, Change Management
Deterministic profile match: 3 profile skills mentioned; title alignment 1.5/3.0; domain signals 4.","","","","2026-05-19T03:26:29.194443+00:00"
"6","Product Manager","SIL International","","","","","","remote","","","Remote, US (Remote)","https://wycliffe.wd1.myworkdayjobs.com/en-US/SIL_Careers/job/Worldwide/Product-Manager_R16579","https://www.indeed.com/viewjob?jk=3ac3576bb15082f1","Sprint Planning, Software Project Management, Program Management, Roadmap Planning, Sprint Reviews
Deterministic profile match: 5 profile skills mentioned; title alignment 1.0/3.0; domain signals 6.","","","","2026-05-19T03:26:29.194443+00:00"
"6","Technical Program Manager","Advantech","","","","","","remote","","","Remote, US (Remote)","https://workatadvantech.com/job-vacancies/?gnk=job&gni=8a7883a89e235a19019e3d1367336a24&gns=Indeed+Free","https://www.indeed.com/viewjob?jk=1e7bbd9397da3340","Software Project Management, Stakeholder Management, Program Management
Deterministic profile match: 3 profile skills mentioned; title alignment 2.0/3.0; domain signals 4.","","","","2026-05-19T03:26:29.194443+00:00"
"6","UM Product Operations Analyst","Availity, LLC.","","","","","","remote","","","Remote, US (Remote)","https://availity.wd1.myworkdayjobs.com/en-US/Availity_Careers_US/job/Remote---United-States/UM-Product-Operations-Analyst--Remote-_R0008218","https://www.indeed.com/viewjob?jk=d8666ac563bec0d6","Software Project Management, Stakeholder Management, Program Management, Customer Success, Change Management
Deterministic profile match: 5 profile skills mentioned; title alignment 0.0/3.0; domain signals 9.","","","","2026-05-19T03:26:29.194443+00:00"
"6","Digital Project Manager - BLOX","Lee Enterprises","","","","","","remote","","","Remote, US (Remote)","https://jobs.dayforcehcm.com/en-US/leeenterprises/CANDIDATEPORTAL/jobs/30642","https://www.indeed.com/viewjob?jk=2f7501bee0839060","Stakeholder Management, Program Management
Deterministic profile match: 2 profile skills mentioned; title alignment 2.0/3.0; domain signals 6.","","","","2026-05-19T03:26:29.194443+00:00"
"6","Project Manager - Audio Visual Integration","Diversified","","","","","","remote","","","Remote, US (Remote)","https://jobs.dayforcehcm.com/en-US/diversified/CANDIDATEPORTAL/jobs/19377","https://www.indeed.com/viewjob?jk=7dcce4105268f7b8","Technical Documentation, Change Management, Scheduling Management, System Monitoring, Legal Technology
Deterministic profile match: 5 profile skills mentioned; title alignment 2.0/3.0; domain signals 1.","","","","2026-05-19T03:26:29.194443+00:00"
"6","Program Manager","Whisker Labs","","","","","","remote","","","Remote, US (Remote)","https://ats.rippling.com/whisker-labs-careers/jobs/bedbdf62-3399-43aa-bb47-fd24d7d5ef3a?jobSite=Indeed","https://www.indeed.com/viewjob?jk=bfc88b1fc1dcbebb","Program Management, Change Management, ERP
Deterministic profile match: 3 profile skills mentioned; title alignment 1.5/3.0; domain signals 6.","","","","2026-05-19T03:26:29.194443+00:00"
"6","Project Manager: Installation Services","Security Camera Warehouse","","","","","","remote","","","Remote, US (Remote)","http://www.indeed.com/job/project-manager-installation-services-b093a505eba90066","https://www.indeed.com/viewjob?jk=b093a505eba90066","Program Management, Technical Documentation, Presentation Skills, Customer Success, Change Management
Deterministic profile match: 5 profile skills mentioned; title alignment 2.0/3.0; domain signals 1.","","","","2026-05-19T03:26:29.194443+00:00"
"6","Construction Project Manager","AKS Engineering & Forestry","","","","","","remote","","","Remote, US (Remote)","https://grnh.se/37w23iyz9us","https://www.indeed.com/viewjob?jk=cb0f532a31eda7ab","SAFe, Change Management, QA Coordination, Risk Management
Deterministic profile match: 4 profile skills mentioned; title alignment 2.0/3.0; domain signals 2.","","","","2026-05-19T03:26:29.194443+00:00"
"6","Cloud Director - Program Delivery Lead","World Wide Technology","","","","","","hybrid","Remote, US (Remote)","","Remote, US (Remote)","https://recruiting.adp.com/srccsh/public/RTI.home?r=5001199569900&c=2166501&d=WWTExternalCareerSite&rb=INDEED&idUnique=5001199569900","https://www.indeed.com/viewjob?jk=be63ef9da0c640db","Hybrid Project Management, Software Project Management, CI/CD Collaboration, Stakeholder Management, Program Management, Customer Success, Risk Management, Data Warehousing, AWS, Legal Technology
Deterministic profile match: 10 profile skills mentioned; title alignment 0.0/3.0; domain signals 10. Title relevance penalty 1.5 applied.","","","","2026-05-19T03:26:29.194443+00:00"
"6","Staff Technical Program Manager","OpenLoop","","","","","","unknown","","","","","https://www.linkedin.com/jobs/view/4405359739","OKRs, Program Management, Jira
Deterministic profile match: 3 profile skills mentioned; title alignment 2.0/3.0; domain signals 5.","","","","2026-05-19T03:26:29.194443+00:00"
"6","IT Project Manager (Remote)","Stage 4 Solutions","","","","","","remote","","","Remote","","https://www.linkedin.com/jobs/view/4412836525","Jira, Confluence
Deterministic profile match: 2 profile skills mentioned; title alignment 2.5/3.0; domain signals 2.","","","","2026-05-19T03:26:29.194443+00:00"
"6","Sr. Project Manager","Pinnacle Method Consulting","","","","","","remote","","","Remote","","https://www.linkedin.com/jobs/view/4415649998","Program Management, Technical Documentation, Change Management, Jira, Smartsheet
Deterministic profile match: 5 profile skills mentioned; title alignment 2.0/3.0; domain signals 3.","","","","2026-05-19T03:26:29.194443+00:00"
"6","Senior Clinical Project Manager, EU","Rho","","","","","","onsite","","","","","https://www.linkedin.com/jobs/view/4416096497","SAFe, Presentation Skills, Mentoring, Change Management, Risk Management
Deterministic profile match: 5 profile skills mentioned; title alignment 2.0/3.0; domain signals 3.","","","","2026-05-19T03:26:29.194443+00:00"
"6","Senior Program Manager II, Member Growth","Spring Health","","","","","","hybrid","","","","","https://www.linkedin.com/jobs/view/4397597588","Hybrid Project Management, Retrospectives, Stakeholder Management, Program Management, Legal Technology
Deterministic profile match: 5 profile skills mentioned; title alignment 1.5/3.0; domain signals 5.","","","","2026-05-19T03:25:28.289938+00:00"
"6","Senior Project Manager","GH Engage","","","","","","unknown","","","","","https://www.linkedin.com/jobs/view/4416087764","Software Project Management, Change Management, Scheduling Management, Risk Management
Deterministic profile match: 4 profile skills mentioned; title alignment 2.0/3.0; domain signals 2.","","","","2026-05-19T03:25:28.289938+00:00"
"6","Senior Cloud Engineer","BMO","","","","","","remote","","","REMOTE/TELETRAVAIL, ON, CAN","https://bmo.wd3.myworkdayjobs.com/External/job/REMOTETELETRAVAIL-ON-CAN/Senior-Cloud-Engineer_R260012816","https://bmo.wd3.myworkdayjobs.com/External/job/REMOTETELETRAVAIL-ON-CAN/Senior-Cloud-Engineer_R260012816","Python, JavaScript, Change Management, Training Enablement, Deployment Workflows, Policy Automation, AWS, GitHub
Deterministic profile match: 8 profile skills mentioned; title alignment 0.0/3.0; domain signals 8. Title relevance penalty 1.0 applied.","","","","2026-05-14T22:38:01.137015+00:00"
"6","Senior Technical Program Manager, Pre-Silicon Software Enablement and Workload Studies","NVIDIA","","","","","","remote","","","US, CA, Remote","https://nvidia.wd5.myworkdayjobs.com/NVIDIAExternalCareerSite/job/US-CA-Remote/Senior-Technical-Program-Manager--Pre-Silicon-Software-Enablement-and-Workload-Studies_JR2018176","https://nvidia.wd5.myworkdayjobs.com/NVIDIAExternalCareerSite/job/US-CA-Remote/Senior-Technical-Program-Manager--Pre-Silicon-Software-Enablement-and-Workload-Studies_JR2018176","Program Management
Deterministic profile match: 1 profile skills mentioned; title alignment 2.0/3.0; domain signals 6.","","","","2026-05-14T22:32:17.257383+00:00"
"6","Manager, Quality Control, Lab Automation Enablement & Integration","Moderna","","","","","","onsite","","","","https://modernatx.wd1.myworkdayjobs.com/M_tx/job/Norwood-Massachusetts/Manager--Quality-Control--Lab-Automation-Enablement---Integration_R18792-1","https://modernatx.wd1.myworkdayjobs.com/M_tx/job/Norwood-Massachusetts/Manager--Quality-Control--Lab-Automation-Enablement---Integration_R18792-1","Data Governance Frameworks, Stakeholder Management, Roadmap Planning, Mentoring, Change Management, SOPs, Risk Management, Legal Technology
Deterministic profile match: 8 profile skills mentioned; title alignment 0.0/3.0; domain signals 8. Title relevance penalty 1.0 applied.","","","","2026-05-14T22:12:00.818278+00:00"
"6","Service Delivery Manager, Infrastructure","Moderna","","","","","","onsite","","","","https://modernatx.wd1.myworkdayjobs.com/M_tx/job/Warsaw---Poland/Service-Delivery-Manager--Infrastructure_R19180","https://modernatx.wd1.myworkdayjobs.com/M_tx/job/Warsaw---Poland/Service-Delivery-Manager--Infrastructure_R19180","Root Cause Analysis, Data Governance Frameworks, Stakeholder Management, Technical Documentation, Change Management, Resource Planning, Risk Management, Jira, ServiceNow, Legal Technology
Deterministic profile match: 10 profile skills mentioned; title alignment 0.0/3.0; domain signals 9. Title relevance penalty 1.0 applied.","","","","2026-05-14T22:12:00.818278+00:00"
"6","Kneat System Administrator","Moderna","","","","","","onsite","","","","https://modernatx.wd1.myworkdayjobs.com/M_tx/job/Warsaw---Poland/Business-Process-Manager--Quality-Systems_R18118","https://modernatx.wd1.myworkdayjobs.com/M_tx/job/Warsaw---Poland/Business-Process-Manager--Quality-Systems_R18118","SDLC, Technical Documentation, Change Management, Training Enablement, SOPs, Risk Management, Deployment Workflows, Jira, Legal Technology
Deterministic profile match: 9 profile skills mentioned; title alignment 0.0/3.0; domain signals 9. Title relevance penalty 1.0 applied.","","","","2026-05-14T22:12:00.818278+00:00"
"6","Scientist, Flow Core, Research Analytics","Moderna","","","","","","onsite","","","","https://modernatx.wd1.myworkdayjobs.com/M_tx/job/Cambridge-Massachusetts/Scientist--Flow-Core--Research-Analytics_R19107-1","https://modernatx.wd1.myworkdayjobs.com/M_tx/job/Cambridge-Massachusetts/Scientist--Flow-Core--Research-Analytics_R19107-1","Python, Stakeholder Management, Technical Documentation, Change Management, Scheduling Management, Resource Planning, Workflow Automation, Legal Technology
Deterministic profile match: 8 profile skills mentioned; title alignment 0.0/3.0; domain signals 8. Title relevance penalty 1.0 applied.","","","","2026-05-14T22:12:00.818278+00:00"
"6","Associate Engineer, GxP IT Support","Moderna","","","","","","onsite","","","","https://modernatx.wd1.myworkdayjobs.com/M_tx/job/Oxford---England/Associate-GxP-IT-Systems-Engineer--Manufacturing-and-Labs_R18315","https://modernatx.wd1.myworkdayjobs.com/M_tx/job/Oxford---England/Associate-GxP-IT-Systems-Engineer--Manufacturing-and-Labs_R18315","SQL, Technical Documentation, Customer Success, Change Management, QA Coordination, Observability Concepts, System Monitoring, AWS, Legal Technology
Deterministic profile match: 9 profile skills mentioned; title alignment 0.0/3.0; domain signals 8. Title relevance penalty 1.0 applied.","","","","2026-05-14T22:12:00.818278+00:00"
"6","Principal Data Platform Engineer","Moderna","","","","","","onsite","","","","https://modernatx.wd1.myworkdayjobs.com/M_tx/job/Warsaw---Poland/Principal-Data-Platform-Engineer_R19118","https://modernatx.wd1.myworkdayjobs.com/M_tx/job/Warsaw---Poland/Principal-Data-Platform-Engineer_R19118","Python, Data Governance Frameworks, CI/CD Collaboration, Mentoring, Change Management, AI/ML, Data Pipelines, AWS, Legal Technology
Deterministic profile match: 9 profile skills mentioned; title alignment 0.0/3.0; domain signals 7. Title relevance penalty 1.0 applied.","","","","2026-05-14T22:02:20.415246+00:00"
"6","Integration Lead, Bioassay COE","Moderna","","","","","","onsite","","","","https://modernatx.wd1.myworkdayjobs.com/M_tx/job/Norwood-Massachusetts/Integration-Lead--Bioassay-COE_R19176-1","https://modernatx.wd1.myworkdayjobs.com/M_tx/job/Norwood-Massachusetts/Integration-Lead--Bioassay-COE_R19176-1","Python, SQL, JavaScript, Root Cause Analysis, Technical Documentation, Change Management, Deployment Workflows, System Monitoring, Workflow Automation, Legal Technology
Deterministic profile match: 10 profile skills mentioned; title alignment 0.0/3.0; domain signals 7. Title relevance penalty 1.0 applied.","","","","2026-05-14T22:02:20.415246+00:00"
"6","Fellow, AI Architecture","Moderna","","","","","","onsite","","","","https://modernatx.wd1.myworkdayjobs.com/M_tx/job/Cambridge-Massachusetts/Senior-AI-Architect_R18147","https://modernatx.wd1.myworkdayjobs.com/M_tx/job/Cambridge-Massachusetts/Senior-AI-Architect_R18147","RBAC, Data Governance Frameworks, Change Management, AI/ML, Risk Management, Deployment Workflows, AWS, ServiceNow, Legal Technology, Google Cloud
Deterministic profile match: 10 profile skills mentioned; title alignment 0.0/3.0; domain signals 7. Title relevance penalty 1.0 applied.","","","","2026-05-14T22:02:20.415246+00:00"
"6","CS Operations Lead ? Forecasting & Reporting","Thomson Reuters","","","","","","hybrid","","","","https://thomsonreuters.wd5.myworkdayjobs.com/External_Career_Site/job/India-Bengaluru-Karnataka/CS-Operations-Lead---Forecasting---Reporting_JREQ200607","https://thomsonreuters.wd5.myworkdayjobs.com/External_Career_Site/job/India-Bengaluru-Karnataka/CS-Operations-Lead---Forecasting---Reporting_JREQ200607","Python, SQL, Data Governance Frameworks, Customer Success, Workflow Automation, Data Pipelines, Power BI, Google Sheets, Legal Technology, Google Analytics
Deterministic profile match: 10 profile skills mentioned; title alignment 0.0/3.0; domain signals 7. Title relevance penalty 1.0 applied.","","","","2026-05-14T22:01:57.065581+00:00"
"6","CS Operations Lead ? Retention & Renewal Analytics","Thomson Reuters","","","","","","hybrid","","","","https://thomsonreuters.wd5.myworkdayjobs.com/External_Career_Site/job/India-Bengaluru-Karnataka/CS-Operations-Lead---Retention---Renewal-Analytics_JREQ200608","https://thomsonreuters.wd5.myworkdayjobs.com/External_Career_Site/job/India-Bengaluru-Karnataka/CS-Operations-Lead---Retention---Renewal-Analytics_JREQ200608","Python, SQL, Root Cause Analysis, Data Governance Frameworks, Machine Learning Frameworks, Stakeholder Management, Customer Success, Risk Management, Power BI, Legal Technology
Deterministic profile match: 10 profile skills mentioned; title alignment 0.0/3.0; domain signals 8. Title relevance penalty 1.0 applied.","","","","2026-05-14T22:01:57.065581+00:00"
"6","Implementation Consultant","Thomson Reuters","","","","","","hybrid","","","","https://thomsonreuters.wd5.myworkdayjobs.com/External_Career_Site/job/India-Hyderabad-Telangana/Implementation-Consultant_JREQ200483","https://thomsonreuters.wd5.myworkdayjobs.com/External_Career_Site/job/India-Hyderabad-Telangana/Implementation-Consultant_JREQ200483","SQL, Hybrid Project Management, Software Project Management, Presentation Skills, ERP, Legal Technology
Deterministic profile match: 6 profile skills mentioned; title alignment 1.0/3.0; domain signals 6.","","","","2026-05-14T22:01:57.065581+00:00"
"6","Technical Manager","Thomson Reuters","","","","","","hybrid","","","","https://thomsonreuters.wd5.myworkdayjobs.com/External_Career_Site/job/United-Arab-Emirates-Dubai-Dubai/Technical-Manager_JREQ200475","https://thomsonreuters.wd5.myworkdayjobs.com/External_Career_Site/job/United-Arab-Emirates-Dubai-Dubai/Technical-Manager_JREQ200475","Retrospectives, Data Governance Frameworks, Stakeholder Management, Technical Documentation, Customer Success, Training Enablement, ERP, Legal Technology
Deterministic profile match: 8 profile skills mentioned; title alignment 0.0/3.0; domain signals 8. Title relevance penalty 1.0 applied.","","","","2026-05-14T22:01:57.065581+00:00"
"6","End to End Associate Solutions?Architect?","Thomson Reuters","","","","","","hybrid","","","","https://thomsonreuters.wd5.myworkdayjobs.com/External_Career_Site/job/United-States-of-America-Eagan-Minnesota/End-to-End-Associate-Solutions-Architect-_JREQ200452","https://thomsonreuters.wd5.myworkdayjobs.com/External_Career_Site/job/United-States-of-America-Eagan-Minnesota/End-to-End-Associate-Solutions-Architect-_JREQ200452","Hybrid Project Management, SAFe, Software Project Management, Stakeholder Management, Program Management, ERP, AWS, Legal Technology
Deterministic profile match: 8 profile skills mentioned; title alignment 0.0/3.0; domain signals 10. Title relevance penalty 1.0 applied.","","","","2026-05-14T22:01:57.065581+00:00"
"6","Engineering Manager, Materia AI","Thomson Reuters","","","","","","hybrid","","","","https://thomsonreuters.wd5.myworkdayjobs.com/External_Career_Site/job/United-States-of-America-Brooklyn-New-York/Engineering-Manager--Materia_JREQ197845","https://thomsonreuters.wd5.myworkdayjobs.com/External_Career_Site/job/United-States-of-America-Brooklyn-New-York/Engineering-Manager--Materia_JREQ197845","Python, Hybrid Project Management, SAFe, Software Project Management, Program Management, Roadmap Planning, Resource Planning, AWS, Legal Technology
Deterministic profile match: 9 profile skills mentioned; title alignment 0.0/3.0; domain signals 8. Title relevance penalty 1.0 applied.","","","","2026-05-14T22:01:57.065581+00:00"
"6","Manager, Data Platform","Thomson Reuters","","","","","","hybrid","","","","https://thomsonreuters.wd5.myworkdayjobs.com/External_Career_Site/job/India-Bengaluru-Karnataka/Manager--Data-Platform_JREQ199546","https://thomsonreuters.wd5.myworkdayjobs.com/External_Career_Site/job/India-Bengaluru-Karnataka/Manager--Data-Platform_JREQ199546","Python, SQL, RBAC, Data Governance Frameworks, Data Pipelines, Data Warehousing, Snowflake, AWS, Power BI, Legal Technology
Deterministic profile match: 10 profile skills mentioned; title alignment 0.0/3.0; domain signals 9. Title relevance penalty 1.0 applied.","","","","2026-05-14T22:01:57.065581+00:00"
"6","Digital Enablement Developer","Thomson Reuters","","","","","","hybrid","","","","https://thomsonreuters.wd5.myworkdayjobs.com/External_Career_Site/job/Mexico-Mexico-City/Digital-Enablement-Manager_JREQ199387","https://thomsonreuters.wd5.myworkdayjobs.com/External_Career_Site/job/Mexico-Mexico-City/Digital-Enablement-Manager_JREQ199387","SQL, JavaScript, Hybrid Project Management, SAFe, Software Project Management, Stakeholder Management, Database Access Governance, Power BI, Legal Technology
Deterministic profile match: 9 profile skills mentioned; title alignment 0.0/3.0; domain signals 7. Title relevance penalty 1.0 applied.","","","","2026-05-14T22:01:57.065581+00:00"
"6","Product Manager (Accounting / Legal Experience) - Cleardocs","Thomson Reuters","","","","","","hybrid","","","","https://thomsonreuters.wd5.myworkdayjobs.com/External_Career_Site/job/Australia-Melbourne-Victoria/Product-Manager--Legal-Experience-_JREQ198352","https://thomsonreuters.wd5.myworkdayjobs.com/External_Career_Site/job/Australia-Melbourne-Victoria/Product-Manager--Legal-Experience-_JREQ198352","Data Governance Frameworks, Roadmap Planning, Legal Technology
Deterministic profile match: 3 profile skills mentioned; title alignment 1.0/3.0; domain signals 10.","","","","2026-05-14T22:01:57.065581+00:00"
"6","Associate Product Manager","Thomson Reuters","","","","","","hybrid","","","","https://thomsonreuters.wd5.myworkdayjobs.com/External_Career_Site/job/United-States-of-America-Eagan-Minnesota/Associate-Product-Manager_JREQ200222","https://thomsonreuters.wd5.myworkdayjobs.com/External_Career_Site/job/United-States-of-America-Eagan-Minnesota/Associate-Product-Manager_JREQ200222","SAFe, Data Governance Frameworks, Program Management, Technical Documentation, Requirements Gathering, Legal Technology
Deterministic profile match: 6 profile skills mentioned; title alignment 1.0/3.0; domain signals 4.","","","","2026-05-14T22:01:57.065581+00:00"
"6","Senior Manager, Global Print Revenue Operations","Thomson Reuters","","","","","","hybrid","","","","https://thomsonreuters.wd5.myworkdayjobs.com/External_Career_Site/job/United-States-of-America-Eagan-Minnesota/Senior-Manager--Global-Print-Revenue-Operations_JREQ200252","https://thomsonreuters.wd5.myworkdayjobs.com/External_Career_Site/job/United-States-of-America-Eagan-Minnesota/Senior-Manager--Global-Print-Revenue-Operations_JREQ200252","SQL, Go-to-market Strategy, Hybrid Project Management, SAFe, Software Project Management, Data Governance Frameworks, Stakeholder Management, Program Management, Resource Planning, Legal Technology
Deterministic profile match: 10 profile skills mentioned; title alignment 0.0/3.0; domain signals 5. Title relevance penalty 1.0 applied.","","","","2026-05-14T22:01:57.065581+00:00"
"6","Manager, Global Large Law Firms Revenue Operations","Thomson Reuters","","","","","","hybrid","","","","https://thomsonreuters.wd5.myworkdayjobs.com/External_Career_Site/job/United-States-of-America-Eagan-Minnesota/Manager--Revenue-Operations_JREQ199812","https://thomsonreuters.wd5.myworkdayjobs.com/External_Career_Site/job/United-States-of-America-Eagan-Minnesota/Manager--Revenue-Operations_JREQ199812","SQL, Go-to-market Strategy, Hybrid Project Management, SAFe, Software Project Management, Data Governance Frameworks, Stakeholder Management, Program Management, Resource Planning, Legal Technology
Deterministic profile match: 10 profile skills mentioned; title alignment 0.0/3.0; domain signals 5. Title relevance penalty 1.0 applied.","","","","2026-05-14T22:01:57.065581+00:00"
"6","Manager, Revenue Operations ? Forecasting & Reporting","Thomson Reuters","","","","","","hybrid","","","","https://thomsonreuters.wd5.myworkdayjobs.com/External_Career_Site/job/United-States-of-America-Eagan-Minnesota/Manager--Revenue-Operations---Forecasting---Reporting_JREQ200220","https://thomsonreuters.wd5.myworkdayjobs.com/External_Career_Site/job/United-States-of-America-Eagan-Minnesota/Manager--Revenue-Operations---Forecasting---Reporting_JREQ200220","Hybrid Project Management, SAFe, Software Project Management, Stakeholder Management, Program Management, Customer Success, Training Enablement, Resource Planning, Workflow Automation, Power BI, Legal Technology
Deterministic profile match: 11 profile skills mentioned; title alignment 0.0/3.0; domain signals 5. Title relevance penalty 1.0 applied.","","","","2026-05-14T22:01:57.065581+00:00"
"6","Senior Product Manager - CoCounsel, Core Product","Thomson Reuters","","","","","","hybrid","","","","https://thomsonreuters.wd5.myworkdayjobs.com/External_Career_Site/job/United-States-of-America-Brooklyn-New-York/Senior-Product-Manager---CoCounsel--Core-Product_JREQ200109","https://thomsonreuters.wd5.myworkdayjobs.com/External_Career_Site/job/United-States-of-America-Brooklyn-New-York/Senior-Product-Manager---CoCounsel--Core-Product_JREQ200109","Hybrid Project Management, SAFe, Software Project Management, Program Management, System Monitoring, Legal Technology
Deterministic profile match: 6 profile skills mentioned; title alignment 1.0/3.0; domain signals 6.","","","","2026-05-14T22:01:57.065581+00:00"
"6","Senior Product Manager","Thomson Reuters","","","","","","hybrid","","","","https://thomsonreuters.wd5.myworkdayjobs.com/External_Career_Site/job/United-States-of-America-New-York-New-York/Senior-Product-Manager_JREQ200108","https://thomsonreuters.wd5.myworkdayjobs.com/External_Career_Site/job/United-States-of-America-New-York-New-York/Senior-Product-Manager_JREQ200108","SAFe, Program Management, Deployment Workflows, Legal Technology
Deterministic profile match: 4 profile skills mentioned; title alignment 1.0/3.0; domain signals 8.","","","","2026-05-14T22:01:57.065581+00:00"
"6","Product Success Manager - Direct Tax","Thomson Reuters","","","","","","unknown","","","","https://thomsonreuters.wd5.myworkdayjobs.com/External_Career_Site/job/United-States-of-America-Ann-Arbor-Michigan/Product-Success-Manager_JREQ199773-1","https://thomsonreuters.wd5.myworkdayjobs.com/External_Career_Site/job/United-States-of-America-Ann-Arbor-Michigan/Product-Success-Manager_JREQ199773-1","SAFe, Program Management, Roadmap Planning, Customer Success, Resource Planning, Legal Technology
Deterministic profile match: 6 profile skills mentioned; title alignment 0.0/3.0; domain signals 7.","","","","2026-05-14T22:01:57.065581+00:00"
"6","Privacy Operations Manager","Thomson Reuters","","","","","","hybrid","","","","https://thomsonreuters.wd5.myworkdayjobs.com/External_Career_Site/job/Poland-Gdansk/HIPAA-and-Regulated-Data-Risk-Analyst_JREQ194849","https://thomsonreuters.wd5.myworkdayjobs.com/External_Career_Site/job/Poland-Gdansk/HIPAA-and-Regulated-Data-Risk-Analyst_JREQ194849","Hybrid Project Management, Software Project Management, Data Governance Frameworks, Program Management, Technical Documentation, AI/ML, Risk Management, Workflow Automation, Legal Technology
Deterministic profile match: 9 profile skills mentioned; title alignment 0.0/3.0; domain signals 6. Title relevance penalty 1.0 applied.","","","","2026-05-14T22:01:57.065581+00:00"
"6","Engineering Manager, Materia","Thomson Reuters","","","","","","hybrid","","","","https://thomsonreuters.wd5.myworkdayjobs.com/External_Career_Site/job/Canada-Toronto-Ontario/Engineering-Manager--Materia_JREQ199496","https://thomsonreuters.wd5.myworkdayjobs.com/External_Career_Site/job/Canada-Toronto-Ontario/Engineering-Manager--Materia_JREQ199496","Python, Hybrid Project Management, Software Project Management, Program Management, Roadmap Planning, Resource Planning, AWS, Legal Technology
Deterministic profile match: 8 profile skills mentioned; title alignment 0.0/3.0; domain signals 8. Title relevance penalty 1.0 applied.","","","","2026-05-14T22:01:57.065581+00:00"
"6","Manager, Research Engineering (Foundational Research)","Thomson Reuters","","","","","","hybrid","","","","https://thomsonreuters.wd5.myworkdayjobs.com/External_Career_Site/job/United-Kingdom-London/Manager--Research-Engineering--Foundational-Research-_JREQ198844","https://thomsonreuters.wd5.myworkdayjobs.com/External_Career_Site/job/United-Kingdom-London/Manager--Research-Engineering--Foundational-Research-_JREQ198844","Python, Hybrid Project Management, Software Project Management, Data Governance Frameworks, Machine Learning Frameworks, Requirements Gathering, AI/ML, Risk Management, Data Pipelines, AWS, VS Code, Legal Technology
Deterministic profile match: 12 profile skills mentioned; title alignment 0.0/3.0; domain signals 6. Title relevance penalty 1.0 applied.","","","","2026-05-14T22:01:57.065581+00:00"
"6","Senior Implementation Consultant","Thomson Reuters","","","","","","hybrid","","","","https://thomsonreuters.wd5.myworkdayjobs.com/External_Career_Site/job/India-Hyderabad-Telangana/Senior-Implementation-Consultant_JREQ198145","https://thomsonreuters.wd5.myworkdayjobs.com/External_Career_Site/job/India-Hyderabad-Telangana/Senior-Implementation-Consultant_JREQ198145","Hybrid Project Management, Software Project Management, Stakeholder Management, Legal Technology
Deterministic profile match: 4 profile skills mentioned; title alignment 1.0/3.0; domain signals 6.","","","","2026-05-14T22:01:57.065581+00:00"
"6","Project Manager - ALBERTA, CANADA","Motorola Solutions","","","","","","remote","","","Alberta Remote Work","https://motorolasolutions.wd5.myworkdayjobs.com/Careers/job/Alberta-Remote-Work/Project-Manager---REMOTE_R64777","https://motorolasolutions.wd5.myworkdayjobs.com/Careers/job/Alberta-Remote-Work/Project-Manager---REMOTE_R64777","Software Project Management, Change Management, Risk Management
Deterministic profile match: 3 profile skills mentioned; title alignment 2.0/3.0; domain signals 5.","","","","2026-05-14T21:59:19.671411+00:00"
"6","Software Application Specialist","Motorola Solutions","","","","","","remote","","","Illinois Remote Work, More...","https://motorolasolutions.wd5.myworkdayjobs.com/Careers/job/Illinois-Remote-Work/Software-Application-Specialist_R63483","https://motorolasolutions.wd5.myworkdayjobs.com/Careers/job/Illinois-Remote-Work/Software-Application-Specialist_R63483","SQL, SAFe, Software Project Management, Stakeholder Management, Program Management, Technical Documentation, Requirements Gathering, Customer Success, Deployment Workflows, Google Sheets, Legal Technology
Deterministic profile match: 11 profile skills mentioned; title alignment 0.0/3.0; domain signals 6. Title relevance penalty 1.0 applied.","","","","2026-05-14T21:59:19.671411+00:00"
"6","Senior Full-Stack Engineer","Motorola Solutions","","","","","","remote","","","Brazil Remote Work","https://motorolasolutions.wd5.myworkdayjobs.com/Careers/job/Brazil-Remote-Work/Senior-Full-Stack-Engineer_R63322","https://motorolasolutions.wd5.myworkdayjobs.com/Careers/job/Brazil-Remote-Work/Senior-Full-Stack-Engineer_R63322","Python, SQL, JavaScript, Technical Documentation, Observability Concepts, System Monitoring, Data Pipelines, Distributed Systems Concepts
Deterministic profile match: 8 profile skills mentioned; title alignment 0.0/3.0; domain signals 10. Title relevance penalty 1.0 applied.","","","","2026-05-14T21:59:19.671411+00:00"
"6","Quality Automation Engineer (NodeJS/Playwright)","Motorola Solutions","","","","","","remote","","","Brazil Remote Work","https://motorolasolutions.wd5.myworkdayjobs.com/Careers/job/Brazil-Remote-Work/Quality-Automation-Engineer-NodeJS-Playwright_R62039","https://motorolasolutions.wd5.myworkdayjobs.com/Careers/job/Brazil-Remote-Work/Quality-Automation-Engineer-NodeJS-Playwright_R62039","Sprint Planning, CI/CD Collaboration, QA Coordination, Risk Management, Release Coordination, AWS, Playwright, GitHub
Deterministic profile match: 8 profile skills mentioned; title alignment 0.0/3.0; domain signals 8. Title relevance penalty 1.0 applied.","","","","2026-05-14T21:59:19.671411+00:00"
"6","Sr Engagement (Project, Delivery) Manager - Higher Education","Workday","","","","","","remote","","","USA Remote","https://workday.wd5.myworkdayjobs.com/Workday/job/USA-Remote/Sr-Engagement--Project--Delivery--Manager---Higher-Education_JR-0106130","https://workday.wd5.myworkdayjobs.com/Workday/job/USA-Remote/Sr-Engagement--Project--Delivery--Manager---Higher-Education_JR-0106130","Software Project Management, Mentoring, Customer Success, Change Management, Resource Planning, ERP, Risk Management
Deterministic profile match: 7 profile skills mentioned; title alignment 0.0/3.0; domain signals 7.","","","","2026-05-14T21:56:19.504779+00:00"
"6","Sr. Grants Management Implementation Consultant, Higher Education","Workday","","","","","","remote","","","USA Remote","https://workday.wd5.myworkdayjobs.com/Workday/job/USA-Remote/Sr-Grants-Management-Implementation-Consultant--Higher-Education_JR-0106899","https://workday.wd5.myworkdayjobs.com/Workday/job/USA-Remote/Sr-Grants-Management-Implementation-Consultant--Higher-Education_JR-0106899","Software Project Management, Stakeholder Management, Customer Success
Deterministic profile match: 3 profile skills mentioned; title alignment 1.0/3.0; domain signals 6.","","","","2026-05-14T21:56:19.504779+00:00"
"6","Associate Technical Ecommerce Manager","ePromos","C:\Users\bsing\.applypilot\tailored_resumes\software-pm\054_7_ePromos_Associate_Technical_Ecommerce_Manager.txt","failed_validation","Company 'Sakhi' missing from experience; Company 'The Samaritans of New York' missing from experience","Banned words: proven track record","","remote","","","Remote, US (Remote)","https://epromos.applytojob.com/apply/3j3j7ZSTLz/Associate-Technical-Ecommerce-Manager?source=INDE&~","https://www.indeed.com/viewjob?jk=6d4d68fedec5ecaf","Sprint Planning, Stakeholder Management, Program Management, Technical Documentation, Requirements Gathering, QA Coordination, SOPs, Release Coordination, Google Analytics
Deterministic profile match: 9 profile skills mentioned; title alignment 0.0/3.0; domain signals 8. Title relevance penalty 1.0 applied.","","","","2026-05-14T21:52:47.996850+00:00"
"6","Client Program Manager","Academian","C:\Users\bsing\.applypilot\tailored_resumes\software-pm\057_7_Academian_Client_Program_Manager.txt","failed_validation","Missing required field: projects","","","remote","","","Remote, US (Remote)","http://www.indeed.com/job/client-program-manager-4c3b5a6ed386dea0","https://www.indeed.com/viewjob?jk=4c3b5a6ed386dea0","Stakeholder Management, Program Management, Presentation Skills, Customer Success, Scheduling Management
Deterministic profile match: 5 profile skills mentioned; title alignment 1.5/3.0; domain signals 3.","","","","2026-05-14T21:52:47.996850+00:00"
"6","Program Manager - Supply Chain","World Wide Technology","","","","","","remote","","","Remote, US (Remote)","https://recruiting.adp.com/srccsh/public/RTI.home?r=5001197792000&c=2166501&d=WWTExternalCareerSite&rb=INDEED&idUnique=5001197792000","https://www.indeed.com/viewjob?jk=61bc4e366f744351","Software Project Management, Program Management, Presentation Skills, Change Management, Risk Management, Legal Technology
Deterministic profile match: 6 profile skills mentioned; title alignment 1.5/3.0; domain signals 2.","","","","2026-05-14T21:52:47.996850+00:00"
"6","Associate Project Manager (Digital, Pharma Agency)","Avalere Health","C:\Users\bsing\.applypilot\tailored_resumes\software-pm\053_7_Avalere_Health_Associate_Project_Manager_Digital_Pharma_Agency.txt","failed_validation","Company 'Sakhi' missing from experience; Company 'The Samaritans of New York' missing from experience","","","hybrid","Remote, US (Remote)","","Remote, US (Remote)","https://jobs.lever.co/avalerehealth/85feb1db-8abf-4005-9a5b-05e4b105b281?lever-source=Indeed","https://www.indeed.com/viewjob?jk=2728e5f8874efb9b","Hybrid Project Management, Program Management, Presentation Skills, Resource Planning
Deterministic profile match: 4 profile skills mentioned; title alignment 2.0/3.0; domain signals 3.","","","","2026-05-14T21:52:47.996850+00:00"
"6","Clinical Project Manager","Lightship","","","","","","remote","","","Remote","","https://www.linkedin.com/jobs/view/4399105633","Stakeholder Management, Change Management, SOPs, Legal Technology
Deterministic profile match: 4 profile skills mentioned; title alignment 2.0/3.0; domain signals 3.","","","","2026-05-14T21:52:47.996850+00:00"
"6","Senior Project Manager","LanguageLine Solutions","","","","","","unknown","","","","","https://www.linkedin.com/jobs/view/4414661496","Program Management, Mentoring, Change Management
Deterministic profile match: 3 profile skills mentioned; title alignment 2.0/3.0; domain signals 3.","","","","2026-05-14T21:52:47.996850+00:00"
"6","Project Manager","Codekeeper","C:\Users\bsing\.applypilot\tailored_resumes\software-pm\026_8_Codekeeper_Project_Manager.txt","failed_validation","Missing required field: projects","","","remote","","","Remote","","https://www.linkedin.com/jobs/view/4413976971","Sprint Planning, Software Project Management, Customer Success, Google Cloud
Deterministic profile match: 4 profile skills mentioned; title alignment 2.0/3.0; domain signals 3.","","","","2026-05-14T21:50:40.094592+00:00"
"6","Infrastructure Project Manager","World Wide Technology","","","","","","remote","","","Remote","","https://www.linkedin.com/jobs/view/4413550968","Stakeholder Management, Change Management, Risk Management
Deterministic profile match: 3 profile skills mentioned; title alignment 2.0/3.0; domain signals 3.","","","","2026-05-14T21:50:40.094592+00:00"
"6","Technical Program Manager","Penta Consulting","","","","","","unknown","","","","","https://www.linkedin.com/jobs/view/4413472610","Technical Documentation
Deterministic profile match: 1 profile skills mentioned; title alignment 2.0/3.0; domain signals 5.","","","","2026-05-14T21:50:40.094592+00:00"
"6","Project Manager","6ix","C:\Users\bsing\.applypilot\tailored_resumes\software-pm\023_8_6ix_Project_Manager.txt","failed_validation","Missing required field: projects","","","unknown","","","","","https://www.linkedin.com/jobs/view/4414606518","OKRs
Deterministic profile match: 1 profile skills mentioned; title alignment 2.0/3.0; domain signals 5.","","","","2026-05-14T21:50:40.094592+00:00"
"6","Implementation Manager (AI / HealthTech)","evoke","C:\Users\bsing\.applypilot\tailored_resumes\software-pm\081_7_evoke_Implementation_Manager_AI__HealthTech.txt","failed_validation","Company 'Sakhi' missing from experience; Company 'The Samaritans of New York' missing from experience","","","onsite","","","","","https://www.linkedin.com/jobs/view/4413442717","Python, SQL, JavaScript, Software Project Management, AI/ML, Deployment Workflows
Deterministic profile match: 6 profile skills mentioned; title alignment 0.0/3.0; domain signals 8.","","","","2026-05-14T21:49:36.838746+00:00"
"6","IT Manager II - Security Infrastructure","TruStage","","","","","","hybrid","Remote, US (Remote)","","Remote, US (Remote)","https://trustage.wd1.myworkdayjobs.com/en-US/TruStage/job/Remote---USA/IT-Manager-II---Security-Infrastructure_R-011912","https://www.indeed.com/viewjob?jk=9eb2ec6f472acfb1","Hybrid Project Management, Software Project Management, Program Management, Technical Documentation, Roadmap Planning, Mentoring, Change Management, Resource Planning, Risk Management, System Monitoring
Deterministic profile match: 10 profile skills mentioned; title alignment 0.0/3.0; domain signals 8. Title relevance penalty 1.0 applied.","","","","2026-05-14T21:48:33.976678+00:00"
"6","Product Manager II - Financials, Access & Integrations","Snapsheet","","","","","","remote","","","Remote, US (Remote)","https://snapsheet.applytojob.com/apply/DpfxQwdw4O/Product-Manager-II-Financials-Access-Integrations?source=INDE&~","https://www.indeed.com/viewjob?jk=e5e9b0cbecd30848","Program Management, Jira, VS Code, Legal Technology
Deterministic profile match: 4 profile skills mentioned; title alignment 1.0/3.0; domain signals 10.","","","","2026-05-14T21:48:33.976678+00:00"
"6","Implementation Manager","Foundation Health","","","","","","unknown","","","","","https://www.linkedin.com/jobs/view/4409558534","Software Project Management, Program Management, Customer Success, Risk Management, Jira, Confluence
Deterministic profile match: 6 profile skills mentioned; title alignment 0.0/3.0; domain signals 10.","","","","2026-05-14T21:48:33.976678+00:00"
"6","Project Manager, PR & Analyst Relations","Fountain","","","","","","unknown","","","","","https://www.linkedin.com/jobs/view/4410313657","Software Project Management
Deterministic profile match: 1 profile skills mentioned; title alignment 2.0/3.0; domain signals 5.","","","","2026-05-14T21:48:33.976678+00:00"
"6","Executive Program Manager - Mexico","JumpCloud","","","","","","remote","","","Remote","","https://www.linkedin.com/jobs/view/4402802810","Program Management, Presentation Skills, Customer Success, Risk Management
Deterministic profile match: 4 profile skills mentioned; title alignment 1.5/3.0; domain signals 6.","","","","2026-05-14T21:48:33.976678+00:00"
"6","Technical Program Manager","Enzo Tech Group","","","","","","remote","","","Remote","","https://www.linkedin.com/jobs/view/4413958975","Program Management, AWS
Deterministic profile match: 2 profile skills mentioned; title alignment 2.0/3.0; domain signals 7.","","","","2026-05-14T21:46:30.549281+00:00"
"6","Technical Program Manager (L6), Identity and Access Management","Netflix","","","","","","unknown","","","","","https://www.linkedin.com/jobs/view/4401678691","OKRs, Stakeholder Management, Program Management, Change Management
Deterministic profile match: 4 profile skills mentioned; title alignment 2.0/3.0; domain signals 4.","","","","2026-05-14T21:46:30.549281+00:00"
"6","Sr. Technical Program Manager (Remote from Bulgaria)","Smartsheet","","","","","","remote","","","Remote","","https://www.linkedin.com/jobs/view/4384844786","Program Management, Change Management, Risk Management, Smartsheet
Deterministic profile match: 4 profile skills mentioned; title alignment 2.0/3.0; domain signals 2.","","","","2026-05-14T21:46:30.549281+00:00"
"6","Technical Program Manager (TPM)","Changeis, Inc.","","","","","","remote","","","Remote","","https://www.linkedin.com/jobs/view/4414925645","Program Management, Technical Documentation, Change Management, Risk Management
Deterministic profile match: 4 profile skills mentioned; title alignment 2.0/3.0; domain signals 2.","","","","2026-05-14T21:46:30.549281+00:00"
"6","Senior Program Manager","Function Health","","","","","","unknown","","","","","https://www.linkedin.com/jobs/view/4414199555","A/B Testing, Program Management, Notion
Deterministic profile match: 3 profile skills mentioned; title alignment 1.5/3.0; domain signals 5.","","","","2026-05-14T21:46:30.549281+00:00"
"6","Integration Engineering Senior Manager","Simpson Thacher & Bartlett LLP","","","","","","unknown","","","","","https://www.linkedin.com/jobs/view/4414658400","Python, SQL, Stakeholder Management, Technical Documentation, ERP, Deployment Workflows, Policy Automation, Data Pipelines, AWS
Deterministic profile match: 9 profile skills mentioned; title alignment 0.0/3.0; domain signals 12. Title relevance penalty 1.0 applied.","","","","2026-05-14T21:45:28.863915+00:00"
"6","Senior Manager, Identity Access Management","Simpson Thacher & Bartlett LLP","","","","","","hybrid","","","","","https://www.linkedin.com/jobs/view/4414658403","Hybrid Project Management, Software Project Management, RBAC, Data Governance Frameworks, Program Management, Presentation Skills, Risk Management, Policy Automation
Deterministic profile match: 8 profile skills mentioned; title alignment 0.0/3.0; domain signals 9. Title relevance penalty 1.0 applied.","","","","2026-05-14T21:45:28.863915+00:00"
"6","Customer Experience Operations Manager","Realtime Clinical Trial Management Systems","","","","","","remote","","","Remote, US (Remote)","https://workforcenow.adp.com/mascsr/default/mdf/recruitment/recruitment.html?cid=9054646f-9aae-42c8-8167-93d86fefbae4&ccId=19000101_000001&jobId=573582&source=IN&lang=en_US","https://www.indeed.com/viewjob?jk=96a5557a81b12ad2","Data Governance Frameworks, Stakeholder Management, Program Management, Requirements Gathering, Customer Success, Change Management, Training Enablement, Risk Management
Deterministic profile match: 8 profile skills mentioned; title alignment 0.0/3.0; domain signals 9. Title relevance penalty 1.0 applied.","","","","2026-05-14T21:44:13.352357+00:00"
"6","Product Designer / SAAS","indeed","","","","","","remote","","","Remote, US (Remote)","http://www.indeed.com/job/product-designer-saas-48b631503f1da7ce","https://www.indeed.com/viewjob?jk=48b631503f1da7ce","JavaScript, SDLC, A/B Testing, AWS, Google Analytics, Figma, Google Cloud
Deterministic profile match: 7 profile skills mentioned; title alignment 0.0/3.0; domain signals 8.","","","","2026-05-14T21:44:13.352357+00:00"
"6","Partner Success Engineer","Deepgram","","","","","","remote","","","Remote, US (Remote)","https://jobs.ashbyhq.com/Deepgram/8a010608-6239-42ca-81de-c01139153eb2?employmentType=FullTime","https://www.indeed.com/viewjob?jk=fc2b932adbbdae58","Python, Machine Learning Frameworks, Program Management, Roadmap Planning, Customer Success, Change Management, Resource Planning, AI/ML, Workflow Automation
Deterministic profile match: 9 profile skills mentioned; title alignment 0.0/3.0; domain signals 11. Title relevance penalty 1.0 applied.","","","","2026-05-14T21:44:13.352357+00:00"
"6","Customer Success Engineer (Americas)","Deepgram","C:\Users\bsing\.applypilot\tailored_resumes\software-pm\062_7_Deepgram_Customer_Success_Engineer_Americas.txt","failed_validation","Company 'Sakhi' missing from experience; Company 'The Samaritans of New York' missing from experience","","","remote","","","Remote, US (Remote)","https://jobs.ashbyhq.com/Deepgram/faef2c32-5084-48ca-8fff-e86d653f2697?employmentType=FullTime","https://www.indeed.com/viewjob?jk=15b33b4968305c11","Python, Machine Learning Frameworks, Program Management, Roadmap Planning, Customer Success, Change Management, Resource Planning, AI/ML, Workflow Automation
Deterministic profile match: 9 profile skills mentioned; title alignment 0.0/3.0; domain signals 10. Title relevance penalty 1.0 applied.","","","","2026-05-14T21:44:13.352357+00:00"
"6","Model Evaluation QA Lead","Deepgram","","","","","","remote","","","Remote, US (Remote)","https://jobs.ashbyhq.com/Deepgram/1111c5de-2f90-4f38-a353-115a64a9ca33?employmentType=FullTime","https://www.indeed.com/viewjob?jk=ee9809b59bf3a932","Python, Benchmark Dataset Evaluation, CI/CD Collaboration, Customer Success, Training Enablement, AI/ML, Deployment Workflows, Data Pipelines, GitHub
Deterministic profile match: 9 profile skills mentioned; title alignment 0.0/3.0; domain signals 8. Title relevance penalty 1.0 applied.","","","","2026-05-14T21:44:13.352357+00:00"
"6","Marketing Program Manager","HH Global","","","","","","unknown","","","","","https://www.linkedin.com/jobs/view/4404235104","Software Project Management, Program Management, Presentation Skills, Requirements Gathering, Change Management, Scheduling Management
Deterministic profile match: 6 profile skills mentioned; title alignment 1.5/3.0; domain signals 3.","","","","2026-05-14T21:44:13.352357+00:00"
"6","Manager Technical Program Management- Remote","Veradigm?","","","","","","hybrid","Remote","","Remote","","https://www.linkedin.com/jobs/view/4331738689","Hybrid Project Management, Software Project Management, SDLC, Retrospectives, Stakeholder Management, Program Management, Technical Documentation, Customer Success
Deterministic profile match: 8 profile skills mentioned; title alignment 0.0/3.0; domain signals 7.","","","","2026-05-14T21:44:13.352357+00:00"
"6","Senior Project Manager - Clinical Trials","Precision For Medicine","","","","","","unknown","","","","","https://www.linkedin.com/jobs/view/4404447213","Software Project Management, Presentation Skills, Customer Success
Deterministic profile match: 3 profile skills mentioned; title alignment 2.0/3.0; domain signals 4.","","","","2026-05-14T21:44:13.352357+00:00"
"6","Scrum Master (Payer-Provider Integration)","Pinnacle Method Consulting","","","","","","remote","","","Remote","","https://www.linkedin.com/jobs/view/4413536220","Agile Scrum, SAFe, Kanban, Stakeholder Management
Deterministic profile match: 4 profile skills mentioned; title alignment 1.5/3.0; domain signals 6.","","","","2026-05-14T21:42:01.891331+00:00"
"6","Senior Project Manager, Solutions","GXO Logistics, Inc.","","","","","","unknown","","","","","https://www.linkedin.com/jobs/view/4413739813","Software Project Management, Mentoring, Change Management, Resource Planning, Risk Management
Deterministic profile match: 5 profile skills mentioned; title alignment 2.0/3.0; domain signals 3.","","","","2026-05-14T21:42:01.891331+00:00"
"6","Sr. Project Manager-EPMO","Pinnacle Method Consulting","","","","","","remote","","","Remote","","https://www.linkedin.com/jobs/view/4414440983","Stakeholder Management, Program Management, Mentoring
Deterministic profile match: 3 profile skills mentioned; title alignment 2.0/3.0; domain signals 3.","","","","2026-05-14T21:42:01.891331+00:00"
"6","Digital Producer (Project Manager)","Sia/Ready Set Rocket","C:\Users\bsing\.applypilot\tailored_resumes\software-pm\070_7_SiaReady_Set_Rocket_Digital_Producer_Project_Manager.txt","failed_validation","Company 'Sakhi' missing from experience; Company 'The Samaritans of New York' missing from experience","","","unknown","","","","","https://www.linkedin.com/jobs/view/4413826406","Software Project Management, Change Management, Resource Planning
Deterministic profile match: 3 profile skills mentioned; title alignment 2.0/3.0; domain signals 4.","","","","2026-05-14T21:41:03.898519+00:00"
"6","Lead Project Manager","Humana","C:\Users\bsing\.applypilot\tailored_resumes\software-pm\098_7_Humana_Lead_Project_Manager.txt","failed_validation","Company 'Sakhi' missing from experience; Company 'The Samaritans of New York' missing from experience","","","remote","","","Remote, US (Remote)","https://click.appcast.io/t/2cEM0HuqZB6u5ANBmUk3bfHgvxv8j2lsICyDyZHUsYg=","https://www.indeed.com/viewjob?jk=af8e965976b5b3ac","Stakeholder Management, Program Management
Deterministic profile match: 2 profile skills mentioned; title alignment 2.0/3.0; domain signals 4.","","","","2026-05-14T21:40:03.505024+00:00"
"6","Product Specialist","BriViz LLC","","","","","","remote","","","Remote, US (Remote)","http://www.indeed.com/job/product-specialist-1ce890d2895787db","https://www.indeed.com/viewjob?jk=1ce890d2895787db","SQL, Software Project Management, SDLC, A/B Testing, Stakeholder Management, Mixpanel
Deterministic profile match: 6 profile skills mentioned; title alignment 0.0/3.0; domain signals 8.","","","","2026-05-14T21:40:03.505024+00:00"
"6","Implementation Consultant","Cotiviti","","","","","","remote","","","Remote, US (Remote)","https://careers-cotiviti.icims.com/jobs/19158/job?utm_source=indeed_integration&iis=Job%20Board&iisn=Indeed&indeed-apply-token=73a2d2b2a8d6d5c0a62696875eaebd669103652d3f0c2cd5445d3e66b1592b0f","https://www.indeed.com/viewjob?jk=8c81adac4742ff85","Agile Scrum, Software Project Management, Program Management, Technical Documentation, Change Management
Deterministic profile match: 5 profile skills mentioned; title alignment 1.0/3.0; domain signals 6.","","","","2026-05-14T21:40:03.505024+00:00"
"6","Junior Project Manager","NineTwoThree AI Studio","C:\Users\bsing\.applypilot\tailored_resumes\software-pm\010_8_NineTwoThree_AI_Stud_Junior_Project_Manager.txt","failed_validation","Company 'Sakhi' missing from experience; Company 'The Samaritans of New York' missing from experience","Banned words: detail-oriented","","remote","","","Remote","","https://www.linkedin.com/jobs/view/4413471203","Agile Scrum, Kanban
Deterministic profile match: 2 profile skills mentioned; title alignment 2.0/3.0; domain signals 4.","","","","2026-05-14T21:40:03.505024+00:00"
"6","Project Manager (Web Design) | US Clients | Pharma","eStoreLabs","","","","","","unknown","","","","","https://www.linkedin.com/jobs/view/4414625159","Stakeholder Management, Requirements Gathering, Figma
Deterministic profile match: 3 profile skills mentioned; title alignment 2.0/3.0; domain signals 6.","","","","2026-05-14T21:40:03.505024+00:00"
"6","Lead Project Manager","Humana","C:\Users\bsing\.applypilot\tailored_resumes\software-pm\099_7_Humana_Lead_Project_Manager.txt","failed_validation","Company 'Sakhi' missing from experience; Company 'The Samaritans of New York' missing from experience","","","remote","","","Remote","","https://www.linkedin.com/jobs/view/4411130639","Stakeholder Management, Program Management
Deterministic profile match: 2 profile skills mentioned; title alignment 2.0/3.0; domain signals 4.","","","","2026-05-14T21:40:03.505024+00:00"
"6","Senior Product Manager Remote - US ? Remote","Daxko","","","","","","remote","","","Remote, US (Remote)","https://jobs.gem.com/daxko/am9icG9zdDqHGetaLk6XlRLPL6GbeQrE","https://www.indeed.com/viewjob?jk=7df0ef285d8100f7","Presentation Skills, Requirements Gathering, Customer Success
Deterministic profile match: 3 profile skills mentioned; title alignment 1.0/3.0; domain signals 8.","","","","2026-05-14T21:37:59.870693+00:00"
"6","Sr. Attractions Implementation Manager","indeed","","","","","","remote","","","Remote, US (Remote)","https://gethired.com/job/sr-attractions-implementation-manager?rcid=inply","https://www.indeed.com/viewjob?jk=884d40bd7e2dc5d8","Software Project Management, Stakeholder Management, Technical Documentation, Customer Success, Change Management, QA Coordination, Scheduling Management
Deterministic profile match: 7 profile skills mentioned; title alignment 0.0/3.0; domain signals 6.","","","","2026-05-14T21:37:59.870693+00:00"
"6","Technical Writing Manager","JOURNAL TECHNOLOGIES","","","","","","remote","","","Remote, US (Remote)","https://ats.rippling.com/journaltech/jobs/55882835-0e72-4103-8b13-d2d80dff69e5?jobSite=Indeed","https://www.indeed.com/viewjob?jk=fed81718bcf21953","SQL, Agile Scrum, Technical Documentation, Mentoring, Customer Success, Jira, Confluence, Legal Technology
Deterministic profile match: 8 profile skills mentioned; title alignment 0.0/3.0; domain signals 12. Title relevance penalty 1.0 applied.","","","","2026-05-14T21:37:59.870693+00:00"
"6","Service & Quality Delivery Manager (m/f/d)","JTI","","","","","","remote","","","Remote","","https://www.linkedin.com/jobs/view/4413563625","Python, SQL, Root Cause Analysis, Presentation Skills, Resource Planning, Data Pipelines, Databricks, Power BI
Deterministic profile match: 8 profile skills mentioned; title alignment 0.0/3.0; domain signals 8. Title relevance penalty 1.0 applied.","","","","2026-05-14T21:37:59.870693+00:00"
"6","Senior Project Manager","Dexian","","","","","","remote","","","Remote","","https://www.linkedin.com/jobs/view/4414757109","Risk Management
Deterministic profile match: 1 profile skills mentioned; title alignment 2.0/3.0; domain signals 7.","","","","2026-05-14T21:37:59.870693+00:00"
"6","Project Manager","Powersolv Inc","","","","","","remote","","","Remote, US (Remote)","http://www.indeed.com/job/project-manager-3763036a2084a15e","https://www.indeed.com/viewjob?jk=3763036a2084a15e","Mentoring, SOPs, Release Coordination
Deterministic profile match: 3 profile skills mentioned; title alignment 2.0/3.0; domain signals 2.","","","","2026-05-14T21:36:03.741595+00:00"
"6","Manager, Payroll Implementations - EMEA","Remote","","","","","","remote","","","Remote, US (Remote)","https://grnh.se/pym70cs83us","https://www.indeed.com/viewjob?jk=7f3d2c44f75ff6cf","Stakeholder Management, Technical Documentation, Customer Success, Change Management, SOPs, Google Sheets
Deterministic profile match: 6 profile skills mentioned; title alignment 0.0/3.0; domain signals 8.","","","","2026-05-14T21:36:03.741595+00:00"
"6","Project Manager","Northrop Grumman","","","","","","remote","","","Remote, US (Remote)","https://jsv3.recruitics.com/redirect?rx_cid=3658&rx_jobId=R10232918&rx_url=https%3A%2F%2Fjobs.northropgrumman.com%2Fcareers%2Fjob%2F1340071723229%3Fcode%3DJB-17946%26domain%3Dngc.com%26rx_a%3D0%26rx_c%3D%26rx_ch%3Djobp4p%26rx_group%3D288254%26rx_id%3De52b4e0d-4fa3-11f1-b6e7-ddbee8415385%26rx_job%3DR10232918%26rx_medium%3Dcpc%26rx_r%3Dnone%26rx_source%3Dindeed%26rx_ts%3D20260514T200413Z%26rx_vp%3Dcpc%26source%3DJB-17946%26utm_audience%3Dprospectivetalentemployees%26utm_campaign%3Dta-general%26utm_content%3Djobfeed%26utm_format%3Dcpl%26utm_medium%3Djobboard%26utm_source%3Dindeed","https://www.indeed.com/viewjob?jk=eeba9ab9a141b9a2","Program Management, Change Management, Risk Management
Deterministic profile match: 3 profile skills mentioned; title alignment 2.0/3.0; domain signals 3.","","","","2026-05-14T21:36:03.741595+00:00"
"6","Oracle EPM Implementation Project Manager","Performance Architects","","","","","","remote","","","Remote, US (Remote)","https://apply.appone.com:443/job/6a035b5b9624268c0211ebeb?utm_source=INDEED","https://www.indeed.com/viewjob?jk=0d4259fa2e2a4e49","A/B Testing, Program Management, Presentation Skills
Deterministic profile match: 3 profile skills mentioned; title alignment 2.5/3.0; domain signals 4.","","","","2026-05-14T21:36:03.741595+00:00"
"6","Delivery Manager - US","GeorgeJon","","","","","","remote","","","Remote, US (Remote)","https://georgejon.applytojob.com/apply/bzOL9ESNpa/Delivery-Manager-US?source=INDE&~","https://www.indeed.com/viewjob?jk=468e53e126b0e770","SQL, Retrospectives, Stakeholder Management, Program Management, Technical Documentation, Customer Success, Change Management, Resource Planning, Risk Management
Deterministic profile match: 9 profile skills mentioned; title alignment 0.0/3.0; domain signals 7. Title relevance penalty 1.0 applied.","","","","2026-05-14T21:36:03.741595+00:00"
"6","Project Manager, Implementation","Evolent","","","","","","remote","","","Remote, US (Remote)","https://evolent.wd1.myworkdayjobs.com/en-US/External/job/Work-at-Home/Project-Manager--Implementation_JR-916215","https://www.indeed.com/viewjob?jk=e06b1a03195a17c7","Program Management, Risk Management, Jira, Confluence
Deterministic profile match: 4 profile skills mentioned; title alignment 2.0/3.0; domain signals 4.","","","","2026-05-14T21:36:03.741595+00:00"
"6","GIS IT Project Manager of Land Management Software (LMS)","MAPDEVS CORP.","","","","","","remote","","","Remote, US (Remote)","http://www.indeed.com/job/gis-it-project-manager-land-management-software-lms-9cb73846b333e998","https://www.indeed.com/viewjob?jk=9cb73846b333e998","Software Project Management
Deterministic profile match: 1 profile skills mentioned; title alignment 2.5/3.0; domain signals 3.","","","","2026-05-14T21:36:03.741595+00:00"
"6","Program Manager","Artemis ARC","","","","","","remote","","","Remote, US (Remote)","https://artemisarc-aptiveresources.icims.com/jobs/4322/job?utm_source=indeed_integration&iis=Job%20Board&iisn=Indeed&indeed-apply-token=73a2d2b2a8d6d5c0a62696875eaebd669103652d3f0c2cd5445d3e66b1592b0f","https://www.indeed.com/viewjob?jk=54d25f2ddf91fa11","Stakeholder Management, Program Management, Risk Management
Deterministic profile match: 3 profile skills mentioned; title alignment 1.5/3.0; domain signals 5.","","","","2026-05-14T21:36:03.741595+00:00"
"6","Implementations Specialist","Billee","","","","","","remote","","","Remote, US (Remote)","https://billee.applytojob.com/apply/TRVHUXM2fz/Implementations-Specialist?source=INDE&~","https://www.indeed.com/viewjob?jk=a2e359091ef86e9e","SQL, Software Project Management, Requirements Gathering, Customer Success, ERP, Risk Management
Deterministic profile match: 6 profile skills mentioned; title alignment 0.0/3.0; domain signals 10.","","","","2026-05-14T21:36:03.741595+00:00"
"6","Project Manager","Stride, Inc.","","","","","","remote","","","Remote, US (Remote)","https://strideinc.wd1.myworkdayjobs.com/en-US/SK/job/US-Nationwide---Remote/Project-Manager_JR114503","https://www.indeed.com/viewjob?jk=a0e83ebca894b38f","Stakeholder Management, Program Management
Deterministic profile match: 2 profile skills mentioned; title alignment 2.0/3.0; domain signals 5.","","","","2026-05-14T21:36:03.741595+00:00"
"6","Healthcare IT Project Manager","Konica Minolta Healthcare Americas, Inc.","","","","","","remote","","","Remote","","https://www.linkedin.com/jobs/view/4412900875","Technical Documentation
Deterministic profile match: 1 profile skills mentioned; title alignment 2.5/3.0; domain signals 3.","","","","2026-05-14T21:36:03.741595+00:00"
"6","Senior Project Manager","Net2Source (N2S)","","","","","","remote","","","Remote","","https://www.linkedin.com/jobs/view/4413480026","Stakeholder Management, Program Management, Training Enablement, Resource Planning, Risk Management
Deterministic profile match: 5 profile skills mentioned; title alignment 2.0/3.0; domain signals 3.","","","","2026-05-14T21:36:03.741595+00:00"
"6","Implementation/Project Manager","Rising Medical Solutions","C:\Users\bsing\.applypilot\tailored_resumes\software-pm\086_7_Rising_Medical_Solut_ImplementationProject_Manager.txt","failed_validation","Missing required field: projects","","","unknown","","","","","https://www.linkedin.com/jobs/view/4414669505","Software Project Management, Root Cause Analysis
Deterministic profile match: 2 profile skills mentioned; title alignment 2.5/3.0; domain signals 5.","","","","2026-05-14T21:36:03.741595+00:00"
"6","Project Schedulers","Artemis ARC","","","","","","remote","","","Remote, US (Remote)","https://artemisarc-aptiveresources.icims.com/jobs/4331/job?utm_source=indeed_integration&iis=Job%20Board&iisn=Indeed&indeed-apply-token=73a2d2b2a8d6d5c0a62696875eaebd669103652d3f0c2cd5445d3e66b1592b0f","https://www.indeed.com/viewjob?jk=1ece1b900c266f86","Sprint Planning, Stakeholder Management, Program Management, Change Management, Scheduling Management, Resource Planning, Risk Management, System Monitoring
Deterministic profile match: 8 profile skills mentioned; title alignment 0.0/3.0; domain signals 7.","","","","2026-05-14T21:33:49.397717+00:00"
"6","Senior Technical Specialist (Coordination of Benefits)","Cotiviti","","","","","","remote","","","Remote, US (Remote)","https://careers-cotiviti.icims.com/jobs/19175/job?utm_source=indeed_integration&iis=Job%20Board&iisn=Indeed&indeed-apply-token=73a2d2b2a8d6d5c0a62696875eaebd669103652d3f0c2cd5445d3e66b1592b0f","https://www.indeed.com/viewjob?jk=ec67497f38a64ac2","Python, SQL, SAFe, Software Project Management, Root Cause Analysis, Technical Documentation, Presentation Skills, Change Management, Release Coordination, Jira
Deterministic profile match: 10 profile skills mentioned; title alignment 0.0/3.0; domain signals 9. Title relevance penalty 1.0 applied.","","","","2026-05-14T21:33:49.397717+00:00"
"6","Project Manager II - Data Centers","VERTECH","","","","","","remote","","","Remote, US (Remote)","https://www.vertech.com/open-positions?gnk=job&gni=8a78859f9de070d0019e1879bc220226&gns=Indeed+Free","https://www.indeed.com/viewjob?jk=469e2239b9199b22","Customer Success, Change Management
Deterministic profile match: 2 profile skills mentioned; title alignment 2.0/3.0; domain signals 4.","","","","2026-05-14T21:33:49.397717+00:00"
"6","Product Operations Coordinator","EPIC Insurance Brokers & Consultants","","","","","","remote","","","Remote, US (Remote)","https://grnh.se/nd44bhxc2us","https://www.indeed.com/viewjob?jk=c2bf6a0a3ade0998","SQL, Program Management, Technical Documentation, Resource Planning, Power BI, Smartsheet, Legal Technology
Deterministic profile match: 7 profile skills mentioned; title alignment 0.0/3.0; domain signals 7.","","","","2026-05-14T21:33:49.397717+00:00"
"6","Project Manager - Sr.","Highstep Technologies","","","","","","remote","","","Remote, US (Remote)","http://www.indeed.com/job/project-manager-sr-1159413b2a2920b5","https://www.indeed.com/viewjob?jk=1159413b2a2920b5","Stakeholder Management, Program Management, Risk Management
Deterministic profile match: 3 profile skills mentioned; title alignment 2.0/3.0; domain signals 3.","","","","2026-05-14T21:33:49.397717+00:00"
"6","Applications Project Manager - Industrial Water Treatment","Solenis","","","","","","remote","","","Remote, US (Remote)","https://solenis.wd1.myworkdayjobs.com/en-US/Solenis/job/United-States-of-America-Remote/Applications-Project-Manager---Industrial-Water-Treatment_R0029769","https://www.indeed.com/viewjob?jk=e67eacde57469e1a","Customer Success, Resource Planning, System Monitoring
Deterministic profile match: 3 profile skills mentioned; title alignment 2.0/3.0; domain signals 2.","","","","2026-05-14T21:33:49.397717+00:00"
"6","Senior Project Manager","Haystack","","","","","","remote","","","Remote","","https://www.linkedin.com/jobs/view/4410622681","Software Project Management, Stakeholder Management, Change Management, Risk Management
Deterministic profile match: 4 profile skills mentioned; title alignment 2.0/3.0; domain signals 4.","","","","2026-05-14T21:33:49.397717+00:00"
"6","Senior Project Manager","Haystack","","","","","","remote","","","Remote","","https://www.linkedin.com/jobs/view/4410622682","Software Project Management, Stakeholder Management, Change Management, Risk Management
Deterministic profile match: 4 profile skills mentioned; title alignment 2.0/3.0; domain signals 3.","","","","2026-05-14T21:33:49.397717+00:00"
"6","Information Technology Project Manager","Call Quest Solution","C:\Users\bsing\.applypilot\tailored_resumes\software-pm\008_8_Call_Quest_Solution_Information_Technology_Project_Manager.txt","failed_validation","Missing required field: projects","","","remote","","","Remote","","https://www.linkedin.com/jobs/view/4414104991","Agile Scrum, Change Management
Deterministic profile match: 2 profile skills mentioned; title alignment 2.0/3.0; domain signals 4.","","","","2026-05-14T21:33:49.397717+00:00"
"6","Senior Project Manager - Customer Migration (Contract)","Oho","","","","","","hybrid","Remote","","Remote","","https://www.linkedin.com/jobs/view/4414408193","Hybrid Project Management, Stakeholder Management, Customer Success, Change Management, Risk Management
Deterministic profile match: 5 profile skills mentioned; title alignment 2.0/3.0; domain signals 3.","","","","2026-05-14T21:33:49.397717+00:00"
"6","Senior Project Manager","LanguageLine Solutions","","","","","","unknown","","","","","https://www.linkedin.com/jobs/view/4414679006","Mentoring, Change Management, Confluence
Deterministic profile match: 3 profile skills mentioned; title alignment 2.0/3.0; domain signals 2.","","","","2026-05-14T21:33:49.397717+00:00"
"6","Associate Project Manager","Savills North America","","","","","","remote","","","Remote","","https://www.linkedin.com/jobs/view/4414265547","Program Management, Technical Documentation, Smartsheet
Deterministic profile match: 3 profile skills mentioned; title alignment 2.0/3.0; domain signals 2.","","","","2026-05-14T21:32:43.337726+00:00"
"6","Product Owner","Mutual of Omaha","C:\Users\bsing\.applypilot\tailored_resumes\software-pm\017_8_Mutual_of_Omaha_Product_Owner.txt","failed_validation","Company 'Sakhi' missing from experience; Company 'The Samaritans of New York' missing from experience","Banned words: proven track record","","remote","","","Remote, US (Remote)","https://www.mutualofomaha.com/careers/jobs/detail/504814","https://www.indeed.com/viewjob?jk=2e5416e641318379","SAFe, Retrospectives, Stakeholder Management, Risk Management, System Monitoring
Deterministic profile match: 5 profile skills mentioned; title alignment 0.0/3.0; domain signals 9.","","","","2026-05-14T21:31:37.952938+00:00"
"6","Technical Project Manager","Identify Solutions","","","","","","hybrid","Remote","","Remote","","https://www.linkedin.com/jobs/view/4414131027","Hybrid Project Management
Deterministic profile match: 1 profile skills mentioned; title alignment 3.0/3.0; domain signals 3.","","","","2026-05-14T21:31:37.952938+00:00"
"6","Senior Project Manager","Insight Global","","","","","","onsite","","","","","https://www.linkedin.com/jobs/view/4411919577","Change Management, Scheduling Management, Risk Management
Deterministic profile match: 3 profile skills mentioned; title alignment 2.0/3.0; domain signals 2.","","","","2026-05-14T21:31:37.952938+00:00"
"6","Project Management Officer","HFM","C:\Users\bsing\.applypilot\tailored_resumes\software-pm\022_8_HFM_Project_Management_Officer.txt","failed_validation","Company 'Sakhi' missing from experience; Company 'The Samaritans of New York' missing from experience","","","unknown","","","","","https://www.linkedin.com/jobs/view/4411156637","Technical Documentation, Change Management, Jira, Confluence, Trello, Figma
Deterministic profile match: 6 profile skills mentioned; title alignment 0.0/3.0; domain signals 8.","","","","2026-05-14T21:31:37.952938+00:00"
"6","Sr. Global Project Manager","Cabot Corporation","","","","","","unknown","","","","","https://www.linkedin.com/jobs/view/4411187235","SAFe, A/B Testing, Presentation Skills
Deterministic profile match: 3 profile skills mentioned; title alignment 2.0/3.0; domain signals 4.","","","","2026-05-14T21:31:37.952938+00:00"
"6","Senior Program Manager","ATR International","","","","","","unknown","","","","","https://www.linkedin.com/jobs/view/4414715054","Stakeholder Management, Program Management, Change Management
Deterministic profile match: 3 profile skills mentioned; title alignment 1.5/3.0; domain signals 5.","","","","2026-05-14T21:30:36.685596+00:00"
"6","Senior Project Manager (Fixed Term contract Pharma Agency)","Avalere Health","","","","","","hybrid","Remote, US (Remote)","","Remote, US (Remote)","https://jobs.lever.co/avalerehealth/ae9b9e1a-a5f9-47d6-bea0-ffaa453cebbf?lever-source=Indeed","https://www.indeed.com/viewjob?jk=f41b0c349d894619","Hybrid Project Management, Software Project Management, Program Management
Deterministic profile match: 3 profile skills mentioned; title alignment 2.0/3.0; domain signals 2.","","","","2026-05-14T21:29:36.448824+00:00"
"6","Senior Staff Cloud Engineer","Credit Acceptance","","","","","","hybrid","Remote, US (Remote)","","Remote, US (Remote)","https://creditacceptance.wd5.myworkdayjobs.com/en-US/Credit_Acceptance/job/USA---Remote/Senior-Staff-Cloud-Engineer_R13637","https://www.indeed.com/viewjob?jk=c72531553f4436f5","SAFe, Technical Documentation, Mentoring, Customer Success, Policy Automation, AWS, GitHub, Legal Technology, Google Analytics, Google Cloud
Deterministic profile match: 10 profile skills mentioned; title alignment 0.0/3.0; domain signals 9. Title relevance penalty 1.0 applied.","","","","2026-05-14T21:29:36.448824+00:00"
"6","IT Manager II - Network Infrastructure & Operations","TruStage","","","","","","hybrid","Remote, US (Remote)","","Remote, US (Remote)","https://trustage.wd1.myworkdayjobs.com/en-US/TruStage/job/Remote---USA/IT-Manager-II---Network-Infrastructure---Operations_R-011921","https://www.indeed.com/viewjob?jk=ece45fb06a07341f","Hybrid Project Management, Software Project Management, Program Management, Technical Documentation, Roadmap Planning, Mentoring, Change Management, Resource Planning, Risk Management, System Monitoring
Deterministic profile match: 10 profile skills mentioned; title alignment 0.0/3.0; domain signals 8. Title relevance penalty 1.0 applied.","","","","2026-05-14T21:29:36.448824+00:00"
"6","Sr. Project Manager- Remote","KOMAN Sustainable Solutions","","","","","","remote","","","Remote, US (Remote)","https://kss.hrmdirect.com/employment/view.php?req=3715055&jbsrc=1014&location=cca31bbb-8612-6356-481b-ef411f35bb13","https://www.indeed.com/viewjob?jk=17617737dd7d90c7","Software Project Management, Technical Documentation, Change Management, Scheduling Management
Deterministic profile match: 4 profile skills mentioned; title alignment 2.0/3.0; domain signals 3.","","","","2026-05-14T21:29:36.448824+00:00"
"6","Sr. Project Manager- Remote","KOMAN Family of Companies","","","","","","remote","","","Remote","","https://www.linkedin.com/jobs/view/4414176610","Software Project Management, Technical Documentation, Change Management, Scheduling Management
Deterministic profile match: 4 profile skills mentioned; title alignment 2.0/3.0; domain signals 3.","","","","2026-05-14T21:29:36.448824+00:00"
"6","Staff Program Manager","Airbnb","","","","","","remote","","","Remote","","https://www.linkedin.com/jobs/view/4413942274","Stakeholder Management, Program Management, Change Management
Deterministic profile match: 3 profile skills mentioned; title alignment 1.5/3.0; domain signals 5.","","","","2026-05-14T21:29:36.448824+00:00"
"6","Senior Project Manager (Remote)","Trace3","","","","","","remote","","","Remote","","https://www.linkedin.com/jobs/view/4404228370","Presentation Skills, Customer Success, Change Management, Scheduling Management, ERP, Risk Management
Deterministic profile match: 6 profile skills mentioned; title alignment 2.0/3.0; domain signals 2.","","","","2026-05-14T21:29:36.448824+00:00"
"6","Scrum Master - Remote","Pinnacle Method Consulting","","","","","","remote","","","Remote","","https://www.linkedin.com/jobs/view/4413862908","Agile Scrum, Kanban, Mentoring
Deterministic profile match: 3 profile skills mentioned; title alignment 1.5/3.0; domain signals 4.","","","","2026-05-14T21:29:36.448824+00:00"
"6","Senior Project Manager","Haystack","","","","","","remote","","","Remote","","https://www.linkedin.com/jobs/view/4410642071","Software Project Management, Stakeholder Management, Change Management, Resource Planning, Risk Management
Deterministic profile match: 5 profile skills mentioned; title alignment 2.0/3.0; domain signals 2.","","","","2026-05-14T21:29:36.448824+00:00"
"6","Information Technology Project Manager","Talentmatics","C:\Users\bsing\.applypilot\tailored_resumes\software-pm\090_7_Talentmatics_Information_Technology_Project_Manager.txt","failed_validation","Company 'Sakhi' missing from experience; Company 'The Samaritans of New York' missing from experience","Banned words: scalable solutions, proven track record","","hybrid","","","","","https://www.linkedin.com/jobs/view/4413808462","Hybrid Project Management, SDLC, Stakeholder Management
Deterministic profile match: 3 profile skills mentioned; title alignment 2.0/3.0; domain signals 5.","","","","2026-05-14T21:29:36.448824+00:00"
"6","Senior Project Manager","Hays","","","","","","unknown","","","","","https://www.linkedin.com/jobs/view/4410172909","Stakeholder Management, Program Management, Change Management, Risk Management
Deterministic profile match: 4 profile skills mentioned; title alignment 2.0/3.0; domain signals 1.","","","","2026-05-14T21:29:36.448824+00:00"
"6","Information Technology Project Manager","Salt","C:\Users\bsing\.applypilot\tailored_resumes\software-pm\089_7_Salt_Information_Technology_Project_Manager.txt","failed_validation","Company 'Sakhi' missing from experience; Company 'The Samaritans of New York' missing from experience","","","remote","","","Remote","","https://www.linkedin.com/jobs/view/4411157289","Software Project Management, Risk Management
Deterministic profile match: 2 profile skills mentioned; title alignment 2.0/3.0; domain signals 5.","","","","2026-05-14T21:29:36.448824+00:00"
"6","Senior Project Manager","Centific","","","","","","unknown","","","","","https://www.linkedin.com/jobs/view/4414492576","SAFe, Program Management, Data Pipelines
Deterministic profile match: 3 profile skills mentioned; title alignment 2.0/3.0; domain signals 2.","","","","2026-05-14T21:29:36.448824+00:00"
"5","Data Scientist","Thomson Reuters","","","","","","hybrid","","","","https://thomsonreuters.wd5.myworkdayjobs.com/External_Career_Site/job/United-States-of-America-McLean-Virginia/Data-Scientist_JREQ200795","https://thomsonreuters.wd5.myworkdayjobs.com/External_Career_Site/job/United-States-of-America-McLean-Virginia/Data-Scientist_JREQ200795","Python, SQL, JavaScript, Hybrid Project Management, SAFe, Software Project Management, Program Management, Technical Documentation, Customer Success, AI/ML, Data Pipelines, GitHub, Legal Technology
Deterministic profile match: 13 profile skills mentioned; title alignment 0.0/3.0; domain signals 7. Title relevance penalty 2.5 applied.","","","","2026-05-19T03:52:28.317114+00:00"
"5","Software Engineer - AI","Thomson Reuters","","","","","","hybrid","","","","https://thomsonreuters.wd5.myworkdayjobs.com/External_Career_Site/job/India-Bengaluru-Karnataka/Senior-QA-Engineer---AI_JREQ194741","https://thomsonreuters.wd5.myworkdayjobs.com/External_Career_Site/job/India-Bengaluru-Karnataka/Senior-QA-Engineer---AI_JREQ194741","Python, SQL, Agile Scrum, Data Governance Frameworks, Machine Learning Frameworks, AI/ML, System Monitoring, Data Pipelines, AWS, Legal Technology
Deterministic profile match: 10 profile skills mentioned; title alignment 0.0/3.0; domain signals 10. Title relevance penalty 2.5 applied.","","","","2026-05-19T03:52:28.317114+00:00"
"5","Head of Delivery, GCR & Korea - SaaS (??????)","Thomson Reuters","","","","","","hybrid","","","","https://thomsonreuters.wd5.myworkdayjobs.com/External_Career_Site/job/China-Beijing-Beijing/Head-of-Delivery---Greater-China---Korea--PS----_JREQ199876","https://thomsonreuters.wd5.myworkdayjobs.com/External_Career_Site/job/China-Beijing-Beijing/Head-of-Delivery---Greater-China---Korea--PS----_JREQ199876","Hybrid Project Management, Software Project Management, Program Management, Mentoring, Customer Success, ERP, Legal Technology
Deterministic profile match: 7 profile skills mentioned; title alignment 0.0/3.0; domain signals 9. Title relevance penalty 1.0 applied.","","","","2026-05-19T03:52:28.317114+00:00"
"5","Product Manager - Business Intelligence & Analytics","Motorola Solutions","","","","","","hybrid","Illinois Remote Work, More...","","Illinois Remote Work, More...","https://motorolasolutions.wd5.myworkdayjobs.com/Careers/job/Illinois-Remote-Work/Product-Manager---Business-Intelligence---Analytics_R62892","https://motorolasolutions.wd5.myworkdayjobs.com/Careers/job/Illinois-Remote-Work/Product-Manager---Business-Intelligence---Analytics_R62892","Presentation Skills, Customer Success
Deterministic profile match: 2 profile skills mentioned; title alignment 1.0/3.0; domain signals 7.","","","","2026-05-19T03:50:50.932682+00:00"
"5","ServiceNow Platform Developer","Moderna","","","","","","onsite","","","","https://modernatx.wd1.myworkdayjobs.com/M_tx/job/Cambridge-Massachusetts/ServiceNow-Platform-Developer_R19216","https://modernatx.wd1.myworkdayjobs.com/M_tx/job/Cambridge-Massachusetts/ServiceNow-Platform-Developer_R19216","JavaScript, Ecommerce Workflows, VS Code, ServiceNow, Legal Technology
Deterministic profile match: 5 profile skills mentioned; title alignment 0.0/3.0; domain signals 8. Title relevance penalty 1.0 applied.","","","","2026-05-19T03:50:28.124066+00:00"
"5","Senior Marketing Automation Consultant","Granicus","","","","","","remote","","","Remote, US (Remote)","https://careers-granicus.icims.com/jobs/10126/job?utm_source=indeed_integration&iis=Job%20Board&iisn=Indeed&indeed-apply-token=73a2d2b2a8d6d5c0a62696875eaebd669103652d3f0c2cd5445d3e66b1592b0f","https://www.indeed.com/viewjob?jk=f5446655cfab4f33","SAFe, Program Management, Technical Documentation, Presentation Skills, Mentoring, Customer Success, Change Management
Deterministic profile match: 7 profile skills mentioned; title alignment 0.0/3.0; domain signals 8. Title relevance penalty 1.0 applied.","","","","2026-05-19T03:47:58.625216+00:00"
"5","Senior Project Manager","Jobgether","","","","","","remote","","","Remote","","https://www.linkedin.com/jobs/view/4415610148","System Monitoring
Deterministic profile match: 1 profile skills mentioned; title alignment 2.0/3.0; domain signals 3.","","","","2026-05-19T03:47:58.625216+00:00"
"5","Construction & Facilities Project Manager","Telnyx","","","","","","remote","","","Remote","","https://www.linkedin.com/jobs/view/4375833941","SAFe
Deterministic profile match: 1 profile skills mentioned; title alignment 2.0/3.0; domain signals 4.","","","","2026-05-19T03:45:43.877251+00:00"
"5","IT infrastructure Project Manager_100% remote(CST or EST  )","Prudent Technologies and Consulting, Inc.","","","","","","remote","","","Remote","","https://www.linkedin.com/jobs/view/4414758543","
Deterministic profile match: 0 profile skills mentioned; title alignment 2.0/3.0; domain signals 5.","","","","2026-05-19T03:45:43.877251+00:00"
"5","Project Manager I (US Remote)","Pinnacle Method Consulting","","","","","","remote","","","Remote","","https://www.linkedin.com/jobs/view/4415667245","Software Project Management
Deterministic profile match: 1 profile skills mentioned; title alignment 2.0/3.0; domain signals 3.","","","","2026-05-19T03:45:43.877251+00:00"
"5","LID Life Cycle & Product Manager, North America","Datamars","","","","","","remote","","","Remote, US (Remote)","https://gethired.com/job/lid-life-cycle-product-manager-north-america?rcid=inply","https://www.indeed.com/viewjob?jk=fbfec17146371cb3","Roadmap Planning, Customer Success, Training Enablement, Power BI
Deterministic profile match: 4 profile skills mentioned; title alignment 1.0/3.0; domain signals 4.","","","","2026-05-19T03:41:57.324976+00:00"
"5","Product Manager (Menufy)","HungerRush","","","","","","remote","","","Remote, US (Remote)","https://hungerrush.breezy.hr/p/8ad5f2f4360b-product-manager-menufy?source=indeed","https://www.indeed.com/viewjob?jk=e42f5a71b7ea6c36","A/B Testing, Customer Success
Deterministic profile match: 2 profile skills mentioned; title alignment 1.0/3.0; domain signals 5.","","","","2026-05-19T03:41:57.324976+00:00"
"5","Senior Strategic Procurement Program Manager","RemoteHunter","","","","","","remote","","","Remote","","https://www.linkedin.com/jobs/view/4415709736","Program Management, Risk Management, Legal Technology
Deterministic profile match: 3 profile skills mentioned; title alignment 1.5/3.0; domain signals 3.","","","","2026-05-19T03:41:57.324976+00:00"
"5","Senior Program Manager (Program Analyst, Sr)","Aptive Resources","","","","","","unknown","","","","","https://www.linkedin.com/jobs/view/4416410184","Program Management, Risk Management
Deterministic profile match: 2 profile skills mentioned; title alignment 1.5/3.0; domain signals 3.","","","","2026-05-19T03:41:57.324976+00:00"
"5","Finance Director - Product & Technology","ESO","","","","","","remote","","","Remote, US (Remote)","https://www.eso.com/careers/job/?gh_jid=4696454005","https://www.indeed.com/viewjob?jk=9734dd5a5e11f917","Sprint Planning, Program Management, Technical Documentation, Roadmap Planning, Resource Planning, AWS, Jira, GitHub
Deterministic profile match: 8 profile skills mentioned; title alignment 0.0/3.0; domain signals 10. Title relevance penalty 1.5 applied.","","","","2026-05-19T03:39:44.477961+00:00"
"5","Litigation Support Project Manager","Plona Partners","","","","","","onsite","","","","","https://www.linkedin.com/jobs/view/4416250300","Legal Technology
Deterministic profile match: 1 profile skills mentioned; title alignment 2.0/3.0; domain signals 3.","","","","2026-05-19T03:38:37.176824+00:00"
"5","Senior Manager Marketing Strategy","Amgen","","","","","","hybrid","Remote, US (Remote)","","Remote, US (Remote)","https://careers.amgen.com/en/job/washington-d-c/senior-manager-marketing-strategy/87/95269473728","https://www.indeed.com/viewjob?jk=0f16f22e4adde3f5","Hybrid Project Management, Stakeholder Management, Program Management, Roadmap Planning, Customer Success, Change Management, Risk Management
Deterministic profile match: 7 profile skills mentioned; title alignment 0.0/3.0; domain signals 7. Title relevance penalty 1.0 applied.","","","","2026-05-19T03:35:32.190761+00:00"
"5","Pharmaceutical Project Manager","Medasource","","","","","","remote","","","Remote","","https://www.linkedin.com/jobs/view/4415656761","Jira
Deterministic profile match: 1 profile skills mentioned; title alignment 2.0/3.0; domain signals 3.","","","","2026-05-19T03:35:32.190761+00:00"
"5","Project Manager","BT1","","","","","","remote","","","Remote","","https://www.linkedin.com/jobs/view/4415666005","Software Project Management, Lean Product Development
Deterministic profile match: 2 profile skills mentioned; title alignment 2.0/3.0; domain signals 3.","","","","2026-05-19T03:35:32.190761+00:00"
"5","Healthcare Project Manager (Infrastructure, M&A) *W2 ONLY*","Insight Global","","","","","","remote","","","Remote","","https://www.linkedin.com/jobs/view/4415684407","Jira, ServiceNow
Deterministic profile match: 2 profile skills mentioned; title alignment 2.0/3.0; domain signals 2.","","","","2026-05-19T03:35:32.190761+00:00"
"5","Solutions Managing Director, AI Tech Strategy & Consulting","World Wide Technology","","","","","","remote","","","Remote, US (Remote)","https://recruiting.adp.com/srccsh/public/RTI.home?r=5001199729900&c=2166501&d=WWTExternalCareerSite&rb=INDEED&idUnique=5001199729900","https://www.indeed.com/viewjob?jk=036aa668ee7c1da1","Data Governance Frameworks, Program Management, Customer Success, AI/ML, Risk Management, Data Warehousing, AWS, ServiceNow, Legal Technology, Google Cloud
Deterministic profile match: 10 profile skills mentioned; title alignment 0.0/3.0; domain signals 8. Title relevance penalty 2.5 applied.","","","","2026-05-19T03:33:24.221345+00:00"
"5","Project Manager","Genus Plc","","","","","","remote","","","Remote, US (Remote)","https://careers-genusplc.icims.com/jobs/13835/project-manager/job","https://www.indeed.com/viewjob?jk=9764dfd6d19e172f","Software Project Management, Change Management
Deterministic profile match: 2 profile skills mentioned; title alignment 2.0/3.0; domain signals 3.","","","","2026-05-19T03:33:24.221345+00:00"
"5","Adobe Experience Manager (AEM) Developer","BV Teck","","","","","","hybrid","Remote, US (Remote)","","Remote, US (Remote)","https://brightvisiontechnologies.applytojob.com/apply/D3tonbEKjF/Adobe-Experience-Manager-AEM-Developer?source=INDE&~","https://www.indeed.com/viewjob?jk=a13a05379c326ad1","JavaScript, A/B Testing, Stakeholder Management, Customer Success, GitHub
Deterministic profile match: 5 profile skills mentioned; title alignment 0.0/3.0; domain signals 9. Title relevance penalty 1.0 applied.","","","","2026-05-19T03:33:24.221345+00:00"
"5","Quantitative Developer (Fintech)","BV Teck","","","","","","remote","","","Remote, US (Remote)","https://brightvisiontechnologies.applytojob.com/apply/szC9iES7F1/Quantitative-Developer-Fintech?source=INDE&~","https://www.indeed.com/viewjob?jk=b1dceffe033467da","Python, Technical Documentation, Customer Success, Risk Management, Audit Logging, Data Pipelines
Deterministic profile match: 6 profile skills mentioned; title alignment 0.0/3.0; domain signals 8. Title relevance penalty 1.0 applied.","","","","2026-05-19T03:33:24.221345+00:00"
"5","Industrial IoT Engineer","BV Teck","","","","","","remote","","","Remote, US (Remote)","https://brightvisiontechnologies.applytojob.com/apply/jndavTqbQM/Industrial-IoT-Engineer?source=INDE&~","https://www.indeed.com/viewjob?jk=de16cff209fb20e7","Python, Technical Documentation, Requirements Gathering, Customer Success, ERP, Data Pipelines, AWS
Deterministic profile match: 7 profile skills mentioned; title alignment 0.0/3.0; domain signals 9. Title relevance penalty 1.0 applied.","","","","2026-05-19T03:33:24.221345+00:00"
"5","SAP ABAP Developer (S/4HANA)","BV Teck","","","","","","remote","","","Remote, US (Remote)","https://brightvisiontechnologies.applytojob.com/apply/4GDXL2fqX9/SAP-ABAP-Developer-S4HANA?source=INDE&~","https://www.indeed.com/viewjob?jk=9365baf8feaab001","SQL, Software Project Management, Data Governance Frameworks, Technical Documentation, Customer Success, Database Access Governance
Deterministic profile match: 6 profile skills mentioned; title alignment 0.0/3.0; domain signals 9. Title relevance penalty 1.0 applied.","","","","2026-05-19T03:33:24.221345+00:00"
"5","PeopleSoft PeopleTools Engineer","BV Teck","","","","","","remote","","","Remote, US (Remote)","https://brightvisiontechnologies.applytojob.com/apply/ggt70CcNvS/PeopleSoft-PeopleTools-Engineer?source=INDE&~","https://www.indeed.com/viewjob?jk=012fb61bfc608e33","Python, Technical Documentation, Roadmap Planning, Customer Success, Change Management, Policy Automation, AWS
Deterministic profile match: 7 profile skills mentioned; title alignment 0.0/3.0; domain signals 9. Title relevance penalty 1.0 applied.","","","","2026-05-19T03:33:24.221345+00:00"
"5","Senior Engineering Manager - Marketing Technology","World Wide Technology","","","","","","remote","","","Remote, US (Remote)","https://recruiting.adp.com/srccsh/public/RTI.home?r=5001184004700&c=2166501&d=WWTExternalCareerSite&rb=INDEED&idUnique=5001184004700","https://www.indeed.com/viewjob?jk=decff4ec8376bb70","JavaScript, Observability Concepts, Workflow Automation, Data Warehousing, Distributed Systems Concepts, Legal Technology
Deterministic profile match: 6 profile skills mentioned; title alignment 0.0/3.0; domain signals 9. Title relevance penalty 1.0 applied.","","","","2026-05-19T03:33:24.221345+00:00"
"5","Senior Project Manager, B2B & Partnerships","Pinnacle Method Consulting","","","","","","remote","","","Remote","","https://www.linkedin.com/jobs/view/4415421600","SAFe
Deterministic profile match: 1 profile skills mentioned; title alignment 2.0/3.0; domain signals 3.","","","","2026-05-19T03:33:24.221345+00:00"
"5","Senior Rebar Project Manager - Nashville Market (Remote) Job Details | Nucor","Pinnacle Method Consulting","","","","","","remote","","","Remote","","https://www.linkedin.com/jobs/view/4415668053","Change Management, Scheduling Management
Deterministic profile match: 2 profile skills mentioned; title alignment 2.0/3.0; domain signals 1.","","","","2026-05-19T03:33:24.221345+00:00"
"5","Operations - Project Manager","Sevita","","","","","","remote","","","Remote, US (Remote)","https://jobs.sevitahealth.com/us/en/job/674092/Operations-Project-Manager?utm_source=indeed&utm_medium=phenom-feeds","https://www.indeed.com/viewjob?jk=f921b9be5ab19cdb","Change Management
Deterministic profile match: 1 profile skills mentioned; title alignment 2.0/3.0; domain signals 3.","","","","2026-05-19T03:30:57.247300+00:00"
"5","SAP Concur Project Manager","Haystack","","","","","","remote","","","Remote","","https://www.linkedin.com/jobs/view/4412242356","
Deterministic profile match: 0 profile skills mentioned; title alignment 2.0/3.0; domain signals 3.","","","","2026-05-19T03:30:57.247300+00:00"
"5","-SENIOR PROJECT MANAGER","Pinnacle Method Consulting","","","","","","hybrid","Remote","","Remote","","https://www.linkedin.com/jobs/view/4415439157","Hybrid Project Management, Program Management
Deterministic profile match: 2 profile skills mentioned; title alignment 2.0/3.0; domain signals 1.","","","","2026-05-19T03:30:57.247300+00:00"
"5","Senior Project Manager - Global Operations (Remote)","Pinnacle Method Consulting","","","","","","remote","","","Remote","","https://www.linkedin.com/jobs/view/4415174388","Program Management
Deterministic profile match: 1 profile skills mentioned; title alignment 2.0/3.0; domain signals 1.","","","","2026-05-19T03:30:57.247300+00:00"
"5","IT Project Manager","Pinnacle Method Consulting","","","","","","remote","","","Remote","","https://www.linkedin.com/jobs/view/4415656911","Program Management, Resource Planning
Deterministic profile match: 2 profile skills mentioned; title alignment 2.5/3.0; domain signals 1.","","","","2026-05-19T03:30:57.247300+00:00"
"5","Project Coordinator, IT Infrastructure","World Wide Technology","","","","","","remote","","","Remote, US (Remote)","https://recruiting.adp.com/srccsh/public/RTI.home?r=5001199098500&c=2166501&d=WWTExternalCareerSite&rb=INDEED&idUnique=5001199098500","https://www.indeed.com/viewjob?jk=d48ccb27ec9dabad","Software Project Management, Program Management, Presentation Skills, Customer Success, Scheduling Management, Risk Management, Smartsheet, Legal Technology
Deterministic profile match: 8 profile skills mentioned; title alignment 0.0/3.0; domain signals 3.","","","","2026-05-19T03:28:48.056786+00:00"
"5","Product Operations Manager","DigiCert","","","","","","remote","","","Remote, US (Remote)","https://grnh.se/d124b9gf2us","https://www.indeed.com/viewjob?jk=7e047e35b185cd8b","SAFe, Stakeholder Management, Program Management, Customer Success
Deterministic profile match: 4 profile skills mentioned; title alignment 0.0/3.0; domain signals 6.","","","","2026-05-19T03:28:48.056786+00:00"
"5","Head of Implementation","APTEM","","","","","","remote","","","Remote, US (Remote)","https://aptem.pinpointhq.com/en/postings/4f776a9b-2c73-423b-a2e5-90bd506e62bc","https://www.indeed.com/viewjob?jk=9c5da6e1468b24df","Software Project Management, Stakeholder Management, Customer Success, Change Management
Deterministic profile match: 4 profile skills mentioned; title alignment 0.0/3.0; domain signals 7.","","","","2026-05-19T03:28:48.056786+00:00"
"5","IT Program Manager","Intone Networks","","","","","","remote","","","Remote, US (Remote)","https://intonenetworks.com/careers-at-intone","https://www.indeed.com/viewjob?jk=0315f7c955c55660","Stakeholder Management, Program Management, ERP
Deterministic profile match: 3 profile skills mentioned; title alignment 1.5/3.0; domain signals 3.","","","","2026-05-19T03:28:48.056786+00:00"
"5","IT PROJECT MANAGER (REMOTO)","IRIUM","","","","","","remote","","","Remote","","https://www.linkedin.com/jobs/view/4416240331","
Deterministic profile match: 0 profile skills mentioned; title alignment 2.5/3.0; domain signals 2.","","","","2026-05-19T03:28:48.056786+00:00"
"5","Associate Project Manager (Remote)","RemoteHunter","","","","","","remote","","","Remote","","https://www.linkedin.com/jobs/view/4415702905","ERP
Deterministic profile match: 1 profile skills mentioned; title alignment 2.0/3.0; domain signals 4.","","","","2026-05-19T03:28:48.056786+00:00"
"5","Technical Delivery Manager with JIVA - REMOTE","PEOPLE FORCE CONSULTING INC","","","","","","remote","","","Remote","","https://www.linkedin.com/jobs/view/4414782907","SQL, Program Management, Technical Documentation, Change Management, Resource Planning, Risk Management, Release Coordination
Deterministic profile match: 7 profile skills mentioned; title alignment 0.0/3.0; domain signals 7. Title relevance penalty 1.0 applied.","","","","2026-05-19T03:28:48.056786+00:00"
"5","Sr Project Manager","Pinnacle Method Consulting","","","","","","hybrid","","","","","https://www.linkedin.com/jobs/view/4415674014","Hybrid Project Management
Deterministic profile match: 1 profile skills mentioned; title alignment 2.0/3.0; domain signals 2.","","","","2026-05-19T03:28:48.056786+00:00"
"5","Senior Backend Developer","SIL International","","","","","","remote","","","Remote, US (Remote)","https://wycliffe.wd1.myworkdayjobs.com/en-US/SIL_Careers/job/Worldwide/Senior-Backend-Developer_R16582","https://www.indeed.com/viewjob?jk=7f66ce4608fd975d","PHP, Software Project Management, Technical Documentation, Roadmap Planning, AWS
Deterministic profile match: 5 profile skills mentioned; title alignment 0.0/3.0; domain signals 8. Title relevance penalty 1.0 applied.","","","","2026-05-19T03:26:29.194443+00:00"
"5","Sr Program Manager","Stratom, Inc.","","","","","","remote","","","Remote, US (Remote)","https://stratom.pinpointhq.com/postings/aaba3de8-65c6-4126-874c-964251af24d6?utm_medium=job_board&utm_source=indeed","https://www.indeed.com/viewjob?jk=eaafc2832a60b8c5","SAFe, Program Management, Resource Planning, Risk Management
Deterministic profile match: 4 profile skills mentioned; title alignment 1.5/3.0; domain signals 2.","","","","2026-05-19T03:26:29.194443+00:00"
"5","Senior Appian Business Analyst","Nuvitek","","","","","","remote","","","Remote, US (Remote)","https://nuvitek.pinpointhq.com/postings/fdda4c8c-749a-4d06-a8bd-1656cc1fc9f6?utm_medium=job_board&utm_source=indeed","https://www.indeed.com/viewjob?jk=ebd52ab7953b75f8","Agile Scrum, Sprint Planning, Stakeholder Management, Roadmap Planning, Requirements Gathering, Customer Success
Deterministic profile match: 6 profile skills mentioned; title alignment 0.0/3.0; domain signals 12. Title relevance penalty 1.0 applied.","","","","2026-05-19T03:26:29.194443+00:00"
"5","Director of Engineering","Career TEAM","","","","","","remote","","","Remote, US (Remote)","https://grnh.se/ofeeehc75us","https://www.indeed.com/viewjob?jk=4863f7937a7fe396","JavaScript, Program Management, Technical Documentation, Roadmap Planning, Change Management, Risk Management, Audit Logging, Data Pipelines, MongoDB, AWS, Legal Technology
Deterministic profile match: 11 profile skills mentioned; title alignment 0.0/3.0; domain signals 8. Title relevance penalty 2.5 applied.","","","","2026-05-19T03:26:29.194443+00:00"
"5","Lead Program Manager, Global SMB Vendor Operations","Pinterest","","","","","","onsite","","","","","https://www.linkedin.com/jobs/view/4406815975","Program Management, Risk Management
Deterministic profile match: 2 profile skills mentioned; title alignment 1.5/3.0; domain signals 2.","","","","2026-05-19T03:26:29.194443+00:00"
"5","Service Program Manager","GE HealthCare","","","","","","unknown","","","","","https://www.linkedin.com/jobs/view/4406810055","Program Management, Customer Success, Risk Management
Deterministic profile match: 3 profile skills mentioned; title alignment 1.5/3.0; domain signals 1.","","","","2026-05-19T03:26:29.194443+00:00"
"5","IT PROJECT MANAGER (REMOTO)","IRIUM","","","","","","remote","","","Remote","","https://www.linkedin.com/jobs/view/4412289032","
Deterministic profile match: 0 profile skills mentioned; title alignment 2.5/3.0; domain signals 2.","","","","2026-05-19T03:26:29.194443+00:00"
"5","Manager, Operations Program Management","Samsara","","","","","","hybrid","Remote","","Remote","","https://www.linkedin.com/jobs/view/4356655604","Hybrid Project Management, Program Management, Customer Success, Jira, Confluence
Deterministic profile match: 5 profile skills mentioned; title alignment 0.0/3.0; domain signals 7.","","","","2026-05-19T03:26:29.194443+00:00"
"5","Senior Project Manager - Remote","Metric Geo","","","","","","remote","","","Remote","","https://www.linkedin.com/jobs/view/4416208626","Scheduling Management
Deterministic profile match: 1 profile skills mentioned; title alignment 2.0/3.0; domain signals 1.","","","","2026-05-19T03:25:28.289938+00:00"
"5","Decision Strategy Management ? Dialer and Campaign Management Strategist","BMO","C:\Users\bsing\.applypilot\tailored_resumes\software-pm\066_7_BMO_Decision_Strategy_Management__Dialer_and_Campaign.txt","failed_validation","Company 'Sakhi' missing from experience; Company 'The Samaritans of New York' missing from experience","","","remote","","","REMOTE/TELETRAVAIL, ON, CAN","https://bmo.wd3.myworkdayjobs.com/External/job/REMOTETELETRAVAIL-ON-CAN/Decision-Strategy-Management---Dialer-and-Campaign-Management-Strategist_R260013109-1","https://bmo.wd3.myworkdayjobs.com/External/job/REMOTETELETRAVAIL-ON-CAN/Decision-Strategy-Management---Dialer-and-Campaign-Management-Strategist_R260013109-1","Data Governance Frameworks, Stakeholder Management, Technical Documentation, Roadmap Planning, Change Management, Risk Management, System Monitoring
Deterministic profile match: 7 profile skills mentioned; title alignment 0.0/3.0; domain signals 5. Title relevance penalty 1.0 applied.","","","","2026-05-14T23:00:30.910192+00:00"
"5","Global Lead, Customer Engagement Platforms (CRM)","Moderna","","","","","","onsite","","","","https://modernatx.wd1.myworkdayjobs.com/M_tx/job/Cambridge-Massachusetts/Global-Lead--Customer-Engagement-Platforms--CRM-_R18977-2","https://modernatx.wd1.myworkdayjobs.com/M_tx/job/Cambridge-Massachusetts/Global-Lead--Customer-Engagement-Platforms--CRM-_R18977-2","Data Governance Frameworks, Stakeholder Management, Roadmap Planning, Customer Success, Change Management, Deployment Workflows, Legal Technology
Deterministic profile match: 7 profile skills mentioned; title alignment 0.0/3.0; domain signals 7. Title relevance penalty 1.0 applied.","","","","2026-05-14T22:35:44.018180+00:00"
"5","Manager, Internal Quality Operations","Moderna","","","","","","onsite","","","","https://modernatx.wd1.myworkdayjobs.com/M_tx/job/Norwood-Massachusetts/Manager--Internal-Quality-Operations_R19154","https://modernatx.wd1.myworkdayjobs.com/M_tx/job/Norwood-Massachusetts/Manager--Internal-Quality-Operations_R19154","Root Cause Analysis, Presentation Skills, Mentoring, Change Management, QA Coordination, Scheduling Management, Resource Planning, ERP, Risk Management, System Monitoring
Deterministic profile match: 10 profile skills mentioned; title alignment 0.0/3.0; domain signals 3. Title relevance penalty 1.0 applied.","","","","2026-05-14T22:12:00.818278+00:00"
"5","Senior Engineer I, External MSAT","Moderna","","","","","","onsite","","","","https://modernatx.wd1.myworkdayjobs.com/M_tx/job/Norwood-Massachusetts/Senior-Engineer-I--External-MSAT_R18896-1","https://modernatx.wd1.myworkdayjobs.com/M_tx/job/Norwood-Massachusetts/Senior-Engineer-I--External-MSAT_R18896-1","Root Cause Analysis, Technical Documentation, Change Management, Training Enablement, SOPs, Risk Management, Legal Technology
Deterministic profile match: 7 profile skills mentioned; title alignment 0.0/3.0; domain signals 7. Title relevance penalty 1.0 applied.","","","","2026-05-14T22:12:00.818278+00:00"
"5","Hackathon Program Manager - APAC","NVIDIA","","","","","","remote","","","Singapore, Remote","https://nvidia.wd5.myworkdayjobs.com/NVIDIAExternalCareerSite/job/Singapore-Remote/Hackathon-Program-Manager---APAC_JR2002853","https://nvidia.wd5.myworkdayjobs.com/NVIDIAExternalCareerSite/job/Singapore-Remote/Hackathon-Program-Manager---APAC_JR2002853","Python, Program Management
Deterministic profile match: 2 profile skills mentioned; title alignment 1.5/3.0; domain signals 3.","","","","2026-05-14T22:07:43.149559+00:00"
"5","Engagement Delivery Sr. Manager","Salesforce","","","","","","remote","","","Mexico - Remote","https://salesforce.wd12.myworkdayjobs.com/External_Career_Site/job/Mexico---Remote/Engagement-Delivery-Director_JR332527","https://salesforce.wd12.myworkdayjobs.com/External_Career_Site/job/Mexico---Remote/Engagement-Delivery-Director_JR332527","Agile Scrum, Program Management, Customer Success, Change Management, Risk Management
Deterministic profile match: 5 profile skills mentioned; title alignment 0.0/3.0; domain signals 8. Title relevance penalty 1.0 applied.","","","","2026-05-14T22:07:01.612876+00:00"
"5","Deals Strategy & Operation Manager - HR Specialist - M&A Integration and Transformation Projects","PwC","","","","","","unknown","","","","https://pwc.wd3.myworkdayjobs.com/Global_Experienced_Careers/job/Deals-Strategy---Operation-Manager---HR-Specialist---M-A-Integration-and-Transformation-Projects_626717WD","https://pwc.wd3.myworkdayjobs.com/Global_Experienced_Careers/job/Deals-Strategy---Operation-Manager---HR-Specialist---M-A-Integration-and-Transformation-Projects_626717WD","Software Project Management, Stakeholder Management, Customer Success, Change Management, Risk Management
Deterministic profile match: 5 profile skills mentioned; title alignment 0.0/3.0; domain signals 4.","","","","2026-05-14T22:02:48.190234+00:00"
"5","Senior Systems Engineer, GXP Systems","Moderna","","","","","","onsite","","","","https://modernatx.wd1.myworkdayjobs.com/M_tx/job/Oxford---England/Senior-Systems-Engineer--GXP-Systems_R19086-1","https://modernatx.wd1.myworkdayjobs.com/M_tx/job/Oxford---England/Senior-Systems-Engineer--GXP-Systems_R19086-1","Technical Documentation, Change Management, SOPs, Workflow Automation, Data Pipelines, Legal Technology
Deterministic profile match: 6 profile skills mentioned; title alignment 0.0/3.0; domain signals 9. Title relevance penalty 1.0 applied.","","","","2026-05-14T22:02:20.415246+00:00"
"5","Linux Engineer","Moderna","","","","","","hybrid","","","","https://modernatx.wd1.myworkdayjobs.com/M_tx/job/Warsaw---Poland/Linux-Engineer_R18571-1","https://modernatx.wd1.myworkdayjobs.com/M_tx/job/Warsaw---Poland/Linux-Engineer_R18571-1","Python, Root Cause Analysis, Technical Documentation, Change Management, System Monitoring, AWS, Legal Technology
Deterministic profile match: 7 profile skills mentioned; title alignment 0.0/3.0; domain signals 6. Title relevance penalty 1.0 applied.","","","","2026-05-14T22:02:20.415246+00:00"
"5","CMC Digital Support Lead","Moderna","","","","","","onsite","","","","https://modernatx.wd1.myworkdayjobs.com/M_tx/job/Norwood-Massachusetts/CMC-Digital-Support-Lead_R19070-1","https://modernatx.wd1.myworkdayjobs.com/M_tx/job/Norwood-Massachusetts/CMC-Digital-Support-Lead_R19070-1","Root Cause Analysis, Technical Documentation, Mentoring, Customer Success, Change Management, Legal Technology
Deterministic profile match: 6 profile skills mentioned; title alignment 0.0/3.0; domain signals 7. Title relevance penalty 1.0 applied.","","","","2026-05-14T22:02:20.415246+00:00"
"5","Sr. Digital Manufacturing Technical Specialist","Moderna","","","","","","onsite","","","","https://modernatx.wd1.myworkdayjobs.com/M_tx/job/Norwood-Massachusetts/Sr-Digital-Manufacturing-Technical-Specialist_R19058","https://modernatx.wd1.myworkdayjobs.com/M_tx/job/Norwood-Massachusetts/Sr-Digital-Manufacturing-Technical-Specialist_R19058","Change Management, AI/ML, Deployment Workflows, Data Pipelines, Legal Technology
Deterministic profile match: 5 profile skills mentioned; title alignment 0.0/3.0; domain signals 8. Title relevance penalty 1.0 applied.","","","","2026-05-14T22:02:20.415246+00:00"
"5","Senior Internal Auditor","Thomson Reuters","","","","","","hybrid","","","","https://thomsonreuters.wd5.myworkdayjobs.com/External_Career_Site/job/India-Bengaluru-Karnataka/Assistant-Manager--Internal-Audit_JREQ198490","https://thomsonreuters.wd5.myworkdayjobs.com/External_Career_Site/job/India-Bengaluru-Karnataka/Assistant-Manager--Internal-Audit_JREQ198490","Hybrid Project Management, Software Project Management, Data Governance Frameworks, Stakeholder Management, Program Management, Presentation Skills, Change Management, Risk Management, Legal Technology
Deterministic profile match: 9 profile skills mentioned; title alignment 0.0/3.0; domain signals 5. Title relevance penalty 1.0 applied.","","","","2026-05-14T22:01:57.065581+00:00"
"5","Lead Software Engineer, AI","Thomson Reuters","","","","","","hybrid","","","","https://thomsonreuters.wd5.myworkdayjobs.com/External_Career_Site/job/United-States-of-America-Eagan-Minnesota/Lead-Software-Engineer--AI_JREQ197733","https://thomsonreuters.wd5.myworkdayjobs.com/External_Career_Site/job/United-States-of-America-Eagan-Minnesota/Lead-Software-Engineer--AI_JREQ197733","Python, Hybrid Project Management, SAFe, Software Project Management, Data Governance Frameworks, Machine Learning Frameworks, Program Management, AI/ML, System Monitoring, Data Pipelines, AWS, Legal Technology
Deterministic profile match: 12 profile skills mentioned; title alignment 0.0/3.0; domain signals 7. Title relevance penalty 2.5 applied.","","","","2026-05-14T22:01:57.065581+00:00"
"5","Senior Data Scientist ? Election & News Products","Thomson Reuters","","","","","","hybrid","","","","https://thomsonreuters.wd5.myworkdayjobs.com/External_Career_Site/job/United-States-of-America-Washington-District-of-Columbia/Senior-Data-Scientist---Editorial---News-Products_JREQ199598","https://thomsonreuters.wd5.myworkdayjobs.com/External_Career_Site/job/United-States-of-America-Washington-District-of-Columbia/Senior-Data-Scientist---Editorial---News-Products_JREQ199598","Python, SQL, SAFe, Data Governance Frameworks, Machine Learning Frameworks, AI/ML, Data Pipelines, Snowflake, AWS, Legal Technology
Deterministic profile match: 10 profile skills mentioned; title alignment 0.0/3.0; domain signals 6. Title relevance penalty 1.5 applied.","","","","2026-05-14T22:01:57.065581+00:00"
"5","Senior Lead Software Engineer - AI","Thomson Reuters","","","","","","hybrid","","","","https://thomsonreuters.wd5.myworkdayjobs.com/External_Career_Site/job/India-Bengaluru-Karnataka/Senior-Software-Engineer---AI-I_JREQ194745","https://thomsonreuters.wd5.myworkdayjobs.com/External_Career_Site/job/India-Bengaluru-Karnataka/Senior-Software-Engineer---AI-I_JREQ194745","Python, SQL, Agile Scrum, Data Governance Frameworks, Machine Learning Frameworks, AI/ML, System Monitoring, Data Pipelines, AWS, Legal Technology
Deterministic profile match: 10 profile skills mentioned; title alignment 0.0/3.0; domain signals 10. Title relevance penalty 2.5 applied.","","","","2026-05-14T22:01:57.065581+00:00"
"5","Assistant Manager Tax Projects - US Taxation (Form 1040)","Thomson Reuters","","","","","","hybrid","","","","https://thomsonreuters.wd5.myworkdayjobs.com/External_Career_Site/job/India-Hyderabad-Telangana/Assistant-Manager-Tax-Projects--Project-Management-_JREQ198115","https://thomsonreuters.wd5.myworkdayjobs.com/External_Career_Site/job/India-Hyderabad-Telangana/Assistant-Manager-Tax-Projects--Project-Management-_JREQ198115","SQL, Hybrid Project Management, Software Project Management, Presentation Skills, Change Management, Legal Technology
Deterministic profile match: 6 profile skills mentioned; title alignment 0.0/3.0; domain signals 5.","","","","2026-05-14T22:01:57.065581+00:00"
"5","Go-To-Market (GTM) Territory Design Lead","Thomson Reuters","","","","","","hybrid","","","","https://thomsonreuters.wd5.myworkdayjobs.com/External_Career_Site/job/United-States-of-America-Eagan-Minnesota/Go-To-Market--GTM--Territory-Design-Lead_JREQ200662","https://thomsonreuters.wd5.myworkdayjobs.com/External_Career_Site/job/United-States-of-America-Eagan-Minnesota/Go-To-Market--GTM--Territory-Design-Lead_JREQ200662","Go-to-market Strategy, Hybrid Project Management, SAFe, Software Project Management, Data Governance Frameworks, Stakeholder Management, Program Management, Technical Documentation, Legal Technology
Deterministic profile match: 9 profile skills mentioned; title alignment 0.0/3.0; domain signals 5. Title relevance penalty 1.0 applied.","","","","2026-05-14T22:01:57.065581+00:00"
"5","Marketer, Events & Sponsorship Activation","Thomson Reuters","","","","","","hybrid","","","","https://thomsonreuters.wd5.myworkdayjobs.com/External_Career_Site/job/United-States-of-America-Eagan-Minnesota/Campaign-Management-Marketer_JREQ200570","https://thomsonreuters.wd5.myworkdayjobs.com/External_Career_Site/job/United-States-of-America-Eagan-Minnesota/Campaign-Management-Marketer_JREQ200570","Hybrid Project Management, SAFe, Software Project Management, Program Management, Customer Success, Data Pipelines, Legal Technology
Deterministic profile match: 7 profile skills mentioned; title alignment 0.0/3.0; domain signals 8. Title relevance penalty 1.0 applied.","","","","2026-05-14T22:01:57.065581+00:00"
"5","Marketer, Campaign Activation","Thomson Reuters","","","","","","hybrid","","","","https://thomsonreuters.wd5.myworkdayjobs.com/External_Career_Site/job/United-States-of-America-Eagan-Minnesota/Campaign-Management-Activation-Marketer_JREQ200569","https://thomsonreuters.wd5.myworkdayjobs.com/External_Career_Site/job/United-States-of-America-Eagan-Minnesota/Campaign-Management-Activation-Marketer_JREQ200569","Hybrid Project Management, SAFe, Software Project Management, Program Management, Requirements Gathering, Workflow Automation, Legal Technology
Deterministic profile match: 7 profile skills mentioned; title alignment 0.0/3.0; domain signals 8. Title relevance penalty 1.0 applied.","","","","2026-05-14T22:01:57.065581+00:00"
"5","Customer Success Manager","Thomson Reuters","","","","","","unknown","","","","https://thomsonreuters.wd5.myworkdayjobs.com/External_Career_Site/job/United-States-of-America-Eagan-Minnesota/Customer-Success-Manager_JREQ200254","https://thomsonreuters.wd5.myworkdayjobs.com/External_Career_Site/job/United-States-of-America-Eagan-Minnesota/Customer-Success-Manager_JREQ200254","SAFe, Stakeholder Management, Program Management, Customer Success, Risk Management, Legal Technology
Deterministic profile match: 6 profile skills mentioned; title alignment 0.0/3.0; domain signals 7. Title relevance penalty 1.0 applied.","","","","2026-05-14T22:01:57.065581+00:00"
"5","Customer Success Manager","Thomson Reuters","","","","","","hybrid","","","","https://thomsonreuters.wd5.myworkdayjobs.com/External_Career_Site/job/United-States-of-America-New-York-New-York/Customer-Success-Manager_JREQ200626","https://thomsonreuters.wd5.myworkdayjobs.com/External_Career_Site/job/United-States-of-America-New-York-New-York/Customer-Success-Manager_JREQ200626","Hybrid Project Management, SAFe, Software Project Management, Program Management, Presentation Skills, Customer Success, Training Enablement, Legal Technology
Deterministic profile match: 8 profile skills mentioned; title alignment 0.0/3.0; domain signals 6. Title relevance penalty 1.0 applied.","","","","2026-05-14T22:01:57.065581+00:00"
"5","Senior Accountant - Fixed Asset & Project Accounting","Thomson Reuters","","","","","","hybrid","","","","https://thomsonreuters.wd5.myworkdayjobs.com/External_Career_Site/job/India-Bengaluru-Karnataka/Senior-Accountant---Fixed-Asset---Project-Accounting_JREQ200356","https://thomsonreuters.wd5.myworkdayjobs.com/External_Career_Site/job/India-Bengaluru-Karnataka/Senior-Accountant---Fixed-Asset---Project-Accounting_JREQ200356","Hybrid Project Management, Software Project Management, Data Governance Frameworks, Stakeholder Management, Power BI, Legal Technology
Deterministic profile match: 6 profile skills mentioned; title alignment 0.0/3.0; domain signals 4.","","","","2026-05-14T22:01:57.065581+00:00"
"5","Manager, Fixed Asset & Project Accounting","Thomson Reuters","","","","","","hybrid","","","","https://thomsonreuters.wd5.myworkdayjobs.com/External_Career_Site/job/India-Bengaluru-Karnataka/Manager--Fixed-Asset---Project-Accounting_JREQ200354","https://thomsonreuters.wd5.myworkdayjobs.com/External_Career_Site/job/India-Bengaluru-Karnataka/Manager--Fixed-Asset---Project-Accounting_JREQ200354","Hybrid Project Management, Software Project Management, Stakeholder Management, Policy Automation, Power BI, Legal Technology
Deterministic profile match: 6 profile skills mentioned; title alignment 0.0/3.0; domain signals 5.","","","","2026-05-14T22:01:57.065581+00:00"
"5","Customer Success Manager, Corporate Tax","Thomson Reuters","","","","","","unknown","","","","https://thomsonreuters.wd5.myworkdayjobs.com/External_Career_Site/job/United-States-of-America-Eagan-Minnesota/Customer-Success-Manager--Corporate-Tax_JREQ198614","https://thomsonreuters.wd5.myworkdayjobs.com/External_Career_Site/job/United-States-of-America-Eagan-Minnesota/Customer-Success-Manager--Corporate-Tax_JREQ198614","SAFe, Program Management, Customer Success, Resource Planning, ERP, Legal Technology
Deterministic profile match: 6 profile skills mentioned; title alignment 0.0/3.0; domain signals 7. Title relevance penalty 1.0 applied.","","","","2026-05-14T22:01:57.065581+00:00"
"5","Partnerships Manager, Legal Professionals","Thomson Reuters","","","","","","hybrid","","","","https://thomsonreuters.wd5.myworkdayjobs.com/External_Career_Site/job/United-States-of-America-New-York-New-York/Partnerships---Alliances-Manager_JREQ199452","https://thomsonreuters.wd5.myworkdayjobs.com/External_Career_Site/job/United-States-of-America-New-York-New-York/Partnerships---Alliances-Manager_JREQ199452","Hybrid Project Management, SAFe, Software Project Management, Stakeholder Management, Program Management, Customer Success, Legal Technology
Deterministic profile match: 7 profile skills mentioned; title alignment 0.0/3.0; domain signals 6. Title relevance penalty 1.0 applied.","","","","2026-05-14T22:01:57.065581+00:00"
"5","Senior Software Engineer - AI (Materia AI)","Thomson Reuters","","","","","","hybrid","","","","https://thomsonreuters.wd5.myworkdayjobs.com/External_Career_Site/job/Canada-Toronto-Ontario/Senior-Software-Engineer---AI--Materia-AI-_JREQ196458-3","https://thomsonreuters.wd5.myworkdayjobs.com/External_Career_Site/job/Canada-Toronto-Ontario/Senior-Software-Engineer---AI--Materia-AI-_JREQ196458-3","Python, Data Governance Frameworks, Mentoring, AI/ML, Observability Concepts, Data Pipelines, Distributed Systems Concepts, PostgreSQL, AWS, Legal Technology
Deterministic profile match: 10 profile skills mentioned; title alignment 0.0/3.0; domain signals 7. Title relevance penalty 2.5 applied.","","","","2026-05-14T22:01:57.065581+00:00"
"5","Manager, DevOps and Cloud Infrastructure","Thomson Reuters","","","","","","hybrid","","","","https://thomsonreuters.wd5.myworkdayjobs.com/External_Career_Site/job/United-States-of-America-McLean-Virginia/Manager--DevOps-and-Cloud-Infrastructure_JREQ199930","https://thomsonreuters.wd5.myworkdayjobs.com/External_Career_Site/job/United-States-of-America-McLean-Virginia/Manager--DevOps-and-Cloud-Infrastructure_JREQ199930","Python, SAFe, Program Management, Risk Management, Database Access Governance, AWS, GitHub, Legal Technology
Deterministic profile match: 8 profile skills mentioned; title alignment 0.0/3.0; domain signals 5. Title relevance penalty 1.0 applied.","","","","2026-05-14T22:01:57.065581+00:00"
"5","Sr. Customer Success Manger, Corporates Legal","Thomson Reuters","","","","","","unknown","","","","https://thomsonreuters.wd5.myworkdayjobs.com/External_Career_Site/job/United-States-of-America-Ann-Arbor-Michigan/Sr-Customer-Success-Manger--Corporates-Legal_JREQ199895","https://thomsonreuters.wd5.myworkdayjobs.com/External_Career_Site/job/United-States-of-America-Ann-Arbor-Michigan/Sr-Customer-Success-Manger--Corporates-Legal_JREQ199895","SAFe, Stakeholder Management, Program Management, Customer Success, Risk Management, Legal Technology
Deterministic profile match: 6 profile skills mentioned; title alignment 0.0/3.0; domain signals 7. Title relevance penalty 1.0 applied.","","","","2026-05-14T22:01:57.065581+00:00"
"5","Account Manager","Thomson Reuters","","","","","","hybrid","","","","https://thomsonreuters.wd5.myworkdayjobs.com/External_Career_Site/job/United-States-of-America-Eagan-Minnesota/Account-Manager_JREQ199375","https://thomsonreuters.wd5.myworkdayjobs.com/External_Career_Site/job/United-States-of-America-Eagan-Minnesota/Account-Manager_JREQ199375","SAFe, Program Management, Customer Success, Scheduling Management, Resource Planning, Release Coordination, Legal Technology, Microsoft Planner
Deterministic profile match: 8 profile skills mentioned; title alignment 0.0/3.0; domain signals 5. Title relevance penalty 1.0 applied.","","","","2026-05-14T22:01:57.065581+00:00"
"5","Manager AI and Applied Research","Thomson Reuters","","","","","","hybrid","","","","https://thomsonreuters.wd5.myworkdayjobs.com/External_Career_Site/job/United-States-of-America-Eagan-Minnesota/Manager-AI-and-Applied-Research_JREQ194816-4","https://thomsonreuters.wd5.myworkdayjobs.com/External_Career_Site/job/United-States-of-America-Eagan-Minnesota/Manager-AI-and-Applied-Research_JREQ194816-4","Python, SAFe, Program Management, AI/ML, Data Pipelines, AWS, Legal Technology
Deterministic profile match: 7 profile skills mentioned; title alignment 0.0/3.0; domain signals 6. Title relevance penalty 1.0 applied.","","","","2026-05-14T22:01:57.065581+00:00"
"5","Senior Software Engineer - AI (Materia AI)","Thomson Reuters","","","","","","hybrid","","","","https://thomsonreuters.wd5.myworkdayjobs.com/External_Career_Site/job/United-States-of-America-Eagan-Minnesota/Senior-Software-Engineer---AI--Materia-AI-_JREQ196434-3","https://thomsonreuters.wd5.myworkdayjobs.com/External_Career_Site/job/United-States-of-America-Eagan-Minnesota/Senior-Software-Engineer---AI--Materia-AI-_JREQ196434-3","Python, SAFe, Data Governance Frameworks, Mentoring, AI/ML, Observability Concepts, Data Pipelines, Distributed Systems Concepts, PostgreSQL, AWS, Legal Technology
Deterministic profile match: 11 profile skills mentioned; title alignment 0.0/3.0; domain signals 7. Title relevance penalty 2.5 applied.","","","","2026-05-14T22:01:57.065581+00:00"
"5","PMP Service Manager, E-invoicing","Thomson Reuters","","","","","","hybrid","","","","https://thomsonreuters.wd5.myworkdayjobs.com/External_Career_Site/job/United-States-of-America-Eagan-Minnesota/Service-Manager--E-invoicing_JREQ199490-1","https://thomsonreuters.wd5.myworkdayjobs.com/External_Career_Site/job/United-States-of-America-Eagan-Minnesota/Service-Manager--E-invoicing_JREQ199490-1","Hybrid Project Management, SAFe, Software Project Management, Program Management, Customer Success, Resource Planning, ERP, Legal Technology
Deterministic profile match: 8 profile skills mentioned; title alignment 0.0/3.0; domain signals 7. Title relevance penalty 1.0 applied.","","","","2026-05-14T22:01:57.065581+00:00"
"5","Supervisor, Accounting","Thomson Reuters","","","","","","hybrid","","","","https://thomsonreuters.wd5.myworkdayjobs.com/External_Career_Site/job/India-Hyderabad-Telangana/Supervisor--Accounting_JREQ199122","https://thomsonreuters.wd5.myworkdayjobs.com/External_Career_Site/job/India-Hyderabad-Telangana/Supervisor--Accounting_JREQ199122","Data Governance Frameworks, Stakeholder Management, Technical Documentation, ERP, Risk Management, Power BI, Legal Technology
Deterministic profile match: 7 profile skills mentioned; title alignment 0.0/3.0; domain signals 6. Title relevance penalty 1.0 applied.","","","","2026-05-14T22:01:57.065581+00:00"
"5","Technical Engineering Manager - Master Data Management","Thomson Reuters","","","","","","hybrid","","","","https://thomsonreuters.wd5.myworkdayjobs.com/External_Career_Site/job/India-Bengaluru-Karnataka/Technical-Engineering-Manager---Master-Data-Management_JREQ199331","https://thomsonreuters.wd5.myworkdayjobs.com/External_Career_Site/job/India-Bengaluru-Karnataka/Technical-Engineering-Manager---Master-Data-Management_JREQ199331","Python, SQL, Change Management, AI/ML, AWS, ServiceNow, Legal Technology
Deterministic profile match: 7 profile skills mentioned; title alignment 0.0/3.0; domain signals 7. Title relevance penalty 1.0 applied.","","","","2026-05-14T22:01:57.065581+00:00"
"5","Service Manager","Thomson Reuters","","","","","","hybrid","","","","https://thomsonreuters.wd5.myworkdayjobs.com/External_Career_Site/job/Sweden-Stockholm/Service-Manager_JREQ199246-1","https://thomsonreuters.wd5.myworkdayjobs.com/External_Career_Site/job/Sweden-Stockholm/Service-Manager_JREQ199246-1","Hybrid Project Management, Software Project Management, Stakeholder Management, Customer Success, Resource Planning, ERP, Legal Technology
Deterministic profile match: 7 profile skills mentioned; title alignment 0.0/3.0; domain signals 8. Title relevance penalty 1.0 applied.","","","","2026-05-14T22:01:57.065581+00:00"
"5","Accounting Manager","Thomson Reuters","","","","","","hybrid","","","","https://thomsonreuters.wd5.myworkdayjobs.com/External_Career_Site/job/Poland-Gdansk/Accounting-Manager_JREQ199120","https://thomsonreuters.wd5.myworkdayjobs.com/External_Career_Site/job/Poland-Gdansk/Accounting-Manager_JREQ199120","Hybrid Project Management, Software Project Management, Program Management, Change Management, ERP, Risk Management, Power BI, Legal Technology
Deterministic profile match: 8 profile skills mentioned; title alignment 0.0/3.0; domain signals 4. Title relevance penalty 1.0 applied.","","","","2026-05-14T22:01:57.065581+00:00"
"5","Senior Client Resource Manager","Thomson Reuters","","","","","","hybrid","","","","https://thomsonreuters.wd5.myworkdayjobs.com/External_Career_Site/job/United-States-of-America-Eagan-Minnesota/Senior-Client-Resource-Manager_JREQ199173","https://thomsonreuters.wd5.myworkdayjobs.com/External_Career_Site/job/United-States-of-America-Eagan-Minnesota/Senior-Client-Resource-Manager_JREQ199173","SAFe, Data Governance Frameworks, Stakeholder Management, Program Management, Change Management, Resource Planning, Risk Management, Legal Technology
Deterministic profile match: 8 profile skills mentioned; title alignment 0.0/3.0; domain signals 5. Title relevance penalty 1.0 applied.","","","","2026-05-14T22:01:57.065581+00:00"
"5","Manager, Lead Research Scientist, LLM Agents (Foundational Research)","Thomson Reuters","","","","","","hybrid","","","","https://thomsonreuters.wd5.myworkdayjobs.com/External_Career_Site/job/United-Kingdom-London/Manager--Lead-Research-Scientist--LLM-Agents--Foundational-Research-_JREQ193526","https://thomsonreuters.wd5.myworkdayjobs.com/External_Career_Site/job/United-Kingdom-London/Manager--Lead-Research-Scientist--LLM-Agents--Foundational-Research-_JREQ193526","Data Governance Frameworks, Machine Learning Frameworks, AI/ML, Data Pipelines, AWS, Legal Technology, Google Cloud
Deterministic profile match: 7 profile skills mentioned; title alignment 0.0/3.0; domain signals 7. Title relevance penalty 1.0 applied.","","","","2026-05-14T22:01:57.065581+00:00"
"5","Manager, Lead Research Scientist, Training Data (Foundational  Research)","Thomson Reuters","","","","","","hybrid","","","","https://thomsonreuters.wd5.myworkdayjobs.com/External_Career_Site/job/United-Kingdom-London/Manager--Lead-Research-Scientist--Training-Data--Foundational--Research-_JREQ193528","https://thomsonreuters.wd5.myworkdayjobs.com/External_Career_Site/job/United-Kingdom-London/Manager--Lead-Research-Scientist--Training-Data--Foundational--Research-_JREQ193528","Data Governance Frameworks, Machine Learning Frameworks, Resource Planning, AI/ML, Data Pipelines, AWS, Legal Technology, Google Cloud
Deterministic profile match: 8 profile skills mentioned; title alignment 0.0/3.0; domain signals 7. Title relevance penalty 1.0 applied.","","","","2026-05-14T22:01:57.065581+00:00"
"5","Manager - Software Application Specialists","Motorola Solutions","","","","","","remote","","","California Northern Remote Work, More...","https://motorolasolutions.wd5.myworkdayjobs.com/Careers/job/California-Northern-Remote-Work/Manager---Software-Application-Specialists_R62262","https://motorolasolutions.wd5.myworkdayjobs.com/Careers/job/California-Northern-Remote-Work/Manager---Software-Application-Specialists_R62262","Software Project Management, Stakeholder Management, Program Management, Technical Documentation, Requirements Gathering, Customer Success, Scheduling Management, Deployment Workflows
Deterministic profile match: 8 profile skills mentioned; title alignment 0.0/3.0; domain signals 5. Title relevance penalty 1.0 applied.","","","","2026-05-14T21:59:19.671411+00:00"
"5","Services Product Manager","Motorola Solutions","","","","","","remote","","","Illinois Remote Work, More...","https://motorolasolutions.wd5.myworkdayjobs.com/Careers/job/Illinois-Remote-Work/Services-Product-Manager_R62043","https://motorolasolutions.wd5.myworkdayjobs.com/Careers/job/Illinois-Remote-Work/Services-Product-Manager_R62043","Software Project Management, Stakeholder Management
Deterministic profile match: 2 profile skills mentioned; title alignment 1.0/3.0; domain signals 5.","","","","2026-05-14T21:59:19.671411+00:00"
"5","PremierOne CAD Application Specialist","Motorola Solutions","","","","","","remote","","","Illinois Remote Work, More...","https://motorolasolutions.wd5.myworkdayjobs.com/Careers/job/Illinois-Remote-Work/PremierOne-CAD-Application-Specialist_R61953-1","https://motorolasolutions.wd5.myworkdayjobs.com/Careers/job/Illinois-Remote-Work/PremierOne-CAD-Application-Specialist_R61953-1","Software Project Management, Stakeholder Management, Program Management, Technical Documentation, Requirements Gathering, Customer Success, Deployment Workflows, Legal Technology
Deterministic profile match: 8 profile skills mentioned; title alignment 0.0/3.0; domain signals 5. Title relevance penalty 1.0 applied.","","","","2026-05-14T21:59:19.671411+00:00"
"5","Solutions System Specialist","Motorola Solutions","","","","","","remote","","","Illinois Remote Work, More...","https://motorolasolutions.wd5.myworkdayjobs.com/Careers/job/Illinois-Remote-Work/Solutions-System-Specialist_R63480-1","https://motorolasolutions.wd5.myworkdayjobs.com/Careers/job/Illinois-Remote-Work/Solutions-System-Specialist_R63480-1","SQL, SAFe, Software Project Management, Program Management, Presentation Skills, Change Management, Legal Technology
Deterministic profile match: 7 profile skills mentioned; title alignment 0.0/3.0; domain signals 6. Title relevance penalty 1.0 applied.","","","","2026-05-14T21:59:19.671411+00:00"
"5","Application Specialist","Motorola Solutions","C:\Users\bsing\.applypilot\tailored_resumes\software-pm\050_7_Motorola_Solutions_Application_Specialist.txt","failed_validation","Missing required field: projects","","","remote","","","Texas Remote Work, More...","https://motorolasolutions.wd5.myworkdayjobs.com/Careers/job/Texas-Remote-Work/Application-Specialist_R64478","https://motorolasolutions.wd5.myworkdayjobs.com/Careers/job/Texas-Remote-Work/Application-Specialist_R64478","Software Project Management, Technical Documentation, Customer Success, Deployment Workflows, Jira
Deterministic profile match: 5 profile skills mentioned; title alignment 0.0/3.0; domain signals 8. Title relevance penalty 1.0 applied.","","","","2026-05-14T21:59:19.671411+00:00"
"5","Senior Product Manager, Developer Infrastructure","NVIDIA","","","","","","hybrid","US, CA, Remote","","US, CA, Remote","https://nvidia.wd5.myworkdayjobs.com/NVIDIAExternalCareerSite/job/US-CA-Remote/Senior-Product-Manager--Developer-Infrastructure_JR2015195-1","https://nvidia.wd5.myworkdayjobs.com/NVIDIAExternalCareerSite/job/US-CA-Remote/Senior-Product-Manager--Developer-Infrastructure_JR2015195-1","Risk Management
Deterministic profile match: 1 profile skills mentioned; title alignment 1.0/3.0; domain signals 7.","","","","2026-05-14T21:57:02.905092+00:00"
"5","Tableau Technical Architect (TS/SCI clearance)","Salesforce","","","","","","remote","","","Virginia - Washington DC Metro - Remote","https://salesforce.wd12.myworkdayjobs.com/External_Career_Site/job/Virginia---Washington-DC-Metro---Remote/Tableau-Technical-Architect--TS-SCI-clearance-_JR333434","https://salesforce.wd12.myworkdayjobs.com/External_Career_Site/job/Virginia---Washington-DC-Metro---Remote/Tableau-Technical-Architect--TS-SCI-clearance-_JR333434","Python, SQL, JavaScript, Customer Success, Training Enablement, Deployment Workflows, AWS
Deterministic profile match: 7 profile skills mentioned; title alignment 0.0/3.0; domain signals 10. Title relevance penalty 1.0 applied.","","","","2026-05-14T21:56:24.524327+00:00"
"5","Sr Engagement (Project/ Delivery) Manager - State & Local Government","Workday","","","","","","remote","","","USA Remote","https://workday.wd5.myworkdayjobs.com/Workday/job/USA-Remote/Sr-Engagement--Project--Delivery--Manager---State---Local-Government_JR-0107085","https://workday.wd5.myworkdayjobs.com/Workday/job/USA-Remote/Sr-Engagement--Project--Delivery--Manager---State---Local-Government_JR-0107085","Software Project Management, Mentoring, Customer Success, Change Management, ERP
Deterministic profile match: 5 profile skills mentioned; title alignment 0.0/3.0; domain signals 7.","","","","2026-05-14T21:56:19.504779+00:00"
"5","Senior Product Manager, New Products","OrderlyMeds","","","","","","remote","","","Remote, US (Remote)","https://ats.rippling.com/orderly-wellness/jobs/1a58b2b4-5085-4ced-bbc9-fba424abbb6e?jobSite=Indeed","https://www.indeed.com/viewjob?jk=d0f0c4fce1d14402","Lean Product Development, Stakeholder Management
Deterministic profile match: 2 profile skills mentioned; title alignment 1.0/3.0; domain signals 4.","","","","2026-05-14T21:52:47.996850+00:00"
"5","Senior Project Manager | Data Centers","TYG","","","","","","unknown","","","","","https://www.linkedin.com/jobs/view/4414214003","Change Management, Scheduling Management
Deterministic profile match: 2 profile skills mentioned; title alignment 2.0/3.0; domain signals 2.","","","","2026-05-14T21:52:47.996850+00:00"
"5","Senior Project Manager","Pinnacle Method Consulting","","","","","","unknown","","","","","https://www.linkedin.com/jobs/view/4414438980","Software Project Management, Mentoring
Deterministic profile match: 2 profile skills mentioned; title alignment 2.0/3.0; domain signals 1.","","","","2026-05-14T21:52:47.996850+00:00"
"5","Project Manager","IOON","","","","","","unknown","","","","","https://www.linkedin.com/jobs/view/4411171028","SQL
Deterministic profile match: 1 profile skills mentioned; title alignment 2.0/3.0; domain signals 3.","","","","2026-05-14T21:50:40.094592+00:00"
"5","Manager, Implementation Management","Hightouch","","","","","","remote","","","Remote","","https://www.linkedin.com/jobs/view/4375083863","Customer Success, Risk Management, Snowflake, Databricks
Deterministic profile match: 4 profile skills mentioned; title alignment 0.0/3.0; domain signals 10.","","","","2026-05-14T21:50:40.094592+00:00"
"5","Implementation Manager","avante","C:\Users\bsing\.applypilot\tailored_resumes\software-pm\080_7_avante_Implementation_Manager.txt","failed_validation","Company 'Sakhi' missing from experience; Company 'The Samaritans of New York' missing from experience","Banned words: seamless","","onsite","","","","","https://www.linkedin.com/jobs/view/4414162029","SQL, Customer Success, Deployment Workflows, ServiceNow
Deterministic profile match: 4 profile skills mentioned; title alignment 0.0/3.0; domain signals 9.","","","","2026-05-14T21:49:36.838746+00:00"
"5","Director, Program Management, Office of the COO","Horizon Media","C:\Users\bsing\.applypilot\tailored_resumes\software-pm\073_7_Horizon_Media_Director_Program_Management_Office_of_the_COO.txt","failed_validation","Company 'Sakhi' missing from experience; Company 'The Samaritans of New York' missing from experience","","","unknown","","","","","https://www.linkedin.com/jobs/view/4411504880","SAFe, Stakeholder Management, Program Management, Requirements Gathering, Mentoring, Jira, Legal Technology
Deterministic profile match: 7 profile skills mentioned; title alignment 0.0/3.0; domain signals 7. Title relevance penalty 1.5 applied.","","","","2026-05-14T21:49:36.838746+00:00"
"5","Enterprise Implementation Specialist","Kollective Group","C:\Users\bsing\.applypilot\tailored_resumes\software-pm\076_7_Kollective_Group_Enterprise_Implementation_Specialist.txt","failed_validation","Company 'Sakhi' missing from experience; Company 'The Samaritans of New York' missing from experience","","","hybrid","","","","","https://www.linkedin.com/jobs/view/4414678549","Hybrid Project Management, Software Project Management, Stakeholder Management, Customer Success
Deterministic profile match: 4 profile skills mentioned; title alignment 0.0/3.0; domain signals 9.","","","","2026-05-14T21:49:36.838746+00:00"
"5","Director, Program Management, Product and Data (Temp)","Horizon Media","C:\Users\bsing\.applypilot\tailored_resumes\software-pm\074_7_Horizon_Media_Director_Program_Management_Product_and_Data_Temp.txt","failed_validation","Company 'Sakhi' missing from experience; Company 'The Samaritans of New York' missing from experience","Banned words: proven track record","","unknown","","","","","https://www.linkedin.com/jobs/view/4411508619","SAFe, Data Governance Frameworks, Stakeholder Management, Program Management, Change Management, Risk Management, Jira, Legal Technology
Deterministic profile match: 8 profile skills mentioned; title alignment 0.0/3.0; domain signals 9. Title relevance penalty 1.5 applied.","","","","2026-05-14T21:49:36.838746+00:00"
"5","Go-to-Market Enablement Manager","ProShop ERP","","","","","","remote","","","Remote, US (Remote)","https://ats.rippling.com/proshop/jobs/c0c6db1e-0f2f-4c4e-bbec-949bbff070d3?jobSite=Indeed","https://www.indeed.com/viewjob?jk=94c65df35acbaa6d","Software Project Management, Customer Success, Change Management, Training Enablement, ERP, SOPs, HubSpot
Deterministic profile match: 7 profile skills mentioned; title alignment 0.0/3.0; domain signals 7. Title relevance penalty 1.0 applied.","","","","2026-05-14T21:48:33.976678+00:00"
"5","Priority Project Manager","Priority Software","","","","","","unknown","","","","","https://www.linkedin.com/jobs/view/4413195787","Software Project Management
Deterministic profile match: 1 profile skills mentioned; title alignment 2.0/3.0; domain signals 3.","","","","2026-05-14T21:48:33.976678+00:00"
"5","Senior Product Manager, Growth & Enrollment","Imagine Pediatrics","","","","","","remote","","","Remote, US (Remote)","https://grnh.se/ryn9ezuu5us","https://www.indeed.com/viewjob?jk=de83e36fd3e3717b","SAFe, Program Management
Deterministic profile match: 2 profile skills mentioned; title alignment 1.0/3.0; domain signals 4.","","","","2026-05-14T21:46:30.549281+00:00"
"5","Principal Salesforce Developer and Release Manager","Veradigm","","","","","","remote","","","Remote, US (Remote)","https://veradigm.wd12.myworkdayjobs.com/en-US/VR/job/Remote---US/Principal-Salesforce-Developer-and-Release-Manager_JR10568","https://www.indeed.com/viewjob?jk=0083d0807bc63a9a","Program Management, Mentoring, Change Management, Deployment Workflows, Policy Automation, Data Pipelines, Jira, GitHub
Deterministic profile match: 8 profile skills mentioned; title alignment 0.0/3.0; domain signals 7. Title relevance penalty 1.0 applied.","","","","2026-05-14T21:46:30.549281+00:00"
"5","Product Manager, Handpiece, Small Equipment & Rotary","Henry Schein","","","","","","remote","","","Remote, US (Remote)","https://henryschein.wd1.myworkdayjobs.com/nl-NL/External_Careers/job/United-States---Remote/Product-Manager--Handpiece--Small-Equipment---Rotary_R133694","https://www.indeed.com/viewjob?jk=8f895dc9f21df7f5","Program Management, Presentation Skills, Roadmap Planning, Customer Success, Resource Planning
Deterministic profile match: 5 profile skills mentioned; title alignment 1.0/3.0; domain signals 3.","","","","2026-05-14T21:46:30.549281+00:00"
"5","Technical Program Manager - AI & Security/Executive /leadershp level communication","Ahura Workforce Solutions","C:\Users\bsing\.applypilot\tailored_resumes\software-pm\038_8_Ahura_Workforce_Solu_Technical_Program_Manager_-_AI__SecurityExecutive.txt","failed_validation","Company 'Sakhi' missing from experience; Company 'The Samaritans of New York' missing from experience","Banned words: proven track record","","remote","","","Remote","","https://www.linkedin.com/jobs/view/4414492446","Program Management, AI/ML
Deterministic profile match: 2 profile skills mentioned; title alignment 2.0/3.0; domain signals 2.","","","","2026-05-14T21:46:30.549281+00:00"
"5","Product Security Engineer III","GitHub","","","","","","remote","","","Remote, US (Remote)","https://www.github.careers/jobs/5327/job?utm_source=indeed_integration&iis=Job%20Board&iisn=Indeed&indeed-apply-token=73a2d2b2a8d6d5c0a62696875eaebd669103652d3f0c2cd5445d3e66b1592b0f","https://www.indeed.com/viewjob?jk=082ef45b833e83ff","Python, Program Management, Customer Success, Change Management, Distributed Systems Concepts, GitHub
Deterministic profile match: 6 profile skills mentioned; title alignment 0.0/3.0; domain signals 3.","","","","2026-05-14T21:44:13.352357+00:00"
"5","Project Coordinator","Tundra Technical Solutions","C:\Users\bsing\.applypilot\tailored_resumes\software-pm\020_8_Tundra_Technical_Sol_Project_Coordinator.txt","failed_validation","Company 'Sakhi' missing from experience; Company 'The Samaritans of New York' missing from experience","Banned words: detail-oriented","","unknown","","","","","https://www.linkedin.com/jobs/view/4414212842","Software Project Management, Program Management, Technical Documentation, Release Coordination, Jira
Deterministic profile match: 5 profile skills mentioned; title alignment 0.0/3.0; domain signals 5.","","","","2026-05-14T21:44:13.352357+00:00"
"5","General Program Manager","AnsibleHealth","C:\Users\bsing\.applypilot\tailored_resumes\software-pm\077_7_AnsibleHealth_General_Program_Manager.txt","failed_validation","Company 'Sakhi' missing from experience; Company 'The Samaritans of New York' missing from experience","","","remote","","","Remote","","https://www.linkedin.com/jobs/view/4414256615","Program Management, Change Management, Risk Management
Deterministic profile match: 3 profile skills mentioned; title alignment 1.5/3.0; domain signals 3.","","","","2026-05-14T21:44:13.352357+00:00"
"5","Project Manager Senior - Remote","INDI Staffing Services","","","","","","remote","","","Remote","","https://www.linkedin.com/jobs/view/4414203950","Software Project Management
Deterministic profile match: 1 profile skills mentioned; title alignment 2.0/3.0; domain signals 3.","","","","2026-05-14T21:44:13.352357+00:00"
"5","Senior Staff Program Manager, Public & Industry Analyst Relations","Jobgether","","","","","","remote","","","Remote","","https://www.linkedin.com/jobs/view/4413525256","Program Management, Legal Technology
Deterministic profile match: 2 profile skills mentioned; title alignment 1.5/3.0; domain signals 4.","","","","2026-05-14T21:44:13.352357+00:00"
"5","Project Coordinator","Leidos","","","","","","remote","","","Remote","","https://www.linkedin.com/jobs/view/4410313573","Software Project Management, Stakeholder Management, Program Management, Customer Success, Change Management
Deterministic profile match: 5 profile skills mentioned; title alignment 0.0/3.0; domain signals 4.","","","","2026-05-14T21:44:13.352357+00:00"
"5","Programs Manager EMEA & JAPAC (F/M)","Parrot","","","","","","remote","","","Remote","","https://www.linkedin.com/jobs/view/4399724338","Technical Documentation, Roadmap Planning, Customer Success, Training Enablement, Deployment Workflows
Deterministic profile match: 5 profile skills mentioned; title alignment 0.0/3.0; domain signals 4.","","","","2026-05-14T21:44:13.352357+00:00"
"5","Program Manager","Strategic Employment Partners (SEP)","","","","","","remote","","","Remote","","https://www.linkedin.com/jobs/view/4414500009","Program Management, Change Management
Deterministic profile match: 2 profile skills mentioned; title alignment 1.5/3.0; domain signals 5.","","","","2026-05-14T21:44:13.352357+00:00"
"5","Technical Program Lead","Kraken","","","","","","remote","","","Remote","","https://www.linkedin.com/jobs/view/4413962855","Program Management, Customer Success, Change Management
Deterministic profile match: 3 profile skills mentioned; title alignment 0.0/3.0; domain signals 8.","","","","2026-05-14T21:44:13.352357+00:00"
"5","Project Manager (Pipeline Construction Contractor)","LONGHORN STAFFING SOLUTIONS","","","","","","unknown","","","","","https://www.linkedin.com/jobs/view/4413431344","SAFe, Change Management, Scheduling Management
Deterministic profile match: 3 profile skills mentioned; title alignment 2.0/3.0; domain signals 0.","","","","2026-05-14T21:42:01.891331+00:00"
"5","-SENIOR PROJECT MANAGER","Pinnacle Method Consulting","","","","","","hybrid","","","","","https://www.linkedin.com/jobs/view/4413868656","Hybrid Project Management, Program Management
Deterministic profile match: 2 profile skills mentioned; title alignment 2.0/3.0; domain signals 1.","","","","2026-05-14T21:42:01.891331+00:00"
"5","SCRUM Master/ Project Manager (Experience w/AI)","Ampleshift","","","","","","unknown","","","","","https://www.linkedin.com/jobs/view/4414657249","Agile Scrum
Deterministic profile match: 1 profile skills mentioned; title alignment 2.0/3.0; domain signals 4.","","","","2026-05-14T21:42:01.891331+00:00"
"5","Senior Project Manager (Early Phase) - Australia - Remote","Worldwide Clinical Trials","","","","","","remote","","","Remote","","https://www.linkedin.com/jobs/view/4414721462","SAFe
Deterministic profile match: 1 profile skills mentioned; title alignment 2.0/3.0; domain signals 2.","","","","2026-05-14T21:42:01.891331+00:00"
"5","Digital Project Manager","ApTask","C:\Users\bsing\.applypilot\tailored_resumes\software-pm\071_7_ApTask_Digital_Project_Manager.txt","failed_validation","Company 'Sakhi' missing from experience; Company 'The Samaritans of New York' missing from experience","Banned words: proven track record","","unknown","","","","","https://www.linkedin.com/jobs/view/4410628583","Program Management, Risk Management
Deterministic profile match: 2 profile skills mentioned; title alignment 2.0/3.0; domain signals 0.","","","","2026-05-14T21:41:03.898519+00:00"
"5","Project Manager","Metric Geo","","","","","","unknown","","","","","https://www.linkedin.com/jobs/view/4413291706","
Deterministic profile match: 0 profile skills mentioned; title alignment 2.0/3.0; domain signals 3.","","","","2026-05-14T21:41:03.898519+00:00"
"5","Senior Backend Engineer, Data","Gr?ns","","","","","","remote","","","Remote, US (Remote)","https://grnh.se/asv8a1868us","https://www.indeed.com/viewjob?jk=f2469f77d1229910","Python, SQL, ERP, System Monitoring, Data Pipelines
Deterministic profile match: 5 profile skills mentioned; title alignment 0.0/3.0; domain signals 8. Title relevance penalty 1.0 applied.","","","","2026-05-14T21:40:03.505024+00:00"
"5","Sr Flink Solution Architect","Capgemini","","","","","","hybrid","Remote, US (Remote)","","Remote, US (Remote)","https://capgemini.talentnet.community/jobs/dadb9db9-bcd7-43e1-9263-626a4f8a93da","https://www.indeed.com/viewjob?jk=d6c79554e167af07","Python, Technical Documentation, Presentation Skills, Data Pipelines, AWS
Deterministic profile match: 5 profile skills mentioned; title alignment 0.0/3.0; domain signals 10. Title relevance penalty 1.0 applied.","","","","2026-05-14T21:40:03.505024+00:00"
"5","Senior Product UX Designer , AI Products & Agents","Hyland","","","","","","remote","","","Remote, US (Remote)","https://careers-hyland.icims.com/jobs/13985/senior-product-ux-designer-%2c-ai-products-%26-agents/job","https://www.indeed.com/viewjob?jk=2dc67b5337f52985","Technical Documentation, Customer Success, Legal Technology, Figma
Deterministic profile match: 4 profile skills mentioned; title alignment 0.0/3.0; domain signals 8.","","","","2026-05-14T21:40:03.505024+00:00"
"5","Engineering Manager - Data","indeed","","","","","","remote","","","Remote, US (Remote)","https://jobs.lever.co/bellese/5b298c96-72e1-415a-bae4-131875f59108?lever-source=Indeed","https://www.indeed.com/viewjob?jk=72a07425cb69aff1","Python, SAFe, Software Project Management, SDLC, Program Management, Customer Success, Resource Planning, Databricks
Deterministic profile match: 8 profile skills mentioned; title alignment 0.0/3.0; domain signals 5. Title relevance penalty 1.0 applied.","","","","2026-05-14T21:40:03.505024+00:00"
"5","Sr. Director, Strategy & Program Management (PMO)","Atom","","","","","","hybrid","","","","","https://www.linkedin.com/jobs/view/4414187122","Agile Scrum, Hybrid Project Management, Software Project Management, Stakeholder Management, Program Management, Customer Success, Change Management, ERP
Deterministic profile match: 8 profile skills mentioned; title alignment 0.0/3.0; domain signals 9. Title relevance penalty 1.5 applied.","","","","2026-05-14T21:40:03.505024+00:00"
"5","PMO Coordinator","Truvio","","","","","","hybrid","Remote","","Remote","","https://www.linkedin.com/jobs/view/4410610801","Hybrid Project Management, Software Project Management, Retrospectives, Technical Documentation, Change Management, ERP, SOPs
Deterministic profile match: 7 profile skills mentioned; title alignment 0.0/3.0; domain signals 5. Title relevance penalty 1.0 applied.","","","","2026-05-14T21:40:03.505024+00:00"
"5","Project Manager - Remote Work","BairesDev","C:\Users\bsing\.applypilot\tailored_resumes\software-pm\032_8_BairesDev_Project_Manager_-_Remote_Work.txt","failed_validation","Missing required field: projects","","","remote","","","Remote","","https://www.linkedin.com/jobs/view/4414190184","Software Project Management
Deterministic profile match: 1 profile skills mentioned; title alignment 2.0/3.0; domain signals 3.","","","","2026-05-14T21:40:03.505024+00:00"
"5","Project Manager - Pleno","Runtalent","","","","","","unknown","","","","","https://www.linkedin.com/jobs/view/4414261896","Agile Scrum, SAFe
Deterministic profile match: 2 profile skills mentioned; title alignment 2.0/3.0; domain signals 3.","","","","2026-05-14T21:40:03.505024+00:00"
"5","Delivery Manager","Robots & Pencils","","","","","","unknown","","","","","https://www.linkedin.com/jobs/view/4414424240","Agile Scrum, Software Project Management, Stakeholder Management, Technical Documentation, Risk Management, Jira, Confluence
Deterministic profile match: 7 profile skills mentioned; title alignment 0.0/3.0; domain signals 10. Title relevance penalty 1.0 applied.","","","","2026-05-14T21:40:03.505024+00:00"
"5","Associate Product Manager","Mastery Logistics Systems, Inc.","C:\Users\bsing\.applypilot\tailored_resumes\software-pm\004_8_Mastery_Logistics_Sy_Associate_Product_Manager.txt","failed_validation","Company 'Sakhi' missing from experience; Company 'The Samaritans of New York' missing from experience","","","remote","","","Remote, US (Remote)","https://ats.rippling.com/mastery-logistics-systems/jobs/d72afa67-a2cb-47b7-941e-88e89a62174e?jobSite=Indeed","https://www.indeed.com/viewjob?jk=234d69a36136e9d0","Stakeholder Management
Deterministic profile match: 1 profile skills mentioned; title alignment 1.0/3.0; domain signals 6.","","","","2026-05-14T21:37:59.870693+00:00"
"5","DevSecOps Engineer","AEM Corporation","","","","","","remote","","","Remote, US (Remote)","http://www.indeed.com/job/devsecops-engineer-8f5d31102f481f5e","https://www.indeed.com/viewjob?jk=8f5d31102f481f5e","Sprint Planning, Risk Management, Release Coordination, Deployment Workflows, Policy Automation, AWS
Deterministic profile match: 6 profile skills mentioned; title alignment 0.0/3.0; domain signals 9. Title relevance penalty 1.0 applied.","","","","2026-05-14T21:37:59.870693+00:00"
"5","Product Operations Associate","Victory Live","C:\Users\bsing\.applypilot\tailored_resumes\software-pm\015_8_Victory_Live_Product_Operations_Associate.txt","failed_validation","Company 'Sakhi' missing from experience; Company 'The Samaritans of New York' missing from experience","","","remote","","","Remote, US (Remote)","https://ticketevolution.applytojob.com/apply/bXadMQNHfN/Product-Operations-Associate?source=INDE&~","https://www.indeed.com/viewjob?jk=3bd70671b4d7b249","Agile Scrum, Sprint Planning, Roadmap Planning, Jira
Deterministic profile match: 4 profile skills mentioned; title alignment 0.0/3.0; domain signals 11.","","","","2026-05-14T21:37:59.870693+00:00"
"5","Delivery Lead","Halo Media","C:\Users\bsing\.applypilot\tailored_resumes\software-pm\007_8_Halo_Media_Delivery_Lead.txt","failed_validation","Company 'Sakhi' missing from experience; Company 'The Samaritans of New York' missing from experience","Banned words: proven track record","","unknown","","","","","https://www.linkedin.com/jobs/view/4414105916","Agile Scrum, Software Project Management, Stakeholder Management, Roadmap Planning, Release Coordination
Deterministic profile match: 5 profile skills mentioned; title alignment 0.0/3.0; domain signals 9. Title relevance penalty 1.0 applied.","","","","2026-05-14T21:37:59.870693+00:00"
"5","Senior Delivery Manager","Ensono","","","","","","unknown","","","","","https://www.linkedin.com/jobs/view/4414903293","SAFe, Software Project Management, SDLC, Stakeholder Management, Change Management, Risk Management
Deterministic profile match: 6 profile skills mentioned; title alignment 0.0/3.0; domain signals 8. Title relevance penalty 1.0 applied.","","","","2026-05-14T21:37:59.870693+00:00"
"5","Senior Delivery Manager","EPAM Systems","","","","","","unknown","","","","","https://www.linkedin.com/jobs/view/4395832461","SAFe, Software Project Management, Kanban, Stakeholder Management, Program Management, Mentoring, Change Management, Risk Management
Deterministic profile match: 8 profile skills mentioned; title alignment 0.0/3.0; domain signals 7. Title relevance penalty 1.0 applied.","","","","2026-05-14T21:37:59.870693+00:00"
"5","Delivery Lead","RWS Group","C:\Users\bsing\.applypilot\tailored_resumes\software-pm\068_7_RWS_Group_Delivery_Lead.txt","failed_validation","Missing required field: projects","","","remote","","","Remote","","https://www.linkedin.com/jobs/view/4414619425","CI/CD Collaboration, Stakeholder Management, Technical Documentation, Risk Management, Workflow Automation
Deterministic profile match: 5 profile skills mentioned; title alignment 0.0/3.0; domain signals 10. Title relevance penalty 1.0 applied.","","","","2026-05-14T21:37:59.870693+00:00"
"5","Customer Success Manager","Metaforms","","","","","","hybrid","","","","","https://www.linkedin.com/jobs/view/4413987368","Hybrid Project Management, Software Project Management, Stakeholder Management, Customer Success, Risk Management, Workflow Automation
Deterministic profile match: 6 profile skills mentioned; title alignment 0.0/3.0; domain signals 8. Title relevance penalty 1.0 applied.","","","","2026-05-14T21:37:03.391393+00:00"
"5","People Operations Program Manager","CBRE","","","","","","remote","","","Remote, US (Remote)","https://cbreglobal.avature.net/careers/JobDetail/276218","https://www.indeed.com/viewjob?jk=f7bf5971142a572e","SOPs
Deterministic profile match: 1 profile skills mentioned; title alignment 1.5/3.0; domain signals 4.","","","","2026-05-14T21:36:03.741595+00:00"
"5","Program Manager","Goldbelt","","","","","","remote","","","Remote, US (Remote)","https://talent.goldbelt.com/jobs/19579/job?utm_source=indeed_integration&iis=Job%20Board&iisn=Indeed&indeed-apply-token=73a2d2b2a8d6d5c0a62696875eaebd669103652d3f0c2cd5445d3e66b1592b0f","https://www.indeed.com/viewjob?jk=3f500972f598eec9","Program Management, Mentoring, Risk Management
Deterministic profile match: 3 profile skills mentioned; title alignment 1.5/3.0; domain signals 1.","","","","2026-05-14T21:36:03.741595+00:00"
"5","AI Marketing Systems Manager","Onist Digital Agency","C:\Users\bsing\.applypilot\tailored_resumes\software-pm\048_7_Onist_Digital_Agency_AI_Marketing_Systems_Manager.txt","failed_validation","Missing required field: projects","","","remote","","","Remote, US (Remote)","http://www.indeed.com/job/ai-marketing-systems-manager-ac70c05461c2b40d","https://www.indeed.com/viewjob?jk=ac70c05461c2b40d","JavaScript, Software Project Management, Technical Documentation, SOPs, Google Sheets, Google Analytics, HubSpot
Deterministic profile match: 7 profile skills mentioned; title alignment 0.0/3.0; domain signals 7. Title relevance penalty 1.0 applied.","","","","2026-05-14T21:36:03.741595+00:00"
"5","EBMS Program Manager - Remote (Central or East)","CBRE","","","","","","remote","","","Remote, US (Remote)","https://cbreglobal.avature.net/careers/JobDetail/275954","https://www.indeed.com/viewjob?jk=7b2614dd79dcb288","Program Management, Customer Success
Deterministic profile match: 2 profile skills mentioned; title alignment 1.5/3.0; domain signals 3.","","","","2026-05-14T21:36:03.741595+00:00"
"5","Manager, Payments implementation","Capgemini","","","","","","remote","","","Remote, US (Remote)","https://capgemini.talentnet.community/jobs/8b8c8fe3-fd5d-4836-8e46-62847183f70b","https://www.indeed.com/viewjob?jk=d99797574a2bd0c8","Technical Documentation, Requirements Gathering, SOPs, Risk Management
Deterministic profile match: 4 profile skills mentioned; title alignment 0.0/3.0; domain signals 5.","","","","2026-05-14T21:33:49.397717+00:00"
"5","Implementation Specialist","PatientNOW","C:\Users\bsing\.applypilot\tailored_resumes\software-pm\085_7_PatientNOW_Implementation_Specialist.txt","failed_validation","Missing required field: projects","","","remote","","","Remote, US (Remote)","https://ats.rippling.com/patientnow/jobs/71475feb-3a88-4cf0-a1ff-b92c637696bb?jobSite=Indeed","https://www.indeed.com/viewjob?jk=042e4321654956ea","Software Project Management, Technical Documentation, Customer Success, Change Management
Deterministic profile match: 4 profile skills mentioned; title alignment 0.0/3.0; domain signals 6.","","","","2026-05-14T21:33:49.397717+00:00"
"5","Senior Functional Consultant","nCino","","","","","","remote","","","Remote, US (Remote)","https://ncino.wd5.myworkdayjobs.com/en-US/nCinoCareers/job/Remote-USA/Senior-Project-Manager_R6221","https://www.indeed.com/viewjob?jk=fd72ca49db3d8a06","Software Project Management, Program Management, Technical Documentation, Customer Success, Change Management, Risk Management
Deterministic profile match: 6 profile skills mentioned; title alignment 0.0/3.0; domain signals 7. Title relevance penalty 1.0 applied.","","","","2026-05-14T21:33:49.397717+00:00"
"5","IT Business Analyst III","Gama-1 Technologies","C:\Users\bsing\.applypilot\tailored_resumes\software-pm\009_8_Gama-1_Technologies_IT_Business_Analyst_III.txt","failed_validation","Company 'Sakhi' missing from experience; Company 'The Samaritans of New York' missing from experience","Banned words: proven track record","","remote","","","Remote, US (Remote)","https://secure.entertimeonline.com/ta/PayServ214003.careers?ShowJob=503664643","https://www.indeed.com/viewjob?jk=20bddd88e1307b39","Agile Scrum, Sprint Planning, Software Project Management, Retrospectives, Program Management, Technical Documentation, Sprint Reviews
Deterministic profile match: 7 profile skills mentioned; title alignment 0.0/3.0; domain signals 7. Title relevance penalty 1.0 applied.","","","","2026-05-14T21:33:49.397717+00:00"
"5","Senior Project Manager","Thor","","","","","","remote","","","Remote","","https://www.linkedin.com/jobs/view/4413581957","Stakeholder Management, AWS
Deterministic profile match: 2 profile skills mentioned; title alignment 2.0/3.0; domain signals 3.","","","","2026-05-14T21:33:49.397717+00:00"
"5","Senior Assurance and Advisory Auditor - DT","GE Aerospace","","","","","","remote","","","Remote, US (Remote)","https://careers.geaerospace.com/global/en/job/R5034415/Senior-Assurance-and-Advisory-Auditor-DT?utm_source=indeed&utm_medium=phenom-feeds","https://www.indeed.com/viewjob?jk=38da980c795167c6","Root Cause Analysis, Data Governance Frameworks, Stakeholder Management, Program Management, Technical Documentation, Presentation Skills, Risk Management
Deterministic profile match: 7 profile skills mentioned; title alignment 0.0/3.0; domain signals 5. Title relevance penalty 1.0 applied.","","","","2026-05-14T21:31:37.952938+00:00"
"5","Program Analysts (Integration Testing Managers)","Artemis ARC","","","","","","remote","","","Remote, US (Remote)","https://artemisarc-aptiveresources.icims.com/jobs/4330/job?utm_source=indeed_integration&iis=Job%20Board&iisn=Indeed&indeed-apply-token=73a2d2b2a8d6d5c0a62696875eaebd669103652d3f0c2cd5445d3e66b1592b0f","https://www.indeed.com/viewjob?jk=0eb5183fd56af389","Stakeholder Management, Program Management, Technical Documentation, Release Coordination
Deterministic profile match: 4 profile skills mentioned; title alignment 0.0/3.0; domain signals 7.","","","","2026-05-14T21:31:37.952938+00:00"
"5","Knowledge Management, Learning and Systemic Capacity Development Specialist","Food and Agriculture Organization of the United Nations","","","","","","remote","","","Remote, US (Remote)","https://jobs.fao.org/careersection/fao_external/jobdetail.ftl?job=2601069&tz=GMT-05%3A00&tzname=America%2FChicago","https://www.indeed.com/viewjob?jk=575068239e532161","A/B Testing, Data Governance Frameworks, Stakeholder Management, Technical Documentation, Change Management, Database Access Governance, Trello
Deterministic profile match: 7 profile skills mentioned; title alignment 0.0/3.0; domain signals 5. Title relevance penalty 1.0 applied.","","","","2026-05-14T21:31:37.952938+00:00"
"5","Solutions Architect","Signifyd","","","","","","remote","","","Remote, US (Remote)","https://job-boards.greenhouse.io/signifyd95/jobs/7913439","https://www.indeed.com/viewjob?jk=979c532775d8c05a","Stakeholder Management, Program Management, Customer Success, AI/ML, Risk Management
Deterministic profile match: 5 profile skills mentioned; title alignment 0.0/3.0; domain signals 10. Title relevance penalty 1.0 applied.","","","","2026-05-14T21:31:37.952938+00:00"
"5","Manager - Program Management","Jobgether","","","","","","remote","","","Remote","","https://www.linkedin.com/jobs/view/4413898337","Stakeholder Management, Program Management, Presentation Skills, SOPs, System Monitoring
Deterministic profile match: 5 profile skills mentioned; title alignment 0.0/3.0; domain signals 4.","","","","2026-05-14T21:31:37.952938+00:00"
"5","CQV Senior Project Manager","CAI","","","","","","unknown","","","","","https://www.linkedin.com/jobs/view/4313221691","Stakeholder Management, Risk Management
Deterministic profile match: 2 profile skills mentioned; title alignment 2.0/3.0; domain signals 3.","","","","2026-05-14T21:31:37.952938+00:00"
"5","Senior Technology Project Manager","Jobgether","","","","","","unknown","","","","","https://www.linkedin.com/jobs/view/4413558375","
Deterministic profile match: 0 profile skills mentioned; title alignment 2.0/3.0; domain signals 4.","","","","2026-05-14T21:31:37.952938+00:00"
"5","Senior Project Manager","Apex Imaging Services","","","","","","unknown","","","","","https://www.linkedin.com/jobs/view/4373135326","Software Project Management, Risk Management
Deterministic profile match: 2 profile skills mentioned; title alignment 2.0/3.0; domain signals 2.","","","","2026-05-14T21:31:37.952938+00:00"
"5","Manager, Healthcare Data Analytics","Valenz","","","","","","remote","","","Remote, US (Remote)","https://valenz.applytojob.com/apply/Yw6gh0Owlg/Manager-Healthcare-Data-Analytics?source=Our%20Career%20Page%20Widget","https://www.indeed.com/viewjob?jk=4c8ebdbf67f13b69","Python, SQL, Software Project Management, Program Management, Databricks, AWS
Deterministic profile match: 6 profile skills mentioned; title alignment 0.0/3.0; domain signals 7. Title relevance penalty 1.0 applied.","","","","2026-05-14T21:29:36.448824+00:00"
"5","Engineering Manager, Active Learning","Deepgram","","","","","","hybrid","Remote, US (Remote)","","Remote, US (Remote)","https://jobs.ashbyhq.com/Deepgram/4e87eb01-262c-4978-9a29-b8cdf09386df?employmentType=FullTime","https://www.indeed.com/viewjob?jk=066f748b044b7568","Hybrid Project Management, Software Project Management, Mentoring, Change Management, Training Enablement, AI/ML, Data Pipelines
Deterministic profile match: 7 profile skills mentioned; title alignment 0.0/3.0; domain signals 8. Title relevance penalty 1.0 applied.","","","","2026-05-14T21:29:36.448824+00:00"
"5","Engineering Manager, Console Team (Product-Led Growth Strategy)","Deepgram","","","","","","hybrid","Remote, US (Remote)","","Remote, US (Remote)","https://jobs.ashbyhq.com/Deepgram/e90eefc1-88ec-4d3c-948b-b21c57ef6b18?employmentType=FullTime","https://www.indeed.com/viewjob?jk=adcb8977b812efda","Mentoring, Customer Success, Change Management, AI/ML
Deterministic profile match: 4 profile skills mentioned; title alignment 0.0/3.0; domain signals 8.","","","","2026-05-14T21:29:36.448824+00:00"
"5","Engineering Project Manager","ANS","","","","","","remote","","","Remote, US (Remote)","https://jobs.lever.co/ans/34fa209e-f240-4582-b068-ca08222ade41?lever-source=Indeed","https://www.indeed.com/viewjob?jk=87829c1fbe8b3ad8","Software Project Management
Deterministic profile match: 1 profile skills mentioned; title alignment 2.0/3.0; domain signals 2.","","","","2026-05-14T21:29:36.448824+00:00"
"5","IT Manager","Ascension","","","","","","remote","","","Remote, US (Remote)","https://ascensionjobs1-ascension.icims.com/jobs/448848/job?utm_source=indeed_integration&iis=Job%20Board&iisn=Indeed&indeed-apply-token=73a2d2b2a8d6d5c0a62696875eaebd669103652d3f0c2cd5445d3e66b1592b0f","https://www.indeed.com/viewjob?jk=d3ecdaf8b2c4dc3b","Software Project Management, Data Governance Frameworks, Program Management, Mentoring, System Monitoring, Data Pipelines, AWS
Deterministic profile match: 7 profile skills mentioned; title alignment 0.0/3.0; domain signals 7. Title relevance penalty 1.0 applied.","","","","2026-05-14T21:29:36.448824+00:00"
"5","Manager, Professional Services","Origami Risk LLC","","","","","","hybrid","Remote, US (Remote)","","Remote, US (Remote)","https://careers-origamirisk.icims.com/jobs/4394/job?utm_source=indeed_integration&iis=Job%20Board&iisn=Indeed&indeed-apply-token=73a2d2b2a8d6d5c0a62696875eaebd669103652d3f0c2cd5445d3e66b1592b0f","https://www.indeed.com/viewjob?jk=eeae2dd0a9f299f7","SQL, JavaScript, Hybrid Project Management, Software Project Management, Program Management, Change Management, Risk Management
Deterministic profile match: 7 profile skills mentioned; title alignment 0.0/3.0; domain signals 8. Title relevance penalty 1.0 applied.","","","","2026-05-14T21:29:36.448824+00:00"
"5","Senior Program Manager","Jobgether","","","","","","hybrid","Remote","","Remote","","https://www.linkedin.com/jobs/view/4413878849","Program Management, Presentation Skills, Legal Technology
Deterministic profile match: 3 profile skills mentioned; title alignment 1.5/3.0; domain signals 3.","","","","2026-05-14T21:29:36.448824+00:00"
"5","Sr Project Manager - Mission Critical","Scott Humphrey Corporation","","","","","","unknown","","","","","https://www.linkedin.com/jobs/view/4414218548","Change Management, Risk Management
Deterministic profile match: 2 profile skills mentioned; title alignment 2.0/3.0; domain signals 3.","","","","2026-05-14T21:29:36.448824+00:00"
"5","Senior Project Manager - CNS - Europe - Remote","Worldwide Clinical Trials","","","","","","remote","","","Remote","","https://www.linkedin.com/jobs/view/4403952396","SAFe
Deterministic profile match: 1 profile skills mentioned; title alignment 2.0/3.0; domain signals 2.","","","","2026-05-14T21:29:36.448824+00:00"
"5","Scrum Master - Remote Work","BairesDev","","","","","","remote","","","Remote","","https://www.linkedin.com/jobs/view/4414190318","Agile Scrum
Deterministic profile match: 1 profile skills mentioned; title alignment 1.5/3.0; domain signals 3.","","","","2026-05-14T21:29:36.448824+00:00"
"4","NG911 On-site System Manager (Federal)","Motorola Solutions","","","","","","remote","","","California Southern Remote Work","https://motorolasolutions.wd5.myworkdayjobs.com/Careers/job/California-Southern-Remote-Work/NG911-On-site-System-Manager--Federal-_R64994","https://motorolasolutions.wd5.myworkdayjobs.com/Careers/job/California-Southern-Remote-Work/NG911-On-site-System-Manager--Federal-_R64994","SQL, Program Management, AWS, Legal Technology
Deterministic profile match: 4 profile skills mentioned; title alignment 0.0/3.0; domain signals 7. Title relevance penalty 1.0 applied.","","","","2026-05-19T03:50:50.932682+00:00"
"4","Principal Research Associate, Analytical Development","Moderna","","","","","","remote","","","","https://modernatx.wd1.myworkdayjobs.com/M_tx/job/Norwood-Massachusetts/Principal-Research-Associate--Analytical-Development_R19209-1","https://modernatx.wd1.myworkdayjobs.com/M_tx/job/Norwood-Massachusetts/Principal-Research-Associate--Analytical-Development_R19209-1","Software Project Management, Program Management, Technical Documentation, Change Management, Legal Technology
Deterministic profile match: 5 profile skills mentioned; title alignment 0.0/3.0; domain signals 6. Title relevance penalty 1.0 applied.","","","","2026-05-19T03:50:28.124066+00:00"
"4","Solutions Enablement Manager","Adobe","","","","","","remote","","","Remote Idaho","https://adobe.wd5.myworkdayjobs.com/external_experienced/job/Remote-Idaho/Solutions-Enablement-Manager_R166912-1","https://adobe.wd5.myworkdayjobs.com/external_experienced/job/Remote-Idaho/Solutions-Enablement-Manager_R166912-1","Software Project Management, Program Management, Presentation Skills, Training Enablement, Legal Technology
Deterministic profile match: 5 profile skills mentioned; title alignment 0.0/3.0; domain signals 6. Title relevance penalty 1.0 applied.","","","","2026-05-19T03:50:18.279538+00:00"
"4","Manager, Growth Marketing","Patch My PC","","","","","","remote","","","Remote, US (Remote)","https://jobs.lever.co/patchmypc/91b03778-c9f8-42ec-bcf9-d36532411a70?lever-source=Indeed","https://www.indeed.com/viewjob?jk=4eab9f744db46265","A/B Testing, Program Management, Customer Success, KPI Tracking, Policy Automation
Deterministic profile match: 5 profile skills mentioned; title alignment 0.0/3.0; domain signals 5. Title relevance penalty 1.0 applied.","","","","2026-05-19T03:47:58.625216+00:00"
"4","Senior Manager, Customer Insights","SWORD Health","","","","","","remote","","","Remote, US (Remote)","https://jobs.lever.co/swordhealth/5b5a4d22-a67c-4a7b-b6b7-f778a0fc0b55?lever-source=Indeed","https://www.indeed.com/viewjob?jk=2d7bc04454a8cabb","Python, SQL, Customer Success, Legal Technology
Deterministic profile match: 4 profile skills mentioned; title alignment 0.0/3.0; domain signals 5. Title relevance penalty 1.0 applied.","","","","2026-05-19T03:47:58.625216+00:00"
"4","Senior Program Manager","Confidential","","","","","","remote","","","Remote","","https://www.linkedin.com/jobs/view/4416054110","Technical Documentation
Deterministic profile match: 1 profile skills mentioned; title alignment 1.5/3.0; domain signals 2.","","","","2026-05-19T03:41:57.324976+00:00"
"4","Product Owner - Hybrid in Alpharetta, GA","OEConnection","","","","","","hybrid","Remote, US (Remote)","","Remote, US (Remote)","https://jobs.dayforcehcm.com/en-US/oec/USCANDIDATEPORTAL/jobs/7786","https://www.indeed.com/viewjob?jk=498922f7c0a92ed9","Roadmap Planning, Customer Success, Resource Planning
Deterministic profile match: 3 profile skills mentioned; title alignment 0.0/3.0; domain signals 6.","","","","2026-05-19T03:39:44.477961+00:00"
"4","Program Coordinator","Cambium Learning Group","","","","","","remote","","","Remote, US (Remote)","https://cambiumlearning.wd1.myworkdayjobs.com/en-US/camb/job/Remote/Program-Coordinator_REQ-4464","https://www.indeed.com/viewjob?jk=737a94c0bcdecc3d","SAFe, Software Project Management, Program Management, Risk Management, Smartsheet
Deterministic profile match: 5 profile skills mentioned; title alignment 0.0/3.0; domain signals 3.","","","","2026-05-19T03:39:44.477961+00:00"
"4","Full Stack Developer - 4 Month Contract","Netrist","","","","","","remote","","","Remote, US (Remote)","https://netrist.zohorecruit.com/jobs/Careers/363984000010608001/Full-Stack-Developer---4-Month-Contract?source=CareerSite","https://www.indeed.com/viewjob?jk=3bebe81abf06308b","Python, Agile Scrum, AWS
Deterministic profile match: 3 profile skills mentioned; title alignment 0.0/3.0; domain signals 7. Title relevance penalty 1.0 applied.","","","","2026-05-19T03:39:44.477961+00:00"
"4","Head of Enterprise Operational Effectiveness","LIMRA","","","","","","hybrid","Remote, US (Remote)","","Remote, US (Remote)","https://limra-loma.applicantstack.com/x/detail/a2gkybzaiqhp","https://www.indeed.com/viewjob?jk=c1f96cd0e44ad141","Hybrid Project Management, Stakeholder Management, Program Management, Change Management, Resource Planning
Deterministic profile match: 5 profile skills mentioned; title alignment 0.0/3.0; domain signals 4. Title relevance penalty 1.0 applied.","","","","2026-05-19T03:35:32.190761+00:00"
"4","Director, PMO","Jobgether","","","","","","remote","","","Remote","","https://www.linkedin.com/jobs/view/4415655956","Data Governance Frameworks, Stakeholder Management, Program Management, Resource Planning, Jira, Confluence, Smartsheet
Deterministic profile match: 7 profile skills mentioned; title alignment 0.0/3.0; domain signals 8. Title relevance penalty 2.5 applied.","","","","2026-05-19T03:35:32.190761+00:00"
"4","Solutions Delivery Manager","Vulqan.ai","","","","","","hybrid","","","","","https://www.linkedin.com/jobs/view/4416438837","Stakeholder Management, Deployment Workflows, Snowflake, Databricks
Deterministic profile match: 4 profile skills mentioned; title alignment 0.0/3.0; domain signals 10. Title relevance penalty 1.0 applied.","","","","2026-05-19T03:34:24.090303+00:00"
"4","Senior Manager, Global Technology Solutions Systems Engineer","BeOne Medicines","","","","","","hybrid","Remote, US (Remote)","","Remote, US (Remote)","https://beigene.wd5.myworkdayjobs.com/en-US/BeiGene/job/Remote-US/Senior-Manager--Global-Technology-Solutions-Systems-Engineer_R34715","https://www.indeed.com/viewjob?jk=86c1b017e8927763","SDLC, Technical Documentation, Mentoring, Change Management, Risk Management
Deterministic profile match: 5 profile skills mentioned; title alignment 0.0/3.0; domain signals 6. Title relevance penalty 1.0 applied.","","","","2026-05-19T03:33:24.221345+00:00"
"4","Director of Product Management","Slingshot Aerospace","","","","","","hybrid","Remote, US (Remote)","","Remote, US (Remote)","https://grnh.se/no5dhljr4us","https://www.indeed.com/viewjob?jk=cac22d70b9ce2933","Stakeholder Management, Program Management, Roadmap Planning, Customer Success, Data Pipelines
Deterministic profile match: 5 profile skills mentioned; title alignment 0.0/3.0; domain signals 10. Title relevance penalty 1.5 applied.","","","","2026-05-19T03:33:24.221345+00:00"
"4","Coordinator, Program","National Math and Science Initiative","","","","","","remote","","","Remote, US (Remote)","https://www.paycomonline.net/v4/ats/web.php/portal/AAB9947AA0D6C7C3BCDA1F6FF5007EF8/jobs/350675?source=Indeed","https://www.indeed.com/viewjob?jk=64e1e329c109ea66","Program Management, Scheduling Management
Deterministic profile match: 2 profile skills mentioned; title alignment 0.0/3.0; domain signals 7.","","","","2026-05-19T03:33:24.221345+00:00"
"4","Director, AI-Enabled DevOps Transformation","VALIANTYS","","","","","","remote","","","Remote, US (Remote)","https://jobs.lever.co/valiantys/349ed7fd-4fde-4d41-832c-23de5c7b9ffe?lever-source=Indeed","https://www.indeed.com/viewjob?jk=8aad2cdd7dc06cf1","SAFe, SDLC, Policy Automation, Data Pipelines, AWS, Jira, Confluence, GitHub
Deterministic profile match: 8 profile skills mentioned; title alignment 0.0/3.0; domain signals 9. Title relevance penalty 2.5 applied.","","","","2026-05-19T03:33:24.221345+00:00"
"4","Manager Operations","BCD","","","","","","remote","","","Remote, US (Remote)","https://jobs.bcdtravel.com/job/Manager-Operations/1361198257/?feedId=412357&utm_source=Indeed","https://www.indeed.com/viewjob?jk=cdf77d7207c07817","Root Cause Analysis, Program Management, Presentation Skills, Customer Success, Change Management, Scheduling Management, Risk Management
Deterministic profile match: 7 profile skills mentioned; title alignment 0.0/3.0; domain signals 2. Title relevance penalty 1.0 applied.","","","","2026-05-19T03:33:24.221345+00:00"
"4","VMware Platform Engineer","BV Teck","","","","","","hybrid","Remote, US (Remote)","","Remote, US (Remote)","https://brightvisiontechnologies.applytojob.com/apply/yWiKFsVFgP/VMware-Platform-Engineer?source=INDE&~","https://www.indeed.com/viewjob?jk=da964acbea52a3be","Roadmap Planning, Customer Success, Policy Automation, AWS
Deterministic profile match: 4 profile skills mentioned; title alignment 0.0/3.0; domain signals 9. Title relevance penalty 1.0 applied.","","","","2026-05-19T03:33:24.221345+00:00"
"4","Government Contracts Manager, Medical Informatics","FujiFilm","","","","","","remote","","","Remote, US (Remote)","https://uscareers-fujifilm.icims.com/jobs/37766/job?utm_source=indeed_integration&iis=Job%20Board&iisn=Indeed&indeed-apply-token=73a2d2b2a8d6d5c0a62696875eaebd669103652d3f0c2cd5445d3e66b1592b0f","https://www.indeed.com/viewjob?jk=6e403b1cd006bc59","SAFe, Technical Documentation, Presentation Skills, Training Enablement, Resource Planning
Deterministic profile match: 5 profile skills mentioned; title alignment 0.0/3.0; domain signals 6. Title relevance penalty 1.0 applied.","","","","2026-05-19T03:33:24.221345+00:00"
"4","Senior Partner Ecosystem Manager - Puppet","Perforce Software","","","","","","remote","","","Remote, US (Remote)","https://jobs.lever.co/perforce/37835fa2-16cd-4222-b930-6007bcc76bd4?lever-source=Indeed","https://www.indeed.com/viewjob?jk=cc9210f428ca57b6","Presentation Skills, Customer Success, Policy Automation
Deterministic profile match: 3 profile skills mentioned; title alignment 0.0/3.0; domain signals 7. Title relevance penalty 1.0 applied.","","","","2026-05-19T03:33:24.221345+00:00"
"4","SAP Service Delivery Manager","EPAM Systems","","","","","","unknown","","","","","https://www.linkedin.com/jobs/view/4403750612","Software Project Management, Risk Management
Deterministic profile match: 2 profile skills mentioned; title alignment 0.0/3.0; domain signals 8. Title relevance penalty 1.0 applied.","","","","2026-05-19T03:33:24.221345+00:00"
"4","ServiceNow Delivery Lead","Hire Better Talent Solutions","","","","","","remote","","","Remote","","https://www.linkedin.com/jobs/view/4415858512","Agile Scrum, SAFe, Technical Documentation, Risk Management, ServiceNow
Deterministic profile match: 5 profile skills mentioned; title alignment 0.0/3.0; domain signals 5. Title relevance penalty 1.0 applied.","","","","2026-05-19T03:33:24.221345+00:00"
"4","Transformation Delivery Lead","TECHTRACE PARTNERS","","","","","","hybrid","Remote","","Remote","","https://www.linkedin.com/jobs/view/4416088779","Hybrid Project Management, Stakeholder Management, Change Management, Training Enablement, ServiceNow
Deterministic profile match: 5 profile skills mentioned; title alignment 0.0/3.0; domain signals 5. Title relevance penalty 1.0 applied.","","","","2026-05-19T03:33:24.221345+00:00"
"4","Customer Success Manager","EqualAccess","","","","","","onsite","","","","","https://www.linkedin.com/jobs/view/4415879627","Technical Documentation, Customer Success, Workflow Automation, Notion, HubSpot
Deterministic profile match: 5 profile skills mentioned; title alignment 0.0/3.0; domain signals 4. Title relevance penalty 1.0 applied.","","","","2026-05-19T03:32:04.798805+00:00"
"4","Product Manager - Ford App Storefront","Ford Motor Company","C:\Users\bsing\OneDrive\Documents\Projects\ApplyPilot\portable_applypilot\software-pm\tailored_resumes\software-pm\Brianna Singer_resume_Product Manager - Ford App Storefront.txt","","","","C:\Users\bsing\OneDrive\Documents\Projects\ApplyPilot\portable_applypilot\software-pm\tailored_resumes\software-pm\Brianna Singer_resume_Product Manager - Ford App Storefront.txt","remote","","","United States, Remote","https://apply.ford.com","https://www.careers.ford.com/job/united-states/product-manager-ford-app-storefront/48560/94832265936","
Deterministic profile match: 0 profile skills mentioned; title alignment 1.0/3.0; domain signals 4.","","","","2026-05-19T03:31:04.306436+00:00"
"4","Implementation Manager","The Method Staffing","","","","","","unknown","","","","","https://www.linkedin.com/jobs/view/4412230666","Customer Success
Deterministic profile match: 1 profile skills mentioned; title alignment 0.0/3.0; domain signals 6.","","","","2026-05-19T03:30:57.247300+00:00"
"4","Project Coordinator","Secur-Serv","","","","","","remote","","","Remote, US (Remote)","https://securserv.applytojob.com/apply/Q3yR5WCDBn/Project-Coordinator?source=INDE&~","https://www.indeed.com/viewjob?jk=86b0082afcf14d79","Software Project Management, Program Management, Technical Documentation, Change Management
Deterministic profile match: 4 profile skills mentioned; title alignment 0.0/3.0; domain signals 4.","","","","2026-05-19T03:28:48.056786+00:00"
"4","Technical PM SAP e-invoicing XML Spanish speaking remote 7+months","CandorGrp.com","","","","","","remote","","","Remote, US (Remote)","http://www.indeed.com/job/technical-pm-sap-e-invoicing-xml-spanish-speaking-remote-7months-d99bd284975be4be","https://www.indeed.com/viewjob?jk=d99bd284975be4be","Stakeholder Management, Change Management, Scheduling Management, Resource Planning, Smartsheet
Deterministic profile match: 5 profile skills mentioned; title alignment 0.0/3.0; domain signals 6. Title relevance penalty 1.0 applied.","","","","2026-05-19T03:28:48.056786+00:00"
"4","Associate Consultant/Sr. Project Coordinator","Korn Ferry","","","","","","remote","","","Remote","","https://www.linkedin.com/jobs/view/4406660343","Training Enablement, Resource Planning, ERP, Legal Technology
Deterministic profile match: 4 profile skills mentioned; title alignment 0.0/3.0; domain signals 3.","","","","2026-05-19T03:28:48.056786+00:00"
"4","Senior Manager, NetSuite Enterprise Applications","Perfect Landing","","","","","","hybrid","Remote, US (Remote)","","Remote, US (Remote)","https://recruiterflow.com/db_ab59463111d91b843163b4b0e8cb8d67/jobs/26?source=indeed&utm_channel=recruiterflow-posting&location=4","https://www.indeed.com/viewjob?jk=4fa553ec051991aa","Hybrid Project Management, Stakeholder Management, ERP, Workflow Automation
Deterministic profile match: 4 profile skills mentioned; title alignment 0.0/3.0; domain signals 9. Title relevance penalty 1.0 applied.","","","","2026-05-19T03:26:29.194443+00:00"
"4","Senior Manager, Engineering","Beacon Biosignals","","","","","","remote","","","Remote, US (Remote)","https://grnh.se/ri00ivgg9us","https://www.indeed.com/viewjob?jk=c23aaecb5f05e5c5","Software Project Management, Roadmap Planning, Requirements Gathering
Deterministic profile match: 3 profile skills mentioned; title alignment 0.0/3.0; domain signals 8. Title relevance penalty 1.0 applied.","","","","2026-05-19T03:26:29.194443+00:00"
"4","Cloud Engineer","Bamboo Health","","","","","","remote","","","Remote, US (Remote)","https://ats.rippling.com/bamboo-health-careers/jobs/e6926821-5dbe-48b5-ae46-671499b6c243?jobSite=Indeed","https://www.indeed.com/viewjob?jk=de8ea03efdc31e4c","Python, Technical Documentation, Deployment Workflows, Policy Automation, AWS, GitHub
Deterministic profile match: 6 profile skills mentioned; title alignment 0.0/3.0; domain signals 6. Title relevance penalty 1.0 applied.","","","","2026-05-19T03:26:29.194443+00:00"
"4","Senior Program Control Specialist","MTSI","","","","","","remote","","","Remote, US (Remote)","https://talent.mtsi-va.com/careers/job/1133913340636?domain=mtsi-va.com","https://www.indeed.com/viewjob?jk=1cfc3519df215348","Program Management, Customer Success, ERP, Power BI
Deterministic profile match: 4 profile skills mentioned; title alignment 0.0/3.0; domain signals 2.","","","","2026-05-19T03:26:29.194443+00:00"
"4","Product Designer","Spatial Data Logic","","","","","","hybrid","Remote, US (Remote)","","Remote, US (Remote)","https://ats.rippling.com/sdl/jobs/911d7e4b-9e11-4268-913f-36a3b3affd8e?jobSite=Indeed","https://www.indeed.com/viewjob?jk=bc841e309349d49e","Sprint Planning
Deterministic profile match: 1 profile skills mentioned; title alignment 0.0/3.0; domain signals 6.","","","","2026-05-19T03:26:29.194443+00:00"
"4","Senior Technology Partner Manager - USA","Storyblok","","","","","","remote","","","Remote, US (Remote)","https://www.storyblok.com/job?gh_jid=4867774101","https://www.indeed.com/viewjob?jk=87c3cac0ad41bdd6","Program Management, Presentation Skills, Roadmap Planning, Customer Success
Deterministic profile match: 4 profile skills mentioned; title alignment 0.0/3.0; domain signals 8. Title relevance penalty 1.0 applied.","","","","2026-05-19T03:26:29.194443+00:00"
"4","Senior Proposal Manager","Trellint","","","","","","remote","","","Remote, US (Remote)","https://wd3.myworkdaysite.com/en-US/recruiting/modaxo/Trellint/job/Remote-United-States/Senior-Proposal-Manager_R57428","https://www.indeed.com/viewjob?jk=66defda120366c0c","Data Governance Frameworks, Stakeholder Management, Program Management, Technical Documentation, Presentation Skills, Legal Technology
Deterministic profile match: 6 profile skills mentioned; title alignment 0.0/3.0; domain signals 5. Title relevance penalty 1.0 applied.","","","","2026-05-19T03:26:29.194443+00:00"
"4","Senior Project Manager","Haystack","","","","","","remote","","","Remote","","https://www.linkedin.com/jobs/view/4412255022","
Deterministic profile match: 0 profile skills mentioned; title alignment 2.0/3.0; domain signals 1.","","","","2026-05-19T03:26:29.194443+00:00"
"4","Operations Program Manager","Medasource","","","","","","remote","","","Remote","","https://www.linkedin.com/jobs/view/4415469216","Training Enablement
Deterministic profile match: 1 profile skills mentioned; title alignment 1.5/3.0; domain signals 1.","","","","2026-05-19T03:26:29.194443+00:00"
"4","Project Manager Senior (English & Portuguese)","Selecta Digital","","","","","","unknown","","","","","https://www.linkedin.com/jobs/view/4412288985","
Deterministic profile match: 0 profile skills mentioned; title alignment 2.0/3.0; domain signals 2.","","","","2026-05-19T03:26:29.194443+00:00"
"4","Senior Project Manager","Allegiance Group","","","","","","unknown","","","","","https://www.linkedin.com/jobs/view/4412555505","
Deterministic profile match: 0 profile skills mentioned; title alignment 2.0/3.0; domain signals 1.","","","","2026-05-19T03:25:28.289938+00:00"
"4","Senior Success Architect","Salesforce","","","","","","remote","","","Mexico - Remote","https://salesforce.wd12.myworkdayjobs.com/External_Career_Site/job/Mexico---Remote/Senior-Success-Architect_JR322068","https://salesforce.wd12.myworkdayjobs.com/External_Career_Site/job/Mexico---Remote/Senior-Success-Architect_JR322068","Stakeholder Management, Customer Success
Deterministic profile match: 2 profile skills mentioned; title alignment 0.0/3.0; domain signals 8. Title relevance penalty 1.0 applied.","","","","2026-05-14T22:51:31.254004+00:00"
"4","Software Developer","BMO","","","","","","remote","","","REMOTE/TELETRAVAIL, ON, CAN","https://bmo.wd3.myworkdayjobs.com/External/job/REMOTETELETRAVAIL-ON-CAN/Software-Developer_R260000290","https://bmo.wd3.myworkdayjobs.com/External/job/REMOTETELETRAVAIL-ON-CAN/Software-Developer_R260000290","SQL, Change Management, AWS
Deterministic profile match: 3 profile skills mentioned; title alignment 0.0/3.0; domain signals 8. Title relevance penalty 1.0 applied.","","","","2026-05-14T22:50:19.953072+00:00"
"4","(Fixed-Term) Manufacturing Associate, Drug Substance - Shift Position","Moderna","","","","","","remote","","","","https://modernatx.wd1.myworkdayjobs.com/M_tx/job/Oxford---England/XMLNAME--Fixed-Term--Manufacturing-Associate--Drug-Substance---Shift-Position_R17824-1","https://modernatx.wd1.myworkdayjobs.com/M_tx/job/Oxford---England/XMLNAME--Fixed-Term--Manufacturing-Associate--Drug-Substance---Shift-Position_R17824-1","SAFe, Lean Product Development, Change Management, SOPs, Audit Logging, Legal Technology
Deterministic profile match: 6 profile skills mentioned; title alignment 0.0/3.0; domain signals 2. Title relevance penalty 1.0 applied.","","","","2026-05-14T22:46:13.005291+00:00"
"4","Sr. Engineer, GxP Systems","Moderna","","","","","","unknown","","","","https://modernatx.wd1.myworkdayjobs.com/M_tx/job/Norwood-Massachusetts/Sr-Engineer-I--GxP-Systems_R19156","https://modernatx.wd1.myworkdayjobs.com/M_tx/job/Norwood-Massachusetts/Sr-Engineer-I--GxP-Systems_R19156","SDLC, Root Cause Analysis, Change Management, SOPs, Risk Management
Deterministic profile match: 5 profile skills mentioned; title alignment 0.0/3.0; domain signals 5. Title relevance penalty 1.0 applied.","","","","2026-05-14T22:41:16.493511+00:00"
"4","Senior Developer Relations Manager ? Capital Markets","NVIDIA","","","","","","remote","","","UK, Remote","https://nvidia.wd5.myworkdayjobs.com/NVIDIAExternalCareerSite/job/UK-Remote/Senior-Developer-Relations-Manager---Capital-Markets_JR2016616-1","https://nvidia.wd5.myworkdayjobs.com/NVIDIAExternalCareerSite/job/UK-Remote/Senior-Developer-Relations-Manager---Capital-Markets_JR2016616-1","Requirements Gathering, AI/ML, Legal Technology
Deterministic profile match: 3 profile skills mentioned; title alignment 0.0/3.0; domain signals 6. Title relevance penalty 1.0 applied.","","","","2026-05-14T22:39:14.264800+00:00"
"4","Intermediate Mainframe Application Developer","BMO","","","","","","remote","","","REMOTE/TELETRAVAIL, ON, CAN","https://bmo.wd3.myworkdayjobs.com/External/job/REMOTETELETRAVAIL-ON-CAN/Intermediate-Mainframe-Application-Developer_R260000527","https://bmo.wd3.myworkdayjobs.com/External/job/REMOTETELETRAVAIL-ON-CAN/Intermediate-Mainframe-Application-Developer_R260000527","Root Cause Analysis, Technical Documentation, Mentoring
Deterministic profile match: 3 profile skills mentioned; title alignment 0.0/3.0; domain signals 7. Title relevance penalty 1.0 applied.","","","","2026-05-14T22:38:01.137015+00:00"
"4","Regional Account Manager ? Baltimore, MD","Moderna","","","","","","remote","","","","https://modernatx.wd1.myworkdayjobs.com/M_tx/job/Remote---US/Regional-Account-Manager---Baltimore--MD_R18908-2","https://modernatx.wd1.myworkdayjobs.com/M_tx/job/Remote---US/Regional-Account-Manager---Baltimore--MD_R18908-2","Presentation Skills, Customer Success, Change Management, Risk Management, Legal Technology
Deterministic profile match: 5 profile skills mentioned; title alignment 0.0/3.0; domain signals 4. Title relevance penalty 1.0 applied.","","","","2026-05-14T22:35:44.018180+00:00"
"4","(Fixed Term) Data Quality Control Specialist. Clinical Biomarker Laboratory","Moderna","","","","","","remote","","","","https://modernatx.wd1.myworkdayjobs.com/M_tx/job/Oxford---England/XMLNAME--Fixed-Term--Data-Quality-Control-Specialist-Clinical-Biomarker-Laboratory_R19122","https://modernatx.wd1.myworkdayjobs.com/M_tx/job/Oxford---England/XMLNAME--Fixed-Term--Data-Quality-Control-Specialist-Clinical-Biomarker-Laboratory_R19122","Root Cause Analysis, Change Management, SOPs, Risk Management, Legal Technology
Deterministic profile match: 5 profile skills mentioned; title alignment 0.0/3.0; domain signals 4. Title relevance penalty 1.0 applied.","","","","2026-05-14T22:35:44.018180+00:00"
"4","Senior Product Engineer - Board Products","NVIDIA","","","","","","remote","","","Vietnam, Remote","https://nvidia.wd5.myworkdayjobs.com/NVIDIAExternalCareerSite/job/Vietnam-Remote/Senior-Product-Engineer---Board-Products_JR2014212","https://nvidia.wd5.myworkdayjobs.com/NVIDIAExternalCareerSite/job/Vietnam-Remote/Senior-Product-Engineer---Board-Products_JR2014212","Python, Change Management
Deterministic profile match: 2 profile skills mentioned; title alignment 0.0/3.0; domain signals 4.","","","","2026-05-14T22:32:17.257383+00:00"
"4","Senior Product Engineer - Board Products","NVIDIA","","","","","","remote","","","Vietnam, Remote","https://nvidia.wd5.myworkdayjobs.com/NVIDIAExternalCareerSite/job/Vietnam-Remote/Senior-Product-Engineer---Board-Products_JR2015843","https://nvidia.wd5.myworkdayjobs.com/NVIDIAExternalCareerSite/job/Vietnam-Remote/Senior-Product-Engineer---Board-Products_JR2015843","Python, Change Management
Deterministic profile match: 2 profile skills mentioned; title alignment 0.0/3.0; domain signals 4.","","","","2026-05-14T22:32:17.257383+00:00"
"4","Manager, Treasury","Moderna","","","","","","onsite","","","","https://modernatx.wd1.myworkdayjobs.com/M_tx/job/Cambridge-Massachusetts/Manager--Treasury_R19034-1","https://modernatx.wd1.myworkdayjobs.com/M_tx/job/Cambridge-Massachusetts/Manager--Treasury_R19034-1","Data Governance Frameworks, Program Management, Change Management, Risk Management, System Monitoring, Legal Technology
Deterministic profile match: 6 profile skills mentioned; title alignment 0.0/3.0; domain signals 2. Title relevance penalty 1.0 applied.","","","","2026-05-14T22:26:35.890133+00:00"
"4","Manager, Site Planning","Moderna","","","","","","onsite","","","","https://modernatx.wd1.myworkdayjobs.com/M_tx/job/Melbourne---Australia/Manager--Site-Planning_R18382","https://modernatx.wd1.myworkdayjobs.com/M_tx/job/Melbourne---Australia/Manager--Site-Planning_R18382","Root Cause Analysis, Customer Success, Change Management, Risk Management, Legal Technology
Deterministic profile match: 5 profile skills mentioned; title alignment 0.0/3.0; domain signals 5. Title relevance penalty 1.0 applied.","","","","2026-05-14T22:26:35.890133+00:00"
"4","(? dur?e d?termin?e) Responsable de la S?curit? du Site /(Fixed-Term) Site Security Manager","Moderna","","","","","","remote","","","","https://modernatx.wd1.myworkdayjobs.com/M_tx/job/Laval---Canada/XMLNAME---dure-dtermine--Responsable-de-la-Scurit-du-Site---Fixed-Term--Site-Security-Manager_R18837-1","https://modernatx.wd1.myworkdayjobs.com/M_tx/job/Laval---Canada/XMLNAME---dure-dtermine--Responsable-de-la-Scurit-du-Site---Fixed-Term--Site-Security-Manager_R18837-1","SAFe, Change Management, Training Enablement, Risk Management, System Monitoring, Legal Technology
Deterministic profile match: 6 profile skills mentioned; title alignment 0.0/3.0; domain signals 3. Title relevance penalty 1.0 applied.","","","","2026-05-14T22:26:35.890133+00:00"
"4","Responsable d??quipe, Production de vaccins ? ARNm ? Quart de nuit / Team Lead, mRNA Vaccines Production - Night Shift","Moderna","","","","","","remote","","","","https://modernatx.wd1.myworkdayjobs.com/M_tx/job/Laval---Canada/Responsable-d-quipe--Production-de-vaccins--ARNm---Quart-de-nuit---Team-Lead--mRNA-Vaccines-Production---Night-Shift_R18731","https://modernatx.wd1.myworkdayjobs.com/M_tx/job/Laval---Canada/Responsable-d-quipe--Production-de-vaccins--ARNm---Quart-de-nuit---Team-Lead--mRNA-Vaccines-Production---Night-Shift_R18731","Change Management, SOPs, Legal Technology
Deterministic profile match: 3 profile skills mentioned; title alignment 0.0/3.0; domain signals 2.","","","","2026-05-14T22:26:35.890133+00:00"
"4","Engineering Program Manager 5","Adobe","","","","","","remote","","","Remote India","https://adobe.wd5.myworkdayjobs.com/external_experienced/job/Remote-India/Engineering-Program-Manager-5_R167614-1","https://adobe.wd5.myworkdayjobs.com/external_experienced/job/Remote-India/Engineering-Program-Manager-5_R167614-1","
Deterministic profile match: 0 profile skills mentioned; title alignment 1.5/3.0; domain signals 2.","","","","2026-05-14T22:21:34.326711+00:00"
"4","Digital Strategist AI Adoption","Adobe","","","","","","remote","","","Remote Virginia","https://adobe.wd5.myworkdayjobs.com/external_experienced/job/Remote-Virginia/Digital-Strategist-AI-Adoption_R165797","https://adobe.wd5.myworkdayjobs.com/external_experienced/job/Remote-Virginia/Digital-Strategist-AI-Adoption_R165797","Data Governance Frameworks, Stakeholder Management, Program Management, Customer Success
Deterministic profile match: 4 profile skills mentioned; title alignment 0.0/3.0; domain signals 6. Title relevance penalty 1.0 applied.","","","","2026-05-14T22:21:34.326711+00:00"
"4","Product Manager, Modules","Canadian Solar","","","","","","remote","","","Mexico - Remote","https://canadiansolar.wd5.myworkdayjobs.com/CanadianSolar/job/Mexico---Remote/Product-Manager--Modules_10001168-1","https://canadiansolar.wd5.myworkdayjobs.com/CanadianSolar/job/Mexico---Remote/Product-Manager--Modules_10001168-1","Presentation Skills, Roadmap Planning, Customer Success
Deterministic profile match: 3 profile skills mentioned; title alignment 1.0/3.0; domain signals 2.","","","","2026-05-14T22:13:28.680494+00:00"
"4","Manager/Sr. Manager - SAP - Consulting","PwC","","","","","","unknown","","","","https://pwc.wd3.myworkdayjobs.com/Global_Experienced_Careers/job/Manager-Sr-Manager---SAP---Consulting_520023WD","https://pwc.wd3.myworkdayjobs.com/Global_Experienced_Careers/job/Manager-Sr-Manager---SAP---Consulting_520023WD","Stakeholder Management, Requirements Gathering, Change Management, Resource Planning, Risk Management
Deterministic profile match: 5 profile skills mentioned; title alignment 0.0/3.0; domain signals 5. Title relevance penalty 1.0 applied.","","","","2026-05-14T22:12:35.179630+00:00"
"4","Director, Technical Development Operations","Moderna","","","","","","remote","","","","https://modernatx.wd1.myworkdayjobs.com/M_tx/job/Norwood-Massachusetts/Director--Technical-Development-Operations_R18676-1","https://modernatx.wd1.myworkdayjobs.com/M_tx/job/Norwood-Massachusetts/Director--Technical-Development-Operations_R18676-1","Stakeholder Management, Program Management, Change Management, SOPs, Risk Management, Deployment Workflows, Data Pipelines, Legal Technology
Deterministic profile match: 8 profile skills mentioned; title alignment 0.0/3.0; domain signals 9. Title relevance penalty 2.5 applied.","","","","2026-05-14T22:12:00.818278+00:00"
"4","Sr. Manager, CMC Stability","Moderna","","","","","","remote","","","","https://modernatx.wd1.myworkdayjobs.com/M_tx/job/Norwood-Massachusetts/Sr-Manager--CMC-Stability_R19050-1","https://modernatx.wd1.myworkdayjobs.com/M_tx/job/Norwood-Massachusetts/Sr-Manager--CMC-Stability_R19050-1","Program Management, Technical Documentation, Change Management, Risk Management, Legal Technology
Deterministic profile match: 5 profile skills mentioned; title alignment 0.0/3.0; domain signals 5. Title relevance penalty 1.0 applied.","","","","2026-05-14T22:12:00.818278+00:00"
"4","2026 Co-Op, Analytical Technical Operations","Moderna","","","","","","remote","","","","https://modernatx.wd1.myworkdayjobs.com/M_tx/job/Norwood-Massachusetts/XMLNAME-2026-Co-Op--Analytical-Technical-Operations_R18913","https://modernatx.wd1.myworkdayjobs.com/M_tx/job/Norwood-Massachusetts/XMLNAME-2026-Co-Op--Analytical-Technical-Operations_R18913","Root Cause Analysis, Program Management, Technical Documentation, Change Management, Legal Technology
Deterministic profile match: 5 profile skills mentioned; title alignment 0.0/3.0; domain signals 4. Title relevance penalty 1.0 applied.","","","","2026-05-14T22:12:00.818278+00:00"
"4","Senior Manager - Engineering & Maintenance","Moderna","","","","","","remote","","","","https://modernatx.wd1.myworkdayjobs.com/M_tx/job/Oxford---England/Senior-Manager---Engineering---Maintenance_R18990-1","https://modernatx.wd1.myworkdayjobs.com/M_tx/job/Oxford---England/Senior-Manager---Engineering---Maintenance_R18990-1","Stakeholder Management, Program Management, Change Management, Legal Technology
Deterministic profile match: 4 profile skills mentioned; title alignment 0.0/3.0; domain signals 5. Title relevance penalty 1.0 applied.","","","","2026-05-14T22:12:00.818278+00:00"
"4","Responsable Environnement, Sant? et S?curit? (EHS) du Site / Sr. Manager, Site Environment, Health & Safety (EHS) Lead","Moderna","","","","","","remote","","","","https://modernatx.wd1.myworkdayjobs.com/M_tx/job/Laval---Canada/Responsable-Environnement--Sant-et-Scurit--EHS--du-Site---Sr-Manager--Site-Environment--Health---Safety--EHS--Lead_R19103","https://modernatx.wd1.myworkdayjobs.com/M_tx/job/Laval---Canada/Responsable-Environnement--Sant-et-Scurit--EHS--du-Site---Sr-Manager--Site-Environment--Health---Safety--EHS--Lead_R19103","Stakeholder Management, Technical Documentation, Change Management, Risk Management, Legal Technology
Deterministic profile match: 5 profile skills mentioned; title alignment 0.0/3.0; domain signals 5. Title relevance penalty 1.0 applied.","","","","2026-05-14T22:12:00.818278+00:00"
"4","Process Technician, Electrical","Moderna","","","","","","remote","","","","https://modernatx.wd1.myworkdayjobs.com/M_tx/job/Melbourne---Australia/Process-Technician--Electrical_R17966","https://modernatx.wd1.myworkdayjobs.com/M_tx/job/Melbourne---Australia/Process-Technician--Electrical_R17966","SAFe, Program Management, Technical Documentation, Customer Success, Change Management, Legal Technology
Deterministic profile match: 6 profile skills mentioned; title alignment 0.0/3.0; domain signals 3. Title relevance penalty 1.0 applied.","","","","2026-05-14T22:12:00.818278+00:00"
"4","Team Lead, Quality Control, Product Testing & Stability","Moderna","","","","","","remote","","","","https://modernatx.wd1.myworkdayjobs.com/M_tx/job/Melbourne---Australia/Team-Lead--Quality-Control--Product-Testing---Stability_R19121","https://modernatx.wd1.myworkdayjobs.com/M_tx/job/Melbourne---Australia/Team-Lead--Quality-Control--Product-Testing---Stability_R19121","Change Management, SOPs, Legal Technology
Deterministic profile match: 3 profile skills mentioned; title alignment 0.0/3.0; domain signals 4.","","","","2026-05-14T22:12:00.818278+00:00"
"4","Senior Engineer I, Process Engineering","Moderna","","","","","","remote","","","","https://modernatx.wd1.myworkdayjobs.com/M_tx/job/Norwood-Massachusetts/Senior-Engineer-I--Process-Engineering_R18834-1","https://modernatx.wd1.myworkdayjobs.com/M_tx/job/Norwood-Massachusetts/Senior-Engineer-I--Process-Engineering_R18834-1","Root Cause Analysis, Technical Documentation, Legal Technology
Deterministic profile match: 3 profile skills mentioned; title alignment 0.0/3.0; domain signals 6. Title relevance penalty 1.0 applied.","","","","2026-05-14T22:12:00.818278+00:00"
"4","Senior Engineer I, Process Engineering","Moderna","","","","","","onsite","","","","https://modernatx.wd1.myworkdayjobs.com/M_tx/job/Norwood-Massachusetts/Senior-Engineer-I--Process-Engineering_R18845-1","https://modernatx.wd1.myworkdayjobs.com/M_tx/job/Norwood-Massachusetts/Senior-Engineer-I--Process-Engineering_R18845-1","Root Cause Analysis, Technical Documentation, Legal Technology
Deterministic profile match: 3 profile skills mentioned; title alignment 0.0/3.0; domain signals 6. Title relevance penalty 1.0 applied.","","","","2026-05-14T22:12:00.818278+00:00"
"4","Senior Engineer II, Applied Technologies","Moderna","","","","","","remote","","","","https://modernatx.wd1.myworkdayjobs.com/M_tx/job/Norwood-Massachusetts/Senior-Engineer-II--Applied-Technologies_R18643-1","https://modernatx.wd1.myworkdayjobs.com/M_tx/job/Norwood-Massachusetts/Senior-Engineer-II--Applied-Technologies_R18643-1","Python, Lean Product Development, A/B Testing, Change Management, Legal Technology
Deterministic profile match: 5 profile skills mentioned; title alignment 0.0/3.0; domain signals 5. Title relevance penalty 1.0 applied.","","","","2026-05-14T22:12:00.818278+00:00"
"4","Quality Assurance for Quality Control, Australia","Moderna","","","","","","onsite","","","","https://modernatx.wd1.myworkdayjobs.com/M_tx/job/Melbourne---Australia/Quality-Assurance-for-Quality-Control--Australia_R18625-1","https://modernatx.wd1.myworkdayjobs.com/M_tx/job/Melbourne---Australia/Quality-Assurance-for-Quality-Control--Australia_R18625-1","Technical Documentation, Change Management, QA Coordination, SOPs, Risk Management, Legal Technology
Deterministic profile match: 6 profile skills mentioned; title alignment 0.0/3.0; domain signals 3. Title relevance penalty 1.0 applied.","","","","2026-05-14T22:12:00.818278+00:00"
"4","2026 Co-Op, Supply Chain- Logistics Engineering","Moderna","","","","","","remote","","","","https://modernatx.wd1.myworkdayjobs.com/M_tx/job/Norwood-Massachusetts/XMLNAME-2026-Co-Op--Supply-Chain--Logistics-Engineering_R18942","https://modernatx.wd1.myworkdayjobs.com/M_tx/job/Norwood-Massachusetts/XMLNAME-2026-Co-Op--Supply-Chain--Logistics-Engineering_R18942","Program Management, Technical Documentation, Presentation Skills, Change Management, SOPs, Legal Technology
Deterministic profile match: 6 profile skills mentioned; title alignment 0.0/3.0; domain signals 6. Title relevance penalty 1.0 applied.","","","","2026-05-14T22:12:00.818278+00:00"
"4","(Fixed Term) Specialist, Validation (CQV)","Moderna","","","","","","remote","","","","https://modernatx.wd1.myworkdayjobs.com/M_tx/job/Laval---Canada/XMLNAME--Fixed-Term--Specialist--Validation--CQV-_R19113","https://modernatx.wd1.myworkdayjobs.com/M_tx/job/Laval---Canada/XMLNAME--Fixed-Term--Specialist--Validation--CQV-_R19113","Root Cause Analysis, Technical Documentation, Change Management, Risk Management, Legal Technology
Deterministic profile match: 5 profile skills mentioned; title alignment 0.0/3.0; domain signals 5. Title relevance penalty 1.0 applied.","","","","2026-05-14T22:12:00.818278+00:00"
"4","Senior Analyst, Indirect Tax (VAT)","Moderna","","","","","","onsite","","","","https://modernatx.wd1.myworkdayjobs.com/M_tx/job/Warsaw---Poland/Senior-Analyst--Tax-and-Treasury_R19057","https://modernatx.wd1.myworkdayjobs.com/M_tx/job/Warsaw---Poland/Senior-Analyst--Tax-and-Treasury_R19057","Stakeholder Management, Change Management, Legal Technology
Deterministic profile match: 3 profile skills mentioned; title alignment 0.0/3.0; domain signals 6. Title relevance penalty 1.0 applied.","","","","2026-05-14T22:12:00.818278+00:00"
"4","2026 Co-Op, Business Support, Planning & Scheduling","Moderna","","","","","","remote","","","","https://modernatx.wd1.myworkdayjobs.com/M_tx/job/Norwood-Massachusetts/XMLNAME-2026-Co-Op--Business-Support--Planning---Scheduling_R19007","https://modernatx.wd1.myworkdayjobs.com/M_tx/job/Norwood-Massachusetts/XMLNAME-2026-Co-Op--Business-Support--Planning---Scheduling_R19007","SAFe, Technical Documentation, Change Management, Scheduling Management, Smartsheet, Legal Technology
Deterministic profile match: 6 profile skills mentioned; title alignment 0.0/3.0; domain signals 4. Title relevance penalty 1.0 applied.","","","","2026-05-14T22:12:00.818278+00:00"
"4","Senior Windows Engineer,  Active Directory and Server Platforms","Moderna","","","","","","hybrid","","","","https://modernatx.wd1.myworkdayjobs.com/M_tx/job/Cambridge-Massachusetts/Windows-Engineer_R18518-1","https://modernatx.wd1.myworkdayjobs.com/M_tx/job/Cambridge-Massachusetts/Windows-Engineer_R18518-1","Root Cause Analysis, Change Management, System Monitoring, Policy Automation, AWS, Legal Technology
Deterministic profile match: 6 profile skills mentioned; title alignment 0.0/3.0; domain signals 6. Title relevance penalty 1.0 applied.","","","","2026-05-14T22:12:00.818278+00:00"
"4","Senior GxP Engineer, Endpoint Engineer","Moderna","","","","","","onsite","","","","https://modernatx.wd1.myworkdayjobs.com/M_tx/job/Cambridge-Massachusetts/GxP-Endpoint-Engineer_R18517-1","https://modernatx.wd1.myworkdayjobs.com/M_tx/job/Cambridge-Massachusetts/GxP-Endpoint-Engineer_R18517-1","Technical Documentation, Change Management, SOPs, Deployment Workflows, ServiceNow, Legal Technology
Deterministic profile match: 6 profile skills mentioned; title alignment 0.0/3.0; domain signals 6. Title relevance penalty 1.0 applied.","","","","2026-05-14T22:12:00.818278+00:00"
"4","Country Head, Regulatory Affairs, Australia and New Zealand","Moderna","","","","","","onsite","","","","https://modernatx.wd1.myworkdayjobs.com/M_tx/job/Melbourne---Australia/Country-Head--Regulatory-Affairs--Australia-and-New-Zealand_R19039-1","https://modernatx.wd1.myworkdayjobs.com/M_tx/job/Melbourne---Australia/Country-Head--Regulatory-Affairs--Australia-and-New-Zealand_R19039-1","Stakeholder Management, Change Management, Legal Technology
Deterministic profile match: 3 profile skills mentioned; title alignment 0.0/3.0; domain signals 6. Title relevance penalty 1.0 applied.","","","","2026-05-14T22:12:00.818278+00:00"
"4","Senior Enterprise Architect","Adobe","","","","","","remote","","","Remote Illinois","https://adobe.wd5.myworkdayjobs.com/external_experienced/job/Remote-Illinois/Senior-Enterprise-Architect_R167408","https://adobe.wd5.myworkdayjobs.com/external_experienced/job/Remote-Illinois/Senior-Enterprise-Architect_R167408","Resource Planning, Workflow Automation
Deterministic profile match: 2 profile skills mentioned; title alignment 0.0/3.0; domain signals 9. Title relevance penalty 1.0 applied.","","","","2026-05-14T22:08:34.888181+00:00"
"4","Senior Solution Architect Firefly Enterprise Solutions","Adobe","","","","","","remote","","","Remote Germany","https://adobe.wd5.myworkdayjobs.com/external_experienced/job/Remote-Germany/Senior-Solution-Architect-Firefly-Enterprise-Solutions_R167689-1","https://adobe.wd5.myworkdayjobs.com/external_experienced/job/Remote-Germany/Senior-Solution-Architect-Firefly-Enterprise-Solutions_R167689-1","Customer Success, AI/ML, Workflow Automation, AWS
Deterministic profile match: 4 profile skills mentioned; title alignment 0.0/3.0; domain signals 10. Title relevance penalty 1.0 applied.","","","","2026-05-14T22:08:34.888181+00:00"
"4","Sr. Analyst- Revenue Operations","Adobe","","","","","","remote","","","Remote India","https://adobe.wd5.myworkdayjobs.com/external_experienced/job/Remote-India/Sales-Operations-Analyst_R168147","https://adobe.wd5.myworkdayjobs.com/external_experienced/job/Remote-India/Sales-Operations-Analyst_R168147","SQL, Customer Success, Power BI
Deterministic profile match: 3 profile skills mentioned; title alignment 0.0/3.0; domain signals 8. Title relevance penalty 1.0 applied.","","","","2026-05-14T22:08:34.888181+00:00"
"4","Senior Manager, Technical Training Programs","NVIDIA","","","","","","remote","","","US, CA, Remote","https://nvidia.wd5.myworkdayjobs.com/NVIDIAExternalCareerSite/job/US-CA-Remote/Senior-Manager--Technical-Training-Programs_JR2017583","https://nvidia.wd5.myworkdayjobs.com/NVIDIAExternalCareerSite/job/US-CA-Remote/Senior-Manager--Technical-Training-Programs_JR2017583","Program Management, Training Enablement
Deterministic profile match: 2 profile skills mentioned; title alignment 0.0/3.0; domain signals 4.","","","","2026-05-14T22:07:43.149559+00:00"
"4","Senior Solutions Architect, NVIDIA Cloud Partners - Mexico","NVIDIA","","","","","","hybrid","Mexico, Remote","","Mexico, Remote","https://nvidia.wd5.myworkdayjobs.com/NVIDIAExternalCareerSite/job/Mexico-Remote/Senior-Solutions-Architect--NVIDIA-Cloud-Partners---Mexico_JR2016689","https://nvidia.wd5.myworkdayjobs.com/NVIDIAExternalCareerSite/job/Mexico-Remote/Senior-Solutions-Architect--NVIDIA-Cloud-Partners---Mexico_JR2016689","Python, Hybrid Project Management, Software Project Management, Presentation Skills, AI/ML, AWS
Deterministic profile match: 6 profile skills mentioned; title alignment 0.0/3.0; domain signals 4. Title relevance penalty 1.0 applied.","","","","2026-05-14T22:07:43.149559+00:00"
"4","Senior Analyst, IT Applications","Ciena","","","","","","remote","","","Remote-Philippines","https://ciena.wd5.myworkdayjobs.com/Careers/job/Remote-Philippines/SharePoint--Office-365--and-Power-Platform-Administrator_R030264","https://ciena.wd5.myworkdayjobs.com/Careers/job/Remote-Philippines/SharePoint--Office-365--and-Power-Platform-Administrator_R030264","Root Cause Analysis, Data Governance Frameworks, Technical Documentation, ServiceNow
Deterministic profile match: 4 profile skills mentioned; title alignment 0.0/3.0; domain signals 8. Title relevance penalty 1.0 applied.","","","","2026-05-14T22:06:26.829660+00:00"
"4","Senior Technical and Financial Crime Intelligence Analyst","Manulife","","","","","","remote","","","CAN, Ontario - Full Time Remote","https://manulife.wd3.myworkdayjobs.com/MFCJH_Jobs/job/CAN-Ontario---Full-Time-Remote/Senior-Technical---Financial-Crime-Intelligence-Analyst_JR25110828","https://manulife.wd3.myworkdayjobs.com/MFCJH_Jobs/job/CAN-Ontario---Full-Time-Remote/Senior-Technical---Financial-Crime-Intelligence-Analyst_JR25110828","Python, SQL, Program Management, Presentation Skills, Risk Management, Power BI
Deterministic profile match: 6 profile skills mentioned; title alignment 0.0/3.0; domain signals 3. Title relevance penalty 1.0 applied.","","","","2026-05-14T22:05:22.908404+00:00"
"4","Senior Engineer (Critical Environments -US)","TD Bank","","","","","","remote","","","Remote Mount Laurel (NJ)","https://td.wd3.myworkdayjobs.com/TD_Bank_Careers/job/Remote-Mount-Laurel-NJ/Senior-Engineer--Critical-Environments--US-_R_1487901-1","https://td.wd3.myworkdayjobs.com/TD_Bank_Careers/job/Remote-Mount-Laurel-NJ/Senior-Engineer--Critical-Environments--US-_R_1487901-1","Root Cause Analysis, Data Governance Frameworks, Program Management, Mentoring, SOPs, Risk Management
Deterministic profile match: 6 profile skills mentioned; title alignment 0.0/3.0; domain signals 3. Title relevance penalty 1.0 applied.","","","","2026-05-14T22:03:38.175527+00:00"
"4","Senior Proposal Writer","TELUS Health","","","","","","remote","","","APAC - Singapore - Remote","https://lifeworks.wd3.myworkdayjobs.com/External/job/APAC---Singapore---Remote/Senior-Proposal-Writer_R-22028","https://lifeworks.wd3.myworkdayjobs.com/External/job/APAC---Singapore---Remote/Senior-Proposal-Writer_R-22028","Software Project Management, Stakeholder Management, Mentoring, Customer Success, Legal Technology
Deterministic profile match: 5 profile skills mentioned; title alignment 0.0/3.0; domain signals 5. Title relevance penalty 1.0 applied.","","","","2026-05-14T22:02:55.884851+00:00"
"4","Banco de Talentos SAP (AdvCon) | Advisory","PwC","","","","","","unknown","","","","https://pwc.wd3.myworkdayjobs.com/Global_Experienced_Careers/job/Banco-de-Talentos-SAP--AdvCon----Advisory_663974WD","https://pwc.wd3.myworkdayjobs.com/Global_Experienced_Careers/job/Banco-de-Talentos-SAP--AdvCon----Advisory_663974WD","Software Project Management, Program Management, Jira
Deterministic profile match: 3 profile skills mentioned; title alignment 0.0/3.0; domain signals 7. Title relevance penalty 1.0 applied.","","","","2026-05-14T22:02:48.190234+00:00"
"4","Manager/Sr. Manager - SAP - Consulting (Placement Yogyakarta)","PwC","","","","","","onsite","","","","https://pwc.wd3.myworkdayjobs.com/Global_Experienced_Careers/job/Manager-Sr-Manager---SAP---Consulting--Placement-Yogyakarta-_652139WD","https://pwc.wd3.myworkdayjobs.com/Global_Experienced_Careers/job/Manager-Sr-Manager---SAP---Consulting--Placement-Yogyakarta-_652139WD","Software Project Management, Stakeholder Management, Mentoring, Change Management
Deterministic profile match: 4 profile skills mentioned; title alignment 0.0/3.0; domain signals 6. Title relevance penalty 1.0 applied.","","","","2026-05-14T22:02:48.190234+00:00"
"4","Software Engineer","Moderna","","","","","","onsite","","","","https://modernatx.wd1.myworkdayjobs.com/M_tx/job/Warsaw---Poland/Software-Engineer_R19072-1","https://modernatx.wd1.myworkdayjobs.com/M_tx/job/Warsaw---Poland/Software-Engineer_R19072-1","Python, JavaScript, CI/CD Collaboration, Technical Documentation, Deployment Workflows, AWS, GitHub, Legal Technology
Deterministic profile match: 8 profile skills mentioned; title alignment 0.0/3.0; domain signals 6. Title relevance penalty 2.5 applied.","","","","2026-05-14T22:02:20.415246+00:00"
"4","Senior Manager, Financial Planning & Analysis, CMC","Moderna","","","","","","onsite","","","","https://modernatx.wd1.myworkdayjobs.com/M_tx/job/Cambridge-Massachusetts/Senior-Manager--Financial-Planning---Analysis--CMC_R19127","https://modernatx.wd1.myworkdayjobs.com/M_tx/job/Cambridge-Massachusetts/Senior-Manager--Financial-Planning---Analysis--CMC_R19127","Software Project Management, Root Cause Analysis, Technical Documentation, Presentation Skills, Change Management, Legal Technology
Deterministic profile match: 6 profile skills mentioned; title alignment 0.0/3.0; domain signals 5. Title relevance penalty 1.0 applied.","","","","2026-05-14T22:02:20.415246+00:00"
"4","Sr. Automation Engineer","Moderna","","","","","","unknown","","","","https://modernatx.wd1.myworkdayjobs.com/M_tx/job/Cambridge-Massachusetts/Sr-Automation-Engineer_R19099-1","https://modernatx.wd1.myworkdayjobs.com/M_tx/job/Cambridge-Massachusetts/Sr-Automation-Engineer_R19099-1","Software Project Management, Mentoring, Jira, GitHub
Deterministic profile match: 4 profile skills mentioned; title alignment 0.0/3.0; domain signals 7. Title relevance penalty 1.0 applied.","","","","2026-05-14T22:02:20.415246+00:00"
"4","Associate Director, CMC Digital Operations and Strategic Portfolio Lead","Moderna","","","","","","onsite","","","","https://modernatx.wd1.myworkdayjobs.com/M_tx/job/Cambridge-Massachusetts/Associate-Director--CMC-Digital-Operations-and-Strategic-Portfolio-Lead_R19000-1","https://modernatx.wd1.myworkdayjobs.com/M_tx/job/Cambridge-Massachusetts/Associate-Director--CMC-Digital-Operations-and-Strategic-Portfolio-Lead_R19000-1","Software Project Management, Stakeholder Management, Program Management, Change Management, Resource Planning, AI/ML, Risk Management, Legal Technology
Deterministic profile match: 8 profile skills mentioned; title alignment 0.0/3.0; domain signals 10. Title relevance penalty 2.5 applied.","","","","2026-05-14T22:02:20.415246+00:00"
"4","Sr. Automation Engineer","Moderna","","","","","","remote","","","","https://modernatx.wd1.myworkdayjobs.com/M_tx/job/Norwood-Massachusetts/Sr-Automation-Engineer_R19077","https://modernatx.wd1.myworkdayjobs.com/M_tx/job/Norwood-Massachusetts/Sr-Automation-Engineer_R19077","Technical Documentation, Change Management, Scheduling Management, Deployment Workflows, Legal Technology
Deterministic profile match: 5 profile skills mentioned; title alignment 0.0/3.0; domain signals 6. Title relevance penalty 1.0 applied.","","","","2026-05-14T22:02:20.415246+00:00"
"4","Director, Partner-Integrated Delivery & Launch PMO","Thomson Reuters","","","","","","remote","","","","https://thomsonreuters.wd5.myworkdayjobs.com/External_Career_Site/job/United-States-of-America-Eagan-Minnesota/Director--Partner-Integrated-Delivery---Launch-PMO_JREQ200714","https://thomsonreuters.wd5.myworkdayjobs.com/External_Career_Site/job/United-States-of-America-Eagan-Minnesota/Director--Partner-Integrated-Delivery---Launch-PMO_JREQ200714","SAFe, Retrospectives, Data Governance Frameworks, Stakeholder Management, Program Management, KPI Tracking, ERP, Risk Management, Legal Technology
Deterministic profile match: 9 profile skills mentioned; title alignment 0.0/3.0; domain signals 8. Title relevance penalty 2.5 applied.","","","","2026-05-14T22:01:57.065581+00:00"
"4","Partnership Manager - Remote","Thomson Reuters","","","","","","remote","","","","https://thomsonreuters.wd5.myworkdayjobs.com/External_Career_Site/job/United-States-of-America-Eagan-Minnesota/Partnership-Manager---Remote_JREQ200710","https://thomsonreuters.wd5.myworkdayjobs.com/External_Career_Site/job/United-States-of-America-Eagan-Minnesota/Partnership-Manager---Remote_JREQ200710","SAFe, Stakeholder Management, Program Management, Legal Technology
Deterministic profile match: 4 profile skills mentioned; title alignment 0.0/3.0; domain signals 6. Title relevance penalty 1.0 applied.","","","","2026-05-14T22:01:57.065581+00:00"
"4","Customer Success Manager","Thomson Reuters","","","","","","hybrid","","","","https://thomsonreuters.wd5.myworkdayjobs.com/External_Career_Site/job/Philippines-Manila/Customer-Success-Manager_JREQ200538-1","https://thomsonreuters.wd5.myworkdayjobs.com/External_Career_Site/job/Philippines-Manila/Customer-Success-Manager_JREQ200538-1","Hybrid Project Management, Software Project Management, Customer Success, Risk Management, Legal Technology
Deterministic profile match: 5 profile skills mentioned; title alignment 0.0/3.0; domain signals 4. Title relevance penalty 1.0 applied.","","","","2026-05-14T22:01:57.065581+00:00"
"4","Strategy & Planning Manager, CoCounsel","Thomson Reuters","","","","","","unknown","","","","https://thomsonreuters.wd5.myworkdayjobs.com/External_Career_Site/job/United-States-of-America-Eagan-Minnesota/Strategy---Planning-Manager--CoCounsel_JREQ200448","https://thomsonreuters.wd5.myworkdayjobs.com/External_Career_Site/job/United-States-of-America-Eagan-Minnesota/Strategy---Planning-Manager--CoCounsel_JREQ200448","SAFe, Software Project Management, OKRs, Program Management, Customer Success, Change Management, Legal Technology
Deterministic profile match: 7 profile skills mentioned; title alignment 0.0/3.0; domain signals 3. Title relevance penalty 1.0 applied.","","","","2026-05-14T22:01:57.065581+00:00"
"4","Digital Marketing Specialist - Thomson Reuters","Thomson Reuters","","","","","","hybrid","","","","https://thomsonreuters.wd5.myworkdayjobs.com/External_Career_Site/job/Egypt-Cairo-Cairo/Digital-Marketing-Specialist---Thomson-Reuters_JREQ200410","https://thomsonreuters.wd5.myworkdayjobs.com/External_Career_Site/job/Egypt-Cairo-Cairo/Digital-Marketing-Specialist---Thomson-Reuters_JREQ200410","SQL, Legal Technology, Google Analytics
Deterministic profile match: 3 profile skills mentioned; title alignment 0.0/3.0; domain signals 6. Title relevance penalty 1.0 applied.","","","","2026-05-14T22:01:57.065581+00:00"
"4","Pleno Project Analyst","Thomson Reuters","","","","","","unknown","","","","https://thomsonreuters.wd5.myworkdayjobs.com/External_Career_Site/job/Brazil-So-Paulo-So-Paulo/Pleno-Project-Analyst_JREQ199294","https://thomsonreuters.wd5.myworkdayjobs.com/External_Career_Site/job/Brazil-So-Paulo-So-Paulo/Pleno-Project-Analyst_JREQ199294","Software Project Management, Legal Technology, Microsoft Planner
Deterministic profile match: 3 profile skills mentioned; title alignment 0.0/3.0; domain signals 4.","","","","2026-05-14T22:01:57.065581+00:00"
"4","Analyst","Thomson Reuters","","","","","","hybrid","","","","https://thomsonreuters.wd5.myworkdayjobs.com/External_Career_Site/job/United-States-of-America-McLean-Virginia/Analyst_JREQ200541","https://thomsonreuters.wd5.myworkdayjobs.com/External_Career_Site/job/United-States-of-America-McLean-Virginia/Analyst_JREQ200541","Hybrid Project Management, SAFe, Software Project Management, Program Management, Customer Success, Risk Management, Database Access Governance, Legal Technology
Deterministic profile match: 8 profile skills mentioned; title alignment 0.0/3.0; domain signals 2. Title relevance penalty 1.0 applied.","","","","2026-05-14T22:01:57.065581+00:00"
"4","Supplier and Contract Manager","Thomson Reuters","","","","","","hybrid","","","","https://thomsonreuters.wd5.myworkdayjobs.com/External_Career_Site/job/Mexico-Mexico-City/Supplier-and-Contract-Manager_JREQ199135","https://thomsonreuters.wd5.myworkdayjobs.com/External_Career_Site/job/Mexico-Mexico-City/Supplier-and-Contract-Manager_JREQ199135","Hybrid Project Management, Software Project Management, Stakeholder Management, Change Management, Risk Management, Legal Technology
Deterministic profile match: 6 profile skills mentioned; title alignment 0.0/3.0; domain signals 4. Title relevance penalty 1.0 applied.","","","","2026-05-14T22:01:57.065581+00:00"
"4","Manager, Influencer Relations, Legal","Thomson Reuters","","","","","","hybrid","","","","https://thomsonreuters.wd5.myworkdayjobs.com/External_Career_Site/job/United-States-of-America-Eagan-Minnesota/Manager--Influencer-Relations--Legal_JREQ199708-1","https://thomsonreuters.wd5.myworkdayjobs.com/External_Career_Site/job/United-States-of-America-Eagan-Minnesota/Manager--Influencer-Relations--Legal_JREQ199708-1","SAFe, Program Management, Risk Management, Legal Technology
Deterministic profile match: 4 profile skills mentioned; title alignment 0.0/3.0; domain signals 5. Title relevance penalty 1.0 applied.","","","","2026-05-14T22:01:57.065581+00:00"
"4","Partnership Manager, Government","Thomson Reuters","","","","","","hybrid","","","","https://thomsonreuters.wd5.myworkdayjobs.com/External_Career_Site/job/United-States-of-America-McLean-Virginia/Partnership-Manager--Government_JREQ200423","https://thomsonreuters.wd5.myworkdayjobs.com/External_Career_Site/job/United-States-of-America-McLean-Virginia/Partnership-Manager--Government_JREQ200423","SAFe, Program Management, Presentation Skills, Customer Success, Training Enablement, Legal Technology
Deterministic profile match: 6 profile skills mentioned; title alignment 0.0/3.0; domain signals 3. Title relevance penalty 1.0 applied.","","","","2026-05-14T22:01:57.065581+00:00"
"4","Partnership Manager, Commercial","Thomson Reuters","","","","","","hybrid","","","","https://thomsonreuters.wd5.myworkdayjobs.com/External_Career_Site/job/United-States-of-America-McLean-Virginia/Partnership-Manager--Commercial_JREQ200511","https://thomsonreuters.wd5.myworkdayjobs.com/External_Career_Site/job/United-States-of-America-McLean-Virginia/Partnership-Manager--Commercial_JREQ200511","SAFe, Program Management, Presentation Skills, Customer Success, Training Enablement, Legal Technology
Deterministic profile match: 6 profile skills mentioned; title alignment 0.0/3.0; domain signals 3. Title relevance penalty 1.0 applied.","","","","2026-05-14T22:01:57.065581+00:00"
"4","Senior Analyst, Compliance","Thomson Reuters","","","","","","hybrid","","","","https://thomsonreuters.wd5.myworkdayjobs.com/External_Career_Site/job/United-States-of-America-Eagan-Minnesota/Senior-Analyst--Compliance_JREQ200381","https://thomsonreuters.wd5.myworkdayjobs.com/External_Career_Site/job/United-States-of-America-Eagan-Minnesota/Senior-Analyst--Compliance_JREQ200381","SAFe, Program Management, Technical Documentation, ERP, Risk Management, System Monitoring, Legal Technology
Deterministic profile match: 7 profile skills mentioned; title alignment 0.0/3.0; domain signals 4. Title relevance penalty 1.0 applied.","","","","2026-05-14T22:01:57.065581+00:00"
"4","Senior Partnerships Manager, Legal Professionals","Thomson Reuters","","","","","","hybrid","","","","https://thomsonreuters.wd5.myworkdayjobs.com/External_Career_Site/job/United-States-of-America-New-York-New-York/Senior-Partnerships-Manager--Legal-Professionals_JREQ200162","https://thomsonreuters.wd5.myworkdayjobs.com/External_Career_Site/job/United-States-of-America-New-York-New-York/Senior-Partnerships-Manager--Legal-Professionals_JREQ200162","SAFe, OKRs, Legal Technology
Deterministic profile match: 3 profile skills mentioned; title alignment 0.0/3.0; domain signals 7. Title relevance penalty 1.0 applied.","","","","2026-05-14T22:01:57.065581+00:00"
"4","Manager, Strategic Initiatives ? Commissions","Thomson Reuters","","","","","","hybrid","","","","https://thomsonreuters.wd5.myworkdayjobs.com/External_Career_Site/job/India-Hyderabad-Telangana/Manager--Strategic-Initiatives---Commissions_JREQ200257","https://thomsonreuters.wd5.myworkdayjobs.com/External_Career_Site/job/India-Hyderabad-Telangana/Manager--Strategic-Initiatives---Commissions_JREQ200257","Hybrid Project Management, Software Project Management, Requirements Gathering, Change Management, Power BI, Legal Technology
Deterministic profile match: 6 profile skills mentioned; title alignment 0.0/3.0; domain signals 5. Title relevance penalty 1.0 applied.","","","","2026-05-14T22:01:57.065581+00:00"
"4","Senior Software Engineer ? Mobile Development - Reuters","Thomson Reuters","","","","","","hybrid","","","","https://thomsonreuters.wd5.myworkdayjobs.com/External_Career_Site/job/India-Bengaluru-Karnataka/Senior-Software-Engineer---Mobile-Development---Reuters_JREQ196790","https://thomsonreuters.wd5.myworkdayjobs.com/External_Career_Site/job/India-Bengaluru-Karnataka/Senior-Software-Engineer---Mobile-Development---Reuters_JREQ196790","JavaScript, Agile Scrum, Kanban, Deployment Workflows, GitHub, Legal Technology
Deterministic profile match: 6 profile skills mentioned; title alignment 0.0/3.0; domain signals 10. Title relevance penalty 2.5 applied.","","","","2026-05-14T22:01:57.065581+00:00"
"4","Associate Content Developer","Thomson Reuters","","","","","","hybrid","","","","https://thomsonreuters.wd5.myworkdayjobs.com/External_Career_Site/job/India-Hyderabad-Telangana/Associate-Content-Developer_JREQ199784","https://thomsonreuters.wd5.myworkdayjobs.com/External_Career_Site/job/India-Hyderabad-Telangana/Associate-Content-Developer_JREQ199784","Stakeholder Management, Technical Documentation, Requirements Gathering, Legal Technology
Deterministic profile match: 4 profile skills mentioned; title alignment 0.0/3.0; domain signals 7. Title relevance penalty 1.0 applied.","","","","2026-05-14T22:01:57.065581+00:00"
"4","Senior Manager, AI and Innovation Communications","Thomson Reuters","","","","","","hybrid","","","","https://thomsonreuters.wd5.myworkdayjobs.com/External_Career_Site/job/Canada-Toronto-Ontario/Senior-Manager--AI-and-Innovation-Communications_JREQ200078","https://thomsonreuters.wd5.myworkdayjobs.com/External_Career_Site/job/Canada-Toronto-Ontario/Senior-Manager--AI-and-Innovation-Communications_JREQ200078","Data Governance Frameworks, Machine Learning Frameworks, Program Management, Customer Success, Legal Technology
Deterministic profile match: 5 profile skills mentioned; title alignment 0.0/3.0; domain signals 6. Title relevance penalty 1.0 applied.","","","","2026-05-14T22:01:57.065581+00:00"
"4","Senior Manager, AI and Innovation Communications","Thomson Reuters","","","","","","hybrid","","","","https://thomsonreuters.wd5.myworkdayjobs.com/External_Career_Site/job/United-States-of-America-Frisco-Texas/Senior-Manager--AI-and-Innovation-Communications_JREQ200293","https://thomsonreuters.wd5.myworkdayjobs.com/External_Career_Site/job/United-States-of-America-Frisco-Texas/Senior-Manager--AI-and-Innovation-Communications_JREQ200293","SAFe, Data Governance Frameworks, Machine Learning Frameworks, Program Management, Customer Success, Legal Technology
Deterministic profile match: 6 profile skills mentioned; title alignment 0.0/3.0; domain signals 6. Title relevance penalty 1.0 applied.","","","","2026-05-14T22:01:57.065581+00:00"
"4","Manager, AI and Innovation Communications","Thomson Reuters","","","","","","hybrid","","","","https://thomsonreuters.wd5.myworkdayjobs.com/External_Career_Site/job/Canada-Toronto-Ontario/Manager--AI-and-Innovation-Communications_JREQ200292","https://thomsonreuters.wd5.myworkdayjobs.com/External_Career_Site/job/Canada-Toronto-Ontario/Manager--AI-and-Innovation-Communications_JREQ200292","Customer Success, System Monitoring, Legal Technology
Deterministic profile match: 3 profile skills mentioned; title alignment 0.0/3.0; domain signals 6. Title relevance penalty 1.0 applied.","","","","2026-05-14T22:01:57.065581+00:00"
"4","Staff Software Engineer - AI I","Thomson Reuters","","","","","","hybrid","","","","https://thomsonreuters.wd5.myworkdayjobs.com/External_Career_Site/job/India-Hyderabad-Telangana/Staff-Software-Engineer---AI-I_JREQ199772","https://thomsonreuters.wd5.myworkdayjobs.com/External_Career_Site/job/India-Hyderabad-Telangana/Staff-Software-Engineer---AI-I_JREQ199772","Python, Data Governance Frameworks, Machine Learning Frameworks, AI/ML, System Monitoring, Data Pipelines, Distributed Systems Concepts, AWS, Legal Technology
Deterministic profile match: 9 profile skills mentioned; title alignment 0.0/3.0; domain signals 7. Title relevance penalty 2.5 applied.","","","","2026-05-14T22:01:57.065581+00:00"
"4","Senior Manager, Publishing Editorial","Thomson Reuters","","","","","","hybrid","","","","https://thomsonreuters.wd5.myworkdayjobs.com/External_Career_Site/job/Philippines-Manila/Senior-Manager--Publishing-Editorial_JREQ198771","https://thomsonreuters.wd5.myworkdayjobs.com/External_Career_Site/job/Philippines-Manila/Senior-Manager--Publishing-Editorial_JREQ198771","Stakeholder Management, Change Management, Resource Planning, Legal Technology
Deterministic profile match: 4 profile skills mentioned; title alignment 0.0/3.0; domain signals 6. Title relevance penalty 1.0 applied.","","","","2026-05-14T22:01:57.065581+00:00"
"4","Lead Software Engineer AI - (Materia AI)","Thomson Reuters","","","","","","hybrid","","","","https://thomsonreuters.wd5.myworkdayjobs.com/External_Career_Site/job/United-States-of-America-Eagan-Minnesota/Lead-Software-Engineer-AI----Materia-AI-_JREQ196459-3","https://thomsonreuters.wd5.myworkdayjobs.com/External_Career_Site/job/United-States-of-America-Eagan-Minnesota/Lead-Software-Engineer-AI----Materia-AI-_JREQ196459-3","Python, SAFe, Experimentation Frameworks, Data Governance Frameworks, AI/ML, PostgreSQL, AWS, Legal Technology
Deterministic profile match: 8 profile skills mentioned; title alignment 0.0/3.0; domain signals 6. Title relevance penalty 2.5 applied.","","","","2026-05-14T22:01:57.065581+00:00"
"4","Manager, Business Development ? Reuters News Agency","Thomson Reuters","","","","","","hybrid","","","","https://thomsonreuters.wd5.myworkdayjobs.com/External_Career_Site/job/United-States-of-America-New-York-New-York/Manager--Business-Development---Reuters-News-Agency_JREQ199523-1","https://thomsonreuters.wd5.myworkdayjobs.com/External_Career_Site/job/United-States-of-America-New-York-New-York/Manager--Business-Development---Reuters-News-Agency_JREQ199523-1","SAFe, Program Management, Requirements Gathering, Legal Technology
Deterministic profile match: 4 profile skills mentioned; title alignment 0.0/3.0; domain signals 6. Title relevance penalty 1.0 applied.","","","","2026-05-14T22:01:57.065581+00:00"
"4","Manager Software Engineer, CoCounsel International","Thomson Reuters","","","","","","hybrid","","","","https://thomsonreuters.wd5.myworkdayjobs.com/External_Career_Site/job/Switzerland-Zug-Zug/Manager-Software-Engineer--CoCounsel-International_JREQ198932-1","https://thomsonreuters.wd5.myworkdayjobs.com/External_Career_Site/job/Switzerland-Zug-Zug/Manager-Software-Engineer--CoCounsel-International_JREQ198932-1","Python, Hybrid Project Management, Software Project Management, Data Governance Frameworks, Customer Success, AWS, Legal Technology
Deterministic profile match: 7 profile skills mentioned; title alignment 0.0/3.0; domain signals 8. Title relevance penalty 2.5 applied.","","","","2026-05-14T22:01:57.065581+00:00"
"4","Country Launch Manager","Thomson Reuters","","","","","","hybrid","","","","https://thomsonreuters.wd5.myworkdayjobs.com/External_Career_Site/job/Sweden-Gothenburg/Country-Launch-Manager_JREQ199382","https://thomsonreuters.wd5.myworkdayjobs.com/External_Career_Site/job/Sweden-Gothenburg/Country-Launch-Manager_JREQ199382","Hybrid Project Management, Software Project Management, Stakeholder Management, Legal Technology
Deterministic profile match: 4 profile skills mentioned; title alignment 0.0/3.0; domain signals 7. Title relevance penalty 1.0 applied.","","","","2026-05-14T22:01:57.065581+00:00"
"4","Manager AI and Applied Research","Thomson Reuters","","","","","","hybrid","","","","https://thomsonreuters.wd5.myworkdayjobs.com/External_Career_Site/job/Canada-Toronto-Ontario/Manager-AI-and-Applied-Research_JREQ195999-3","https://thomsonreuters.wd5.myworkdayjobs.com/External_Career_Site/job/Canada-Toronto-Ontario/Manager-AI-and-Applied-Research_JREQ195999-3","Python, AI/ML, System Monitoring, Data Pipelines, AWS, Legal Technology
Deterministic profile match: 6 profile skills mentioned; title alignment 0.0/3.0; domain signals 6. Title relevance penalty 1.0 applied.","","","","2026-05-14T22:01:57.065581+00:00"
"4","Analyst","Thomson Reuters","","","","","","hybrid","","","","https://thomsonreuters.wd5.myworkdayjobs.com/External_Career_Site/job/United-States-of-America-McLean-Virginia/Analyst_JREQ196033","https://thomsonreuters.wd5.myworkdayjobs.com/External_Career_Site/job/United-States-of-America-McLean-Virginia/Analyst_JREQ196033","Hybrid Project Management, SAFe, Software Project Management, Program Management, Customer Success, Risk Management, Database Access Governance, Legal Technology
Deterministic profile match: 8 profile skills mentioned; title alignment 0.0/3.0; domain signals 2. Title relevance penalty 1.0 applied.","","","","2026-05-14T22:01:57.065581+00:00"
"4","Customer Success Manager","Thomson Reuters","","","","","","hybrid","","","","https://thomsonreuters.wd5.myworkdayjobs.com/External_Career_Site/job/United-Kingdom-London/Customer-Success-Manager_JREQ199334","https://thomsonreuters.wd5.myworkdayjobs.com/External_Career_Site/job/United-Kingdom-London/Customer-Success-Manager_JREQ199334","Hybrid Project Management, Software Project Management, Customer Success, Legal Technology
Deterministic profile match: 4 profile skills mentioned; title alignment 0.0/3.0; domain signals 5. Title relevance penalty 1.0 applied.","","","","2026-05-14T22:01:57.065581+00:00"
"4","Senior Programme Officer, TrustLaw, EMENA","Thomson Reuters","","","","","","remote","","","","https://thomsonreuters.wd5.myworkdayjobs.com/External_Career_Site/job/Spain-Madrid-Madrid/Senior-Programme-Officer--TrustLaw--EMENA_JREQ198989","https://thomsonreuters.wd5.myworkdayjobs.com/External_Career_Site/job/Spain-Madrid-Madrid/Senior-Programme-Officer--TrustLaw--EMENA_JREQ198989","Software Project Management, Legal Technology
Deterministic profile match: 2 profile skills mentioned; title alignment 0.0/3.0; domain signals 4.","","","","2026-05-14T22:01:57.065581+00:00"
"4","Senior Client Resource Manager","Thomson Reuters","","","","","","hybrid","","","","https://thomsonreuters.wd5.myworkdayjobs.com/External_Career_Site/job/United-Kingdom-London/Senior-Client-Resource-Manager_JREQ199028","https://thomsonreuters.wd5.myworkdayjobs.com/External_Career_Site/job/United-Kingdom-London/Senior-Client-Resource-Manager_JREQ199028","Data Governance Frameworks, Stakeholder Management, Change Management, Resource Planning, Risk Management, Legal Technology
Deterministic profile match: 6 profile skills mentioned; title alignment 0.0/3.0; domain signals 5. Title relevance penalty 1.0 applied.","","","","2026-05-14T22:01:57.065581+00:00"
"4","Product Manager, Westlaw AI","Thomson Reuters","","","","","","hybrid","","","","https://thomsonreuters.wd5.myworkdayjobs.com/External_Career_Site/job/Singapore-Singapore/Product-Manager--Westlaw-AI_JREQ198729","https://thomsonreuters.wd5.myworkdayjobs.com/External_Career_Site/job/Singapore-Singapore/Product-Manager--Westlaw-AI_JREQ198729","Legal Technology
Deterministic profile match: 1 profile skills mentioned; title alignment 1.0/3.0; domain signals 2.","","","","2026-05-14T22:01:57.065581+00:00"
"4","Senior Software Engineer -AI","Thomson Reuters","","","","","","hybrid","","","","https://thomsonreuters.wd5.myworkdayjobs.com/External_Career_Site/job/India-Bengaluru-Karnataka/Senior-Software-Engineer--AI_JREQ198632","https://thomsonreuters.wd5.myworkdayjobs.com/External_Career_Site/job/India-Bengaluru-Karnataka/Senior-Software-Engineer--AI_JREQ198632","Python, Data Governance Frameworks, Machine Learning Frameworks, AI/ML, System Monitoring, Data Pipelines, AWS, Legal Technology
Deterministic profile match: 8 profile skills mentioned; title alignment 0.0/3.0; domain signals 7. Title relevance penalty 2.5 applied.","","","","2026-05-14T22:01:57.065581+00:00"
"4","Marketing Operations Manager, Asia and Emerging Markets","Thomson Reuters","","","","","","hybrid","","","","https://thomsonreuters.wd5.myworkdayjobs.com/External_Career_Site/job/Philippines-Manila/Marketing-Operations-Manager--Asia-and-Emerging-Markets_JREQ196616","https://thomsonreuters.wd5.myworkdayjobs.com/External_Career_Site/job/Philippines-Manila/Marketing-Operations-Manager--Asia-and-Emerging-Markets_JREQ196616","Data Governance Frameworks, Change Management, Training Enablement, Workflow Automation, Power BI, Legal Technology
Deterministic profile match: 6 profile skills mentioned; title alignment 0.0/3.0; domain signals 5. Title relevance penalty 1.0 applied.","","","","2026-05-14T22:01:57.065581+00:00"
"4","Senior Client Resource Manager","Thomson Reuters","","","","","","hybrid","","","","https://thomsonreuters.wd5.myworkdayjobs.com/External_Career_Site/job/Sweden-Gothenburg/Senior-Client-Resource-Manager_JREQ198511","https://thomsonreuters.wd5.myworkdayjobs.com/External_Career_Site/job/Sweden-Gothenburg/Senior-Client-Resource-Manager_JREQ198511","Data Governance Frameworks, Stakeholder Management, Change Management, Resource Planning, Risk Management, Legal Technology
Deterministic profile match: 6 profile skills mentioned; title alignment 0.0/3.0; domain signals 5. Title relevance penalty 1.0 applied.","","","","2026-05-14T22:01:57.065581+00:00"
"4","Senior Pricing Analyst","Thomson Reuters","","","","","","hybrid","","","","https://thomsonreuters.wd5.myworkdayjobs.com/External_Career_Site/job/India-Hyderabad-Telangana/Senior-Pricing-Analyst_JREQ197673","https://thomsonreuters.wd5.myworkdayjobs.com/External_Career_Site/job/India-Hyderabad-Telangana/Senior-Pricing-Analyst_JREQ197673","SQL, SaaS Pricing Frameworks, Data Governance Frameworks, Legal Technology
Deterministic profile match: 4 profile skills mentioned; title alignment 0.0/3.0; domain signals 8. Title relevance penalty 1.0 applied.","","","","2026-05-14T22:01:57.065581+00:00"
"4","Project Management Manager II","Motorola Solutions","","","","","","remote","","","Florida Remote Work, More...","https://motorolasolutions.wd5.myworkdayjobs.com/Careers/job/Florida-Remote-Work/Project-Management-Manager-II_R64138-1","https://motorolasolutions.wd5.myworkdayjobs.com/Careers/job/Florida-Remote-Work/Project-Management-Manager-II_R64138-1","Software Project Management, Program Management, Presentation Skills, Change Management, Risk Management
Deterministic profile match: 5 profile skills mentioned; title alignment 0.0/3.0; domain signals 2.","","","","2026-05-14T21:59:19.671411+00:00"
"4","Customer Success Advocate - Critical Connect / Wave PTX","Motorola Solutions","","","","","","remote","","","Illinois Remote Work, More...","https://motorolasolutions.wd5.myworkdayjobs.com/Careers/job/Illinois-Remote-Work/Customer-Success-Advocate---Critical-Connect---Wave-PTX_R63814","https://motorolasolutions.wd5.myworkdayjobs.com/Careers/job/Illinois-Remote-Work/Customer-Success-Advocate---Critical-Connect---Wave-PTX_R63814","Software Project Management, Presentation Skills, Customer Success, Change Management, Risk Management, Deployment Workflows
Deterministic profile match: 6 profile skills mentioned; title alignment 0.0/3.0; domain signals 5. Title relevance penalty 1.0 applied.","","","","2026-05-14T21:59:19.671411+00:00"
"4","Sr. Customer Success Manager (NE,ND,IL,IN,MO,PA)","Motorola Solutions","","","","","","remote","","","Nebraska Remote Work, More...","https://motorolasolutions.wd5.myworkdayjobs.com/Careers/job/Nebraska-Remote-Work/Sr-Customer-Success-Manager--NE-ND-IL-IN-MO--PA-_R63016","https://motorolasolutions.wd5.myworkdayjobs.com/Careers/job/Nebraska-Remote-Work/Sr-Customer-Success-Manager--NE-ND-IL-IN-MO--PA-_R63016","Software Project Management, Customer Success, Change Management, HubSpot
Deterministic profile match: 4 profile skills mentioned; title alignment 0.0/3.0; domain signals 9. Title relevance penalty 1.0 applied.","","","","2026-05-14T21:59:19.671411+00:00"
"4","Business Analyst - SaaS","Motorola Solutions","C:\Users\bsing\.applypilot\tailored_resumes\software-pm\056_7_Motorola_Solutions_Business_Analyst_-_SaaS.txt","failed_validation","Missing required field: projects","","","remote","","","Texas Remote Work, More...","https://motorolasolutions.wd5.myworkdayjobs.com/Careers/job/Texas-Remote-Work/Business-Data-Analyst---SaaS_R64689-1","https://motorolasolutions.wd5.myworkdayjobs.com/Careers/job/Texas-Remote-Work/Business-Data-Analyst---SaaS_R64689-1","Program Management, Technical Documentation, Requirements Gathering
Deterministic profile match: 3 profile skills mentioned; title alignment 0.0/3.0; domain signals 6. Title relevance penalty 1.0 applied.","","","","2026-05-14T21:59:19.671411+00:00"
"4","Customer Success Advocate - US Remote - Eastern Region","Motorola Solutions","","","","","","hybrid","Virginia Remote Work, More...","","Virginia Remote Work, More...","https://motorolasolutions.wd5.myworkdayjobs.com/Careers/job/Virginia-Remote-Work/Customer-Success-Advocate---US-Remote_R63974","https://motorolasolutions.wd5.myworkdayjobs.com/Careers/job/Virginia-Remote-Work/Customer-Success-Advocate---US-Remote_R63974","Customer Success, Risk Management, Deployment Workflows
Deterministic profile match: 3 profile skills mentioned; title alignment 0.0/3.0; domain signals 6. Title relevance penalty 1.0 applied.","","","","2026-05-14T21:59:19.671411+00:00"
"4","Customer Success Advocate - US Remote","Motorola Solutions","","","","","","hybrid","Arizona Remote Work, More...","","Arizona Remote Work, More...","https://motorolasolutions.wd5.myworkdayjobs.com/Careers/job/Arizona-Remote-Work/Customer-Success-Advocate---US-Remote_R64085","https://motorolasolutions.wd5.myworkdayjobs.com/Careers/job/Arizona-Remote-Work/Customer-Success-Advocate---US-Remote_R64085","Customer Success, Risk Management, Deployment Workflows
Deterministic profile match: 3 profile skills mentioned; title alignment 0.0/3.0; domain signals 6. Title relevance penalty 1.0 applied.","","","","2026-05-14T21:59:19.671411+00:00"
"4","Customer Success Advocate - West Coast Region","Motorola Solutions","","","","","","hybrid","California Southern Remote Work, More...","","California Southern Remote Work, More...","https://motorolasolutions.wd5.myworkdayjobs.com/Careers/job/California-Southern-Remote-Work/Customer-Success-Advocate---West-Coast-Region_R64082","https://motorolasolutions.wd5.myworkdayjobs.com/Careers/job/California-Southern-Remote-Work/Customer-Success-Advocate---West-Coast-Region_R64082","Customer Success, Risk Management, Deployment Workflows
Deterministic profile match: 3 profile skills mentioned; title alignment 0.0/3.0; domain signals 6. Title relevance penalty 1.0 applied.","","","","2026-05-14T21:59:19.671411+00:00"
"4","Video System Manager","Motorola Solutions","","","","","","remote","","","Michigan Remote Work, More...","https://motorolasolutions.wd5.myworkdayjobs.com/Careers/job/Michigan-Remote-Work/Video-System-Manager_R64019","https://motorolasolutions.wd5.myworkdayjobs.com/Careers/job/Michigan-Remote-Work/Video-System-Manager_R64019","Software Project Management, Program Management, Customer Success, Change Management
Deterministic profile match: 4 profile skills mentioned; title alignment 0.0/3.0; domain signals 5. Title relevance penalty 1.0 applied.","","","","2026-05-14T21:59:19.671411+00:00"
"4","Channel Account Manager","Motorola Solutions","","","","","","remote","","","Louisiana Remote Work","https://motorolasolutions.wd5.myworkdayjobs.com/Careers/job/Louisiana-Remote-Work/Channel-Account-Manager_R64122","https://motorolasolutions.wd5.myworkdayjobs.com/Careers/job/Louisiana-Remote-Work/Channel-Account-Manager_R64122","Go-to-market Strategy, Presentation Skills, Customer Success, Training Enablement, Google Sheets, Google Analytics
Deterministic profile match: 6 profile skills mentioned; title alignment 0.0/3.0; domain signals 3. Title relevance penalty 1.0 applied.","","","","2026-05-14T21:59:19.671411+00:00"
"4","Channel Account Manager (IA)","Motorola Solutions","","","","","","remote","","","Iowa Remote Work","https://motorolasolutions.wd5.myworkdayjobs.com/Careers/job/Iowa-Remote-Work/Channel-Account-Manager--IA-_R64533","https://motorolasolutions.wd5.myworkdayjobs.com/Careers/job/Iowa-Remote-Work/Channel-Account-Manager--IA-_R64533","Go-to-market Strategy, Presentation Skills, Customer Success, Training Enablement, Google Sheets, Google Analytics
Deterministic profile match: 6 profile skills mentioned; title alignment 0.0/3.0; domain signals 2. Title relevance penalty 1.0 applied.","","","","2026-05-14T21:59:19.671411+00:00"
"4","Channel Account Manager (NY)","Motorola Solutions","","","","","","remote","","","New York Remote Work, More...","https://motorolasolutions.wd5.myworkdayjobs.com/Careers/job/New-York-Remote-Work/Channel-Account-Manager--NY-_R64637","https://motorolasolutions.wd5.myworkdayjobs.com/Careers/job/New-York-Remote-Work/Channel-Account-Manager--NY-_R64637","Go-to-market Strategy, Presentation Skills, Customer Success, Training Enablement, Google Sheets, Legal Technology, Google Analytics
Deterministic profile match: 7 profile skills mentioned; title alignment 0.0/3.0; domain signals 2. Title relevance penalty 1.0 applied.","","","","2026-05-14T21:59:19.671411+00:00"
"4","Video Systems Manager - US Remote","Motorola Solutions","","","","","","remote","","","Texas Remote Work, More...","https://motorolasolutions.wd5.myworkdayjobs.com/Careers/job/Texas-Remote-Work/Video-Systems-Manager---US-Remote_R64192","https://motorolasolutions.wd5.myworkdayjobs.com/Careers/job/Texas-Remote-Work/Video-Systems-Manager---US-Remote_R64192","Software Project Management, Program Management, Customer Success, Change Management, Legal Technology
Deterministic profile match: 5 profile skills mentioned; title alignment 0.0/3.0; domain signals 5. Title relevance penalty 1.0 applied.","","","","2026-05-14T21:59:19.671411+00:00"
"4","Channel Manufacture Program Lead - (Central Region)","Motorola Solutions","","","","","","remote","","","Illinois Remote Work, More...","https://motorolasolutions.wd5.myworkdayjobs.com/Careers/job/Illinois-Remote-Work/Channel-Manufacture-Program-Lead----Central-Region-_R63432","https://motorolasolutions.wd5.myworkdayjobs.com/Careers/job/Illinois-Remote-Work/Channel-Manufacture-Program-Lead----Central-Region-_R63432","Software Project Management, Root Cause Analysis, Program Management, Change Management, Training Enablement
Deterministic profile match: 5 profile skills mentioned; title alignment 0.0/3.0; domain signals 2.","","","","2026-05-14T21:59:19.671411+00:00"
"4","CAD/RMS Technical Co-Op (CO-OP Program)","Motorola Solutions","","","","","","remote","","","Georgia Remote Work, More...","https://motorolasolutions.wd5.myworkdayjobs.com/Careers/job/Georgia-Remote-Work/CAD-RMS-Technical-Co-Op--CO-OP-Program-_R61563","https://motorolasolutions.wd5.myworkdayjobs.com/Careers/job/Georgia-Remote-Work/CAD-RMS-Technical-Co-Op--CO-OP-Program-_R61563","SQL, Software Project Management, Program Management, Legal Technology
Deterministic profile match: 4 profile skills mentioned; title alignment 0.0/3.0; domain signals 4.","","","","2026-05-14T21:59:19.671411+00:00"
"4","ECH Application Specialist - US Remote","Motorola Solutions","","","","","","remote","","","California Southern Remote Work, More...","https://motorolasolutions.wd5.myworkdayjobs.com/Careers/job/California-Southern-Remote-Work/ECH-Application-Specialist---US-Remote_R64053","https://motorolasolutions.wd5.myworkdayjobs.com/Careers/job/California-Southern-Remote-Work/ECH-Application-Specialist---US-Remote_R64053","Software Project Management, Technical Documentation, Deployment Workflows, Google Cloud
Deterministic profile match: 4 profile skills mentioned; title alignment 0.0/3.0; domain signals 5. Title relevance penalty 1.0 applied.","","","","2026-05-14T21:59:19.671411+00:00"
"4","Systems Engineer Design & Implementation - North Carolina OR South Carolina","Motorola Solutions","","","","","","remote","","","South Carolina Remote Work, More...","https://motorolasolutions.wd5.myworkdayjobs.com/Careers/job/South-Carolina-Remote-Work/Systems-Engineer-Design---Implementation---North-Carolina-OR-South-Carolina_R64874","https://motorolasolutions.wd5.myworkdayjobs.com/Careers/job/South-Carolina-Remote-Work/Systems-Engineer-Design---Implementation---North-Carolina-OR-South-Carolina_R64874","Software Project Management, Technical Documentation, Customer Success
Deterministic profile match: 3 profile skills mentioned; title alignment 0.0/3.0; domain signals 5.","","","","2026-05-14T21:59:19.671411+00:00"
"4","Global Supply Planner","Motorola Solutions","","","","","","remote","","","Mexico Remote Work","https://motorolasolutions.wd5.myworkdayjobs.com/Careers/job/Mexico-Remote-Work/Global-Supply-Planner_R60730","https://motorolasolutions.wd5.myworkdayjobs.com/Careers/job/Mexico-Remote-Work/Global-Supply-Planner_R60730","SQL, Resource Planning, ERP, Power BI, Microsoft Planner
Deterministic profile match: 5 profile skills mentioned; title alignment 0.0/3.0; domain signals 5. Title relevance penalty 1.0 applied.","","","","2026-05-14T21:59:19.671411+00:00"
"4","Senior Software Development Engineer","Adobe","","","","","","remote","","","Remote Georgia (US)","https://adobe.wd5.myworkdayjobs.com/external_experienced/job/Remote-Georgia-US/Senior-Software-Development-Engineer_R164974","https://adobe.wd5.myworkdayjobs.com/external_experienced/job/Remote-Georgia-US/Senior-Software-Development-Engineer_R164974","Python, JavaScript, Observability Concepts, Legal Technology
Deterministic profile match: 4 profile skills mentioned; title alignment 0.0/3.0; domain signals 7. Title relevance penalty 1.0 applied.","","","","2026-05-14T21:57:56.024402+00:00"
"4","Project Technical Delivery Manager","NVIDIA","","","","","","remote","","","France, Remote","https://nvidia.wd5.myworkdayjobs.com/NVIDIAExternalCareerSite/job/France-Remote/Project-Technical-Delivery-Manager_JR2016237-1","https://nvidia.wd5.myworkdayjobs.com/NVIDIAExternalCareerSite/job/France-Remote/Project-Technical-Delivery-Manager_JR2016237-1","Software Project Management, Presentation Skills
Deterministic profile match: 2 profile skills mentioned; title alignment 0.0/3.0; domain signals 5.","","","","2026-05-14T21:57:02.905092+00:00"
"4","Senior Software Adoption Manager","NVIDIA","","","","","","hybrid","US, CA, Remote","","US, CA, Remote","https://nvidia.wd5.myworkdayjobs.com/NVIDIAExternalCareerSite/job/US-CA-Remote/Senior-Software-Adoption-Manager_JR2017173","https://nvidia.wd5.myworkdayjobs.com/NVIDIAExternalCareerSite/job/US-CA-Remote/Senior-Software-Adoption-Manager_JR2017173","Hybrid Project Management, Software Project Management, Stakeholder Management, AI/ML
Deterministic profile match: 4 profile skills mentioned; title alignment 0.0/3.0; domain signals 5. Title relevance penalty 1.0 applied.","","","","2026-05-14T21:57:02.905092+00:00"
"4","Senior Developer Relations Manager - Digital Biology Partnerships","NVIDIA","","","","","","remote","","","US, CA, Remote","https://nvidia.wd5.myworkdayjobs.com/NVIDIAExternalCareerSite/job/US-CA-Remote/Senior-Developer-Relations-Manager---Digital-Biology-Partnerships_JR2016801","https://nvidia.wd5.myworkdayjobs.com/NVIDIAExternalCareerSite/job/US-CA-Remote/Senior-Developer-Relations-Manager---Digital-Biology-Partnerships_JR2016801","AI/ML, Data Pipelines, Legal Technology
Deterministic profile match: 3 profile skills mentioned; title alignment 0.0/3.0; domain signals 7. Title relevance penalty 1.0 applied.","","","","2026-05-14T21:57:02.905092+00:00"
"4","Solutions Architect - DevOps","NVIDIA","","","","","","remote","","","Australia, Remote","https://nvidia.wd5.myworkdayjobs.com/NVIDIAExternalCareerSite/job/Australia-Remote/Solutions-Architect---DevOps_JR2015236","https://nvidia.wd5.myworkdayjobs.com/NVIDIAExternalCareerSite/job/Australia-Remote/Solutions-Architect---DevOps_JR2015236","Python, Technical Documentation, Scheduling Management, AI/ML, System Monitoring, Data Pipelines
Deterministic profile match: 6 profile skills mentioned; title alignment 0.0/3.0; domain signals 6. Title relevance penalty 1.0 applied.","","","","2026-05-14T21:57:02.905092+00:00"
"4","Success Architect","Salesforce","","","","","","remote","","","Texas - Houston Metro - Remote","https://salesforce.wd12.myworkdayjobs.com/External_Career_Site/job/Texas---Houston-Metro---Remote/Success-Architect--Internal-Only-_JR338717-1","https://salesforce.wd12.myworkdayjobs.com/External_Career_Site/job/Texas---Houston-Metro---Remote/Success-Architect--Internal-Only-_JR338717-1","SQL, Program Management, Customer Success, Data Warehousing, AWS
Deterministic profile match: 5 profile skills mentioned; title alignment 0.0/3.0; domain signals 7. Title relevance penalty 1.0 applied.","","","","2026-05-14T21:56:24.524327+00:00"
"4","Project Director, State & Local Government","Workday","","","","","","remote","","","USA Remote","https://workday.wd5.myworkdayjobs.com/Workday/job/USA-Remote/Project-Director--State---Local-Government_JR-0106513-1","https://workday.wd5.myworkdayjobs.com/Workday/job/USA-Remote/Project-Director--State---Local-Government_JR-0106513-1","Software Project Management, Customer Success, Change Management, Resource Planning, ERP, Risk Management
Deterministic profile match: 6 profile skills mentioned; title alignment 0.0/3.0; domain signals 6. Title relevance penalty 1.5 applied.","","","","2026-05-14T21:56:19.504779+00:00"
"4","Payroll Consultant, Higher Education","Workday","","","","","","remote","","","USA Remote","https://workday.wd5.myworkdayjobs.com/Workday/job/USA-Remote/Payroll-Consultant--Higher-Education_JR-0105924","https://workday.wd5.myworkdayjobs.com/Workday/job/USA-Remote/Payroll-Consultant--Higher-Education_JR-0105924","Software Project Management, Stakeholder Management, Customer Success
Deterministic profile match: 3 profile skills mentioned; title alignment 0.0/3.0; domain signals 6. Title relevance penalty 1.0 applied.","","","","2026-05-14T21:56:19.504779+00:00"
"4","Python Developer","Ciena","","","","","","remote","","","Remote-Canada-British Columbia","https://ciena.wd5.myworkdayjobs.com/Careers/job/Remote-Canada-British-Columbia/Python-Developer_R030521","https://ciena.wd5.myworkdayjobs.com/Careers/job/Remote-Canada-British-Columbia/Python-Developer_R030521","Python, Resource Planning, Deployment Workflows, Distributed Systems Concepts, AWS, GitHub
Deterministic profile match: 6 profile skills mentioned; title alignment 0.0/3.0; domain signals 6. Title relevance penalty 1.0 applied.","","","","2026-05-14T21:55:51.922966+00:00"
"4","Full Stack Developer","LMI","","","","","","remote","","","Remote, US (Remote)","https://careers-lmi.icims.com/jobs/14022/job?utm_source=indeed_integration&iis=Job%20Board&iisn=Indeed&indeed-apply-token=73a2d2b2a8d6d5c0a62696875eaebd669103652d3f0c2cd5445d3e66b1592b0f","https://www.indeed.com/viewjob?jk=fba46a3953f19693","Python, SQL, Roadmap Planning, PostgreSQL, AWS
Deterministic profile match: 5 profile skills mentioned; title alignment 0.0/3.0; domain signals 7. Title relevance penalty 1.0 applied.","","","","2026-05-14T21:52:47.996850+00:00"
"4","Marketing Product Manager - Surgical Ultrasonics","Bioventus","","","","","","remote","","","Remote, US (Remote)","https://osv-bioventus.wd501.myworkdayjobs.com/en-US/External/job/Remote-US/Marketing-Product-Manager---Surgical-Ultrasonics_R-2026-05-001638","https://www.indeed.com/viewjob?jk=37adfa2d363b7a93","Customer Success
Deterministic profile match: 1 profile skills mentioned; title alignment 1.0/3.0; domain signals 3.","","","","2026-05-14T21:52:47.996850+00:00"
"4","Product Manager, New Products","OrderlyMeds","","","","","","remote","","","Remote, US (Remote)","https://ats.rippling.com/orderly-wellness/jobs/52989a59-2318-4330-bfba-ce33f92586ff?jobSite=Indeed","https://www.indeed.com/viewjob?jk=214cc1f1f72f4f22","Stakeholder Management
Deterministic profile match: 1 profile skills mentioned; title alignment 1.0/3.0; domain signals 4.","","","","2026-05-14T21:52:47.996850+00:00"
"4","Project Manager","Woven Health Collective","","","","","","remote","","","Remote, US (Remote)","https://woven.hrmdirect.com/employment/view.php?req=3709926&jbsrc=1014&location=b642d2e6-6a8a-7977-c756-55b9055c9f37","https://www.indeed.com/viewjob?jk=4b2923f4caf884d7","
Deterministic profile match: 0 profile skills mentioned; title alignment 2.0/3.0; domain signals 2.","","","","2026-05-14T21:52:47.996850+00:00"
"4","Senior Manager, Project Discovery & Transitions","Multiplier","","","","","","remote","","","Remote","","https://www.linkedin.com/jobs/view/4414925382","Stakeholder Management, Program Management, Resource Planning, Risk Management, Legal Technology
Deterministic profile match: 5 profile skills mentioned; title alignment 0.0/3.0; domain signals 3.","","","","2026-05-14T21:52:47.996850+00:00"
"4","Project Supervisor","Clobotics","","","","","","remote","","","Remote, US (Remote)","http://www.indeed.com/job/project-supervisor-03f7ef7de62b96a0","https://www.indeed.com/viewjob?jk=03f7ef7de62b96a0","Software Project Management
Deterministic profile match: 1 profile skills mentioned; title alignment 0.0/3.0; domain signals 6.","","","","2026-05-14T21:50:40.094592+00:00"
"4","FBS Director of Portfolio Delivery","Capgemini","","","","","","remote","","","Remote","","https://www.linkedin.com/jobs/view/4410174971","Agile Scrum, SAFe, Software Project Management, Stakeholder Management, Program Management, Customer Success, Change Management, Legal Technology
Deterministic profile match: 8 profile skills mentioned; title alignment 0.0/3.0; domain signals 9. Title relevance penalty 2.5 applied.","","","","2026-05-14T21:50:40.094592+00:00"
"4","Associate Consultant - 26187","Enverus","C:\Users\bsing\.applypilot\tailored_resumes\software-pm\051_7_Enverus_Associate_Consultant_-_26187.txt","failed_validation","Company 'Sakhi' missing from experience; Company 'The Samaritans of New York' missing from experience","","","remote","","","Remote, US (Remote)","https://app.jobvite.com/CompanyJobs/Job.aspx?j=ovh7zfwc&loc=CsDzWfwk&s=Indeed","https://www.indeed.com/viewjob?jk=c05ea3efc7fdc75b","Program Management, Presentation Skills, Customer Success, Change Management, Risk Management
Deterministic profile match: 5 profile skills mentioned; title alignment 0.0/3.0; domain signals 4. Title relevance penalty 1.0 applied.","","","","2026-05-14T21:48:33.976678+00:00"
"4","Demand Generation Manager","Magna Technology Group","","","","","","remote","","","Remote, US (Remote)","https://magnatech.io/technology-careers/?gh_jid=4692872005","https://www.indeed.com/viewjob?jk=692ca6dde5d515d7","Stakeholder Management, Program Management, Customer Success
Deterministic profile match: 3 profile skills mentioned; title alignment 0.0/3.0; domain signals 8. Title relevance penalty 1.0 applied.","","","","2026-05-14T21:48:33.976678+00:00"
"4","Field & Partner Marketing (US/Canada)","Algomarketing","","","","","","hybrid","Remote, US (Remote)","","Remote, US (Remote)","https://algomarketing.pinpointhq.com/postings/aff8f547-4fb0-4470-9ff9-95c7b3271d47?utm_medium=job_board&utm_source=indeed","https://www.indeed.com/viewjob?jk=53f17fb840093bf9","Hybrid Project Management, Stakeholder Management, Program Management, Customer Success
Deterministic profile match: 4 profile skills mentioned; title alignment 0.0/3.0; domain signals 6. Title relevance penalty 1.0 applied.","","","","2026-05-14T21:48:33.976678+00:00"
"4","Senior Client Success Manager","Cordial","","","","","","remote","","","Remote, US (Remote)","https://boards.greenhouse.io/cordial81/jobs/8547617002?gh_jid=8547617002","https://www.indeed.com/viewjob?jk=2e8148100afbfcdd","Program Management, Change Management, Jira, Trello
Deterministic profile match: 4 profile skills mentioned; title alignment 0.0/3.0; domain signals 6. Title relevance penalty 1.0 applied.","","","","2026-05-14T21:48:33.976678+00:00"
"4","Cloud Network Engineer","Core4ce","","","","","","hybrid","Remote, US (Remote)","","Remote, US (Remote)","https://jobs.silkroad.com/Core4ce/Careers/jobs/1267","https://www.indeed.com/viewjob?jk=5041ccf187ae747d","Python, Technical Documentation, Change Management, Resource Planning, AWS
Deterministic profile match: 5 profile skills mentioned; title alignment 0.0/3.0; domain signals 7. Title relevance penalty 1.0 applied.","","","","2026-05-14T21:48:33.976678+00:00"
"4","Cybersecurity & Compliance Delivery Specialist (Gov Frameworks | Contract-to-Hire | Remote)","eSilo","","","","","","remote","","","Remote, US (Remote)","http://www.indeed.com/job/cybersecurity-compliance-delivery-specialist-gov-frameworks-contract-hire-remote-0ad8ce6d925a00b9","https://www.indeed.com/viewjob?jk=0ad8ce6d925a00b9","Technical Documentation, Presentation Skills, Requirements Gathering, Policy Automation, AWS
Deterministic profile match: 5 profile skills mentioned; title alignment 0.0/3.0; domain signals 6. Title relevance penalty 1.0 applied.","","","","2026-05-14T21:48:33.976678+00:00"
"4","Director, Website & SEO","Dodge Construction Network","","","","","","remote","","","Remote, US (Remote)","https://apply.workable.com/dodge-construction-network/j/0328B7DA81/","https://www.indeed.com/viewjob?jk=f2e1f609a7ea1b9a","A/B Testing, Experimentation Frameworks, Data Governance Frameworks, Stakeholder Management, Roadmap Planning, Customer Success
Deterministic profile match: 6 profile skills mentioned; title alignment 0.0/3.0; domain signals 9. Title relevance penalty 2.5 applied.","","","","2026-05-14T21:48:33.976678+00:00"
"4","Customer Success / Account Manager","Softengine","","","","","","remote","","","Remote, US (Remote)","https://ats.rippling.com/softengine/jobs/7b9d26ec-1060-4a31-8218-d9bf9943680d?jobSite=Indeed","https://www.indeed.com/viewjob?jk=016e5fd363949b24","Presentation Skills, Customer Success, Training Enablement, ERP, Risk Management, HubSpot
Deterministic profile match: 6 profile skills mentioned; title alignment 0.0/3.0; domain signals 5. Title relevance penalty 1.0 applied.","","","","2026-05-14T21:48:33.976678+00:00"
"4","Marketing Specialist","indeed","","","","","","remote","","","Remote, US (Remote)","https://movemint.applytojob.com/apply/u9wQo2rCAf/Marketing-Specialist?source=INDE&~","https://www.indeed.com/viewjob?jk=1d12b74d27c39d92","A/B Testing, Customer Success, Google Analytics, Figma, HubSpot
Deterministic profile match: 5 profile skills mentioned; title alignment 0.0/3.0; domain signals 5. Title relevance penalty 1.0 applied.","","","","2026-05-14T21:48:33.976678+00:00"
"4","Solution Success Manager","Flexera","","","","","","hybrid","Remote, US (Remote)","","Remote, US (Remote)","https://flexerasoftware.wd1.myworkdayjobs.com/en-US/FlexeraSoftware/job/Home-United-States/Solution-Success-Manager_17340","https://www.indeed.com/viewjob?jk=068e178a08ef9fc9","Hybrid Project Management, Software Project Management, Customer Success, Risk Management
Deterministic profile match: 4 profile skills mentioned; title alignment 0.0/3.0; domain signals 7. Title relevance penalty 1.0 applied.","","","","2026-05-14T21:48:33.976678+00:00"
"4","Engineering Manager, Core APIs","Fingerprint","","","","","","remote","","","Remote, US (Remote)","https://fingerprint.com/careers/jobs/apply/?gh_jid=5994225004","https://www.indeed.com/viewjob?jk=8dccf0c419b597c1","AWS, GitHub
Deterministic profile match: 2 profile skills mentioned; title alignment 0.0/3.0; domain signals 8. Title relevance penalty 1.0 applied.","","","","2026-05-14T21:48:33.976678+00:00"
"4","Contract Operations & Strategic Enablement Manager","Reserv","","","","","","remote","","","Remote, US (Remote)","https://ats.rippling.com/reserv/jobs/c20cbf0a-a5ce-49bd-a58d-421eab411e72?jobSite=Indeed","https://www.indeed.com/viewjob?jk=4b0788833c939cea","Technical Documentation, Customer Success, Risk Management, Workflow Automation, Policy Automation, Legal Technology
Deterministic profile match: 6 profile skills mentioned; title alignment 0.0/3.0; domain signals 5. Title relevance penalty 1.0 applied.","","","","2026-05-14T21:48:33.976678+00:00"
"4","Senior Technical Engineering Manager","ClearCompany","","","","","","remote","","","Remote, US (Remote)","https://jobs.hrmdirect.com/employment/view.php?req=3712112&jbsrc=1014&location=561b3160-e4d4-0d47-ce0f-e8c56e3348aa","https://www.indeed.com/viewjob?jk=0b7769ee5d534b10","Software Project Management, Experimentation Frameworks, Change Management, AWS, GitHub
Deterministic profile match: 5 profile skills mentioned; title alignment 0.0/3.0; domain signals 6. Title relevance penalty 1.0 applied.","","","","2026-05-14T21:48:33.976678+00:00"
"4","Internal & External Communications Manager","Transact Campus","","","","","","remote","","","Remote, US (Remote)","https://transact-campus.breezy.hr/p/f9dfc3331f63-internal-external-communications-manager?source=indeed","https://www.indeed.com/viewjob?jk=9f09bd28fd4220d0","Program Management, Technical Documentation, Customer Success, Legal Technology, HubSpot
Deterministic profile match: 5 profile skills mentioned; title alignment 0.0/3.0; domain signals 5. Title relevance penalty 1.0 applied.","","","","2026-05-14T21:48:33.976678+00:00"
"4","(US) Customer Operation Launch Manager","PointClickCare","C:\Users\bsing\.applypilot\tailored_resumes\software-pm\046_7_PointClickCare_US_Customer_Operation_Launch_Manager.txt","failed_validation","Company 'Sakhi' missing from experience; Company 'The Samaritans of New York' missing from experience","","","unknown","","","","","https://www.linkedin.com/jobs/view/4403994467","Stakeholder Management, Program Management, Presentation Skills, Mentoring
Deterministic profile match: 4 profile skills mentioned; title alignment 0.0/3.0; domain signals 6. Title relevance penalty 1.0 applied.","","","","2026-05-14T21:48:33.976678+00:00"
"4","Marketing Project Coordinator","Jobgether","","","","","","remote","","","Remote","","https://www.linkedin.com/jobs/view/4413521067","Stakeholder Management
Deterministic profile match: 1 profile skills mentioned; title alignment 0.0/3.0; domain signals 6.","","","","2026-05-14T21:48:33.976678+00:00"
"4","Marketing Project Coordinator","Jobgether","","","","","","remote","","","Remote","","https://www.linkedin.com/jobs/view/4413514370","Stakeholder Management
Deterministic profile match: 1 profile skills mentioned; title alignment 0.0/3.0; domain signals 6.","","","","2026-05-14T21:48:33.976678+00:00"
"4","Marketing Project Coordinator","Jobgether","","","","","","remote","","","Remote","","https://www.linkedin.com/jobs/view/4413515285","Stakeholder Management
Deterministic profile match: 1 profile skills mentioned; title alignment 0.0/3.0; domain signals 6.","","","","2026-05-14T21:48:33.976678+00:00"
"4","Service Delivery Manager","Astronomer","","","","","","unknown","","","","","https://www.linkedin.com/jobs/view/4387867401","Software Project Management, Stakeholder Management, Program Management
Deterministic profile match: 3 profile skills mentioned; title alignment 0.0/3.0; domain signals 8. Title relevance penalty 1.0 applied.","","","","2026-05-14T21:48:33.976678+00:00"
"4","Partner Delivery Manager","SailPoint","","","","","","remote","","","Remote","","https://www.linkedin.com/jobs/view/4414910899","Software Project Management, Program Management, Technical Documentation, Customer Success, Training Enablement, System Monitoring
Deterministic profile match: 6 profile skills mentioned; title alignment 0.0/3.0; domain signals 6. Title relevance penalty 1.0 applied.","","","","2026-05-14T21:48:33.976678+00:00"
"4","Competitive Intelligence Manager","Trellix","","","","","","remote","","","Remote, US (Remote)","https://careers.trellix.com/jobs/competitive-intelligence-manager/","https://www.indeed.com/viewjob?jk=9e30c7c1568d7970","Go-to-market Strategy, SAFe, Stakeholder Management, Training Enablement
Deterministic profile match: 4 profile skills mentioned; title alignment 0.0/3.0; domain signals 6. Title relevance penalty 1.0 applied.","","","","2026-05-14T21:46:30.549281+00:00"
"4","Senior Manager, Monitoring & Observability","Conduent","","","","","","hybrid","Remote, US (Remote)","","Remote, US (Remote)","https://click.appcast.io/t/TjBXbNRM991m4s0ozkhE3ZAnHaZ79rqCOIz71f22-Ac=","https://www.indeed.com/viewjob?jk=aa4d8b213557f6ee","Root Cause Analysis, Stakeholder Management, Change Management, Policy Automation
Deterministic profile match: 4 profile skills mentioned; title alignment 0.0/3.0; domain signals 7. Title relevance penalty 1.0 applied.","","","","2026-05-14T21:46:30.549281+00:00"
"4","Senior Incident Response Manager","Axon","","","","","","hybrid","","","","","https://www.linkedin.com/jobs/view/4414703344","Root Cause Analysis, Change Management, Distributed Systems Concepts
Deterministic profile match: 3 profile skills mentioned; title alignment 0.0/3.0; domain signals 7. Title relevance penalty 1.0 applied.","","","","2026-05-14T21:45:28.863915+00:00"
"4","Sr. Manager Communications, Product and Technology","General Motors (GM)","","","","","","remote","","","Remote, US (Remote)","https://generalmotors.wd5.myworkdayjobs.com/en-US/Careers_GM/job/Remote---United-States/Sr-Manager-Communications--Product-and-Technology_JR-202610615","https://www.indeed.com/viewjob?jk=5608db81b6e20d3c","Program Management, Change Management, Legal Technology
Deterministic profile match: 3 profile skills mentioned; title alignment 0.0/3.0; domain signals 2.","","","","2026-05-14T21:44:13.352357+00:00"
"4","Senior Technical Support Analyst","JOURNAL TECHNOLOGIES","","","","","","remote","","","Remote, US (Remote)","https://ats.rippling.com/journaltech/jobs/ce523002-f2bb-4a8e-b487-733bf8d094f6?jobSite=Indeed","https://www.indeed.com/viewjob?jk=cc40126365eb4541","SQL, JavaScript, Agile Scrum, Mentoring, System Monitoring
Deterministic profile match: 5 profile skills mentioned; title alignment 0.0/3.0; domain signals 6. Title relevance penalty 1.0 applied.","","","","2026-05-14T21:44:13.352357+00:00"
"4","Sr. Partner Specialist","World Wide Technology","","","","","","remote","","","Remote, US (Remote)","https://recruiting.adp.com/srccsh/public/RTI.home?r=5001199074106&c=2166501&d=WWTExternalCareerSite&rb=INDEED&idUnique=5001199074106","https://www.indeed.com/viewjob?jk=546ff1ba8feff851","Go-to-market Strategy, Program Management, Technical Documentation, Training Enablement, Resource Planning, Data Warehousing, Legal Technology
Deterministic profile match: 7 profile skills mentioned; title alignment 0.0/3.0; domain signals 4. Title relevance penalty 1.0 applied.","","","","2026-05-14T21:44:13.352357+00:00"
"4","FP&A Manager","Deepgram","","","","","","remote","","","Remote, US (Remote)","https://jobs.ashbyhq.com/Deepgram/98bf5dd8-f42e-4158-9d53-8368f2fdcd99?employmentType=FullTime","https://www.indeed.com/viewjob?jk=e2a9bacad6d3ce2b","Customer Success, Resource Planning, Data Pipelines
Deterministic profile match: 3 profile skills mentioned; title alignment 0.0/3.0; domain signals 7. Title relevance penalty 1.0 applied.","","","","2026-05-14T21:44:13.352357+00:00"
"4","Senior Project Manager","Haystack","","","","","","remote","","","Remote","","https://www.linkedin.com/jobs/view/4410632632","
Deterministic profile match: 0 profile skills mentioned; title alignment 2.0/3.0; domain signals 1.","","","","2026-05-14T21:42:01.891331+00:00"
"4","Account Support Manager - Technology","Premier Inc.","","","","","","remote","","","Remote, US (Remote)","https://premierinc.wd1.myworkdayjobs.com/en-US/External_Professional/job/Remote/Account-Support-Manager---Technology_R0008371","https://www.indeed.com/viewjob?jk=259c7f8754d7391a","Software Project Management, Program Management, Change Management
Deterministic profile match: 3 profile skills mentioned; title alignment 0.0/3.0; domain signals 6. Title relevance penalty 1.0 applied.","","","","2026-05-14T21:40:03.505024+00:00"
"4","Engineering Manager, Data Platform & ML Ops","Fingerprint","","","","","","remote","","","Remote, US (Remote)","https://fingerprint.com/careers/jobs/apply/?gh_jid=5994857004","https://www.indeed.com/viewjob?jk=0be581c6c95800e5","Data Pipelines, Snowflake, Databricks, AWS, GitHub
Deterministic profile match: 5 profile skills mentioned; title alignment 0.0/3.0; domain signals 7. Title relevance penalty 1.0 applied.","","","","2026-05-14T21:40:03.505024+00:00"
"4","Information Services Manager (ISM)","Mutual of Omaha","C:\Users\bsing\.applypilot\tailored_resumes\software-pm\087_7_Mutual_of_Omaha_Information_Services_Manager_ISM.txt","failed_validation","Company 'Sakhi' missing from experience; Company 'The Samaritans of New York' missing from experience","Banned words: proven track record","","hybrid","Remote, US (Remote)","","Remote, US (Remote)","https://www.mutualofomaha.com/careers/jobs/detail/504764","https://www.indeed.com/viewjob?jk=65f364fdd6eb9300","Hybrid Project Management, SAFe, SDLC, Customer Success, Change Management, Data Pipelines
Deterministic profile match: 6 profile skills mentioned; title alignment 0.0/3.0; domain signals 5. Title relevance penalty 1.0 applied.","","","","2026-05-14T21:40:03.505024+00:00"
"4","Senior Solutions Architect (Systemwide/Ellucian SIS/Higher Education)","Ellucian","","","","","","remote","","","Remote, US (Remote)","https://careers.ellucian.com/jobs/7476/job?utm_source=indeed_integration&iis=Job%20Board&iisn=Indeed&indeed-apply-token=73a2d2b2a8d6d5c0a62696875eaebd669103652d3f0c2cd5445d3e66b1592b0f","https://www.indeed.com/viewjob?jk=907b923f53372bcf","Data Governance Frameworks, Customer Success, ERP, Distributed Systems Concepts
Deterministic profile match: 4 profile skills mentioned; title alignment 0.0/3.0; domain signals 8. Title relevance penalty 1.0 applied.","","","","2026-05-14T21:40:03.505024+00:00"
"4","Solution Architect (EDU)","Coastal","","","","","","hybrid","Remote, US (Remote)","","Remote, US (Remote)","https://recruitingbypaycor.com/career/JobIntroduction.action?id=8a7887a19de07068019e1d9d0d01789e&source=Indeed+Free","https://www.indeed.com/viewjob?jk=1b6b876fae6dccb2","Technical Documentation, Customer Success, ERP, Snowflake
Deterministic profile match: 4 profile skills mentioned; title alignment 0.0/3.0; domain signals 9. Title relevance penalty 1.0 applied.","","","","2026-05-14T21:40:03.505024+00:00"
"4","Quality Assurance Specialist/Engineer & Documentation","Strategic Technology Partners","","","","","","remote","","","Remote, US (Remote)","https://strategictechpartners.hrmdirect.com/employment/job-opening.php?req=3713112&req_loc=1321909&nohd#job","https://www.indeed.com/viewjob?jk=ccc065391857d336","SDLC, Program Management, Technical Documentation, Jira, Confluence, ServiceNow
Deterministic profile match: 6 profile skills mentioned; title alignment 0.0/3.0; domain signals 5. Title relevance penalty 1.0 applied.","","","","2026-05-14T21:40:03.505024+00:00"
"4","Quality Assurance Specialist/Engineer & Documentation","Stp","","","","","","remote","","","Remote, US (Remote)","https://strategictechpartners.hrmdirect.com/employment/view.php?req=3713112&jbsrc=1014&location=675195a9-761a-403e-f76a-2ce7c6816e8c","https://www.indeed.com/viewjob?jk=83739369192718ed","SDLC, Program Management, Technical Documentation, Jira, Confluence, ServiceNow
Deterministic profile match: 6 profile skills mentioned; title alignment 0.0/3.0; domain signals 5. Title relevance penalty 1.0 applied.","","","","2026-05-14T21:40:03.505024+00:00"
"4","Product Management Lead","Ad Hoc","","","","","","remote","","","Remote, US (Remote)","https://adhoc.hrmdirect.com/employment/view.php?req=3707360&jbsrc=1014&location=184bbe6f-b8d9-92da-af64-49cd5e6ed79a","https://www.indeed.com/viewjob?jk=421ca574957edb8b","Program Management, Mentoring, Change Management
Deterministic profile match: 3 profile skills mentioned; title alignment 0.0/3.0; domain signals 4.","","","","2026-05-14T21:40:03.505024+00:00"
"4","IT Program & Project Management Consultant","Conduent","C:\Users\bsing\.applypilot\tailored_resumes\software-pm\093_7_Conduent_IT_Program__Project_Management_Consultant.txt","failed_validation","Company 'Sakhi' missing from experience; Company 'The Samaritans of New York' missing from experience","Banned words: proven track record","","unknown","","","","","https://www.linkedin.com/jobs/view/4393282404","Stakeholder Management, Program Management, Power BI
Deterministic profile match: 3 profile skills mentioned; title alignment 0.0/3.0; domain signals 4.","","","","2026-05-14T21:40:03.505024+00:00"
"4","Project Coordinator","Sourcedpeople","C:\Users\bsing\.applypilot\tailored_resumes\software-pm\019_8_Sourcedpeople_Project_Coordinator.txt","failed_validation","Missing required field: projects","","","unknown","","","","","https://www.linkedin.com/jobs/view/4414544095","Stakeholder Management, Change Management, Jira
Deterministic profile match: 3 profile skills mentioned; title alignment 0.0/3.0; domain signals 2.","","","","2026-05-14T21:40:03.505024+00:00"
"4","Delivery Manager / Delivery Lead","SR Talent Solution Inc.","C:\Users\bsing\.applypilot\tailored_resumes\software-pm\069_7_SR_Talent_Solution_I_Delivery_Manager__Delivery_Lead.txt","failed_validation","Company 'Sakhi' missing from experience; Company 'The Samaritans of New York' missing from experience","","","onsite","","","","","https://www.linkedin.com/jobs/view/4414720657","SAFe, SDLC, AWS, Jira, Confluence
Deterministic profile match: 5 profile skills mentioned; title alignment 0.0/3.0; domain signals 4. Title relevance penalty 1.0 applied.","","","","2026-05-14T21:39:02.422718+00:00"
"4","Senior Manager, Trust & Safety","Roadie","","","","","","remote","","","Remote, US (Remote)","https://job-boards.greenhouse.io/roadie/jobs/8547567002","https://www.indeed.com/viewjob?jk=268a33946db84315","OKRs, Change Management, Risk Management, Policy Automation, Legal Technology
Deterministic profile match: 5 profile skills mentioned; title alignment 0.0/3.0; domain signals 6. Title relevance penalty 1.0 applied.","","","","2026-05-14T21:37:59.870693+00:00"
"4","Director, Web Engineering","Insight Software","","","","","","remote","","","Remote, US (Remote)","https://magnitudesoftware.wd1.myworkdayjobs.com/en-US/External/job/USA---Remote/Director--Web-Engineering_REQ000642","https://www.indeed.com/viewjob?jk=2b3b65eab0a097a4","Sprint Planning, OKRs, Technical Documentation, Roadmap Planning, Customer Success, Sprint Reviews, ERP, Data Pipelines
Deterministic profile match: 8 profile skills mentioned; title alignment 0.0/3.0; domain signals 12. Title relevance penalty 2.5 applied.","","","","2026-05-14T21:37:59.870693+00:00"
"4","AWS Partnerships Manager","Modus Create","","","","","","hybrid","Remote, US (Remote)","","Remote, US (Remote)","https://grnh.se/w8oez5su3us","https://www.indeed.com/viewjob?jk=4b3bf97ca467e877","Program Management, Change Management, AWS, GitHub
Deterministic profile match: 4 profile skills mentioned; title alignment 0.0/3.0; domain signals 5. Title relevance penalty 1.0 applied.","","","","2026-05-14T21:37:59.870693+00:00"
"4","Manager, Sales & Customer Experience Operations","Instinct Science","","","","","","remote","","","Remote, US (Remote)","https://instinctscience.applytojob.com/apply/X3r9qfdpY0/Manager-Sales-Customer-Experience-Operations?source=INDE&~","https://www.indeed.com/viewjob?jk=5233b384204536fa","Roadmap Planning, Customer Success, Change Management, Resource Planning, Risk Management, Workflow Automation, Mixpanel, HubSpot
Deterministic profile match: 8 profile skills mentioned; title alignment 0.0/3.0; domain signals 8. Title relevance penalty 2.5 applied.","","","","2026-05-14T21:37:59.870693+00:00"
"4","Client Solutions Manager","VC3","","","","","","remote","","","Remote, US (Remote)","https://careers.vc3.com/postings/c8e2e958-d882-417e-8acf-e27387688e7b?utm_medium=job_board&utm_source=indeed","https://www.indeed.com/viewjob?jk=6f183d9075bab862","Program Management, Technical Documentation, Change Management, Scheduling Management
Deterministic profile match: 4 profile skills mentioned; title alignment 0.0/3.0; domain signals 5. Title relevance penalty 1.0 applied.","","","","2026-05-14T21:37:59.870693+00:00"
"4","Customer Strategy and Delivery Lead","Keebler Health","C:\Users\bsing\.applypilot\tailored_resumes\software-pm\061_7_Keebler_Health_Customer_Strategy_and_Delivery_Lead.txt","failed_validation","Company 'Sakhi' missing from experience; Company 'The Samaritans of New York' missing from experience","Banned words: proven track record","","unknown","","","","","https://www.linkedin.com/jobs/view/4413284444","Stakeholder Management, Customer Success, Risk Management
Deterministic profile match: 3 profile skills mentioned; title alignment 0.0/3.0; domain signals 8. Title relevance penalty 1.0 applied.","","","","2026-05-14T21:37:59.870693+00:00"
"4","Delivery Lead","RELISH","C:\Users\bsing\.applypilot\tailored_resumes\software-pm\067_7_RELISH_Delivery_Lead.txt","failed_validation","Company 'Sakhi' missing from experience; Company 'The Samaritans of New York' missing from experience","","","remote","","","Remote","","https://www.linkedin.com/jobs/view/4414671214","Software Project Management, Technical Documentation, Presentation Skills, Customer Success
Deterministic profile match: 4 profile skills mentioned; title alignment 0.0/3.0; domain signals 11. Title relevance penalty 1.0 applied.","","","","2026-05-14T21:37:59.870693+00:00"
"4","DELIVERY TECHNICAL LEAD (DTL)","Nasscomm","","","","","","remote","","","Remote","","https://www.linkedin.com/jobs/view/4414485105","Milestone Tracking, Technical Documentation, Requirements Gathering, Data Pipelines, AWS
Deterministic profile match: 5 profile skills mentioned; title alignment 0.0/3.0; domain signals 7. Title relevance penalty 1.0 applied.","","","","2026-05-14T21:37:59.870693+00:00"
"4","Senior Consultant - Delivery Manager","Ensono","","","","","","remote","","","Remote","","https://www.linkedin.com/jobs/view/4414698491","Software Project Management, SDLC, Stakeholder Management, Program Management, Change Management, Risk Management
Deterministic profile match: 6 profile skills mentioned; title alignment 0.0/3.0; domain signals 6. Title relevance penalty 1.0 applied.","","","","2026-05-14T21:37:59.870693+00:00"
"4","Senior Manager Implementation - LH","Luminare Health","","","","","","remote","","","Remote, US (Remote)","https://hcsc.wd1.myworkdayjobs.com/en-US/HCSC_LuminareHealth/job/Work-From-Home-HB/Senior-Manager-Implementation---LH_R0050624","https://www.indeed.com/viewjob?jk=83beae328524c2f2","Program Management, Presentation Skills, Change Management
Deterministic profile match: 3 profile skills mentioned; title alignment 0.0/3.0; domain signals 2.","","","","2026-05-14T21:36:03.741595+00:00"
"4","Senior Manager Project Development - West","Hanwha Renewables","","","","","","hybrid","","","","","https://www.linkedin.com/jobs/view/4404439243","Hybrid Project Management, Presentation Skills, Resource Planning, Risk Management, Legal Technology
Deterministic profile match: 5 profile skills mentioned; title alignment 0.0/3.0; domain signals 0.","","","","2026-05-14T21:36:03.741595+00:00"
"4","Assistant Project Manager - Real Estate Developer - NYC","Hays","","","","","","unknown","","","","","https://www.linkedin.com/jobs/view/4373721092","
Deterministic profile match: 0 profile skills mentioned; title alignment 2.0/3.0; domain signals 0.","","","","2026-05-14T21:35:00.688367+00:00"
"4","Agile Coaching Senior Advisor - ACoE","The Cigna Group","","","","","","remote","","","Remote, US (Remote)","https://jobs.thecignagroup.com/us/en/job/CIGNUS26004413EXTERNALENUS/Agile-Coaching-Senior-Advisor-ACoE?utm_source=indeed&utm_medium=phenom-feeds","https://www.indeed.com/viewjob?jk=3a615eb3c7151356","Agile Scrum, SAFe, Kanban, Retrospectives, Training Enablement
Deterministic profile match: 5 profile skills mentioned; title alignment 0.0/3.0; domain signals 4. Title relevance penalty 1.0 applied.","","","","2026-05-14T21:33:49.397717+00:00"
"4","Digital Banking Implementation Specialist","Computer Services Inc.","","","","","","remote","","","Remote, US (Remote)","https://csiweb.wd1.myworkdayjobs.com/en-US/CSI_Careers/job/Remote-USA/Digital-Banking-Implementation-Specialist_R-100396","https://www.indeed.com/viewjob?jk=7af06150568cf60f","Requirements Gathering, Customer Success
Deterministic profile match: 2 profile skills mentioned; title alignment 0.0/3.0; domain signals 4.","","","","2026-05-14T21:33:49.397717+00:00"
"4","Mergers and Acquisition (M &A) Digital Integration Consultant","Progressive","","","","","","remote","","","Remote, US (Remote)","https://careers.progressive.com/en/jobs/17733194-mergers-and-acquisition-m-and-a-digital-integration-consultant?tm_job=259952&tm_event=view&tm_company=90779","https://www.indeed.com/viewjob?jk=6c73012d7c3f0b08","Stakeholder Management, Program Management, Requirements Gathering, Change Management, Resource Planning
Deterministic profile match: 5 profile skills mentioned; title alignment 0.0/3.0; domain signals 4. Title relevance penalty 1.0 applied.","","","","2026-05-14T21:33:49.397717+00:00"
"4","Technical Manager (APAC Region)","CarbonCure Technologies","","","","","","remote","","","Remote, US (Remote)","https://carboncure.bamboohr.com/careers/256?source=indeed&src=indeed&postedDate=2026-05-12","https://www.indeed.com/viewjob?jk=4c03005b77bf6bb1","Program Management, Customer Success, Change Management, Scheduling Management, Training Enablement, Resource Planning
Deterministic profile match: 6 profile skills mentioned; title alignment 0.0/3.0; domain signals 4. Title relevance penalty 1.0 applied.","","","","2026-05-14T21:33:49.397717+00:00"
"4","Tendering Manager II","FieldCore","","","","","","remote","","","Remote, US (Remote)","https://app.jobvite.com/CompanyJobs/Job.aspx?j=o9V8zfwv&s=Indeed","https://www.indeed.com/viewjob?jk=018a336e21b890e1","Lean Product Development, Stakeholder Management, Program Management, Presentation Skills, Customer Success, Risk Management
Deterministic profile match: 6 profile skills mentioned; title alignment 0.0/3.0; domain signals 4. Title relevance penalty 1.0 applied.","","","","2026-05-14T21:31:37.952938+00:00"
"4","Principal Consultant - Wireless/Network","TEECOM","","","","","","remote","","","Remote, US (Remote)","https://jobs.lever.co/teecom/0946e818-bd47-4622-9516-1df4c11ebefd?lever-source=Indeed","https://www.indeed.com/viewjob?jk=ea30eeda9c91f18c","Technical Documentation, Mentoring, QA Coordination, Resource Planning, GitHub, Legal Technology
Deterministic profile match: 6 profile skills mentioned; title alignment 0.0/3.0; domain signals 4. Title relevance penalty 1.0 applied.","","","","2026-05-14T21:31:37.952938+00:00"
"4","Solution Architect","Speed & Function","","","","","","remote","","","Remote, US (Remote)","https://speedandfunction.peopleforce.io/careers/v/208386-solution-architect","https://www.indeed.com/viewjob?jk=b7b28db4087d60fa","Python, Machine Learning Frameworks, Roadmap Planning, Distributed Systems Concepts, AWS
Deterministic profile match: 5 profile skills mentioned; title alignment 0.0/3.0; domain signals 6. Title relevance penalty 1.0 applied.","","","","2026-05-14T21:31:37.952938+00:00"
"4","Account Manager II","Blackhawk Network","","","","","","hybrid","Remote, US (Remote)","","Remote, US (Remote)","https://careers-blackhawknetwork.icims.com/jobs/26579/job?utm_source=indeed_integration&iis=Job%20Board&iisn=Indeed&indeed-apply-token=73a2d2b2a8d6d5c0a62696875eaebd669103652d3f0c2cd5445d3e66b1592b0f","https://www.indeed.com/viewjob?jk=0224e7ff8b94fe32","Hybrid Project Management, Program Management, Presentation Skills, Risk Management, Legal Technology
Deterministic profile match: 5 profile skills mentioned; title alignment 0.0/3.0; domain signals 5. Title relevance penalty 1.0 applied.","","","","2026-05-14T21:31:37.952938+00:00"
"4","Systems Engineer","BerryDunn","","","","","","hybrid","Remote, US (Remote)","","Remote, US (Remote)","https://careers-berrydunn.icims.com/jobs/3832/systems-engineer/job","https://www.indeed.com/viewjob?jk=6f78df9d2e50ec7f","SQL, RBAC, Technical Documentation, Database Access Governance, GitHub
Deterministic profile match: 5 profile skills mentioned; title alignment 0.0/3.0; domain signals 4. Title relevance penalty 1.0 applied.","","","","2026-05-14T21:31:37.952938+00:00"
"4","Director / Senior Director of Product Management","ONTIC TECHNOLOGIES","C:\Users\bsing\.applypilot\tailored_resumes\software-pm\072_7_ONTIC_TECHNOLOGIES_Director__Senior_Director_of_Product_Management.txt","failed_validation","Company 'Sakhi' missing from experience; Company 'The Samaritans of New York' missing from experience","Banned words: proven track record","","remote","","","Remote, US (Remote)","https://jobs.ashbyhq.com/Ontic/3510b6f7-7b20-41ab-a51e-1ab64ec876a4?embed=js","https://www.indeed.com/viewjob?jk=42ba7d9b5c75c493","SAFe, Customer Success, Risk Management, Jira
Deterministic profile match: 4 profile skills mentioned; title alignment 0.0/3.0; domain signals 11. Title relevance penalty 1.5 applied.","","","","2026-05-14T21:29:36.448824+00:00"
"4","Technical Customer Success Manager","Livable","","","","","","remote","","","Remote, US (Remote)","http://www.indeed.com/job/technical-customer-success-manager-2080f3f1594d334b","https://www.indeed.com/viewjob?jk=2080f3f1594d334b","Software Project Management, Customer Success, Jira, HubSpot
Deterministic profile match: 4 profile skills mentioned; title alignment 0.0/3.0; domain signals 5. Title relevance penalty 1.0 applied.","","","","2026-05-14T21:29:36.448824+00:00"
"4","Technical Account Manager","FireMon","","","","","","hybrid","Remote, US (Remote)","","Remote, US (Remote)","https://jobs.lever.co/firemon/65208e7b-0d5c-473c-9579-a0dab419fbd6","https://www.indeed.com/viewjob?jk=6bc65e5dcfbb07a6","Hybrid Project Management, Software Project Management, Customer Success, System Monitoring, Policy Automation
Deterministic profile match: 5 profile skills mentioned; title alignment 0.0/3.0; domain signals 7. Title relevance penalty 1.0 applied.","","","","2026-05-14T21:29:36.448824+00:00"
"4","Sr. Business Analyst, Salesforce","PAR Technology","","","","","","remote","","","Remote, US (Remote)","https://partech.com/careers-at-par/?ashby_jid=5c8c84cf-b2f6-419f-b51a-cd125ce74925#careers","https://www.indeed.com/viewjob?jk=add9bbefb45b0b80","Sprint Planning, Acceptance Criteria Frameworks
Deterministic profile match: 2 profile skills mentioned; title alignment 0.0/3.0; domain signals 10. Title relevance penalty 1.0 applied.","","","","2026-05-14T21:29:36.448824+00:00"
"4","Senior Software Engineer","Kinetic Plc","","","","","","remote","","","Remote, US (Remote)","https://jobs.gem.com/kinetic/am9icG9zdDpAXBNe4QxUqGXU_GIVbUoy","https://www.indeed.com/viewjob?jk=2eb09fd16f988004","SQL, Root Cause Analysis, Program Management, Technical Documentation, Data Warehousing, AWS
Deterministic profile match: 6 profile skills mentioned; title alignment 0.0/3.0; domain signals 9. Title relevance penalty 2.5 applied.","","","","2026-05-14T21:29:36.448824+00:00"
"4","Manager, Clinical Bill Review","Valenz","","","","","","remote","","","Remote, US (Remote)","https://valenz.applytojob.com/apply/dnKOY3Nz2Q/Manager-Clinical-Bill-Review?source=Our%20Career%20Page%20Widget","https://www.indeed.com/viewjob?jk=6aa85fc7066858be","Data Governance Frameworks, Program Management, Resource Planning, Risk Management, Workflow Automation
Deterministic profile match: 5 profile skills mentioned; title alignment 0.0/3.0; domain signals 5. Title relevance penalty 1.0 applied.","","","","2026-05-14T21:29:36.448824+00:00"
"4","Engineering Manager, Engine Team","Deepgram","","","","","","hybrid","Remote, US (Remote)","","Remote, US (Remote)","https://jobs.ashbyhq.com/Deepgram/d6558e6d-cefe-41f1-97aa-21e964cab0f4?employmentType=FullTime","https://www.indeed.com/viewjob?jk=96c6cfa40a026665","Hybrid Project Management, Software Project Management, Mentoring, Change Management
Deterministic profile match: 4 profile skills mentioned; title alignment 0.0/3.0; domain signals 7. Title relevance penalty 1.0 applied.","","","","2026-05-14T21:29:36.448824+00:00"
"4","Sr. Dir, Brand Strategy & Narrative","GitHub","","","","","","remote","","","Remote, US (Remote)","https://www.github.careers/jobs/5329/job?utm_source=indeed_integration&iis=Job%20Board&iisn=Indeed&indeed-apply-token=73a2d2b2a8d6d5c0a62696875eaebd669103652d3f0c2cd5445d3e66b1592b0f","https://www.indeed.com/viewjob?jk=3396159715f67233","Software Project Management, SDLC, Stakeholder Management, Customer Success, Change Management, GitHub
Deterministic profile match: 6 profile skills mentioned; title alignment 0.0/3.0; domain signals 6. Title relevance penalty 1.0 applied.","","","","2026-05-14T21:29:36.448824+00:00"
"4","Epic Application Architect (Healthy Planet) Population Health","University Hospitals","","","","","","remote","","","Remote, US (Remote)","https://d.hodes.com/r/tp2?e=se&tv=pixel_tracker&aid=universityhospitals&p=web&se_ca=indeed&se_ac=click&se_la=23385280&u=http%3A%2F%2Fcareers.uhhospitals.org%2Fjob%2F23385280%2Fepic-application-architect-healthy-planet-population-health-remote%2F%3Futm_medium%3Dsymphonytalent-jobads%26utm_campaign%3DInformation%2520Technology%26utm_content%3DEpic%2520Application%2520Architect%2520(Healthy%2520Planet)%2520Population%2520Health%2520%2520%26utm_term%3D2600047Y%26utm_source%3DIndeed&se_pr=f9d8f643ab72ad13&se_va=1710&tr_af=organic&ti_id=2022_2600047Y&signature=CmoH2O1Gpb4B1P8fw8JpiGOlKKOTj0K4GKmAjK5lkFw","https://www.indeed.com/viewjob?jk=52d46c661c374d11","Software Project Management, Root Cause Analysis, Technical Documentation, Requirements Gathering, Change Management
Deterministic profile match: 5 profile skills mentioned; title alignment 0.0/3.0; domain signals 4. Title relevance penalty 1.0 applied.","","","","2026-05-14T21:29:36.448824+00:00"
"4","Customer Support Representative","Nelnet","","","","","","remote","","","Remote, US (Remote)","https://nelnet.wd1.myworkdayjobs.com/en-US/MyNelnet/job/Remote/Customer-Support-Representative_R22610","https://www.indeed.com/viewjob?jk=4e9518cd66376ffb","Software Project Management, Program Management, Technical Documentation, Customer Success, Change Management
Deterministic profile match: 5 profile skills mentioned; title alignment 0.0/3.0; domain signals 6. Title relevance penalty 1.0 applied.","","","","2026-05-14T21:29:36.448824+00:00"
"4","Account Manager - National Accounts","MILLCRAFT PAPER COMPANY","","","","","","remote","","","Remote, US (Remote)","http://www.millcraft.com/careers/?gnk=job&gni=8a78839e9de0709e019e22dce4be3655&gns=Indeed+Free","https://www.indeed.com/viewjob?jk=7248d7cb58d541e4","SAFe, Program Management, Presentation Skills, Customer Success, Change Management, ERP, SOPs, Power BI
Deterministic profile match: 8 profile skills mentioned; title alignment 0.0/3.0; domain signals 3. Title relevance penalty 1.0 applied.","","","","2026-05-14T21:29:36.448824+00:00"
"4","Subcontract Administrator III","Amentum","","","","","","hybrid","Remote, US (Remote)","","Remote, US (Remote)","https://www.amentumcareers.com/jobs/subcontract-administrator-iii-jacksonville-florida-united-states-21d4e881-a1a4-4dcc-9b3f-2f929352bf2f?source=Indeed+Feed","https://www.indeed.com/viewjob?jk=83343cbee6ba90db","Hybrid Project Management, Software Project Management, Program Management, Change Management, Risk Management, Legal Technology
Deterministic profile match: 6 profile skills mentioned; title alignment 0.0/3.0; domain signals 3. Title relevance penalty 1.0 applied.","","","","2026-05-14T21:29:36.448824+00:00"
"4","Manager Operations Research 2","Northrop Grumman","","","","","","remote","","","Remote, US (Remote)","https://jsv3.recruitics.com/redirect?rx_cid=3658&rx_jobId=R10232846&rx_url=https%3A%2F%2Fjobs.northropgrumman.com%2Fcareers%2Fjob%2F1340071720278%3Fcode%3DJB-17946%26domain%3Dngc.com%26rx_a%3D0%26rx_c%3D%26rx_ch%3Djobp4p%26rx_group%3D288254%26rx_id%3De2f052b5-4fa3-11f1-b6e7-450a7bbceede%26rx_job%3DR10232846%26rx_medium%3Dcpc%26rx_r%3Dnone%26rx_source%3Dindeed%26rx_ts%3D20260514T200413Z%26rx_vp%3Dcpc%26source%3DJB-17946%26utm_audience%3Dprospectivetalentemployees%26utm_campaign%3Dta-general%26utm_content%3Djobfeed%26utm_format%3Dcpl%26utm_medium%3Djobboard%26utm_source%3Dindeed","https://www.indeed.com/viewjob?jk=0cfef4705b8e5746","Software Project Management, Program Management, Presentation Skills
Deterministic profile match: 3 profile skills mentioned; title alignment 0.0/3.0; domain signals 6. Title relevance penalty 1.0 applied.","","","","2026-05-14T21:29:36.448824+00:00"
"4","Client Success Manager","EGiftify","","","","","","remote","","","Remote, US (Remote)","https://egiftify.breezy.hr/p/ec539d006882-client-success-manager?source=indeed","https://www.indeed.com/viewjob?jk=67e06fbe4d2fa88a","Software Project Management, Program Management
Deterministic profile match: 2 profile skills mentioned; title alignment 0.0/3.0; domain signals 8. Title relevance penalty 1.0 applied.","","","","2026-05-14T21:29:36.448824+00:00"
"4","Sr. Project Manager (Telehealth)","HealthCare Recruiters International","","","","","","remote","","","Remote","","https://www.linkedin.com/jobs/view/4413803803","
Deterministic profile match: 0 profile skills mentioned; title alignment 2.0/3.0; domain signals 0.","","","","2026-05-14T21:29:36.448824+00:00"
"3","Senior Content Workflow Specialist, Digital Twins","NVIDIA","","","","","","hybrid","","","US, CA, Remote","https://nvidia.wd5.myworkdayjobs.com/NVIDIAExternalCareerSite/job/US-CA-Remote/Senior-Content-Workflow-Specialist--Digital-Twins_JR2017859","https://nvidia.wd5.myworkdayjobs.com/NVIDIAExternalCareerSite/job/US-CA-Remote/Senior-Content-Workflow-Specialist--Digital-Twins_JR2017859","Program Management, Technical Documentation, Change Management, Data Pipelines
Deterministic profile match: 4 profile skills mentioned; title alignment 0.0/3.0; domain signals 2. Title relevance penalty 1.0 applied.","","","","2026-05-19T03:53:44.652650+00:00"
"3","Asst. Manager ? Commercial Finance & Business Partnering","Thomson Reuters","","","","","","hybrid","","","","https://thomsonreuters.wd5.myworkdayjobs.com/External_Career_Site/job/India-Hyderabad-Telangana/Sr-Lead-Analyst-Asst-Manager---Business-Finance-FP-A-_JREQ200674","https://thomsonreuters.wd5.myworkdayjobs.com/External_Career_Site/job/India-Hyderabad-Telangana/Sr-Lead-Analyst-Asst-Manager---Business-Finance-FP-A-_JREQ200674","Stakeholder Management, ERP, Power BI, Legal Technology
Deterministic profile match: 4 profile skills mentioned; title alignment 0.0/3.0; domain signals 4. Title relevance penalty 1.0 applied.","","","","2026-05-19T03:52:28.317114+00:00"
"3","Digital Chat Assist","Thomson Reuters","","","","","","hybrid","","","","https://thomsonreuters.wd5.myworkdayjobs.com/External_Career_Site/job/Mexico-Mexico-City/Digital-Chat-Assist_JREQ200699","https://thomsonreuters.wd5.myworkdayjobs.com/External_Career_Site/job/Mexico-Mexico-City/Digital-Chat-Assist_JREQ200699","Database Access Governance, Legal Technology
Deterministic profile match: 2 profile skills mentioned; title alignment 0.0/3.0; domain signals 5. Title relevance penalty 1.0 applied.","","","","2026-05-19T03:52:28.317114+00:00"
"3","Senior Manager, OpenShell Engineering","NVIDIA","","","","","","remote","","","US, CA, Remote","https://nvidia.wd5.myworkdayjobs.com/NVIDIAExternalCareerSite/job/US-CA-Remote/Senior-Manager--OpenShell-Engineering_JR2017678","https://nvidia.wd5.myworkdayjobs.com/NVIDIAExternalCareerSite/job/US-CA-Remote/Senior-Manager--OpenShell-Engineering_JR2017678","Mentoring, AI/ML
Deterministic profile match: 2 profile skills mentioned; title alignment 0.0/3.0; domain signals 5. Title relevance penalty 1.0 applied.","","","","2026-05-19T03:50:13.793393+00:00"
"3","Contact Center Rep - Credit Card - July 13th Phoenix, AZ","TD Bank","","","","","","remote","","","Remote Phoenix (AZ)","https://td.wd3.myworkdayjobs.com/TD_Bank_Careers/job/Remote-Phoenix-AZ/Contact-Center-Rep---Credit-Card---July-13th-Phoenix--AZ_R_1490204","https://td.wd3.myworkdayjobs.com/TD_Bank_Careers/job/Remote-Phoenix-AZ/Contact-Center-Rep---Credit-Card---July-13th-Phoenix--AZ_R_1490204","Program Management, Mentoring, Customer Success, Risk Management
Deterministic profile match: 4 profile skills mentioned; title alignment 0.0/3.0; domain signals 2. Title relevance penalty 1.0 applied.","","","","2026-05-19T03:49:24.099994+00:00"
"3","Sr Manager - Digital Marketing","TDS Telecom","","","","","","remote","","","Remote, US (Remote)","https://external-telecom-teldta.icims.com/jobs/29323/job?utm_source=indeed_integration&iis=Job%20Board&iisn=Indeed&indeed-apply-token=73a2d2b2a8d6d5c0a62696875eaebd669103652d3f0c2cd5445d3e66b1592b0f","https://www.indeed.com/viewjob?jk=e9c9c7c95550694e","Customer Success, Resource Planning, Google Analytics, Google Cloud
Deterministic profile match: 4 profile skills mentioned; title alignment 0.0/3.0; domain signals 3. Title relevance penalty 1.0 applied.","","","","2026-05-19T03:47:58.625216+00:00"
"3","New Media Director","GitHub","","","","","","remote","","","Remote, US (Remote)","https://www.github.careers/jobs/5335/job?utm_source=indeed_integration&iis=Job%20Board&iisn=Indeed&indeed-apply-token=73a2d2b2a8d6d5c0a62696875eaebd669103652d3f0c2cd5445d3e66b1592b0f","https://www.indeed.com/viewjob?jk=6231c8005d37dfe9","Software Project Management, A/B Testing, Experimentation Frameworks, Customer Success, Change Management, GitHub, Google Analytics
Deterministic profile match: 7 profile skills mentioned; title alignment 0.0/3.0; domain signals 6. Title relevance penalty 2.5 applied.","","","","2026-05-19T03:47:58.625216+00:00"
"3","Senior Brand Manager, Drink Mixes","The Jel Sert Company","","","","","","remote","","","Remote, US (Remote)","https://jelsert.hrmdirect.com/employment/view.php?req=3715630&jbsrc=1014&location=2f814580-9267-30d3-156c-37a05f1c4d4e","https://www.indeed.com/viewjob?jk=04d43e59b38f57a7","Software Project Management, Milestone Tracking, Stakeholder Management
Deterministic profile match: 3 profile skills mentioned; title alignment 0.0/3.0; domain signals 4. Title relevance penalty 1.0 applied.","","","","2026-05-19T03:47:58.625216+00:00"
"3","Ad Ops Specialist (Evergreen)","Bauer Entertainment Marketing","","","","","","remote","","","Remote, US (Remote)","https://bauer-entertainment-marketing.breezy.hr/p/8558f13b915a-ad-ops-specialist-evergreen?source=indeed","https://www.indeed.com/viewjob?jk=ab6c9d34a7951840","Scheduling Management
Deterministic profile match: 1 profile skills mentioned; title alignment 0.0/3.0; domain signals 5. Title relevance penalty 1.0 applied.","","","","2026-05-19T03:47:58.625216+00:00"
"3","Senior Service Delivery Manager","Two Point Consulting","","","","","","hybrid","","","","","https://www.linkedin.com/jobs/view/4415735817","Data Governance Frameworks, ServiceNow
Deterministic profile match: 2 profile skills mentioned; title alignment 0.0/3.0; domain signals 4. Title relevance penalty 1.0 applied.","","","","2026-05-19T03:46:52.708643+00:00"
"3","Project Coordinator","LanceSoft Europe","","","","","","remote","","","Remote","","https://www.linkedin.com/jobs/view/4415685454","Customer Success
Deterministic profile match: 1 profile skills mentioned; title alignment 0.0/3.0; domain signals 3.","","","","2026-05-19T03:45:43.877251+00:00"
"3","Project Coordinator Team Lead","LanceSoft Europe","","","","","","remote","","","Remote","","https://www.linkedin.com/jobs/view/4415649847","Customer Success
Deterministic profile match: 1 profile skills mentioned; title alignment 0.0/3.0; domain signals 1.","","","","2026-05-19T03:45:43.877251+00:00"
"3","Senior Environmental Engineer: Fluids Management Specialist Lead","General Motors (GM)","","","","","","remote","","","Remote, US (Remote)","https://generalmotors.wd5.myworkdayjobs.com/en-US/Careers_GM/job/Remote---United-States/Senior-Environmental-Engineer--Fluids-Management-Specialist-Lead_JR-202610458","https://www.indeed.com/viewjob?jk=29bfe075a51a7911","A/B Testing, Technical Documentation, Change Management, Risk Management
Deterministic profile match: 4 profile skills mentioned; title alignment 0.0/3.0; domain signals 4. Title relevance penalty 1.0 applied.","","","","2026-05-19T03:41:57.324976+00:00"
"3","Environmental Compliance Manager","ProEnergy Services","","","","","","remote","","","Remote, US (Remote)","https://www.proenergyservices.com/meet-the-pros/join-our-team/opportunities/?gnk=job&gni=8a7887a19de07068019df56caff174e5&gns=Indeed+Free","https://www.indeed.com/viewjob?jk=49c7c5b8eeda8728","Program Management, Change Management
Deterministic profile match: 2 profile skills mentioned; title alignment 0.0/3.0; domain signals 5. Title relevance penalty 1.0 applied.","","","","2026-05-19T03:41:57.324976+00:00"
"3","Program Success Associate (Tuition Assistance)","Tuition.io, Inc.","","","","","","remote","","","Remote, US (Remote)","http://www.indeed.com/job/program-success-associate-tuition-assistance-ce50a8438c8c8c16","https://www.indeed.com/viewjob?jk=ce50a8438c8c8c16","Program Management, Customer Success
Deterministic profile match: 2 profile skills mentioned; title alignment 0.0/3.0; domain signals 2.","","","","2026-05-19T03:39:44.477961+00:00"
"3","Senior Director, Medical Economics","Teladoc Health","","","","","","remote","","","Remote, US (Remote)","https://teladoc.wd503.myworkdayjobs.com/en-US/teladochealth_is_hiring/job/USA---Any-Location-Remote/Senior-Director--Medical-Economics_JR20564","https://www.indeed.com/viewjob?jk=40cf95d6574def6b","Python, SQL, SAFe, Software Project Management, Program Management, Change Management, Risk Management
Deterministic profile match: 7 profile skills mentioned; title alignment 0.0/3.0; domain signals 3. Title relevance penalty 2.5 applied.","","","","2026-05-19T03:39:44.477961+00:00"
"3","Financial Analyst VI","BlueForge Alliance","","","","","","remote","","","Remote, US (Remote)","https://secure7.saashr.com/ta/6202495.careers?ShowJob=604444302","https://www.indeed.com/viewjob?jk=bc826053511fd7bf","Software Project Management, Program Management, Technical Documentation
Deterministic profile match: 3 profile skills mentioned; title alignment 0.0/3.0; domain signals 4. Title relevance penalty 1.0 applied.","","","","2026-05-19T03:39:44.477961+00:00"
"3","Marketing Events Coordinator","Transcend Inc.","","","","","","remote","","","Remote, US (Remote)","https://grnh.se/2tqoi5si9us","https://www.indeed.com/viewjob?jk=f60ac83a4290f3df","Program Management, HubSpot
Deterministic profile match: 2 profile skills mentioned; title alignment 0.0/3.0; domain signals 5. Title relevance penalty 1.0 applied.","","","","2026-05-19T03:39:44.477961+00:00"
"3","Research & Insights Manager","Consumer Tech","","","","","","remote","","","Remote, US (Remote)","https://app.jobvite.com/CompanyJobs/Job.aspx?j=otr9Afwn&loc=C0HIWfw5&s=Indeed","https://www.indeed.com/viewjob?jk=aa55e2b0e3fc8732","Go-to-market Strategy, Presentation Skills, Training Enablement, Google Analytics
Deterministic profile match: 4 profile skills mentioned; title alignment 0.0/3.0; domain signals 3. Title relevance penalty 1.0 applied.","","","","2026-05-19T03:35:32.190761+00:00"
"3","Project Coordinator - Remote","VITA CV","","","","","","remote","","","Remote","","https://www.linkedin.com/jobs/view/4415448450","Notion
Deterministic profile match: 1 profile skills mentioned; title alignment 0.0/3.0; domain signals 3.","","","","2026-05-19T03:35:32.190761+00:00"
"3","Senior Manager, Product Planning","BCD","","","","","","remote","","","Remote, US (Remote)","https://jobs.bcdtravel.com/job/Senior-Manager%2C-Product-Planning/1361219157/?feedId=412357&utm_source=Indeed","https://www.indeed.com/viewjob?jk=14be150b48c6a754","Software Project Management, Program Management
Deterministic profile match: 2 profile skills mentioned; title alignment 0.0/3.0; domain signals 2.","","","","2026-05-19T03:33:24.221345+00:00"
"3","Principal Software Engineer","Clarity Innovations, LLC","","","","","","remote","","","Remote, US (Remote)","https://job-boards.greenhouse.io/clarityinnovates/jobs/5140062007","https://www.indeed.com/viewjob?jk=dadda4d191ed7783","Python, JavaScript, Machine Learning Frameworks, Mentoring, Training Enablement
Deterministic profile match: 5 profile skills mentioned; title alignment 0.0/3.0; domain signals 8. Title relevance penalty 2.5 applied.","","","","2026-05-19T03:33:24.221345+00:00"
"3","Medical Science Liaison, CNS - Northeast Texas/Oklahoma","Otsuka","","","","","","remote","","","Remote, US (Remote)","https://vhr-otsuka.wd1.myworkdayjobs.com/en-US/External/job/Remote/Medical-Science-Liaison--CNS---Northeast-Texas-Oklahoma_R12150","https://www.indeed.com/viewjob?jk=9d73c86b45af6996","Software Project Management, Program Management, Mentoring, Change Management
Deterministic profile match: 4 profile skills mentioned; title alignment 0.0/3.0; domain signals 4. Title relevance penalty 1.0 applied.","","","","2026-05-19T03:33:24.221345+00:00"
"3","Utilization Review RN - PT - Day - Utilization Resource Mgmt Pennington NJ","Capital Health","","","","","","remote","","","Remote, US (Remote)","https://capitalhealth.wd1.myworkdayjobs.com/en-US/CapitalHealthCareers/job/Telecommuters/Utilization-Review-RN---PT---Day---Utilization-Resource-Mgmt-Pennington-NJ_JR109784","https://www.indeed.com/viewjob?jk=8b739e71ac16f30e","Program Management, Resource Planning, Risk Management, Legal Technology
Deterministic profile match: 4 profile skills mentioned; title alignment 0.0/3.0; domain signals 3. Title relevance penalty 1.0 applied.","","","","2026-05-19T03:33:24.221345+00:00"
"3","Sr Sales Exec - Identity Security","Entrust Corporation","","","","","","hybrid","Remote, US (Remote)","","Remote, US (Remote)","https://entrust.wd1.myworkdayjobs.com/en-US/EntrustCareers/job/United-States---Field/Sr-Sales-Exec---Identity-Security_R004151","https://www.indeed.com/viewjob?jk=60c6fc89640b8322","Go-to-market Strategy, Program Management, Roadmap Planning, Customer Success, Resource Planning, Data Pipelines
Deterministic profile match: 6 profile skills mentioned; title alignment 0.0/3.0; domain signals 7. Title relevance penalty 2.5 applied.","","","","2026-05-19T03:33:24.221345+00:00"
"3","Medical Science Liaison, CNS (MN, ND, NE, SD, WI)","Otsuka","","","","","","remote","","","Remote, US (Remote)","https://vhr-otsuka.wd1.myworkdayjobs.com/en-US/External/job/Remote/Medical-Science-Liaison--CNS--MN--ND--NE--SD--WI-_R12013-1","https://www.indeed.com/viewjob?jk=e27f4b40d3e6e526","Software Project Management, Program Management, Mentoring, Change Management
Deterministic profile match: 4 profile skills mentioned; title alignment 0.0/3.0; domain signals 4. Title relevance penalty 1.0 applied.","","","","2026-05-19T03:33:24.221345+00:00"
"3","Medical Science Liaison, CNS (West - AZ, NM)","Otsuka","","","","","","remote","","","Remote, US (Remote)","https://vhr-otsuka.wd1.myworkdayjobs.com/en-US/External/job/Remote/Medical-Science-Liaison--CNS--West---AZ--NM-_R12011","https://www.indeed.com/viewjob?jk=ec6325beeb5bea12","Software Project Management, Program Management, Mentoring, Change Management
Deterministic profile match: 4 profile skills mentioned; title alignment 0.0/3.0; domain signals 4. Title relevance penalty 1.0 applied.","","","","2026-05-19T03:33:24.221345+00:00"
"3","Payroll Delivery Manager I","Dayforce","","","","","","unknown","","","","","https://www.linkedin.com/jobs/view/4412069656","Resource Planning
Deterministic profile match: 1 profile skills mentioned; title alignment 0.0/3.0; domain signals 6. Title relevance penalty 1.0 applied.","","","","2026-05-19T03:33:24.221345+00:00"
"3","Payroll Delivery Manager I","Dayforce","","","","","","unknown","","","","","https://www.linkedin.com/jobs/view/4412079024","Resource Planning
Deterministic profile match: 1 profile skills mentioned; title alignment 0.0/3.0; domain signals 6. Title relevance penalty 1.0 applied.","","","","2026-05-19T03:33:24.221345+00:00"
"3","Technical Delivery Lead","AgileEngine","","","","","","unknown","","","","","https://www.linkedin.com/jobs/view/4415720547","AI/ML
Deterministic profile match: 1 profile skills mentioned; title alignment 0.0/3.0; domain signals 5. Title relevance penalty 1.0 applied.","","","","2026-05-19T03:33:24.221345+00:00"
"3","Customer Success Manager","Durlston Partners","","","","","","unknown","","","","","https://www.linkedin.com/jobs/view/4412815694","Customer Success, Risk Management
Deterministic profile match: 2 profile skills mentioned; title alignment 0.0/3.0; domain signals 4. Title relevance penalty 1.0 applied.","","","","2026-05-19T03:32:04.798805+00:00"
"3","Regional Project Lead","PSI CRO","","","","","","onsite","","","","","https://www.linkedin.com/jobs/view/4406650082","Presentation Skills
Deterministic profile match: 1 profile skills mentioned; title alignment 0.0/3.0; domain signals 2.","","","","2026-05-19T03:30:57.247300+00:00"
"3","Project Management Officer","Absolute Sales & Marketing Recruitment Ltd.,","","","","","","remote","","","Remote","","https://www.linkedin.com/jobs/view/4416266122","ERP
Deterministic profile match: 1 profile skills mentioned; title alignment 0.0/3.0; domain signals 2.","","","","2026-05-19T03:30:57.247300+00:00"
"3","IT Project Coordinator","Tencate Grass","","","","","","remote","","","Remote, US (Remote)","https://recruitingbypaycor.com/career/JobIntroduction.action?id=8a7883ac9e235a1c019e3cfdee7d63d4&source=Indeed+Free","https://www.indeed.com/viewjob?jk=434f53c5511b505d","Change Management, Power BI
Deterministic profile match: 2 profile skills mentioned; title alignment 0.0/3.0; domain signals 3.","","","","2026-05-19T03:28:48.056786+00:00"
"3","Manager, Orbital Analysis","Slingshot Aerospace","","","","","","remote","","","Remote, US (Remote)","https://job-boards.greenhouse.io/slingshotaerospace/jobs/5998558004","https://www.indeed.com/viewjob?jk=ce2eee9e11d2bdc7","Software Project Management, Program Management, Customer Success
Deterministic profile match: 3 profile skills mentioned; title alignment 0.0/3.0; domain signals 4. Title relevance penalty 1.0 applied.","","","","2026-05-19T03:26:29.194443+00:00"
"3","Senior PLC Design Engineer","Divcon Controls","","","","","","remote","","","Remote, US (Remote)","https://ats.rippling.com/divcon-controls/jobs/1c8fc9a5-bf0c-4b44-a3a5-0c6270bc5443?jobSite=Indeed","https://www.indeed.com/viewjob?jk=ea8f8b9b8ea34d45","Technical Documentation, Mentoring, QA Coordination, System Monitoring
Deterministic profile match: 4 profile skills mentioned; title alignment 0.0/3.0; domain signals 4. Title relevance penalty 1.0 applied.","","","","2026-05-19T03:26:29.194443+00:00"
"3","Lead PLC Design Engineer","Divcon Controls","","","","","","remote","","","Remote, US (Remote)","https://ats.rippling.com/divcon-controls/jobs/e75a2829-bc9b-4e91-960d-c0e73f343b43?jobSite=Indeed","https://www.indeed.com/viewjob?jk=9bdf7e7428834f7b","Technical Documentation, Mentoring, QA Coordination, Resource Planning, System Monitoring
Deterministic profile match: 5 profile skills mentioned; title alignment 0.0/3.0; domain signals 3. Title relevance penalty 1.0 applied.","","","","2026-05-19T03:26:29.194443+00:00"
"3","Senior Director/Director - AI Engineering","FICO","","","","","","remote","","","Remote, US (Remote)","https://fico.wd1.myworkdayjobs.com/en-US/External/job/Work-from-Home-United-States/Senior-Director-Director---AI-Engineering_32013","https://www.indeed.com/viewjob?jk=9c419fd6db436ee5","A/B Testing, Data Governance Frameworks, Machine Learning Frameworks, Mentoring, Customer Success, Policy Automation
Deterministic profile match: 6 profile skills mentioned; title alignment 0.0/3.0; domain signals 7. Title relevance penalty 2.5 applied.","","","","2026-05-19T03:26:29.194443+00:00"
"3","Field Construction Coordinator","K&A Engineering","","","","","","remote","","","Remote, US (Remote)","https://kaengineering.hrmdirect.com/employment/view.php?req=3718085&jbsrc=1014&location=a7d66b50-5a9b-d35f-a95b-6a0f510d6a44","https://www.indeed.com/viewjob?jk=1ccb389f64bdc652","SAFe, Program Management, Technical Documentation, Change Management
Deterministic profile match: 4 profile skills mentioned; title alignment 0.0/3.0; domain signals 3. Title relevance penalty 1.0 applied.","","","","2026-05-19T03:26:29.194443+00:00"
"3","Website Developer / Web Systems Specialist","Highland Cabinetry Inc","","","","","","remote","","","Remote, US (Remote)","http://www.indeed.com/job/website-developer-web-systems-specialist-0fc5adbb25ba7b78","https://www.indeed.com/viewjob?jk=0fc5adbb25ba7b78","JavaScript, PHP, Google Analytics
Deterministic profile match: 3 profile skills mentioned; title alignment 0.0/3.0; domain signals 4. Title relevance penalty 1.0 applied.","","","","2026-05-19T03:26:29.194443+00:00"
"3","Consulting Senior Health Physicist","Plexus Scientific Corporation","","","","","","remote","","","Remote, US (Remote)","http://www.indeed.com/job/consulting-senior-health-physicist-d1a8626c35f68772","https://www.indeed.com/viewjob?jk=d1a8626c35f68772","Software Project Management, Program Management
Deterministic profile match: 2 profile skills mentioned; title alignment 0.0/3.0; domain signals 4. Title relevance penalty 1.0 applied.","","","","2026-05-19T03:26:29.194443+00:00"
"3","Application Architect (SR-5266958-ARCH)","LMG Technology Services LLC","","","","","","remote","","","Remote, US (Remote)","https://ht-jobs.net/9obgwe6?s=in","https://www.indeed.com/viewjob?jk=33ed38eaca78b9df","Workflow Automation
Deterministic profile match: 1 profile skills mentioned; title alignment 0.0/3.0; domain signals 5. Title relevance penalty 1.0 applied.","","","","2026-05-19T03:26:29.194443+00:00"
"3","Associate Commissioning Manager","Thermo Systems","","","","","","remote","","","Remote","","https://www.linkedin.com/jobs/view/4405997099","Technical Documentation, Customer Success, Scheduling Management
Deterministic profile match: 3 profile skills mentioned; title alignment 0.0/3.0; domain signals 5. Title relevance penalty 1.0 applied.","","","","2026-05-19T03:26:29.194443+00:00"
"3","Scientist, In Vitro Biology","Moderna","","","","","","hybrid","","","","https://modernatx.wd1.myworkdayjobs.com/M_tx/job/Cambridge-Massachusetts/Scientist--In-Vitro-Biology_R19097","https://modernatx.wd1.myworkdayjobs.com/M_tx/job/Cambridge-Massachusetts/Scientist--In-Vitro-Biology_R19097","Data Pipelines
Deterministic profile match: 1 profile skills mentioned; title alignment 0.0/3.0; domain signals 6. Title relevance penalty 1.0 applied.","","","","2026-05-14T23:07:19.186242+00:00"
"3","Senior Solution Architect, AI Infrastructure","NVIDIA","","","","","","remote","","","US, DC, Remote","https://nvidia.wd5.myworkdayjobs.com/NVIDIAExternalCareerSite/job/US-DC-Remote/Senior-Solution-Architect--AI-Infrastructure_JR2017660-1","https://nvidia.wd5.myworkdayjobs.com/NVIDIAExternalCareerSite/job/US-DC-Remote/Senior-Solution-Architect--AI-Infrastructure_JR2017660-1","Technical Documentation, Customer Success
Deterministic profile match: 2 profile skills mentioned; title alignment 0.0/3.0; domain signals 5. Title relevance penalty 1.0 applied.","","","","2026-05-14T23:03:36.733136+00:00"
"3","Senior Solutions Architect, Networking - Public Sector","NVIDIA","","","","","","remote","","","US, DC, Remote","https://nvidia.wd5.myworkdayjobs.com/NVIDIAExternalCareerSite/job/US-DC-Remote/Senior-Solutions-Architect--Networking---Public-Sector_JR2017664-1","https://nvidia.wd5.myworkdayjobs.com/NVIDIAExternalCareerSite/job/US-DC-Remote/Senior-Solutions-Architect--Networking---Public-Sector_JR2017664-1","Technical Documentation, Customer Success
Deterministic profile match: 2 profile skills mentioned; title alignment 0.0/3.0; domain signals 5. Title relevance penalty 1.0 applied.","","","","2026-05-14T23:03:36.733136+00:00"
"3","Product System Engineer","NVIDIA","","","","","","remote","","","Mexico, Remote","https://nvidia.wd5.myworkdayjobs.com/NVIDIAExternalCareerSite/job/Mexico-Remote/Product-System-Engineer_JR2005819","https://nvidia.wd5.myworkdayjobs.com/NVIDIAExternalCareerSite/job/Mexico-Remote/Product-System-Engineer_JR2005819","Python, Root Cause Analysis
Deterministic profile match: 2 profile skills mentioned; title alignment 0.0/3.0; domain signals 3.","","","","2026-05-14T22:52:11.948793+00:00"
"3","Solution Architect, Urban AI","NVIDIA","","","","","","remote","","","UK, Remote","https://nvidia.wd5.myworkdayjobs.com/NVIDIAExternalCareerSite/job/UK-Remote/Solution-Architect--Urban-AI_JR2012722","https://nvidia.wd5.myworkdayjobs.com/NVIDIAExternalCareerSite/job/UK-Remote/Solution-Architect--Urban-AI_JR2012722","Python, Presentation Skills, Customer Success, GitHub
Deterministic profile match: 4 profile skills mentioned; title alignment 0.0/3.0; domain signals 4. Title relevance penalty 1.0 applied.","","","","2026-05-14T22:39:14.264800+00:00"
"3","Sr. Analyst, Contracting Operations, US Commercial","Moderna","","","","","","onsite","","","","https://modernatx.wd1.myworkdayjobs.com/M_tx/job/Princeton-New-Jersey/Sr-Analyst--Contracting-Operations--US-Commercial_R19112-1","https://modernatx.wd1.myworkdayjobs.com/M_tx/job/Princeton-New-Jersey/Sr-Analyst--Contracting-Operations--US-Commercial_R19112-1","Presentation Skills, Customer Success, Change Management, Legal Technology
Deterministic profile match: 4 profile skills mentioned; title alignment 0.0/3.0; domain signals 3. Title relevance penalty 1.0 applied.","","","","2026-05-14T22:35:44.018180+00:00"
"3","Associate Director, Clinical Operations, Pricing and Analytics","Moderna","","","","","","onsite","","","","https://modernatx.wd1.myworkdayjobs.com/M_tx/job/Oxford---England/Associate-Director--Clinical-Operations--Pricing-and-Analytics_R19044","https://modernatx.wd1.myworkdayjobs.com/M_tx/job/Oxford---England/Associate-Director--Clinical-Operations--Pricing-and-Analytics_R19044","SQL, Change Management, Database Access Governance, Power BI, Legal Technology
Deterministic profile match: 5 profile skills mentioned; title alignment 0.0/3.0; domain signals 6. Title relevance penalty 2.5 applied.","","","","2026-05-14T22:35:44.018180+00:00"
"3","Associate Director, Clinical Operations Pricing and Analytics","Moderna","","","","","","onsite","","","","https://modernatx.wd1.myworkdayjobs.com/M_tx/job/Cambridge-Massachusetts/Associate-Director--Business-Analytics---Insights--Clinical-Operations_R18479-2","https://modernatx.wd1.myworkdayjobs.com/M_tx/job/Cambridge-Massachusetts/Associate-Director--Business-Analytics---Insights--Clinical-Operations_R18479-2","SQL, Change Management, Database Access Governance, Power BI, Legal Technology
Deterministic profile match: 5 profile skills mentioned; title alignment 0.0/3.0; domain signals 6. Title relevance penalty 2.5 applied.","","","","2026-05-14T22:35:44.018180+00:00"
"3","Fixed Term Manufacturing Associate II","Moderna","","","","","","remote","","","","https://modernatx.wd1.myworkdayjobs.com/M_tx/job/Oxford---England/Fixed-Term-Manufacturing-Associate-II_R19105","https://modernatx.wd1.myworkdayjobs.com/M_tx/job/Oxford---England/Fixed-Term-Manufacturing-Associate-II_R19105","SAFe, Root Cause Analysis, Change Management, Legal Technology
Deterministic profile match: 4 profile skills mentioned; title alignment 0.0/3.0; domain signals 3. Title relevance penalty 1.0 applied.","","","","2026-05-14T22:35:44.018180+00:00"
"3","Legal Business Partner","Moderna","","","","","","onsite","","","","https://modernatx.wd1.myworkdayjobs.com/M_tx/job/Warsaw---Poland/Legal-Business-Partner_R18699-1","https://modernatx.wd1.myworkdayjobs.com/M_tx/job/Warsaw---Poland/Legal-Business-Partner_R18699-1","Requirements Gathering, Change Management, Legal Technology
Deterministic profile match: 3 profile skills mentioned; title alignment 0.0/3.0; domain signals 3. Title relevance penalty 1.0 applied.","","","","2026-05-14T22:35:44.018180+00:00"
"3","Solutions Architect, Networking Ethernet","NVIDIA","","","","","","remote","","","Australia, Remote","https://nvidia.wd5.myworkdayjobs.com/NVIDIAExternalCareerSite/job/Australia-Remote/Solutions-Architect--Networking-Ethernet_JR2015237","https://nvidia.wd5.myworkdayjobs.com/NVIDIAExternalCareerSite/job/Australia-Remote/Solutions-Architect--Networking-Ethernet_JR2015237","Python, System Monitoring, Data Pipelines, AWS
Deterministic profile match: 4 profile skills mentioned; title alignment 0.0/3.0; domain signals 4. Title relevance penalty 1.0 applied.","","","","2026-05-14T22:32:17.257383+00:00"
"3","Senior Solutions Architect Networking Ethernet - NVIS","NVIDIA","","","","","","hybrid","Australia, Remote","","Australia, Remote","https://nvidia.wd5.myworkdayjobs.com/NVIDIAExternalCareerSite/job/Australia-Remote/Senior-Solutions-Architect-Networking-Ethernet---NVIS_JR2014366","https://nvidia.wd5.myworkdayjobs.com/NVIDIAExternalCareerSite/job/Australia-Remote/Senior-Solutions-Architect-Networking-Ethernet---NVIS_JR2014366","Python, System Monitoring, Data Pipelines, AWS
Deterministic profile match: 4 profile skills mentioned; title alignment 0.0/3.0; domain signals 4. Title relevance penalty 1.0 applied.","","","","2026-05-14T22:32:17.257383+00:00"
"3","Team Lead, Quality Control, Raw Materials & Environmental Monitoring","Moderna","","","","","","remote","","","","https://modernatx.wd1.myworkdayjobs.com/M_tx/job/Melbourne---Australia/Team-Lead--Quality-Control--Raw-Materials---Environmental-Monitoring_R19120","https://modernatx.wd1.myworkdayjobs.com/M_tx/job/Melbourne---Australia/Team-Lead--Quality-Control--Raw-Materials---Environmental-Monitoring_R19120","Stakeholder Management, Change Management, Scheduling Management, SOPs, Legal Technology
Deterministic profile match: 5 profile skills mentioned; title alignment 0.0/3.0; domain signals 3. Title relevance penalty 1.0 applied.","","","","2026-05-14T22:26:35.890133+00:00"
"3","Tax Operations Support","Moderna","","","","","","onsite","","","","https://modernatx.wd1.myworkdayjobs.com/M_tx/job/Warsaw---Poland/Tax-Operations-Support_R19056-1","https://modernatx.wd1.myworkdayjobs.com/M_tx/job/Warsaw---Poland/Tax-Operations-Support_R19056-1","Stakeholder Management, Change Management, Legal Technology
Deterministic profile match: 3 profile skills mentioned; title alignment 0.0/3.0; domain signals 5. Title relevance penalty 1.0 applied.","","","","2026-05-14T22:26:35.890133+00:00"
"3","(Fixed Term) Analyst, Quality Control, Chemistry & Stability","Moderna","","","","","","onsite","","","","https://modernatx.wd1.myworkdayjobs.com/M_tx/job/Oxford---England/XMLNAME--Fixed-Term--Analyst--Quality-Control--Chemistry---Stability_R19085-1","https://modernatx.wd1.myworkdayjobs.com/M_tx/job/Oxford---England/XMLNAME--Fixed-Term--Analyst--Quality-Control--Chemistry---Stability_R19085-1","SAFe, Program Management, Change Management, SOPs, Legal Technology
Deterministic profile match: 5 profile skills mentioned; title alignment 0.0/3.0; domain signals 3. Title relevance penalty 1.0 applied.","","","","2026-05-14T22:26:35.890133+00:00"
"3","FP&A Principal Analyst, Drug Substance Finance","Moderna","","","","","","onsite","","","","https://modernatx.wd1.myworkdayjobs.com/M_tx/job/Warsaw---Poland/FP-A-Principal-Analyst--Drug-Substance-Finance_R18707-1","https://modernatx.wd1.myworkdayjobs.com/M_tx/job/Warsaw---Poland/FP-A-Principal-Analyst--Drug-Substance-Finance_R18707-1","Program Management, Presentation Skills, Change Management, ERP, Legal Technology
Deterministic profile match: 5 profile skills mentioned; title alignment 0.0/3.0; domain signals 3. Title relevance penalty 1.0 applied.","","","","2026-05-14T22:26:35.890133+00:00"
"3","Senior Analyst, Global Commercial Finance","Moderna","","","","","","onsite","","","","https://modernatx.wd1.myworkdayjobs.com/M_tx/job/Warsaw---Poland/Senior-Analyst--Global-Commercial-Finance_R19142","https://modernatx.wd1.myworkdayjobs.com/M_tx/job/Warsaw---Poland/Senior-Analyst--Global-Commercial-Finance_R19142","ERP, Legal Technology
Deterministic profile match: 2 profile skills mentioned; title alignment 0.0/3.0; domain signals 4. Title relevance penalty 1.0 applied.","","","","2026-05-14T22:26:35.890133+00:00"
"3","Analyst, US Commercial Contract Operations","Moderna","","","","","","onsite","","","","https://modernatx.wd1.myworkdayjobs.com/M_tx/job/Warsaw---Poland/Analyst--US-Commercial-Contract-Operations_R18902","https://modernatx.wd1.myworkdayjobs.com/M_tx/job/Warsaw---Poland/Analyst--US-Commercial-Contract-Operations_R18902","Presentation Skills, Customer Success, Change Management, Database Access Governance, Legal Technology
Deterministic profile match: 5 profile skills mentioned; title alignment 0.0/3.0; domain signals 2. Title relevance penalty 1.0 applied.","","","","2026-05-14T22:26:35.890133+00:00"
"3","National Market Access Lead (m/w/d)","Moderna","","","","","","onsite","","","","https://modernatx.wd1.myworkdayjobs.com/M_tx/job/Munich---Germany/National-Market-Access-Lead--m-w-d-_R18556-1","https://modernatx.wd1.myworkdayjobs.com/M_tx/job/Munich---Germany/National-Market-Access-Lead--m-w-d-_R18556-1","Stakeholder Management, Change Management, Legal Technology
Deterministic profile match: 3 profile skills mentioned; title alignment 0.0/3.0; domain signals 5. Title relevance penalty 1.0 applied.","","","","2026-05-14T22:26:35.890133+00:00"
"3","Account Manager","Adobe","","","","","","remote","","","Remote India","https://adobe.wd5.myworkdayjobs.com/external_experienced/job/Remote-India/Account-Manager_R168587","https://adobe.wd5.myworkdayjobs.com/external_experienced/job/Remote-India/Account-Manager_R168587","Presentation Skills, Deployment Workflows
Deterministic profile match: 2 profile skills mentioned; title alignment 0.0/3.0; domain signals 4. Title relevance penalty 1.0 applied.","","","","2026-05-14T22:21:34.326711+00:00"
"3","Account Manager","Adobe","","","","","","remote","","","Remote India","https://adobe.wd5.myworkdayjobs.com/external_experienced/job/Remote-India/Account-Manager_R168119","https://adobe.wd5.myworkdayjobs.com/external_experienced/job/Remote-India/Account-Manager_R168119","Presentation Skills, Deployment Workflows
Deterministic profile match: 2 profile skills mentioned; title alignment 0.0/3.0; domain signals 4. Title relevance penalty 1.0 applied.","","","","2026-05-14T22:21:34.326711+00:00"
"3","Customer Success Account Manager","Adobe","","","","","","remote","","","Remote India","https://adobe.wd5.myworkdayjobs.com/external_experienced/job/Remote-India/Customer-Success-Account-Manager---Digital-Sales-ICX_R160747","https://adobe.wd5.myworkdayjobs.com/external_experienced/job/Remote-India/Customer-Success-Account-Manager---Digital-Sales-ICX_R160747","Presentation Skills, Customer Success, Deployment Workflows
Deterministic profile match: 3 profile skills mentioned; title alignment 0.0/3.0; domain signals 3. Title relevance penalty 1.0 applied.","","","","2026-05-14T22:21:34.326711+00:00"
"3","Customer Success Account Manager","Adobe","","","","","","remote","","","Remote India","https://adobe.wd5.myworkdayjobs.com/external_experienced/job/Remote-India/Customer-Success-Account-Manager_R144410","https://adobe.wd5.myworkdayjobs.com/external_experienced/job/Remote-India/Customer-Success-Account-Manager_R144410","Presentation Skills, Customer Success, Deployment Workflows
Deterministic profile match: 3 profile skills mentioned; title alignment 0.0/3.0; domain signals 4. Title relevance penalty 1.0 applied.","","","","2026-05-14T22:21:34.326711+00:00"
"3","Enterprise Named Account Manager","Adobe","","","","","","remote","","","Remote Utah","https://adobe.wd5.myworkdayjobs.com/external_experienced/job/Remote-Utah/Enterprise-Named-Account-Manager_R166961","https://adobe.wd5.myworkdayjobs.com/external_experienced/job/Remote-Utah/Enterprise-Named-Account-Manager_R166961","Presentation Skills, Legal Technology
Deterministic profile match: 2 profile skills mentioned; title alignment 0.0/3.0; domain signals 5. Title relevance penalty 1.0 applied.","","","","2026-05-14T22:21:34.326711+00:00"
"3","Senior Mass Production Infrastructure Manufacture Engineer","NVIDIA","","","","","","remote","","","Vietnam, Remote","https://nvidia.wd5.myworkdayjobs.com/NVIDIAExternalCareerSite/job/Vietnam-Remote/Senior-Mass-Production-Infrastructure-Manufacture-Engineer_JR2016305","https://nvidia.wd5.myworkdayjobs.com/NVIDIAExternalCareerSite/job/Vietnam-Remote/Senior-Mass-Production-Infrastructure-Manufacture-Engineer_JR2016305","A/B Testing, Risk Management
Deterministic profile match: 2 profile skills mentioned; title alignment 0.0/3.0; domain signals 3.","","","","2026-05-14T22:20:37.331030+00:00"
"3","Senior Mass Production Infrastructure Manufacture Engineer","NVIDIA","","","","","","remote","","","Vietnam, Remote","https://nvidia.wd5.myworkdayjobs.com/NVIDIAExternalCareerSite/job/Vietnam-Remote/Senior-Mass-Production-Infrastructure-Manufacture-Engineer_JR2017155","https://nvidia.wd5.myworkdayjobs.com/NVIDIAExternalCareerSite/job/Vietnam-Remote/Senior-Mass-Production-Infrastructure-Manufacture-Engineer_JR2017155","A/B Testing, Risk Management
Deterministic profile match: 2 profile skills mentioned; title alignment 0.0/3.0; domain signals 3.","","","","2026-05-14T22:20:37.331030+00:00"
"3","Senior Solution Architect, AI Compute Engineer - NVIS","NVIDIA","","","","","","remote","","","Australia, Remote","https://nvidia.wd5.myworkdayjobs.com/NVIDIAExternalCareerSite/job/Australia-Remote/Senior-Solution-Architect--AI-Compute-Engineer---NVIS_JR2014367","https://nvidia.wd5.myworkdayjobs.com/NVIDIAExternalCareerSite/job/Australia-Remote/Senior-Solution-Architect--AI-Compute-Engineer---NVIS_JR2014367","Scheduling Management, Resource Planning, AI/ML, System Monitoring
Deterministic profile match: 4 profile skills mentioned; title alignment 0.0/3.0; domain signals 4. Title relevance penalty 1.0 applied.","","","","2026-05-14T22:20:37.331030+00:00"
"3","Managing Consultant, Advisors & Consulting Services, Strategy & Transformation","Mastercard","","","","","","unknown","","","","https://mastercard.wd1.myworkdayjobs.com/CorporateCareers/job/Managing-Consultant--Advisors---Consulting-Services--Strategy---Transformation_R-271207","https://mastercard.wd1.myworkdayjobs.com/CorporateCareers/job/Managing-Consultant--Advisors---Consulting-Services--Strategy---Transformation_R-271207","SAFe, Stakeholder Management, Change Management, Risk Management
Deterministic profile match: 4 profile skills mentioned; title alignment 0.0/3.0; domain signals 3. Title relevance penalty 1.0 applied.","","","","2026-05-14T22:18:08.588067+00:00"
"3","Consultant Relations, Central","Manulife","","","","","","hybrid","USA, Illinois - Full Time Remote","","USA, Illinois - Full Time Remote","https://manulife.wd3.myworkdayjobs.com/MFCJH_Jobs/job/USA-Illinois---Full-Time-Remote/Consultant-Relations--Central_JR26040724","https://manulife.wd3.myworkdayjobs.com/MFCJH_Jobs/job/USA-Illinois---Full-Time-Remote/Consultant-Relations--Central_JR26040724","Hybrid Project Management, Program Management, Presentation Skills, Risk Management
Deterministic profile match: 4 profile skills mentioned; title alignment 0.0/3.0; domain signals 2. Title relevance penalty 1.0 applied.","","","","2026-05-14T22:17:10.020978+00:00"
"3","LTSA Service Manager","Canadian Solar","","","","","","remote","","","United Kingdom - Remote","https://canadiansolar.wd5.myworkdayjobs.com/CanadianSolar/job/United-Kingdom---Remote/LTSA-Service-Manager_10000916","https://canadiansolar.wd5.myworkdayjobs.com/CanadianSolar/job/United-Kingdom---Remote/LTSA-Service-Manager_10000916","Postmortems, Risk Management
Deterministic profile match: 2 profile skills mentioned; title alignment 0.0/3.0; domain signals 4. Title relevance penalty 1.0 applied.","","","","2026-05-14T22:13:28.680494+00:00"
"3","Logisitics and Warehouse & Warrenty Coordinator","Canadian Solar","","","","","","remote","","","Scotland, UK - Remote","https://canadiansolar.wd5.myworkdayjobs.com/CanadianSolar/job/Scotland-UK---Remote/Logisitics-and-Warehouse---Warrenty-Coordinator_10001006-1","https://canadiansolar.wd5.myworkdayjobs.com/CanadianSolar/job/Scotland-UK---Remote/Logisitics-and-Warehouse---Warrenty-Coordinator_10001006-1","Technical Documentation, ERP, SOPs, Microsoft Planner
Deterministic profile match: 4 profile skills mentioned; title alignment 0.0/3.0; domain signals 2. Title relevance penalty 1.0 applied.","","","","2026-05-14T22:13:28.680494+00:00"
"3","Technician IV, Electrical","Moderna","","","","","","remote","","","","https://modernatx.wd1.myworkdayjobs.com/M_tx/job/Norwood-Massachusetts/Technician-IV--Electrical_R18841-1","https://modernatx.wd1.myworkdayjobs.com/M_tx/job/Norwood-Massachusetts/Technician-IV--Electrical_R18841-1","Root Cause Analysis, Technical Documentation, Legal Technology
Deterministic profile match: 3 profile skills mentioned; title alignment 0.0/3.0; domain signals 3. Title relevance penalty 1.0 applied.","","","","2026-05-14T22:12:00.818278+00:00"
"3","Principal Engineer, HVAC, Mechanical, and Sustainability","Moderna","","","","","","remote","","","","https://modernatx.wd1.myworkdayjobs.com/M_tx/job/Norwood-Massachusetts/Principal-Engineer--HVAC--Mechanical--and-Sustainability_R18856-1","https://modernatx.wd1.myworkdayjobs.com/M_tx/job/Norwood-Massachusetts/Principal-Engineer--HVAC--Mechanical--and-Sustainability_R18856-1","Technical Documentation, Change Management, Legal Technology
Deterministic profile match: 3 profile skills mentioned; title alignment 0.0/3.0; domain signals 4. Title relevance penalty 1.0 applied.","","","","2026-05-14T22:12:00.818278+00:00"
"3","Engineer III, Electrical","Moderna","","","","","","remote","","","","https://modernatx.wd1.myworkdayjobs.com/M_tx/job/Norwood-Massachusetts/Engineer-III--Electrical_R18844-1","https://modernatx.wd1.myworkdayjobs.com/M_tx/job/Norwood-Massachusetts/Engineer-III--Electrical_R18844-1","SAFe, Root Cause Analysis, Legal Technology
Deterministic profile match: 3 profile skills mentioned; title alignment 0.0/3.0; domain signals 3. Title relevance penalty 1.0 applied.","","","","2026-05-14T22:12:00.818278+00:00"
"3","Senior Manager, MSAT","Moderna","","","","","","onsite","","","","https://modernatx.wd1.myworkdayjobs.com/M_tx/job/Norwood-Massachusetts/Senior-Manager--MSAT_R18612-1","https://modernatx.wd1.myworkdayjobs.com/M_tx/job/Norwood-Massachusetts/Senior-Manager--MSAT_R18612-1","Root Cause Analysis, Technical Documentation, Legal Technology
Deterministic profile match: 3 profile skills mentioned; title alignment 0.0/3.0; domain signals 4. Title relevance penalty 1.0 applied.","","","","2026-05-14T22:12:00.818278+00:00"
"3","Submission Manager, Regulatory Operations","Moderna","","","","","","onsite","","","","https://modernatx.wd1.myworkdayjobs.com/M_tx/job/Warsaw---Poland/Submission-Manager--Regulatory-Operations_R19104-1","https://modernatx.wd1.myworkdayjobs.com/M_tx/job/Warsaw---Poland/Submission-Manager--Regulatory-Operations_R19104-1","Change Management, Legal Technology
Deterministic profile match: 2 profile skills mentioned; title alignment 0.0/3.0; domain signals 5. Title relevance penalty 1.0 applied.","","","","2026-05-14T22:12:00.818278+00:00"
"3","Technician II, Process Maintenance","Moderna","","","","","","remote","","","","https://modernatx.wd1.myworkdayjobs.com/M_tx/job/Norwood-Massachusetts/Technician-II--Process-Maintenance_R18652-1","https://modernatx.wd1.myworkdayjobs.com/M_tx/job/Norwood-Massachusetts/Technician-II--Process-Maintenance_R18652-1","SAFe, Technical Documentation, Change Management, Legal Technology
Deterministic profile match: 4 profile skills mentioned; title alignment 0.0/3.0; domain signals 4. Title relevance penalty 1.0 applied.","","","","2026-05-14T22:12:00.818278+00:00"
"3","Technician II, Utilities Maintenance","Moderna","","","","","","remote","","","","https://modernatx.wd1.myworkdayjobs.com/M_tx/job/Norwood-Massachusetts/Technician-II--Utilities-Maintenance_R18846-1","https://modernatx.wd1.myworkdayjobs.com/M_tx/job/Norwood-Massachusetts/Technician-II--Utilities-Maintenance_R18846-1","Technical Documentation, Change Management, Scheduling Management, Legal Technology
Deterministic profile match: 4 profile skills mentioned; title alignment 0.0/3.0; domain signals 3. Title relevance penalty 1.0 applied.","","","","2026-05-14T22:12:00.818278+00:00"
"3","Technician II, Utilities Maintenance","Moderna","","","","","","remote","","","","https://modernatx.wd1.myworkdayjobs.com/M_tx/job/Norwood-Massachusetts/Technician-II--Utilities-Maintenance_R18848","https://modernatx.wd1.myworkdayjobs.com/M_tx/job/Norwood-Massachusetts/Technician-II--Utilities-Maintenance_R18848","Technical Documentation, Change Management, Scheduling Management, Legal Technology
Deterministic profile match: 4 profile skills mentioned; title alignment 0.0/3.0; domain signals 3. Title relevance penalty 1.0 applied.","","","","2026-05-14T22:12:00.818278+00:00"
"3","Process Technician, Mechanical","Moderna","","","","","","remote","","","","https://modernatx.wd1.myworkdayjobs.com/M_tx/job/Melbourne---Australia/Process-Technician--Mechanical_R17945","https://modernatx.wd1.myworkdayjobs.com/M_tx/job/Melbourne---Australia/Process-Technician--Mechanical_R17945","Technical Documentation, Customer Success, Deployment Workflows, Legal Technology
Deterministic profile match: 4 profile skills mentioned; title alignment 0.0/3.0; domain signals 3. Title relevance penalty 1.0 applied.","","","","2026-05-14T22:12:00.818278+00:00"
"3","Technician III, Process Maintenance","Moderna","","","","","","remote","","","","https://modernatx.wd1.myworkdayjobs.com/M_tx/job/Norwood-Massachusetts/Technician-III--Process-Maintenance_R18649-1","https://modernatx.wd1.myworkdayjobs.com/M_tx/job/Norwood-Massachusetts/Technician-III--Process-Maintenance_R18649-1","Technical Documentation, Change Management, Scheduling Management, Legal Technology
Deterministic profile match: 4 profile skills mentioned; title alignment 0.0/3.0; domain signals 3. Title relevance penalty 1.0 applied.","","","","2026-05-14T22:12:00.818278+00:00"
"3","Technician III, Process Maintenance","Moderna","","","","","","remote","","","","https://modernatx.wd1.myworkdayjobs.com/M_tx/job/Norwood-Massachusetts/Technician-III--Process-Maintenance_R18651","https://modernatx.wd1.myworkdayjobs.com/M_tx/job/Norwood-Massachusetts/Technician-III--Process-Maintenance_R18651","Technical Documentation, Change Management, Scheduling Management, Legal Technology
Deterministic profile match: 4 profile skills mentioned; title alignment 0.0/3.0; domain signals 3. Title relevance penalty 1.0 applied.","","","","2026-05-14T22:12:00.818278+00:00"
"3","Technician III, Process/Utility Maintenance","Moderna","","","","","","remote","","","","https://modernatx.wd1.myworkdayjobs.com/M_tx/job/Marlborough-Massachusetts/Technician-III--Process-Utility-Maintenance_R19008-1","https://modernatx.wd1.myworkdayjobs.com/M_tx/job/Marlborough-Massachusetts/Technician-III--Process-Utility-Maintenance_R19008-1","Technical Documentation, Change Management, Legal Technology
Deterministic profile match: 3 profile skills mentioned; title alignment 0.0/3.0; domain signals 4. Title relevance penalty 1.0 applied.","","","","2026-05-14T22:12:00.818278+00:00"
"3","Senior Manager, Analytical Science & Technology (AS&T)","Moderna","","","","","","remote","","","","https://modernatx.wd1.myworkdayjobs.com/M_tx/job/MTC-East---Norwood---USA---MA/Senior-Manager--Analytical-Science---Technology--AS-T-_R18346","https://modernatx.wd1.myworkdayjobs.com/M_tx/job/MTC-East---Norwood---USA---MA/Senior-Manager--Analytical-Science---Technology--AS-T-_R18346","Program Management, Technical Documentation, Change Management, Legal Technology
Deterministic profile match: 4 profile skills mentioned; title alignment 0.0/3.0; domain signals 4. Title relevance penalty 1.0 applied.","","","","2026-05-14T22:12:00.818278+00:00"
"3","Scientist, Analytical Development","Moderna","","","","","","remote","","","","https://modernatx.wd1.myworkdayjobs.com/M_tx/job/Norwood-Massachusetts/Scientist--Analytical-Development_R19027-1","https://modernatx.wd1.myworkdayjobs.com/M_tx/job/Norwood-Massachusetts/Scientist--Analytical-Development_R19027-1","Root Cause Analysis, Legal Technology
Deterministic profile match: 2 profile skills mentioned; title alignment 0.0/3.0; domain signals 5. Title relevance penalty 1.0 applied.","","","","2026-05-14T22:12:00.818278+00:00"
"3","2026 Co-Op, Mass Spec","Moderna","","","","","","onsite","","","","https://modernatx.wd1.myworkdayjobs.com/M_tx/job/Norwood-Massachusetts/XMLNAME-2026-Co-Op--Mass-Spec_R18900","https://modernatx.wd1.myworkdayjobs.com/M_tx/job/Norwood-Massachusetts/XMLNAME-2026-Co-Op--Mass-Spec_R18900","Program Management, Change Management, Risk Management, Legal Technology
Deterministic profile match: 4 profile skills mentioned; title alignment 0.0/3.0; domain signals 4. Title relevance penalty 1.0 applied.","","","","2026-05-14T22:12:00.818278+00:00"
"3","Principal Research Associate, Analytical Development","Moderna","","","","","","remote","","","","https://modernatx.wd1.myworkdayjobs.com/M_tx/job/Norwood-Massachusetts/Principal-Research-Associate--Analytical-Development_R19026-1","https://modernatx.wd1.myworkdayjobs.com/M_tx/job/Norwood-Massachusetts/Principal-Research-Associate--Analytical-Development_R19026-1","Technical Documentation, Change Management, Legal Technology
Deterministic profile match: 3 profile skills mentioned; title alignment 0.0/3.0; domain signals 5. Title relevance penalty 1.0 applied.","","","","2026-05-14T22:12:00.818278+00:00"
"3","Sr. Research Associate, Analytical Development","Moderna","","","","","","remote","","","","https://modernatx.wd1.myworkdayjobs.com/M_tx/job/Norwood-Massachusetts/Sr-Research-Associate--Analytical-Development_R19025","https://modernatx.wd1.myworkdayjobs.com/M_tx/job/Norwood-Massachusetts/Sr-Research-Associate--Analytical-Development_R19025","Technical Documentation, Change Management, Legal Technology
Deterministic profile match: 3 profile skills mentioned; title alignment 0.0/3.0; domain signals 4. Title relevance penalty 1.0 applied.","","","","2026-05-14T22:12:00.818278+00:00"
"3","Senior Director, Clinical Development, Oncology","Moderna","","","","","","onsite","","","","https://modernatx.wd1.myworkdayjobs.com/M_tx/job/Cambridge-Massachusetts/Senior-Director--Clinical-Development--Oncology_R18582-2","https://modernatx.wd1.myworkdayjobs.com/M_tx/job/Cambridge-Massachusetts/Senior-Director--Clinical-Development--Oncology_R18582-2","Stakeholder Management, Program Management, Change Management, Risk Management, Legal Technology
Deterministic profile match: 5 profile skills mentioned; title alignment 0.0/3.0; domain signals 6. Title relevance penalty 2.5 applied.","","","","2026-05-14T22:12:00.818278+00:00"
"3","Associate Director, Resilience Strategic Partnerships ? UK","Moderna","","","","","","onsite","","","","https://modernatx.wd1.myworkdayjobs.com/M_tx/job/London---England/Associate-Director--Resilience-Strategic-Partnerships---UK_R19054-1","https://modernatx.wd1.myworkdayjobs.com/M_tx/job/London---England/Associate-Director--Resilience-Strategic-Partnerships---UK_R19054-1","Program Management, Technical Documentation, Customer Success, Change Management, Resource Planning, Risk Management, Legal Technology
Deterministic profile match: 7 profile skills mentioned; title alignment 0.0/3.0; domain signals 5. Title relevance penalty 2.5 applied.","","","","2026-05-14T22:12:00.818278+00:00"
"3","(Fixed Term) Manufacturing Associate I","Moderna","","","","","","remote","","","","https://modernatx.wd1.myworkdayjobs.com/M_tx/job/Oxford---England/XMLNAME--Fixed-Term--Manufacturing-Associate-I_R19114","https://modernatx.wd1.myworkdayjobs.com/M_tx/job/Oxford---England/XMLNAME--Fixed-Term--Manufacturing-Associate-I_R19114","SAFe, Root Cause Analysis, Technical Documentation, Change Management, Legal Technology
Deterministic profile match: 5 profile skills mentioned; title alignment 0.0/3.0; domain signals 3. Title relevance penalty 1.0 applied.","","","","2026-05-14T22:12:00.818278+00:00"
"3","(Fixed-Term) Manufacturing Associate II - Shift Position","Moderna","","","","","","remote","","","","https://modernatx.wd1.myworkdayjobs.com/M_tx/job/Oxford---England/XMLNAME--Fixed-Term--Manufacturing-Associate---Shift-Position_R17721-1","https://modernatx.wd1.myworkdayjobs.com/M_tx/job/Oxford---England/XMLNAME--Fixed-Term--Manufacturing-Associate---Shift-Position_R17721-1","SAFe, Technical Documentation, Change Management, Legal Technology
Deterministic profile match: 4 profile skills mentioned; title alignment 0.0/3.0; domain signals 3. Title relevance penalty 1.0 applied.","","","","2026-05-14T22:12:00.818278+00:00"
"3","Market Access & Public Affairs Lead, Italy","Moderna","","","","","","remote","","","","https://modernatx.wd1.myworkdayjobs.com/M_tx/job/Remote---Italy/Market-Access---Public-Affairs-Lead--Italy_R18740-1","https://modernatx.wd1.myworkdayjobs.com/M_tx/job/Remote---Italy/Market-Access---Public-Affairs-Lead--Italy_R18740-1","Stakeholder Management, Change Management, Risk Management, Legal Technology
Deterministic profile match: 4 profile skills mentioned; title alignment 0.0/3.0; domain signals 4. Title relevance penalty 1.0 applied.","","","","2026-05-14T22:12:00.818278+00:00"
"3","Senior Specialist, Social Media PV CoE","Moderna","","","","","","onsite","","","","https://modernatx.wd1.myworkdayjobs.com/M_tx/job/Warsaw---Poland/Senior-Specialist--Social-Media-PV-CoE_R18605-1","https://modernatx.wd1.myworkdayjobs.com/M_tx/job/Warsaw---Poland/Senior-Specialist--Social-Media-PV-CoE_R18605-1","Technical Documentation, Change Management, Legal Technology
Deterministic profile match: 3 profile skills mentioned; title alignment 0.0/3.0; domain signals 4. Title relevance penalty 1.0 applied.","","","","2026-05-14T22:12:00.818278+00:00"
"3","Senior Control Systems Automation Engineer, Digital","Moderna","","","","","","onsite","","","","https://modernatx.wd1.myworkdayjobs.com/M_tx/job/Tokyo---Japan/Senior-Control-Systems-Automation-Engineer--Digital_R18636-1","https://modernatx.wd1.myworkdayjobs.com/M_tx/job/Tokyo---Japan/Senior-Control-Systems-Automation-Engineer--Digital_R18636-1","Legal Technology
Deterministic profile match: 1 profile skills mentioned; title alignment 0.0/3.0; domain signals 6. Title relevance penalty 1.0 applied.","","","","2026-05-14T22:12:00.818278+00:00"
"3","Customer Support Manager - North Carolina","Motorola Solutions","","","","","","remote","","","North Carolina Remote Work","https://motorolasolutions.wd5.myworkdayjobs.com/Careers/job/North-Carolina-Remote-Work/Customer-Support-Manager---North-Carolina_R64013","https://motorolasolutions.wd5.myworkdayjobs.com/Careers/job/North-Carolina-Remote-Work/Customer-Support-Manager---North-Carolina_R64013","Technical Documentation, Change Management, Legal Technology
Deterministic profile match: 3 profile skills mentioned; title alignment 0.0/3.0; domain signals 3. Title relevance penalty 1.0 applied.","","","","2026-05-14T22:09:56.379824+00:00"
"3","PremierOne Records Application Specialist - US Remote","Motorola Solutions","","","","","","hybrid","Illinois Remote Work, More...","","Illinois Remote Work, More...","https://motorolasolutions.wd5.myworkdayjobs.com/Careers/job/Illinois-Remote-Work/PremierOne-Records-Application-Specialist---US-Remote_R63087","https://motorolasolutions.wd5.myworkdayjobs.com/Careers/job/Illinois-Remote-Work/PremierOne-Records-Application-Specialist---US-Remote_R63087","Hybrid Project Management, Technical Documentation, Deployment Workflows
Deterministic profile match: 3 profile skills mentioned; title alignment 0.0/3.0; domain signals 3. Title relevance penalty 1.0 applied.","","","","2026-05-14T22:09:56.379824+00:00"
"3","On Demand SC","Adobe","","","","","","remote","","","Remote Missouri","https://adobe.wd5.myworkdayjobs.com/external_experienced/job/Remote-Missouri/On-Demand-SC_R167911","https://adobe.wd5.myworkdayjobs.com/external_experienced/job/Remote-Missouri/On-Demand-SC_R167911","Presentation Skills, Legal Technology
Deterministic profile match: 2 profile skills mentioned; title alignment 0.0/3.0; domain signals 5. Title relevance penalty 1.0 applied.","","","","2026-05-14T22:08:34.888181+00:00"
"3","Technical Training Lead, NVIS","NVIDIA","","","","","","remote","","","US, CA, Remote","https://nvidia.wd5.myworkdayjobs.com/NVIDIAExternalCareerSite/job/US-CA-Remote/Technical-Training-Lead--NVIS_JR2017676","https://nvidia.wd5.myworkdayjobs.com/NVIDIAExternalCareerSite/job/US-CA-Remote/Technical-Training-Lead--NVIS_JR2017676","Program Management, Technical Documentation, Presentation Skills, Change Management, Training Enablement
Deterministic profile match: 5 profile skills mentioned; title alignment 0.0/3.0; domain signals 3. Title relevance penalty 1.0 applied.","","","","2026-05-14T22:07:43.149559+00:00"
"3","Senior Network Solution Architect","NVIDIA","","","","","","remote","","","France, Remote","https://nvidia.wd5.myworkdayjobs.com/NVIDIAExternalCareerSite/job/France-Remote/Senior-Network-Solution-Architect_JR2014420","https://nvidia.wd5.myworkdayjobs.com/NVIDIAExternalCareerSite/job/France-Remote/Senior-Network-Solution-Architect_JR2014420","Presentation Skills, Roadmap Planning
Deterministic profile match: 2 profile skills mentioned; title alignment 0.0/3.0; domain signals 4. Title relevance penalty 1.0 applied.","","","","2026-05-14T22:07:43.149559+00:00"
"3","Solutions Architect - AI Development","NVIDIA","","","","","","remote","","","Singapore, Remote","https://nvidia.wd5.myworkdayjobs.com/NVIDIAExternalCareerSite/job/Singapore-Remote/Solutions-Architect---AI-Development_JR2016896","https://nvidia.wd5.myworkdayjobs.com/NVIDIAExternalCareerSite/job/Singapore-Remote/Solutions-Architect---AI-Development_JR2016896","Python, Mentoring, AI/ML
Deterministic profile match: 3 profile skills mentioned; title alignment 0.0/3.0; domain signals 4. Title relevance penalty 1.0 applied.","","","","2026-05-14T22:07:43.149559+00:00"
"3","Solutions Architect - AI Technology Centre","NVIDIA","","","","","","remote","","","Singapore, Remote","https://nvidia.wd5.myworkdayjobs.com/NVIDIAExternalCareerSite/job/Singapore-Remote/Solutions-Architect---AI-Technology-Centre_JR2017134","https://nvidia.wd5.myworkdayjobs.com/NVIDIAExternalCareerSite/job/Singapore-Remote/Solutions-Architect---AI-Technology-Centre_JR2017134","Python, Mentoring, AI/ML
Deterministic profile match: 3 profile skills mentioned; title alignment 0.0/3.0; domain signals 3. Title relevance penalty 1.0 applied.","","","","2026-05-14T22:07:43.149559+00:00"
"3","Technical Architect, Senior Director","Salesforce","","","","","","remote","","","California - Remote","https://salesforce.wd12.myworkdayjobs.com/External_Career_Site/job/California---Remote/Technical-Architect--Senior-Director_JR341846","https://salesforce.wd12.myworkdayjobs.com/External_Career_Site/job/California---Remote/Technical-Architect--Senior-Director_JR341846","Program Management, Presentation Skills, Mentoring, Customer Success, Risk Management, GitHub
Deterministic profile match: 6 profile skills mentioned; title alignment 0.0/3.0; domain signals 6. Title relevance penalty 2.5 applied.","","","","2026-05-14T22:07:01.612876+00:00"
"3","Presales Sr Solution Consultant - HCM Net New - Financial Services Industry","Workday","","","","","","remote","","","USA Remote","https://workday.wd5.myworkdayjobs.com/Workday/job/USA-Remote/Presales-Sr-Solution-Consultant---HCM-Net-New---Financial-Services-Industry_JR-0107037","https://workday.wd5.myworkdayjobs.com/Workday/job/USA-Remote/Presales-Sr-Solution-Consultant---HCM-Net-New---Financial-Services-Industry_JR-0107037","Change Management
Deterministic profile match: 1 profile skills mentioned; title alignment 0.0/3.0; domain signals 6. Title relevance penalty 1.0 applied.","","","","2026-05-14T22:06:53.275878+00:00"
"3","GTM AI Strategist for Adaptive Planning","Workday","","","","","","remote","","","USA, CA, Remote","https://workday.wd5.myworkdayjobs.com/Workday/job/USA-CA-Remote/GTM-AI-Strategist-for-Adaptive-Planning_JR-0106005-1","https://workday.wd5.myworkdayjobs.com/Workday/job/USA-CA-Remote/GTM-AI-Strategist-for-Adaptive-Planning_JR-0106005-1","Roadmap Planning, AI/ML
Deterministic profile match: 2 profile skills mentioned; title alignment 0.0/3.0; domain signals 6. Title relevance penalty 1.0 applied.","","","","2026-05-14T22:06:53.275878+00:00"
"3","Specialist - Partner Accelerator- EMEA","Ciena","","","","","","remote","","","Remote-Poland","https://ciena.wd5.myworkdayjobs.com/Careers/job/Remote-Poland/Partner-Accelerator--EMEA_R029624","https://ciena.wd5.myworkdayjobs.com/Careers/job/Remote-Poland/Partner-Accelerator--EMEA_R029624","Stakeholder Management, Program Management
Deterministic profile match: 2 profile skills mentioned; title alignment 0.0/3.0; domain signals 4. Title relevance penalty 1.0 applied.","","","","2026-05-14T22:06:26.829660+00:00"
"3","Manager, Learning & Talent Development","Canadian Solar","","","","","","remote","","","US - Remote","https://canadiansolar.wd5.myworkdayjobs.com/CanadianSolar/job/US---Remote/Manager--Learning---Talent-Development_10001153-1","https://canadiansolar.wd5.myworkdayjobs.com/CanadianSolar/job/US---Remote/Manager--Learning---Talent-Development_10001153-1","Software Project Management, Stakeholder Management, Program Management
Deterministic profile match: 3 profile skills mentioned; title alignment 0.0/3.0; domain signals 4. Title relevance penalty 1.0 applied.","","","","2026-05-14T22:03:23.687348+00:00"
"3","Proposal Writer","TELUS Health","","","","","","remote","","","APAC - Singapore - Remote","https://lifeworks.wd3.myworkdayjobs.com/External/job/APAC---Singapore---Remote/Proposal-Writer_R-22031","https://lifeworks.wd3.myworkdayjobs.com/External/job/APAC---Singapore---Remote/Proposal-Writer_R-22031","Software Project Management, Stakeholder Management, Legal Technology
Deterministic profile match: 3 profile skills mentioned; title alignment 0.0/3.0; domain signals 5. Title relevance penalty 1.0 applied.","","","","2026-05-14T22:02:55.884851+00:00"
"3","Associate Director, Logistics Operations INT & 3PL Management","Moderna","","","","","","onsite","","","","https://modernatx.wd1.myworkdayjobs.com/M_tx/job/Norwood-Massachusetts/Associate-Director--Logistics-Operations-INT---3PL-Management_R18951-1","https://modernatx.wd1.myworkdayjobs.com/M_tx/job/Norwood-Massachusetts/Associate-Director--Logistics-Operations-INT---3PL-Management_R18951-1","Change Management, ERP, AI/ML, System Monitoring, Legal Technology
Deterministic profile match: 5 profile skills mentioned; title alignment 0.0/3.0; domain signals 6. Title relevance penalty 2.5 applied.","","","","2026-05-14T22:02:20.415246+00:00"
"3","Sr. Bioinformatics Engineer II","Moderna","","","","","","onsite","","","","https://modernatx.wd1.myworkdayjobs.com/M_tx/job/Warsaw---Poland/Sr-Bioinformatics-Engineer-II_R19163-1","https://modernatx.wd1.myworkdayjobs.com/M_tx/job/Warsaw---Poland/Sr-Bioinformatics-Engineer-II_R19163-1","Python, Change Management, AWS, Legal Technology
Deterministic profile match: 4 profile skills mentioned; title alignment 0.0/3.0; domain signals 4. Title relevance penalty 1.0 applied.","","","","2026-05-14T22:02:20.415246+00:00"
"3","Sr. Litigation Paralegal","Moderna","","","","","","onsite","","","","https://modernatx.wd1.myworkdayjobs.com/M_tx/job/Cambridge-Massachusetts/Sr-Litigation-Paralegal_R19160","https://modernatx.wd1.myworkdayjobs.com/M_tx/job/Cambridge-Massachusetts/Sr-Litigation-Paralegal_R19160","Mentoring, Change Management, Legal Technology
Deterministic profile match: 3 profile skills mentioned; title alignment 0.0/3.0; domain signals 3. Title relevance penalty 1.0 applied.","","","","2026-05-14T22:02:20.415246+00:00"
"3","Scientist, Analytical Development","Moderna","","","","","","remote","","","","https://modernatx.wd1.myworkdayjobs.com/M_tx/job/Norwood-Massachusetts/Scientist--Analytical-Development_R19079-1","https://modernatx.wd1.myworkdayjobs.com/M_tx/job/Norwood-Massachusetts/Scientist--Analytical-Development_R19079-1","Technical Documentation, Legal Technology
Deterministic profile match: 2 profile skills mentioned; title alignment 0.0/3.0; domain signals 6. Title relevance penalty 1.0 applied.","","","","2026-05-14T22:02:20.415246+00:00"
"3","Director, Clinical Pharmacology","Moderna","","","","","","onsite","","","","https://modernatx.wd1.myworkdayjobs.com/M_tx/job/Cambridge-Massachusetts/Director--Clinical-Pharmacology_R18458-1","https://modernatx.wd1.myworkdayjobs.com/M_tx/job/Cambridge-Massachusetts/Director--Clinical-Pharmacology_R18458-1","Software Project Management, Program Management, Change Management, Risk Management, Legal Technology
Deterministic profile match: 5 profile skills mentioned; title alignment 0.0/3.0; domain signals 6. Title relevance penalty 2.5 applied.","","","","2026-05-14T22:02:20.415246+00:00"
"3","Lead Software Engineer AI - (Materia AI) (Evergreen)","Thomson Reuters","","","","","","hybrid","","","","https://thomsonreuters.wd5.myworkdayjobs.com/External_Career_Site/job/Mexico-Mexico-City/Lead-Software-Engineer-AI----Materia-AI---Evergreen-_JREQ199887","https://thomsonreuters.wd5.myworkdayjobs.com/External_Career_Site/job/Mexico-Mexico-City/Lead-Software-Engineer-AI----Materia-AI---Evergreen-_JREQ199887","Python, Experimentation Frameworks, Data Governance Frameworks, AI/ML, PostgreSQL, AWS, Legal Technology
Deterministic profile match: 7 profile skills mentioned; title alignment 0.0/3.0; domain signals 6. Title relevance penalty 2.5 applied.","","","","2026-05-14T22:01:57.065581+00:00"
"3","Trial Specialist","Thomson Reuters","","","","","","hybrid","","","","https://thomsonreuters.wd5.myworkdayjobs.com/External_Career_Site/job/United-Kingdom-London/Trial-Specialist_JREQ200654","https://thomsonreuters.wd5.myworkdayjobs.com/External_Career_Site/job/United-Kingdom-London/Trial-Specialist_JREQ200654","Presentation Skills, Customer Success, Legal Technology
Deterministic profile match: 3 profile skills mentioned; title alignment 0.0/3.0; domain signals 4. Title relevance penalty 1.0 applied.","","","","2026-05-14T22:01:57.065581+00:00"
"3","Sales Specialist","Thomson Reuters","","","","","","remote","","","","https://thomsonreuters.wd5.myworkdayjobs.com/External_Career_Site/job/United-Kingdom-London/Sales-Specialist_JREQ200747","https://thomsonreuters.wd5.myworkdayjobs.com/External_Career_Site/job/United-Kingdom-London/Sales-Specialist_JREQ200747","Go-to-market Strategy, Software Project Management, Program Management, Roadmap Planning, Customer Success, Training Enablement, Legal Technology
Deterministic profile match: 7 profile skills mentioned; title alignment 0.0/3.0; domain signals 4. Title relevance penalty 2.5 applied.","","","","2026-05-14T22:01:57.065581+00:00"
"3","Manager, Sales-Corporates, TX","Thomson Reuters","","","","","","unknown","","","","https://thomsonreuters.wd5.myworkdayjobs.com/External_Career_Site/job/United-States-of-America-Frisco-Texas/Manager--Sales_JREQ200419","https://thomsonreuters.wd5.myworkdayjobs.com/External_Career_Site/job/United-States-of-America-Frisco-Texas/Manager--Sales_JREQ200419","SAFe, Software Project Management, Program Management, Customer Success, Change Management, Risk Management, Legal Technology
Deterministic profile match: 7 profile skills mentioned; title alignment 0.0/3.0; domain signals 4. Title relevance penalty 2.5 applied.","","","","2026-05-14T22:01:57.065581+00:00"
"3","Manager, Sales - Corporates, IL","Thomson Reuters","","","","","","unknown","","","","https://thomsonreuters.wd5.myworkdayjobs.com/External_Career_Site/job/United-States-of-America-Chicago-Illinois/Manager--Sales_JREQ200418","https://thomsonreuters.wd5.myworkdayjobs.com/External_Career_Site/job/United-States-of-America-Chicago-Illinois/Manager--Sales_JREQ200418","SAFe, Software Project Management, Program Management, Customer Success, Change Management, Risk Management, Legal Technology
Deterministic profile match: 7 profile skills mentioned; title alignment 0.0/3.0; domain signals 4. Title relevance penalty 2.5 applied.","","","","2026-05-14T22:01:57.065581+00:00"
"3","Account Manager,  Legal - IL/MO","Thomson Reuters","","","","","","remote","","","","https://thomsonreuters.wd5.myworkdayjobs.com/External_Career_Site/job/United-States-of-America-Chicago-Illinois/Account-Manager---Legal---IL-MO_JREQ200489","https://thomsonreuters.wd5.myworkdayjobs.com/External_Career_Site/job/United-States-of-America-Chicago-Illinois/Account-Manager---Legal---IL-MO_JREQ200489","SAFe, Program Management, Legal Technology
Deterministic profile match: 3 profile skills mentioned; title alignment 0.0/3.0; domain signals 3. Title relevance penalty 1.0 applied.","","","","2026-05-14T22:01:57.065581+00:00"
"3","Sales Executive, Tax","Thomson Reuters","","","","","","hybrid","","","","https://thomsonreuters.wd5.myworkdayjobs.com/External_Career_Site/job/United-States-of-America-Ann-Arbor-Michigan/Sales-Executive--Tax_JREQ198440","https://thomsonreuters.wd5.myworkdayjobs.com/External_Career_Site/job/United-States-of-America-Ann-Arbor-Michigan/Sales-Executive--Tax_JREQ198440","SAFe, Program Management, Presentation Skills, Customer Success, Workflow Automation, Legal Technology
Deterministic profile match: 6 profile skills mentioned; title alignment 0.0/3.0; domain signals 5. Title relevance penalty 2.5 applied.","","","","2026-05-14T22:01:57.065581+00:00"
"3","Product Marketing Manager","Thomson Reuters","","","","","","hybrid","","","","https://thomsonreuters.wd5.myworkdayjobs.com/External_Career_Site/job/United-States-of-America-Eagan-Minnesota/Product-Marketing-Manager_JREQ200396","https://thomsonreuters.wd5.myworkdayjobs.com/External_Career_Site/job/United-States-of-America-Eagan-Minnesota/Product-Marketing-Manager_JREQ200396","SAFe, Program Management, Customer Success, Risk Management, Legal Technology
Deterministic profile match: 5 profile skills mentioned; title alignment 0.0/3.0; domain signals 3. Title relevance penalty 1.5 applied.","","","","2026-05-14T22:01:57.065581+00:00"
"3","Audit Consultant","Thomson Reuters","","","","","","remote","","","","https://thomsonreuters.wd5.myworkdayjobs.com/External_Career_Site/job/United-States-of-America-Ann-Arbor-Michigan/Audit-Consultant_JREQ200635-1","https://thomsonreuters.wd5.myworkdayjobs.com/External_Career_Site/job/United-States-of-America-Ann-Arbor-Michigan/Audit-Consultant_JREQ200635-1","SAFe, Presentation Skills, Legal Technology
Deterministic profile match: 3 profile skills mentioned; title alignment 0.0/3.0; domain signals 3. Title relevance penalty 1.0 applied.","","","","2026-05-14T22:01:57.065581+00:00"
"3","E-File Analyst - US Tax (Form 1040,1041,1120 & 1065)","Thomson Reuters","","","","","","hybrid","","","","https://thomsonreuters.wd5.myworkdayjobs.com/External_Career_Site/job/India-Hyderabad-Telangana/Associate-QA---E-File-Analyst---Tax-Forms_JREQ197388","https://thomsonreuters.wd5.myworkdayjobs.com/External_Career_Site/job/India-Hyderabad-Telangana/Associate-QA---E-File-Analyst---Tax-Forms_JREQ197388","Hybrid Project Management, Software Project Management, Legal Technology
Deterministic profile match: 3 profile skills mentioned; title alignment 0.0/3.0; domain signals 3. Title relevance penalty 1.0 applied.","","","","2026-05-14T22:01:57.065581+00:00"
"3","Asst. Manager - Operations (US Tax Returns)","Thomson Reuters","","","","","","hybrid","","","","https://thomsonreuters.wd5.myworkdayjobs.com/External_Career_Site/job/India-Hyderabad-Telangana/Asst-Manager---Operations--US-Tax-Returns-_JREQ199844","https://thomsonreuters.wd5.myworkdayjobs.com/External_Career_Site/job/India-Hyderabad-Telangana/Asst-Manager---Operations--US-Tax-Returns-_JREQ199844","Mentoring, Scheduling Management, Legal Technology
Deterministic profile match: 3 profile skills mentioned; title alignment 0.0/3.0; domain signals 4. Title relevance penalty 1.0 applied.","","","","2026-05-14T22:01:57.065581+00:00"
"3","Manager, AI and Innovation Communications","Thomson Reuters","","","","","","unknown","","","","https://thomsonreuters.wd5.myworkdayjobs.com/External_Career_Site/job/Brazil-So-Paulo-So-Paulo/Manager--AI-and-Innovation-Communications_JREQ200077","https://thomsonreuters.wd5.myworkdayjobs.com/External_Career_Site/job/Brazil-So-Paulo-So-Paulo/Manager--AI-and-Innovation-Communications_JREQ200077","Customer Success, Legal Technology
Deterministic profile match: 2 profile skills mentioned; title alignment 0.0/3.0; domain signals 5. Title relevance penalty 1.0 applied.","","","","2026-05-14T22:01:57.065581+00:00"
"3","Sales Manager, Partnerships/Alliances & New Sales ? Mid Law","Thomson Reuters","","","","","","unknown","","","","https://thomsonreuters.wd5.myworkdayjobs.com/External_Career_Site/job/United-States-of-America-New-York-New-York/Sales-Manager--Partnerships-Alliances---New-Sales---Mid-Law_JREQ199539","https://thomsonreuters.wd5.myworkdayjobs.com/External_Career_Site/job/United-States-of-America-New-York-New-York/Sales-Manager--Partnerships-Alliances---New-Sales---Mid-Law_JREQ199539","Go-to-market Strategy, SAFe, Stakeholder Management, Program Management, Customer Success, Legal Technology
Deterministic profile match: 6 profile skills mentioned; title alignment 0.0/3.0; domain signals 5. Title relevance penalty 2.5 applied.","","","","2026-05-14T22:01:57.065581+00:00"
"3","Portfolio Manager - Reuters Events","Thomson Reuters","","","","","","hybrid","","","","https://thomsonreuters.wd5.myworkdayjobs.com/External_Career_Site/job/United-Kingdom-London/Portfolio-Manager---Reuters-Events_JREQ199338","https://thomsonreuters.wd5.myworkdayjobs.com/External_Career_Site/job/United-Kingdom-London/Portfolio-Manager---Reuters-Events_JREQ199338","Hybrid Project Management, Software Project Management, Customer Success, Legal Technology
Deterministic profile match: 4 profile skills mentioned; title alignment 0.0/3.0; domain signals 3. Title relevance penalty 1.0 applied.","","","","2026-05-14T22:01:57.065581+00:00"
"3","Client Executive, SafeSend/SurePrep","Thomson Reuters","","","","","","hybrid","","","","https://thomsonreuters.wd5.myworkdayjobs.com/External_Career_Site/job/United-States-of-America-Ann-Arbor-Michigan/Client-Executive--SafeSend-SurePrep_JREQ200132-1","https://thomsonreuters.wd5.myworkdayjobs.com/External_Career_Site/job/United-States-of-America-Ann-Arbor-Michigan/Client-Executive--SafeSend-SurePrep_JREQ200132-1","SAFe, Program Management, Presentation Skills, Customer Success, Legal Technology
Deterministic profile match: 5 profile skills mentioned; title alignment 0.0/3.0; domain signals 3. Title relevance penalty 1.0 applied.","","","","2026-05-14T22:01:57.065581+00:00"
"3","Website & Landing Page Agent  (Fixed Term)","Thomson Reuters","","","","","","hybrid","","","","https://thomsonreuters.wd5.myworkdayjobs.com/External_Career_Site/job/Mexico-Mexico-City/Website---Landing-Page-Manager_JREQ199952","https://thomsonreuters.wd5.myworkdayjobs.com/External_Career_Site/job/Mexico-Mexico-City/Website---Landing-Page-Manager_JREQ199952","Stakeholder Management, Legal Technology, HubSpot
Deterministic profile match: 3 profile skills mentioned; title alignment 0.0/3.0; domain signals 3. Title relevance penalty 1.0 applied.","","","","2026-05-14T22:01:57.065581+00:00"
"3","Associate Manager, Consolidations","Thomson Reuters","","","","","","hybrid","","","","https://thomsonreuters.wd5.myworkdayjobs.com/External_Career_Site/job/Canada-Toronto-Ontario/Associate-Manager--Consolidations_JREQ200536","https://thomsonreuters.wd5.myworkdayjobs.com/External_Career_Site/job/Canada-Toronto-Ontario/Associate-Manager--Consolidations_JREQ200536","Legal Technology
Deterministic profile match: 1 profile skills mentioned; title alignment 0.0/3.0; domain signals 5. Title relevance penalty 1.0 applied.","","","","2026-05-14T22:01:57.065581+00:00"
"3","Senior Manager, US Federal Tax","Thomson Reuters","","","","","","hybrid","","","","https://thomsonreuters.wd5.myworkdayjobs.com/External_Career_Site/job/United-States-of-America-New-York-New-York/Senior-Manager--US-Federal-Tax_JREQ200412","https://thomsonreuters.wd5.myworkdayjobs.com/External_Career_Site/job/United-States-of-America-New-York-New-York/Senior-Manager--US-Federal-Tax_JREQ200412","SAFe, Program Management, Technical Documentation, Change Management, Legal Technology
Deterministic profile match: 5 profile skills mentioned; title alignment 0.0/3.0; domain signals 3. Title relevance penalty 1.0 applied.","","","","2026-05-14T22:01:57.065581+00:00"
"3","Manager, Media Relations, Legal","Thomson Reuters","","","","","","hybrid","","","","https://thomsonreuters.wd5.myworkdayjobs.com/External_Career_Site/job/United-States-of-America-Eagan-Minnesota/Manager--Media-Relations--Legal_JREQ199709","https://thomsonreuters.wd5.myworkdayjobs.com/External_Career_Site/job/United-States-of-America-Eagan-Minnesota/Manager--Media-Relations--Legal_JREQ199709","SAFe, Legal Technology
Deterministic profile match: 2 profile skills mentioned; title alignment 0.0/3.0; domain signals 5. Title relevance penalty 1.0 applied.","","","","2026-05-14T22:01:57.065581+00:00"
"3","Account Manager, Tax/Trade","Thomson Reuters","","","","","","remote","","","","https://thomsonreuters.wd5.myworkdayjobs.com/External_Career_Site/job/United-States-of-America-Frisco-Texas/Account-Manager--Tax-Trade_JREQ200521","https://thomsonreuters.wd5.myworkdayjobs.com/External_Career_Site/job/United-States-of-America-Frisco-Texas/Account-Manager--Tax-Trade_JREQ200521","SAFe, Program Management, Legal Technology
Deterministic profile match: 3 profile skills mentioned; title alignment 0.0/3.0; domain signals 4. Title relevance penalty 1.0 applied.","","","","2026-05-14T22:01:57.065581+00:00"
"3","Customer Success Manager, Open Coverage - Audit","Thomson Reuters","","","","","","hybrid","","","","https://thomsonreuters.wd5.myworkdayjobs.com/External_Career_Site/job/United-States-of-America-Eagan-Minnesota/Customer-Success-Manager--Open-Coverage---Audit_JREQ200282","https://thomsonreuters.wd5.myworkdayjobs.com/External_Career_Site/job/United-States-of-America-Eagan-Minnesota/Customer-Success-Manager--Open-Coverage---Audit_JREQ200282","SAFe, Program Management, Customer Success, Legal Technology
Deterministic profile match: 4 profile skills mentioned; title alignment 0.0/3.0; domain signals 3. Title relevance penalty 1.0 applied.","","","","2026-05-14T22:01:57.065581+00:00"
"3","Senior Business Development Manager","Thomson Reuters","","","","","","hybrid","","","","https://thomsonreuters.wd5.myworkdayjobs.com/External_Career_Site/job/Japan-Tokyo/Senior-Business-Development-Manager_JREQ199302-2","https://thomsonreuters.wd5.myworkdayjobs.com/External_Career_Site/job/Japan-Tokyo/Senior-Business-Development-Manager_JREQ199302-2","Presentation Skills, Requirements Gathering, Legal Technology
Deterministic profile match: 3 profile skills mentioned; title alignment 0.0/3.0; domain signals 3. Title relevance penalty 1.0 applied.","","","","2026-05-14T22:01:57.065581+00:00"
"3","Solutions Consultant, MLF","Thomson Reuters","","","","","","unknown","","","","https://thomsonreuters.wd5.myworkdayjobs.com/External_Career_Site/job/United-States-of-America-Eagan-Minnesota/Solutions-Consultant--MLF_JREQ200504","https://thomsonreuters.wd5.myworkdayjobs.com/External_Career_Site/job/United-States-of-America-Eagan-Minnesota/Solutions-Consultant--MLF_JREQ200504","SAFe, Software Project Management, Program Management, Legal Technology
Deterministic profile match: 4 profile skills mentioned; title alignment 0.0/3.0; domain signals 2. Title relevance penalty 1.0 applied.","","","","2026-05-14T22:01:57.065581+00:00"
"3","Manager, Contracts Administration & Compliance","Thomson Reuters","","","","","","hybrid","","","","https://thomsonreuters.wd5.myworkdayjobs.com/External_Career_Site/job/United-States-of-America-Eagan-Minnesota/Manager--Contracts-Administration---Compliance_JREQ200245","https://thomsonreuters.wd5.myworkdayjobs.com/External_Career_Site/job/United-States-of-America-Eagan-Minnesota/Manager--Contracts-Administration---Compliance_JREQ200245","SAFe, Program Management, Change Management, Risk Management, Legal Technology
Deterministic profile match: 5 profile skills mentioned; title alignment 0.0/3.0; domain signals 3. Title relevance penalty 1.0 applied.","","","","2026-05-14T22:01:57.065581+00:00"
"3","Tax Consultant","Thomson Reuters","","","","","","remote","","","","https://thomsonreuters.wd5.myworkdayjobs.com/External_Career_Site/job/United-States-of-America-Ann-Arbor-Michigan/Tax-Consultant_JREQ199740","https://thomsonreuters.wd5.myworkdayjobs.com/External_Career_Site/job/United-States-of-America-Ann-Arbor-Michigan/Tax-Consultant_JREQ199740","SAFe, Presentation Skills, Legal Technology
Deterministic profile match: 3 profile skills mentioned; title alignment 0.0/3.0; domain signals 3. Title relevance penalty 1.0 applied.","","","","2026-05-14T22:01:57.065581+00:00"
"3","Manager, Enterprise Account Management (DACH)","Thomson Reuters","","","","","","unknown","","","","https://thomsonreuters.wd5.myworkdayjobs.com/External_Career_Site/job/Germany-Langenfeld/Manager--Enterprise-Account-Management--DACH-_JREQ200133","https://thomsonreuters.wd5.myworkdayjobs.com/External_Career_Site/job/Germany-Langenfeld/Manager--Enterprise-Account-Management--DACH-_JREQ200133","Customer Success, Change Management, Legal Technology
Deterministic profile match: 3 profile skills mentioned; title alignment 0.0/3.0; domain signals 4. Title relevance penalty 1.0 applied.","","","","2026-05-14T22:01:57.065581+00:00"
"3","Product Marketing Manager","Thomson Reuters","","","","","","hybrid","","","","https://thomsonreuters.wd5.myworkdayjobs.com/External_Career_Site/job/United-States-of-America-Eagan-Minnesota/Product-Marketing-Manager_JREQ200219","https://thomsonreuters.wd5.myworkdayjobs.com/External_Career_Site/job/United-States-of-America-Eagan-Minnesota/Product-Marketing-Manager_JREQ200219","SAFe, Stakeholder Management, Program Management, Legal Technology
Deterministic profile match: 4 profile skills mentioned; title alignment 0.0/3.0; domain signals 6. Title relevance penalty 1.5 applied.","","","","2026-05-14T22:01:57.065581+00:00"
"3","Technical Lead - System Integrations","Thomson Reuters","","","","","","hybrid","","","","https://thomsonreuters.wd5.myworkdayjobs.com/External_Career_Site/job/India-Bengaluru-Karnataka/Technical-Lead---System-Integrations_JREQ200064","https://thomsonreuters.wd5.myworkdayjobs.com/External_Career_Site/job/India-Bengaluru-Karnataka/Technical-Lead---System-Integrations_JREQ200064","Data Governance Frameworks, Technical Documentation, Mentoring, Legal Technology
Deterministic profile match: 4 profile skills mentioned; title alignment 0.0/3.0; domain signals 4. Title relevance penalty 1.0 applied.","","","","2026-05-14T22:01:57.065581+00:00"
"3","Engagement Strategist","Thomson Reuters","","","","","","hybrid","","","","https://thomsonreuters.wd5.myworkdayjobs.com/External_Career_Site/job/Philippines-Manila/Engagement-Strategy-Specialist_JREQ199857","https://thomsonreuters.wd5.myworkdayjobs.com/External_Career_Site/job/Philippines-Manila/Engagement-Strategy-Specialist_JREQ199857","Stakeholder Management, Program Management, Legal Technology
Deterministic profile match: 3 profile skills mentioned; title alignment 0.0/3.0; domain signals 4. Title relevance penalty 1.0 applied.","","","","2026-05-14T22:01:57.065581+00:00"
"3","Business Development Manager ? Corporate Legal Solutions","Thomson Reuters","","","","","","hybrid","","","","https://thomsonreuters.wd5.myworkdayjobs.com/External_Career_Site/job/Australia-Pyrmont-New-South-Wales/Business-Development-Manager---Corporate-Legal-Solutions_JREQ198369","https://thomsonreuters.wd5.myworkdayjobs.com/External_Career_Site/job/Australia-Pyrmont-New-South-Wales/Business-Development-Manager---Corporate-Legal-Solutions_JREQ198369","Presentation Skills, Requirements Gathering, Customer Success, Risk Management, Legal Technology
Deterministic profile match: 5 profile skills mentioned; title alignment 0.0/3.0; domain signals 2. Title relevance penalty 1.0 applied.","","","","2026-05-14T22:01:57.065581+00:00"
"3","Senior Business Development Manager","Thomson Reuters","","","","","","hybrid","","","","https://thomsonreuters.wd5.myworkdayjobs.com/External_Career_Site/job/Japan-Tokyo/Senior-Business-Development-Manager--Legal-Software-_JREQ195817","https://thomsonreuters.wd5.myworkdayjobs.com/External_Career_Site/job/Japan-Tokyo/Senior-Business-Development-Manager--Legal-Software-_JREQ195817","Presentation Skills, Requirements Gathering, Customer Success, Legal Technology
Deterministic profile match: 4 profile skills mentioned; title alignment 0.0/3.0; domain signals 3. Title relevance penalty 1.0 applied.","","","","2026-05-14T22:01:57.065581+00:00"
"3","Lead Software Engineer AI - (Materia AI)","Thomson Reuters","","","","","","unknown","","","","https://thomsonreuters.wd5.myworkdayjobs.com/External_Career_Site/job/United-States-of-America-New-York-New-York/Lead-Software-Engineer-AI----Materia-AI-_JREQ197157-3","https://thomsonreuters.wd5.myworkdayjobs.com/External_Career_Site/job/United-States-of-America-New-York-New-York/Lead-Software-Engineer-AI----Materia-AI-_JREQ197157-3","Python, SAFe, AI/ML, PostgreSQL, AWS, Legal Technology
Deterministic profile match: 6 profile skills mentioned; title alignment 0.0/3.0; domain signals 6. Title relevance penalty 2.5 applied.","","","","2026-05-14T22:01:57.065581+00:00"
"3","Manager, Cases Editorial","Thomson Reuters","","","","","","hybrid","","","","https://thomsonreuters.wd5.myworkdayjobs.com/External_Career_Site/job/Philippines-Manila/Manager--Cases-Editorial_JREQ199391","https://thomsonreuters.wd5.myworkdayjobs.com/External_Career_Site/job/Philippines-Manila/Manager--Cases-Editorial_JREQ199391","OKRs, Change Management, Legal Technology
Deterministic profile match: 3 profile skills mentioned; title alignment 0.0/3.0; domain signals 4. Title relevance penalty 1.0 applied.","","","","2026-05-14T22:01:57.065581+00:00"
"3","Business Development Manager, Legal","Thomson Reuters","","","","","","hybrid","","","","https://thomsonreuters.wd5.myworkdayjobs.com/External_Career_Site/job/Hong-Kong-Hong-Kong/Business-Development-Manager--Legal_JREQ199941","https://thomsonreuters.wd5.myworkdayjobs.com/External_Career_Site/job/Hong-Kong-Hong-Kong/Business-Development-Manager--Legal_JREQ199941","Presentation Skills, Customer Success, Legal Technology
Deterministic profile match: 3 profile skills mentioned; title alignment 0.0/3.0; domain signals 3. Title relevance penalty 1.0 applied.","","","","2026-05-14T22:01:57.065581+00:00"
"3","Manager, Publishing Editorial","Thomson Reuters","","","","","","hybrid","","","","https://thomsonreuters.wd5.myworkdayjobs.com/External_Career_Site/job/Philippines-Manila/Manager--Publishing-Editorial_JREQ199393","https://thomsonreuters.wd5.myworkdayjobs.com/External_Career_Site/job/Philippines-Manila/Manager--Publishing-Editorial_JREQ199393","OKRs, Change Management, Legal Technology
Deterministic profile match: 3 profile skills mentioned; title alignment 0.0/3.0; domain signals 4. Title relevance penalty 1.0 applied.","","","","2026-05-14T22:01:57.065581+00:00"
"3","Business Operations Coordinator","Thomson Reuters","","","","","","unknown","","","","https://thomsonreuters.wd5.myworkdayjobs.com/External_Career_Site/job/Philippines-Manila/Business-Operations-Coordinator_JREQ199300","https://thomsonreuters.wd5.myworkdayjobs.com/External_Career_Site/job/Philippines-Manila/Business-Operations-Coordinator_JREQ199300","Software Project Management, Scheduling Management, Legal Technology
Deterministic profile match: 3 profile skills mentioned; title alignment 0.0/3.0; domain signals 4. Title relevance penalty 1.0 applied.","","","","2026-05-14T22:01:57.065581+00:00"
"3","Social Media Community and Content Manager - Legal","Thomson Reuters","","","","","","hybrid","","","","https://thomsonreuters.wd5.myworkdayjobs.com/External_Career_Site/job/United-States-of-America-Ann-Arbor-Michigan/Social-Media-Community-and-Content-Manager---Legal_JREQ199946","https://thomsonreuters.wd5.myworkdayjobs.com/External_Career_Site/job/United-States-of-America-Ann-Arbor-Michigan/Social-Media-Community-and-Content-Manager---Legal_JREQ199946","SAFe, Program Management, Legal Technology
Deterministic profile match: 3 profile skills mentioned; title alignment 0.0/3.0; domain signals 3. Title relevance penalty 1.0 applied.","","","","2026-05-14T22:01:57.065581+00:00"
"3","Sales Specialist","Thomson Reuters","","","","","","remote","","","","https://thomsonreuters.wd5.myworkdayjobs.com/External_Career_Site/job/United-States-of-America-Eagan-Minnesota/Product-Sales-Specialist_JREQ199612","https://thomsonreuters.wd5.myworkdayjobs.com/External_Career_Site/job/United-States-of-America-Eagan-Minnesota/Product-Sales-Specialist_JREQ199612","Go-to-market Strategy, SAFe, Software Project Management, Program Management, Roadmap Planning, Customer Success, Training Enablement, Legal Technology
Deterministic profile match: 8 profile skills mentioned; title alignment 0.0/3.0; domain signals 4. Title relevance penalty 2.5 applied.","","","","2026-05-14T22:01:57.065581+00:00"
"3","Manager, Legal Marketing Strategy","Thomson Reuters","","","","","","hybrid","","","","https://thomsonreuters.wd5.myworkdayjobs.com/External_Career_Site/job/United-Kingdom-London/Manager--Legal-Marketing-Strategy_JREQ199939","https://thomsonreuters.wd5.myworkdayjobs.com/External_Career_Site/job/United-Kingdom-London/Manager--Legal-Marketing-Strategy_JREQ199939","Stakeholder Management, Legal Technology
Deterministic profile match: 2 profile skills mentioned; title alignment 0.0/3.0; domain signals 4. Title relevance penalty 1.0 applied.","","","","2026-05-14T22:01:57.065581+00:00"
"3","Estimator","Thomson Reuters","","","","","","unknown","","","","https://thomsonreuters.wd5.myworkdayjobs.com/External_Career_Site/job/United-States-of-America-Eagan-Minnesota/Estimator_JREQ199210","https://thomsonreuters.wd5.myworkdayjobs.com/External_Career_Site/job/United-States-of-America-Eagan-Minnesota/Estimator_JREQ199210","SAFe, Program Management, ERP, Legal Technology
Deterministic profile match: 4 profile skills mentioned; title alignment 0.0/3.0; domain signals 3. Title relevance penalty 1.0 applied.","","","","2026-05-14T22:01:57.065581+00:00"
"3","Associate Customer Success Manager, Growth - Audit","Thomson Reuters","","","","","","unknown","","","","https://thomsonreuters.wd5.myworkdayjobs.com/External_Career_Site/job/United-States-of-America-Eagan-Minnesota/Associate-Customer-Success-Manager--Growth---Audit_JREQ199692","https://thomsonreuters.wd5.myworkdayjobs.com/External_Career_Site/job/United-States-of-America-Eagan-Minnesota/Associate-Customer-Success-Manager--Growth---Audit_JREQ199692","SAFe, Program Management, Customer Success, Legal Technology
Deterministic profile match: 4 profile skills mentioned; title alignment 0.0/3.0; domain signals 3. Title relevance penalty 1.0 applied.","","","","2026-05-14T22:01:57.065581+00:00"
"3","Sales Operations Manager, Commercial Print","Thomson Reuters","","","","","","hybrid","","","","https://thomsonreuters.wd5.myworkdayjobs.com/External_Career_Site/job/United-States-of-America-Eagan-Minnesota/Sales-Operations-Manager--Commercial-Print_JREQ197403","https://thomsonreuters.wd5.myworkdayjobs.com/External_Career_Site/job/United-States-of-America-Eagan-Minnesota/Sales-Operations-Manager--Commercial-Print_JREQ197403","SAFe, Program Management, Change Management, Training Enablement, Resource Planning, Power BI, Legal Technology
Deterministic profile match: 7 profile skills mentioned; title alignment 0.0/3.0; domain signals 3. Title relevance penalty 2.5 applied.","","","","2026-05-14T22:01:57.065581+00:00"
"3","Manager, Procurement","Thomson Reuters","","","","","","hybrid","","","","https://thomsonreuters.wd5.myworkdayjobs.com/External_Career_Site/job/Mexico-Mexico-City/Manager--Procurement_JREQ198306","https://thomsonreuters.wd5.myworkdayjobs.com/External_Career_Site/job/Mexico-Mexico-City/Manager--Procurement_JREQ198306","Program Management, Change Management, Risk Management, Legal Technology
Deterministic profile match: 4 profile skills mentioned; title alignment 0.0/3.0; domain signals 4. Title relevance penalty 1.0 applied.","","","","2026-05-14T22:01:57.065581+00:00"
"3","IT Sourcing Manager","Thomson Reuters","","","","","","hybrid","","","","https://thomsonreuters.wd5.myworkdayjobs.com/External_Career_Site/job/Mexico-Mexico-City/IT-Sourcing-Manager_JREQ197671","https://thomsonreuters.wd5.myworkdayjobs.com/External_Career_Site/job/Mexico-Mexico-City/IT-Sourcing-Manager_JREQ197671","Program Management, Change Management, Risk Management, Legal Technology
Deterministic profile match: 4 profile skills mentioned; title alignment 0.0/3.0; domain signals 4. Title relevance penalty 1.0 applied.","","","","2026-05-14T22:01:57.065581+00:00"
"3","Customer Success Manager","Thomson Reuters","","","","","","hybrid","","","","https://thomsonreuters.wd5.myworkdayjobs.com/External_Career_Site/job/Philippines-Manila/Customer-Success-Manager_JREQ196637","https://thomsonreuters.wd5.myworkdayjobs.com/External_Career_Site/job/Philippines-Manila/Customer-Success-Manager_JREQ196637","Customer Success, Legal Technology
Deterministic profile match: 2 profile skills mentioned; title alignment 0.0/3.0; domain signals 6. Title relevance penalty 1.0 applied.","","","","2026-05-14T22:01:57.065581+00:00"
"3","Senior Director, UX Design and Research","Thomson Reuters","","","","","","hybrid","","","","https://thomsonreuters.wd5.myworkdayjobs.com/External_Career_Site/job/United-States-of-America-Eagan-Minnesota/Senior-Director--UX-Design-and-Research_JREQ198032","https://thomsonreuters.wd5.myworkdayjobs.com/External_Career_Site/job/United-States-of-America-Eagan-Minnesota/Senior-Director--UX-Design-and-Research_JREQ198032","SAFe, Stakeholder Management, Program Management, Roadmap Planning, Resource Planning, Legal Technology
Deterministic profile match: 6 profile skills mentioned; title alignment 0.0/3.0; domain signals 5. Title relevance penalty 2.5 applied.","","","","2026-05-14T22:01:57.065581+00:00"
"3","Product Support Associate","Thomson Reuters","","","","","","hybrid","","","","https://thomsonreuters.wd5.myworkdayjobs.com/External_Career_Site/job/Poland-Gdansk/Product-Support-Associate_JREQ194805","https://thomsonreuters.wd5.myworkdayjobs.com/External_Career_Site/job/Poland-Gdansk/Product-Support-Associate_JREQ194805","Legal Technology
Deterministic profile match: 1 profile skills mentioned; title alignment 0.0/3.0; domain signals 4.","","","","2026-05-14T22:01:57.065581+00:00"
"3","Software Service Manager - US Remote","Motorola Solutions","","","","","","remote","","","Colorado Remote Work, More...","https://motorolasolutions.wd5.myworkdayjobs.com/Careers/job/Colorado-Remote-Work/Software-Service-Manager---US-Remote_R64147-1","https://motorolasolutions.wd5.myworkdayjobs.com/Careers/job/Colorado-Remote-Work/Software-Service-Manager---US-Remote_R64147-1","Customer Success, Change Management
Deterministic profile match: 2 profile skills mentioned; title alignment 0.0/3.0; domain signals 5. Title relevance penalty 1.0 applied.","","","","2026-05-14T21:59:19.671411+00:00"
"3","APX Next Customer Advocate Manager - US Remote","Motorola Solutions","","","","","","remote","","","Washington DC Remote Work, More...","https://motorolasolutions.wd5.myworkdayjobs.com/Careers/job/Washington-DC-Remote-Work/Software-Customer-Success-Manager_R62074","https://motorolasolutions.wd5.myworkdayjobs.com/Careers/job/Washington-DC-Remote-Work/Software-Customer-Success-Manager_R62074","Software Project Management, Customer Success
Deterministic profile match: 2 profile skills mentioned; title alignment 0.0/3.0; domain signals 5. Title relevance penalty 1.0 applied.","","","","2026-05-14T21:59:19.671411+00:00"
"3","APX Next Customer Success Advocate","Motorola Solutions","","","","","","remote","","","Illinois Remote Work, More...","https://motorolasolutions.wd5.myworkdayjobs.com/Careers/job/Illinois-Remote-Work/APX-Next-Customer-Success-Advocate_R61274","https://motorolasolutions.wd5.myworkdayjobs.com/Careers/job/Illinois-Remote-Work/APX-Next-Customer-Success-Advocate_R61274","Software Project Management, Customer Success
Deterministic profile match: 2 profile skills mentioned; title alignment 0.0/3.0; domain signals 5. Title relevance penalty 1.0 applied.","","","","2026-05-14T21:59:19.671411+00:00"
"3","Federal Software Customer Service Manager - Remote","Motorola Solutions","","","","","","remote","","","Maryland Remote Work, More...","https://motorolasolutions.wd5.myworkdayjobs.com/Careers/job/Maryland-Remote-Work/Federal-Software-Customer-Service-Manager---Remote_R64004","https://motorolasolutions.wd5.myworkdayjobs.com/Careers/job/Maryland-Remote-Work/Federal-Software-Customer-Service-Manager---Remote_R64004","Program Management, Roadmap Planning, Requirements Gathering
Deterministic profile match: 3 profile skills mentioned; title alignment 0.0/3.0; domain signals 5. Title relevance penalty 1.0 applied.","","","","2026-05-14T21:59:19.671411+00:00"
"3","Senior R&D Software Engineer - Networked Electronic Warfare","Motorola Solutions","","","","","","remote","","","California Southern Remote Work","https://motorolasolutions.wd5.myworkdayjobs.com/Careers/job/California-Southern-Remote-Work/Senior-R-D-Software-Engineer---Networked-Electronic-Warfare_R61854","https://motorolasolutions.wd5.myworkdayjobs.com/Careers/job/California-Southern-Remote-Work/Senior-R-D-Software-Engineer---Networked-Electronic-Warfare_R61854","Python, CI/CD Collaboration, Technical Documentation, Data Pipelines, Distributed Systems Concepts, Jira
Deterministic profile match: 6 profile skills mentioned; title alignment 0.0/3.0; domain signals 7. Title relevance penalty 2.5 applied.","","","","2026-05-14T21:59:19.671411+00:00"
"3","Principal/Lead Software Engineer Full-Stack (Typescript/NodeJS)","Motorola Solutions","","","","","","remote","","","Brazil Remote Work","https://motorolasolutions.wd5.myworkdayjobs.com/Careers/job/Brazil-Remote-Work/Principal-Lead-Software-Engineer-Full-Stack-Typescript-NodeJS_R62034","https://motorolasolutions.wd5.myworkdayjobs.com/Careers/job/Brazil-Remote-Work/Principal-Lead-Software-Engineer-Full-Stack-Typescript-NodeJS_R62034","JavaScript, SAFe, Sprint Reviews, AWS, GitHub
Deterministic profile match: 5 profile skills mentioned; title alignment 0.0/3.0; domain signals 8. Title relevance penalty 2.5 applied.","","","","2026-05-14T21:59:19.671411+00:00"
"3","Principal R&D Engineer","Motorola Solutions","","","","","","remote","","","Illinois Remote Work, More...","https://motorolasolutions.wd5.myworkdayjobs.com/Careers/job/Illinois-Remote-Work/Principal-R-D-Engineer_R64697","https://motorolasolutions.wd5.myworkdayjobs.com/Careers/job/Illinois-Remote-Work/Principal-R-D-Engineer_R64697","Python, Software Project Management, Program Management, Presentation Skills
Deterministic profile match: 4 profile skills mentioned; title alignment 0.0/3.0; domain signals 4. Title relevance penalty 1.0 applied.","","","","2026-05-14T21:59:19.671411+00:00"
"3","Senior Software Engineer Full-Stack (Typescript/NodeJS)","Motorola Solutions","","","","","","remote","","","Brazil Remote Work","https://motorolasolutions.wd5.myworkdayjobs.com/Careers/job/Brazil-Remote-Work/Senior-Software-Engineer-Full-Stack-Typescript-NodeJS_R62036","https://motorolasolutions.wd5.myworkdayjobs.com/Careers/job/Brazil-Remote-Work/Senior-Software-Engineer-Full-Stack-Typescript-NodeJS_R62036","JavaScript, SAFe, AWS, GitHub
Deterministic profile match: 4 profile skills mentioned; title alignment 0.0/3.0; domain signals 7. Title relevance penalty 2.5 applied.","","","","2026-05-14T21:59:19.671411+00:00"
"3","Business Development Manager ? United States","Motorola Solutions","","","","","","remote","","","Georgia Remote Work","https://motorolasolutions.wd5.myworkdayjobs.com/Careers/job/Georgia-Remote-Work/Business-Development-Manager---United-States_R64902","https://motorolasolutions.wd5.myworkdayjobs.com/Careers/job/Georgia-Remote-Work/Business-Development-Manager---United-States_R64902","Go-to-market Strategy, Stakeholder Management, Presentation Skills, System Monitoring
Deterministic profile match: 4 profile skills mentioned; title alignment 0.0/3.0; domain signals 4. Title relevance penalty 1.0 applied.","","","","2026-05-14T21:59:19.671411+00:00"
"3","Field Engineer","Motorola Solutions","","","","","","remote","","","Illinois Remote Work, More...","https://motorolasolutions.wd5.myworkdayjobs.com/Careers/job/Illinois-Remote-Work/Field-Engineer_R62939","https://motorolasolutions.wd5.myworkdayjobs.com/Careers/job/Illinois-Remote-Work/Field-Engineer_R62939","SQL, Software Project Management, SOPs, Legal Technology
Deterministic profile match: 4 profile skills mentioned; title alignment 0.0/3.0; domain signals 4. Title relevance penalty 1.0 applied.","","","","2026-05-14T21:59:19.671411+00:00"
"3","Sr Engineer - Systems Design & Implementation","Motorola Solutions","","","","","","remote","","","Florida Remote Work, More...","https://motorolasolutions.wd5.myworkdayjobs.com/Careers/job/Florida-Remote-Work/Sr-Engineer---Systems-Design---Implementation_R64366","https://motorolasolutions.wd5.myworkdayjobs.com/Careers/job/Florida-Remote-Work/Sr-Engineer---Systems-Design---Implementation_R64366","Software Project Management, Technical Documentation
Deterministic profile match: 2 profile skills mentioned; title alignment 0.0/3.0; domain signals 3.","","","","2026-05-14T21:59:19.671411+00:00"
"3","Director of Hardware Engineering Operations","Motorola Solutions","","","","","","remote","","","California Southern Remote Work, More...","https://motorolasolutions.wd5.myworkdayjobs.com/Careers/job/California-Southern-Remote-Work/Director-of-Hardware-Engineering-Operations_R64863","https://motorolasolutions.wd5.myworkdayjobs.com/Careers/job/California-Southern-Remote-Work/Director-of-Hardware-Engineering-Operations_R64863","Software Project Management, Stakeholder Management, Program Management, ERP, Risk Management, Legal Technology
Deterministic profile match: 6 profile skills mentioned; title alignment 0.0/3.0; domain signals 7. Title relevance penalty 2.5 applied.","","","","2026-05-14T21:59:19.671411+00:00"
"3","Senior Field Service Technician - Austin, TX","Motorola Solutions","","","","","","remote","","","Texas Remote Work","https://motorolasolutions.wd5.myworkdayjobs.com/Careers/job/Texas-Remote-Work/Senior-Field-Service-Technician---Austin--TX_R63311","https://motorolasolutions.wd5.myworkdayjobs.com/Careers/job/Texas-Remote-Work/Senior-Field-Service-Technician---Austin--TX_R63311","Software Project Management, Technical Documentation
Deterministic profile match: 2 profile skills mentioned; title alignment 0.0/3.0; domain signals 4. Title relevance penalty 1.0 applied.","","","","2026-05-14T21:59:19.671411+00:00"
"3","Field Service Technician - Nassau County, NY","Motorola Solutions","","","","","","remote","","","New York Remote Work","https://motorolasolutions.wd5.myworkdayjobs.com/Careers/job/New-York-Remote-Work/Field-Service-Technician---Nassau-County--NY_R64078","https://motorolasolutions.wd5.myworkdayjobs.com/Careers/job/New-York-Remote-Work/Field-Service-Technician---Nassau-County--NY_R64078","Software Project Management, Technical Documentation, Risk Management, Legal Technology
Deterministic profile match: 4 profile skills mentioned; title alignment 0.0/3.0; domain signals 4. Title relevance penalty 1.0 applied.","","","","2026-05-14T21:59:19.671411+00:00"
"3","Portfolio Team Lead","Motorola Solutions","","","","","","remote","","","Illinois Remote Work, More...","https://motorolasolutions.wd5.myworkdayjobs.com/Careers/job/Illinois-Remote-Work/Portfolio-Team-Lead_R63282","https://motorolasolutions.wd5.myworkdayjobs.com/Careers/job/Illinois-Remote-Work/Portfolio-Team-Lead_R63282","Software Project Management, Roadmap Planning, Customer Success, ERP
Deterministic profile match: 4 profile skills mentioned; title alignment 0.0/3.0; domain signals 3. Title relevance penalty 1.0 applied.","","","","2026-05-14T21:59:19.671411+00:00"
"3","Field Engineer - Missouri","Motorola Solutions","","","","","","remote","","","Missouri Remote Work, More...","https://motorolasolutions.wd5.myworkdayjobs.com/Careers/job/Missouri-Remote-Work/Field-Engineer---Missouri_R63244","https://motorolasolutions.wd5.myworkdayjobs.com/Careers/job/Missouri-Remote-Work/Field-Engineer---Missouri_R63244","Program Management, Technical Documentation
Deterministic profile match: 2 profile skills mentioned; title alignment 0.0/3.0; domain signals 5. Title relevance penalty 1.0 applied.","","","","2026-05-14T21:59:19.671411+00:00"
"3","Field Engineer - Illinois","Motorola Solutions","","","","","","remote","","","Illinois Remote Work, More...","https://motorolasolutions.wd5.myworkdayjobs.com/Careers/job/Illinois-Remote-Work/Field-Engineer---Illinois_R63243","https://motorolasolutions.wd5.myworkdayjobs.com/Careers/job/Illinois-Remote-Work/Field-Engineer---Illinois_R63243","Program Management, Technical Documentation
Deterministic profile match: 2 profile skills mentioned; title alignment 0.0/3.0; domain signals 5. Title relevance penalty 1.0 applied.","","","","2026-05-14T21:59:19.671411+00:00"
"3","Field Engineer - TX & OK","Motorola Solutions","","","","","","remote","","","Texas Remote Work, More...","https://motorolasolutions.wd5.myworkdayjobs.com/Careers/job/Texas-Remote-Work/Field-Engineer---TX---OK_R64076","https://motorolasolutions.wd5.myworkdayjobs.com/Careers/job/Texas-Remote-Work/Field-Engineer---TX---OK_R64076","Software Project Management, Technical Documentation
Deterministic profile match: 2 profile skills mentioned; title alignment 0.0/3.0; domain signals 4. Title relevance penalty 1.0 applied.","","","","2026-05-14T21:59:19.671411+00:00"
"3","Field Engineer - Dallas, TX","Motorola Solutions","","","","","","remote","","","Texas Remote Work","https://motorolasolutions.wd5.myworkdayjobs.com/Careers/job/Texas-Remote-Work/Field-Engineer---Dallas--TX_R64304","https://motorolasolutions.wd5.myworkdayjobs.com/Careers/job/Texas-Remote-Work/Field-Engineer---Dallas--TX_R64304","Software Project Management, Technical Documentation
Deterministic profile match: 2 profile skills mentioned; title alignment 0.0/3.0; domain signals 4. Title relevance penalty 1.0 applied.","","","","2026-05-14T21:59:19.671411+00:00"
"3","WAVE Systems Engineer","Motorola Solutions","","","","","","remote","","","Virginia Remote Work, More...","https://motorolasolutions.wd5.myworkdayjobs.com/Careers/job/Virginia-Remote-Work/WAVE-Systems-Engineer_R64594","https://motorolasolutions.wd5.myworkdayjobs.com/Careers/job/Virginia-Remote-Work/WAVE-Systems-Engineer_R64594","SQL
Deterministic profile match: 1 profile skills mentioned; title alignment 0.0/3.0; domain signals 5. Title relevance penalty 1.0 applied.","","","","2026-05-14T21:59:19.671411+00:00"
"3","Professional Services Specialist - North America","Motorola Solutions","","","","","","remote","","","Illinois Remote Work, More...","https://motorolasolutions.wd5.myworkdayjobs.com/Careers/job/Illinois-Remote-Work/Professional-Services-Specialist---North-America_R63969","https://motorolasolutions.wd5.myworkdayjobs.com/Careers/job/Illinois-Remote-Work/Professional-Services-Specialist---North-America_R63969","Presentation Skills, Customer Success, Legal Technology
Deterministic profile match: 3 profile skills mentioned; title alignment 0.0/3.0; domain signals 3. Title relevance penalty 1.0 applied.","","","","2026-05-14T21:59:19.671411+00:00"
"3","Technical Training Instructor AEM (Adobe Experience Manager)/Workfront (Remote Germany)","Adobe","","","","","","remote","","","Remote Germany","https://adobe.wd5.myworkdayjobs.com/external_experienced/job/Remote-Germany/Technical-Training-Instructor--Remote-Germany-_R166481","https://adobe.wd5.myworkdayjobs.com/external_experienced/job/Remote-Germany/Technical-Training-Instructor--Remote-Germany-_R166481","Software Project Management, Workflow Automation
Deterministic profile match: 2 profile skills mentioned; title alignment 0.0/3.0; domain signals 6. Title relevance penalty 1.0 applied.","","","","2026-05-14T21:57:56.024402+00:00"
"3","Software Engineer - Graduate - Slovakia","Cisco","","","","","","hybrid","","","","https://cisco.wd5.myworkdayjobs.com/Cisco_Careers/job/Software-Engineer---Graduate---Slovakia_2013016","https://cisco.wd5.myworkdayjobs.com/Cisco_Careers/job/Software-Engineer---Graduate---Slovakia_2013016","Python, SQL, JavaScript, Technical Documentation, Mentoring, Distributed Systems Concepts
Deterministic profile match: 6 profile skills mentioned; title alignment 0.0/3.0; domain signals 5. Title relevance penalty 2.5 applied.","","","","2026-05-14T21:57:05.943321+00:00"
"3","Software Engineering Manager - Image and Data Compression Libraries","NVIDIA","","","","","","hybrid","US, CA, Remote","","US, CA, Remote","https://nvidia.wd5.myworkdayjobs.com/NVIDIAExternalCareerSite/job/US-CA-Remote/Software-Engineering-Manager---Image-and-Data-Compression-Libraries_JR1990877","https://nvidia.wd5.myworkdayjobs.com/NVIDIAExternalCareerSite/job/US-CA-Remote/Software-Engineering-Manager---Image-and-Data-Compression-Libraries_JR1990877","Python, Hybrid Project Management, Software Project Management
Deterministic profile match: 3 profile skills mentioned; title alignment 0.0/3.0; domain signals 5. Title relevance penalty 1.0 applied.","","","","2026-05-14T21:57:02.905092+00:00"
"3","General Account Manager","NVIDIA","","","","","","remote","","","Sweden, Remote","https://nvidia.wd5.myworkdayjobs.com/NVIDIAExternalCareerSite/job/Sweden-Remote/General-Account-Manager_JR2013555","https://nvidia.wd5.myworkdayjobs.com/NVIDIAExternalCareerSite/job/Sweden-Remote/General-Account-Manager_JR2013555","Presentation Skills, Customer Success
Deterministic profile match: 2 profile skills mentioned; title alignment 0.0/3.0; domain signals 4. Title relevance penalty 1.0 applied.","","","","2026-05-14T21:57:02.905092+00:00"
"3","Account Manager, Capital Markets","NVIDIA","","","","","","remote","","","US, NC, Remote","https://nvidia.wd5.myworkdayjobs.com/NVIDIAExternalCareerSite/job/US-NC-Remote/Account-Manager--Capital-Markets_JR2017747","https://nvidia.wd5.myworkdayjobs.com/NVIDIAExternalCareerSite/job/US-NC-Remote/Account-Manager--Capital-Markets_JR2017747","Machine Learning Frameworks, Risk Management
Deterministic profile match: 2 profile skills mentioned; title alignment 0.0/3.0; domain signals 4. Title relevance penalty 1.0 applied.","","","","2026-05-14T21:57:02.905092+00:00"
"3","Developer Relations Manager - ANZ","NVIDIA","","","","","","remote","","","Australia, Remote","https://nvidia.wd5.myworkdayjobs.com/NVIDIAExternalCareerSite/job/Australia-Remote/Developer-Relations-Manager---ANZ_JR2006800-1","https://nvidia.wd5.myworkdayjobs.com/NVIDIAExternalCareerSite/job/Australia-Remote/Developer-Relations-Manager---ANZ_JR2006800-1","Software Project Management, AI/ML
Deterministic profile match: 2 profile skills mentioned; title alignment 0.0/3.0; domain signals 7. Title relevance penalty 1.0 applied.","","","","2026-05-14T21:57:02.905092+00:00"
"3","Developer Relations Manager - Robotics and Generative AI","NVIDIA","","","","","","remote","","","Singapore, Remote","https://nvidia.wd5.myworkdayjobs.com/NVIDIAExternalCareerSite/job/Singapore-Remote/Developer-Relations-Manager---Robotics-and-Generative-AI_JR2003346","https://nvidia.wd5.myworkdayjobs.com/NVIDIAExternalCareerSite/job/Singapore-Remote/Developer-Relations-Manager---Robotics-and-Generative-AI_JR2003346","Software Project Management, AI/ML
Deterministic profile match: 2 profile skills mentioned; title alignment 0.0/3.0; domain signals 7. Title relevance penalty 1.0 applied.","","","","2026-05-14T21:57:02.905092+00:00"
"3","Senior Systems Software Security Engineer ? Data Center Systems","NVIDIA","","","","","","remote","","","US, CO, Remote","https://nvidia.wd5.myworkdayjobs.com/NVIDIAExternalCareerSite/job/US-CO-Remote/Senior-Systems-Software-Security-Engineer---Data-Center-Systems_JR2004966-1","https://nvidia.wd5.myworkdayjobs.com/NVIDIAExternalCareerSite/job/US-CO-Remote/Senior-Systems-Software-Security-Engineer---Data-Center-Systems_JR2004966-1","Python, Customer Success
Deterministic profile match: 2 profile skills mentioned; title alignment 0.0/3.0; domain signals 4. Title relevance penalty 1.0 applied.","","","","2026-05-14T21:57:02.905092+00:00"
"3","Senior Test Engineer","NVIDIA","","","","","","remote","","","Vietnam, Remote","https://nvidia.wd5.myworkdayjobs.com/NVIDIAExternalCareerSite/job/Vietnam-Remote/Senior-Test-Engineer_JR1992191","https://nvidia.wd5.myworkdayjobs.com/NVIDIAExternalCareerSite/job/Vietnam-Remote/Senior-Test-Engineer_JR1992191","Python, Software Project Management, Workflow Automation
Deterministic profile match: 3 profile skills mentioned; title alignment 0.0/3.0; domain signals 3. Title relevance penalty 1.0 applied.","","","","2026-05-14T21:57:02.905092+00:00"
"3","Services Sales Solutions Architect","Salesforce","","","","","","remote","","","Washington D.C. - Remote","https://salesforce.wd12.myworkdayjobs.com/External_Career_Site/job/Washington-DC---Remote/Services-Sales-Solutions-Architect_JR337043","https://salesforce.wd12.myworkdayjobs.com/External_Career_Site/job/Washington-DC---Remote/Services-Sales-Solutions-Architect_JR337043","Software Project Management, Program Management, Requirements Gathering, Customer Success
Deterministic profile match: 4 profile skills mentioned; title alignment 0.0/3.0; domain signals 8. Title relevance penalty 2.5 applied.","","","","2026-05-14T21:56:24.524327+00:00"
"3","Tax, Retirement & Estate Planning Services Consultant","Manulife","","","","","","remote","","","CAN, Ontario - Full Time Remote","https://manulife.wd3.myworkdayjobs.com/MFCJH_Jobs/job/CAN-Ontario---Full-Time-Remote/Tax--Retirement---Estate-Planning-Services-Consultant_JR26041008-1","https://manulife.wd3.myworkdayjobs.com/MFCJH_Jobs/job/CAN-Ontario---Full-Time-Remote/Tax--Retirement---Estate-Planning-Services-Consultant_JR26041008-1","Software Project Management, Program Management, Presentation Skills
Deterministic profile match: 3 profile skills mentioned; title alignment 0.0/3.0; domain signals 3. Title relevance penalty 1.0 applied.","","","","2026-05-14T21:55:02.833590+00:00"
"3","Manager, Digital Media","Amsive","","","","","","hybrid","Remote, US (Remote)","","Remote, US (Remote)","https://amsive.applytojob.com/apply/9CZIRx6KVp/Manager-Digital-Media?source=INDE&~","https://www.indeed.com/viewjob?jk=49800280fbfb35f6","Hybrid Project Management, Mentoring, Change Management, Google Analytics
Deterministic profile match: 4 profile skills mentioned; title alignment 0.0/3.0; domain signals 4. Title relevance penalty 1.0 applied.","","","","2026-05-14T21:52:47.996850+00:00"
"3","Marketing Brand Manager","Custom Brand Service","","","","","","remote","","","Remote, US (Remote)","http://www.indeed.com/job/marketing-brand-manager-d6abf8ecdb9d344e","https://www.indeed.com/viewjob?jk=d6abf8ecdb9d344e","Presentation Skills, Change Management, Google Analytics
Deterministic profile match: 3 profile skills mentioned; title alignment 0.0/3.0; domain signals 5. Title relevance penalty 1.0 applied.","","","","2026-05-14T21:52:47.996850+00:00"
"3","Social Media Manager ? Fully Remote","BlackDog Advertising","","","","","","remote","","","Remote, US (Remote)","https://www.blackdogadvertising.com/careers/social-media-manager/","https://www.indeed.com/viewjob?jk=48cb01a9b9435e99","Software Project Management, System Monitoring, Google Sheets, Google Analytics
Deterministic profile match: 4 profile skills mentioned; title alignment 0.0/3.0; domain signals 3. Title relevance penalty 1.0 applied.","","","","2026-05-14T21:52:47.996850+00:00"
"3","Digital Marketing Brand Manager","Custom Brand Service","","","","","","remote","","","Remote, US (Remote)","http://www.indeed.com/job/digital-marketing-brand-manager-b9cf5c32103ebfc1","https://www.indeed.com/viewjob?jk=b9cf5c32103ebfc1","Software Project Management, Customer Success, Google Analytics
Deterministic profile match: 3 profile skills mentioned; title alignment 0.0/3.0; domain signals 3. Title relevance penalty 1.0 applied.","","","","2026-05-14T21:52:47.996850+00:00"
"3","Program Director","Qodea","","","","","","unknown","","","","","https://www.linkedin.com/jobs/view/4414259695","Program Management, Roadmap Planning, Change Management, Resource Planning, Google Cloud
Deterministic profile match: 5 profile skills mentioned; title alignment 0.0/3.0; domain signals 4. Title relevance penalty 1.5 applied.","","","","2026-05-14T21:50:40.094592+00:00"
"3","Customer Adoption Manager","Higharc","","","","","","remote","","","Remote","","https://www.linkedin.com/jobs/view/4404205858","Software Project Management, Customer Success, Change Management
Deterministic profile match: 3 profile skills mentioned; title alignment 0.0/3.0; domain signals 4. Title relevance penalty 1.0 applied.","","","","2026-05-14T21:50:40.094592+00:00"
"3","Field Marketing Event Manager (US/Canada)","Algomarketing","","","","","","remote","","","Remote, US (Remote)","https://algomarketing.pinpointhq.com/postings/3a1101a2-221f-4ec0-bca4-6c26fa79004e?utm_medium=job_board&utm_source=indeed","https://www.indeed.com/viewjob?jk=de318a2cf38a67b1","Stakeholder Management, Customer Success
Deterministic profile match: 2 profile skills mentioned; title alignment 0.0/3.0; domain signals 5. Title relevance penalty 1.0 applied.","","","","2026-05-14T21:48:33.976678+00:00"
"3","Customer Success Manager, Merchant Services","Versapay","","","","","","remote","","","Remote, US (Remote)","https://jobs.lever.co/versapay/a55913e5-907b-4280-95d2-3a3abfb69ca0?lever-source=Indeed","https://www.indeed.com/viewjob?jk=2c86bdc90b1f5a91","Customer Success, Training Enablement, ERP
Deterministic profile match: 3 profile skills mentioned; title alignment 0.0/3.0; domain signals 4. Title relevance penalty 1.0 applied.","","","","2026-05-14T21:48:33.976678+00:00"
"3","Professional Services Lead","OneUp Sales","","","","","","remote","","","Remote","","https://www.linkedin.com/jobs/view/4413431846","Mentoring
Deterministic profile match: 1 profile skills mentioned; title alignment 0.0/3.0; domain signals 8. Title relevance penalty 1.0 applied.","","","","2026-05-14T21:48:33.976678+00:00"
"3","Senior Partner Success Manager","Corporate Travel Management","","","","","","hybrid","Remote, US (Remote)","","Remote, US (Remote)","https://careers.travelctm.com/career-home/jobs/1712?lang=en-us","https://www.indeed.com/viewjob?jk=43e9cb40f2ff6185","Program Management, Presentation Skills, Customer Success, Legal Technology
Deterministic profile match: 4 profile skills mentioned; title alignment 0.0/3.0; domain signals 2. Title relevance penalty 1.0 applied.","","","","2026-05-14T21:46:30.549281+00:00"
"3","Senior Software Safety Engineer-Aerospace Controls","Rolls-Royce","","","","","","hybrid","Remote, US (Remote)","","Remote, US (Remote)","https://rollsroyce.wd3.myworkdayjobs.com/en-US/professional/job/Working-from-home-US/Senior-Software-Safety-Engineer-Aerospace-Controls_JR6153887","https://www.indeed.com/viewjob?jk=24fd53fa5703e8af","Technical Documentation, System Monitoring
Deterministic profile match: 2 profile skills mentioned; title alignment 0.0/3.0; domain signals 4. Title relevance penalty 1.0 applied.","","","","2026-05-14T21:46:30.549281+00:00"
"3","Sr. Manager Production Engineering (Electrical)","Crown Holdings","","","","","","remote","","","Remote, US (Remote)","https://crownholdings.wd501.myworkdayjobs.com/en-US/CrownHoldings/job/Remote/Sr-Manager-Production-Engineering--Electrical-_JR102394","https://www.indeed.com/viewjob?jk=cbdfb5f9fc669dbf","Program Management, Technical Documentation
Deterministic profile match: 2 profile skills mentioned; title alignment 0.0/3.0; domain signals 1.","","","","2026-05-14T21:46:30.549281+00:00"
"3","F-35 Reliability and Maintainability (R&M) Program Analyst (Remote)","Andromeda Systems Incorporated","","","","","","remote","","","Remote, US (Remote)","https://androsysinc.hrmdirect.com/employment/view.php?req=3710627&jbsrc=1014&location=26ecb3e9-3372-55b7-d9f8-63a84d0e0b2a","https://www.indeed.com/viewjob?jk=affeab8cb1c0fd83","Program Management
Deterministic profile match: 1 profile skills mentioned; title alignment 0.0/3.0; domain signals 2.","","","","2026-05-14T21:46:30.549281+00:00"
"3","Senior Machine Learning Engineer","Cohere Health","","","","","","remote","","","Remote, US (Remote)","https://grnh.se/c6tq8v1s3us","https://www.indeed.com/viewjob?jk=522dc0a859b7559c","Python, Machine Learning Frameworks, AI/ML
Deterministic profile match: 3 profile skills mentioned; title alignment 0.0/3.0; domain signals 3. Title relevance penalty 1.0 applied.","","","","2026-05-14T21:44:13.352357+00:00"
"3","Senior Product Marketing Manager, Text-to-Speech (TTS)","Deepgram","","","","","","remote","","","Remote, US (Remote)","https://jobs.ashbyhq.com/Deepgram/b9b27091-1a95-4c31-a304-55c31711887a?employmentType=FullTime","https://www.indeed.com/viewjob?jk=af98937c3bc0799b","Technical Documentation, Customer Success, Deployment Workflows
Deterministic profile match: 3 profile skills mentioned; title alignment 0.0/3.0; domain signals 7. Title relevance penalty 1.5 applied.","","","","2026-05-14T21:44:13.352357+00:00"
"3","Product Operations Intern","Roadie","C:\Users\bsing\.applypilot\tailored_resumes\software-pm\016_8_Roadie_Product_Operations_Intern.txt","failed_validation","Company 'Sakhi' missing from experience; Company 'The Samaritans of New York' missing from experience","Banned words: detail-oriented","","remote","","","Remote, US (Remote)","https://job-boards.greenhouse.io/roadie/jobs/8544156002","https://www.indeed.com/viewjob?jk=1ae2415552e975d9","Agile Scrum, Software Project Management, Jira
Deterministic profile match: 3 profile skills mentioned; title alignment 0.0/3.0; domain signals 6. Title relevance penalty 1.5 applied.","","","","2026-05-14T21:42:01.891331+00:00"
"3","Customer Experience Manager (SME)","Agile Defense","","","","","","remote","","","Remote, US (Remote)","https://jobs.lever.co/agile-defense/e2f5e6cc-828a-416d-be1a-b957b9c061e1?lever-source=Indeed","https://www.indeed.com/viewjob?jk=1a9715e2bd34a887","SAFe, Customer Success, Change Management
Deterministic profile match: 3 profile skills mentioned; title alignment 0.0/3.0; domain signals 5. Title relevance penalty 1.0 applied.","","","","2026-05-14T21:40:03.505024+00:00"
"3","VP of Product","Kinetic Plc","","","","","","remote","","","Remote, US (Remote)","https://jobs.gem.com/kinetic/am9icG9zdDpE877xraVun0ctIiaQr8WH","https://www.indeed.com/viewjob?jk=c387d6404c13191c","OKRs, Data Warehousing
Deterministic profile match: 2 profile skills mentioned; title alignment 0.0/3.0; domain signals 6. Title relevance penalty 1.5 applied.","","","","2026-05-14T21:37:59.870693+00:00"
"3","Member Engagement Coordinator II","Valenz","","","","","","remote","","","Remote, US (Remote)","https://valenz.applytojob.com/apply/AEDsa3bjcb/Member-Engagement-Coordinator-II?source=Our%20Career%20Page%20Widget","https://www.indeed.com/viewjob?jk=5738cf4e677bb5e4","Program Management
Deterministic profile match: 1 profile skills mentioned; title alignment 0.0/3.0; domain signals 6. Title relevance penalty 1.0 applied.","","","","2026-05-14T21:37:59.870693+00:00"
"3","Marketing Operations Coordinator","Valenz","","","","","","remote","","","Remote, US (Remote)","https://valenz.applytojob.com/apply/V32nGEf0gg/Marketing-Operations-Coordinator?source=Our%20Career%20Page%20Widget","https://www.indeed.com/viewjob?jk=a5596bf223ff593d","Program Management
Deterministic profile match: 1 profile skills mentioned; title alignment 0.0/3.0; domain signals 6. Title relevance penalty 1.0 applied.","","","","2026-05-14T21:37:59.870693+00:00"
"3","Engineering Manager, Building Generation","HighArc","","","","","","remote","","","Remote, US (Remote)","https://jobs.ashbyhq.com/Higharc/d915942f-8a0b-48ee-8c26-929dd9c0f35c?utm_source=jeNzqLDRKe","https://www.indeed.com/viewjob?jk=c3ef2fb49403023f","Technical Documentation
Deterministic profile match: 1 profile skills mentioned; title alignment 0.0/3.0; domain signals 6. Title relevance penalty 1.0 applied.","","","","2026-05-14T21:37:59.870693+00:00"
"3","Associate Construction Task Catalog Publisher","Gordian","","","","","","remote","","","Remote, US (Remote)","https://fortive.eightfold.ai/careers/job/893395087363?domain=fortive.com","https://www.indeed.com/viewjob?jk=62e695e739b39552","SAFe, Technical Documentation, Smartsheet
Deterministic profile match: 3 profile skills mentioned; title alignment 0.0/3.0; domain signals 4. Title relevance penalty 1.0 applied.","","","","2026-05-14T21:37:59.870693+00:00"
"3","TechnologyOne / TechOne -  Service Delivery Manager / Lead","Private Company","","","","","","unknown","","","","","https://www.linkedin.com/jobs/view/4413866479","Software Project Management, ERP
Deterministic profile match: 2 profile skills mentioned; title alignment 0.0/3.0; domain signals 5. Title relevance penalty 1.0 applied.","","","","2026-05-14T21:37:59.870693+00:00"
"3","SAP Offshore Delivery Lead - Contract","Westernacher Consulting","","","","","","hybrid","","","","","https://www.linkedin.com/jobs/view/4413911917","Hybrid Project Management, Stakeholder Management, Resource Planning
Deterministic profile match: 3 profile skills mentioned; title alignment 0.0/3.0; domain signals 3. Title relevance penalty 1.0 applied.","","","","2026-05-14T21:37:59.870693+00:00"
"3","Delivery Manager","Undelucram.ro","","","","","","remote","","","Remote","","https://www.linkedin.com/jobs/view/4414193995","SAFe, Stakeholder Management
Deterministic profile match: 2 profile skills mentioned; title alignment 0.0/3.0; domain signals 5. Title relevance penalty 1.0 applied.","","","","2026-05-14T21:37:59.870693+00:00"
"3","Global Delivery & Partnerships Lead","Penta Global Limited","","","","","","unknown","","","","","https://www.linkedin.com/jobs/view/4414572472","Software Project Management, SDLC, Technical Documentation
Deterministic profile match: 3 profile skills mentioned; title alignment 0.0/3.0; domain signals 3. Title relevance penalty 1.0 applied.","","","","2026-05-14T21:37:59.870693+00:00"
"3","Senior Client Delivery Lead (Energy Billing experience)","Kraken","","","","","","unknown","","","","","https://www.linkedin.com/jobs/view/4413966047","Presentation Skills, Customer Success, Change Management, Data Pipelines
Deterministic profile match: 4 profile skills mentioned; title alignment 0.0/3.0; domain signals 4. Title relevance penalty 1.0 applied.","","","","2026-05-14T21:37:59.870693+00:00"
"3","Customer Success Manager","Embrava","","","","","","hybrid","","","","","https://www.linkedin.com/jobs/view/4411184484","Customer Success, Risk Management
Deterministic profile match: 2 profile skills mentioned; title alignment 0.0/3.0; domain signals 4. Title relevance penalty 1.0 applied.","","","","2026-05-14T21:37:03.391393+00:00"
"3","Manager, Onboarding","Lumistry","","","","","","remote","","","Remote, US (Remote)","https://ats.rippling.com/lumistry/jobs/2866ee8d-f026-4f16-b230-42bbb7712695?jobSite=Indeed","https://www.indeed.com/viewjob?jk=cfa737c527e82b0d","Customer Success, Scheduling Management, Smartsheet
Deterministic profile match: 3 profile skills mentioned; title alignment 0.0/3.0; domain signals 4. Title relevance penalty 1.0 applied.","","","","2026-05-14T21:36:03.741595+00:00"
"3","LMS Implementation PM - Fully Remote","Insight Global","","","","","","remote","","","Remote","","https://www.linkedin.com/jobs/view/4411166529","Stakeholder Management
Deterministic profile match: 1 profile skills mentioned; title alignment 0.0/3.0; domain signals 2.","","","","2026-05-14T21:36:03.741595+00:00"
"3","Strategic Project Lead, Finance","micro1","","","","","","remote","","","Remote, US (Remote)","https://jobs.micro1.ai/post/37928108-3e72-4682-a9fb-16a9628e7d17?first_page=/careers&last_page=/careers","https://www.indeed.com/viewjob?jk=f7c01073288a276b","Stakeholder Management, Data Pipelines
Deterministic profile match: 2 profile skills mentioned; title alignment 0.0/3.0; domain signals 3.","","","","2026-05-14T21:33:49.397717+00:00"
"3","Strategic Project Lead, MD/Health","micro1","","","","","","remote","","","Remote, US (Remote)","https://jobs.micro1.ai/post/1e517627-0b81-452e-aa8f-40ba8e78f19f?first_page=/careers&last_page=/careers","https://www.indeed.com/viewjob?jk=eb603ea1087ccab1","Stakeholder Management, Data Pipelines
Deterministic profile match: 2 profile skills mentioned; title alignment 0.0/3.0; domain signals 3.","","","","2026-05-14T21:33:49.397717+00:00"
"3","Implementation Coordinator - UKG Ready","Hill Country Payroll","","","","","","remote","","","Remote, US (Remote)","http://www.indeed.com/job/implementation-coordinator-ukg-ready-226eb4777c74247a","https://www.indeed.com/viewjob?jk=226eb4777c74247a","Customer Success
Deterministic profile match: 1 profile skills mentioned; title alignment 0.0/3.0; domain signals 3.","","","","2026-05-14T21:33:49.397717+00:00"
"3","IP and Visio Management SME","Core4ce","","","","","","remote","","","Remote, US (Remote)","https://jobs.silkroad.com/Core4ce/Careers/jobs/1268","https://www.indeed.com/viewjob?jk=61778a371e200c77","Software Project Management, Program Management, Risk Management
Deterministic profile match: 3 profile skills mentioned; title alignment 0.0/3.0; domain signals 3. Title relevance penalty 1.0 applied.","","","","2026-05-14T21:33:49.397717+00:00"
"3","SAP SuccessFactors ? HCM ABAP-CPI Consultant - Part Time","Cross Solutions","","","","","","remote","","","Remote, US (Remote)","https://crosssolutions.catsone.com/careers/24619-Jobs/jobs/16810769-SAP-SuccessFactors--HCM-ABAPCPI-Consultant--Part-Time/?ref=Indeed","https://www.indeed.com/viewjob?jk=04c61c29fec07f39","Software Project Management, Technical Documentation, Requirements Gathering, Change Management
Deterministic profile match: 4 profile skills mentioned; title alignment 0.0/3.0; domain signals 4. Title relevance penalty 1.0 applied.","","","","2026-05-14T21:33:49.397717+00:00"
"3","Associate Principal - Wireless/Network","TEECOM","","","","","","remote","","","Remote, US (Remote)","https://jobs.lever.co/teecom/99e78014-277d-42d1-a33b-5cde063d06d7?lever-source=Indeed","https://www.indeed.com/viewjob?jk=6f4018f5235ac5da","Technical Documentation, Mentoring, QA Coordination, GitHub, Legal Technology
Deterministic profile match: 5 profile skills mentioned; title alignment 0.0/3.0; domain signals 3. Title relevance penalty 1.0 applied.","","","","2026-05-14T21:31:37.952938+00:00"
"3","Epic Beacon Analyst","Altec RG","","","","","","remote","","","Remote, US (Remote)","http://www.indeed.com/job/epic-beacon-analyst-d4d41d924458efd3","https://www.indeed.com/viewjob?jk=d4d41d924458efd3","SDLC, Technical Documentation, System Monitoring
Deterministic profile match: 3 profile skills mentioned; title alignment 0.0/3.0; domain signals 3. Title relevance penalty 1.0 applied.","","","","2026-05-14T21:31:37.952938+00:00"
"3","Freelance Senior Digital Asset Manager","Syneos Health Commercial Solutions","","","","","","remote","","","Remote, US (Remote)","https://commercialcareers.syneoshealth.com/jobs/17734551-freelance-senior-digital-asset-manager?tm_job=15627&tm_event=view&tm_company=575","https://www.indeed.com/viewjob?jk=68dd0f3084d77f45","Technical Documentation, Change Management, Legal Technology
Deterministic profile match: 3 profile skills mentioned; title alignment 0.0/3.0; domain signals 4. Title relevance penalty 1.0 applied.","","","","2026-05-14T21:31:37.952938+00:00"
"3","Virtual Classroom Training Instructor","ScribeAmerica","","","","","","remote","","","Remote, US (Remote)","https://scribeamerica.hiringplatform.com/processes/23cd03e6-e951-4a2f-8fe0-73da93d8120f?locale=en&source=indeed","https://www.indeed.com/viewjob?jk=2da223ea7e17e781","Program Management, Technical Documentation, Presentation Skills, Change Management
Deterministic profile match: 4 profile skills mentioned; title alignment 0.0/3.0; domain signals 4. Title relevance penalty 1.0 applied.","","","","2026-05-14T21:31:37.952938+00:00"
"3","Freelance Senior Digital Asset Manager","?????????","","","","","","remote","","","Remote, US (Remote)","https://jp.syneoshealth.com/careers/jobs/17738384-freelance-senior-digital-asset-manager","https://www.indeed.com/viewjob?jk=5e508356c3e0d600","Technical Documentation, Change Management, Legal Technology
Deterministic profile match: 3 profile skills mentioned; title alignment 0.0/3.0; domain signals 4. Title relevance penalty 1.0 applied.","","","","2026-05-14T21:31:37.952938+00:00"
"3","Assistant Superintendent","Henning Companies, LLC","","","","","","remote","","","Remote, US (Remote)","https://secure7.saashr.com/ta/6206113.careers?ShowJob=604439907","https://www.indeed.com/viewjob?jk=08ebf965f4d512cd","Software Project Management, Program Management, Customer Success, Change Management
Deterministic profile match: 4 profile skills mentioned; title alignment 0.0/3.0; domain signals 2. Title relevance penalty 1.0 applied.","","","","2026-05-14T21:29:36.448824+00:00"
"3","Business Developer Manager - Medical Imaging (US)","Intelerad","","","","","","remote","","","Remote, US (Remote)","https://jobs.smartrecruiters.com/Intelerad/744000126548316-business-developer-manager-medical-imaging-us-","https://www.indeed.com/viewjob?jk=c2cbb355f85477b2","Mentoring, Customer Success
Deterministic profile match: 2 profile skills mentioned; title alignment 0.0/3.0; domain signals 4. Title relevance penalty 1.0 applied.","","","","2026-05-14T21:29:36.448824+00:00"
"3","QA Engineer I","ClearCompany","","","","","","remote","","","Remote, US (Remote)","https://jobs.hrmdirect.com/employment/view.php?req=3700776&jbsrc=1014&location=be7ab4c9-30b1-8c2a-a207-cc422e2bf6f1","https://www.indeed.com/viewjob?jk=55e41085f3f88288","Technical Documentation, Customer Success, Change Management
Deterministic profile match: 3 profile skills mentioned; title alignment 0.0/3.0; domain signals 5. Title relevance penalty 1.0 applied.","","","","2026-05-14T21:29:36.448824+00:00"
"3","Senior Manager, Project Finance","Hanwha Renewables","","","","","","remote","","","Remote","","https://www.linkedin.com/jobs/view/4404429355","Program Management, Risk Management
Deterministic profile match: 2 profile skills mentioned; title alignment 0.0/3.0; domain signals 1.","","","","2026-05-14T21:29:36.448824+00:00"
"2","Legal Content Segment Specialist","Thomson Reuters","","","","","","hybrid","","","","https://thomsonreuters.wd5.myworkdayjobs.com/External_Career_Site/job/Australia-Pyrmont-New-South-Wales/Legal-Content-Segment-Specialist_JREQ200578","https://thomsonreuters.wd5.myworkdayjobs.com/External_Career_Site/job/Australia-Pyrmont-New-South-Wales/Legal-Content-Segment-Specialist_JREQ200578","Stakeholder Management, Customer Success, Legal Technology
Deterministic profile match: 3 profile skills mentioned; title alignment 0.0/3.0; domain signals 6. Title relevance penalty 2.5 applied.","","","","2026-05-19T03:52:28.317114+00:00"
"2","Lifecycle Marketing Manager, CoCounsel Legal AI","Thomson Reuters","","","","","","hybrid","","","","https://thomsonreuters.wd5.myworkdayjobs.com/External_Career_Site/job/United-States-of-America-Eagan-Minnesota/Lifecycle-Marketing-Manager--CoCounsel-Legal-AI_JREQ200808-1","https://thomsonreuters.wd5.myworkdayjobs.com/External_Career_Site/job/United-States-of-America-Eagan-Minnesota/Lifecycle-Marketing-Manager--CoCounsel-Legal-AI_JREQ200808-1","SAFe, Customer Success, Legal Technology
Deterministic profile match: 3 profile skills mentioned; title alignment 0.0/3.0; domain signals 4. Title relevance penalty 2.5 applied.","","","","2026-05-19T03:52:28.317114+00:00"
"2","Strategic Account Executive","Thomson Reuters","","","","","","hybrid","","","","https://thomsonreuters.wd5.myworkdayjobs.com/External_Career_Site/job/Canada-Toronto-Ontario/Strategic-Account-Executive_JREQ200709","https://thomsonreuters.wd5.myworkdayjobs.com/External_Career_Site/job/Canada-Toronto-Ontario/Strategic-Account-Executive_JREQ200709","Data Governance Frameworks, Customer Success, Legal Technology
Deterministic profile match: 3 profile skills mentioned; title alignment 0.0/3.0; domain signals 4. Title relevance penalty 2.5 applied.","","","","2026-05-19T03:52:28.317114+00:00"
"2","Customer Success Manager","Thomson Reuters","","","","","","hybrid","","","","https://thomsonreuters.wd5.myworkdayjobs.com/External_Career_Site/job/Australia-Melbourne-Victoria/Customer-Success-Manager_JREQ200703","https://thomsonreuters.wd5.myworkdayjobs.com/External_Career_Site/job/Australia-Melbourne-Victoria/Customer-Success-Manager_JREQ200703","Customer Success, Legal Technology
Deterministic profile match: 2 profile skills mentioned; title alignment 0.0/3.0; domain signals 3. Title relevance penalty 1.0 applied.","","","","2026-05-19T03:52:28.317114+00:00"
"2","Sr. Account Manager (Louisiana)","Motorola Solutions","","","","","","remote","","","Louisiana Remote Work","https://motorolasolutions.wd5.myworkdayjobs.com/Careers/job/Louisiana-Remote-Work/Sr-Account-Manager--Louisiana-_R64924","https://motorolasolutions.wd5.myworkdayjobs.com/Careers/job/Louisiana-Remote-Work/Sr-Account-Manager--Louisiana-_R64924","Software Project Management
Deterministic profile match: 1 profile skills mentioned; title alignment 0.0/3.0; domain signals 2. Title relevance penalty 1.0 applied.","","","","2026-05-19T03:50:50.932682+00:00"
"2","Field Service Technician - Midwest Region","Motorola Solutions","","","","","","remote","","","Minnesota Remote Work, More...","https://motorolasolutions.wd5.myworkdayjobs.com/Careers/job/Minnesota-Remote-Work/Field-Service-Technician---Midwest-Region_R64119","https://motorolasolutions.wd5.myworkdayjobs.com/Careers/job/Minnesota-Remote-Work/Field-Service-Technician---Midwest-Region_R64119","Software Project Management, Technical Documentation
Deterministic profile match: 2 profile skills mentioned; title alignment 0.0/3.0; domain signals 3. Title relevance penalty 1.0 applied.","","","","2026-05-19T03:50:50.932682+00:00"
"2","Field Service Technician - Northern Illinois","Motorola Solutions","","","","","","remote","","","Illinois Remote Work","https://motorolasolutions.wd5.myworkdayjobs.com/Careers/job/Illinois-Remote-Work/Field-Service-Technician---Northern-Illinois_R64970","https://motorolasolutions.wd5.myworkdayjobs.com/Careers/job/Illinois-Remote-Work/Field-Service-Technician---Northern-Illinois_R64970","
Deterministic profile match: 0 profile skills mentioned; title alignment 0.0/3.0; domain signals 4. Title relevance penalty 1.0 applied.","","","","2026-05-19T03:50:50.932682+00:00"
"2","Marketing Manager","indeed","","","","","","remote","","","Remote, US (Remote)","https://secure6.saashr.com/ta/6197898.careers?ShowJob=705065154","https://www.indeed.com/viewjob?jk=919b0e5a2a7f8775","Program Management, Presentation Skills, Trello, Google Analytics
Deterministic profile match: 4 profile skills mentioned; title alignment 0.0/3.0; domain signals 3. Title relevance penalty 2.5 applied.","","","","2026-05-19T03:47:58.625216+00:00"
"2","Meta Ads Specialist (Local Service Businesses","The Overcome Media","","","","","","remote","","","Remote, US (Remote)","http://www.indeed.com/job/meta-ads-specialist-local-service-businesses-6a280766783d0113","https://www.indeed.com/viewjob?jk=6a280766783d0113","
Deterministic profile match: 0 profile skills mentioned; title alignment 0.0/3.0; domain signals 4. Title relevance penalty 1.0 applied.","","","","2026-05-19T03:47:58.625216+00:00"
"2","Public Policy Manager, Midwest","Meta","","","","","","remote","","","Remote, US (Remote)","https://jsv3.recruitics.com/redirect?rx_cid=3239&rx_jobId=a1KDp000000B9NGMA0_1001&rx_url=https%3A%2F%2Fwww.metacareers.com%2Fjobs%2F2429019654286536%2F%3Frx_campaign%3Dindeed0%26rx_ch%3Dvp%26rx_group%3D187943%26rx_id%3D3d6e6ce0-50ac-11f1-93b8-87f9b97caeff%26rx_job%3Da1KDp000000B9NGMA0_1001%26rx_medium%3Dcpc%26rx_r%3Dnone%26rx_source%3Dindeed%26rx_ts%3D20260519T001202Z%26rx_vp%3Dcpc%26utm_campaign%3DJob%252Bboard%26utm_medium%3Djobs%26utm_source%3Dindeedorganic","https://www.indeed.com/viewjob?jk=4746a9fb73002240","SAFe, Legal Technology
Deterministic profile match: 2 profile skills mentioned; title alignment 0.0/3.0; domain signals 1. Title relevance penalty 1.0 applied.","","","","2026-05-19T03:47:58.625216+00:00"
"2","Account Coordinator (Evergreen)","Bauer Entertainment Marketing","","","","","","remote","","","Remote, US (Remote)","https://bauer-entertainment-marketing.breezy.hr/p/66cef890aff0-account-coordinator-evergreen?source=indeed","https://www.indeed.com/viewjob?jk=579d1d747aa7ab36","Program Management, Scheduling Management
Deterministic profile match: 2 profile skills mentioned; title alignment 0.0/3.0; domain signals 1. Title relevance penalty 1.0 applied.","","","","2026-05-19T03:47:58.625216+00:00"
"2","Associate Director, Project Management","WebMD","","","","","","unknown","","","","","https://www.linkedin.com/jobs/view/4416244952","Mentoring, Risk Management
Deterministic profile match: 2 profile skills mentioned; title alignment 0.0/3.0; domain signals 2. Title relevance penalty 1.5 applied.","","","","2026-05-19T03:47:58.625216+00:00"
"2","PMO Manager","RemoteHunter","","","","","","remote","","","Remote","","https://www.linkedin.com/jobs/view/4415718032","Risk Management
Deterministic profile match: 1 profile skills mentioned; title alignment 0.0/3.0; domain signals 4. Title relevance penalty 1.0 applied.","","","","2026-05-19T03:45:43.877251+00:00"
"2","Senior Partnerships & Alliances Manager","Expert Executive Recruiters (EER Global)","","","","","","hybrid","","","","","https://www.linkedin.com/jobs/view/4406227871","
Deterministic profile match: 0 profile skills mentioned; title alignment 0.0/3.0; domain signals 2. Title relevance penalty 1.0 applied.","","","","2026-05-19T03:44:41.785105+00:00"
"2","Director Sales Operations","Merative","","","","","","remote","","","Remote, US (Remote)","https://merative.wd12.myworkdayjobs.com/en-US/External_Career_Site/job/Remote--United-States/Director-Sales-Operations_JR01610-1","https://www.indeed.com/viewjob?jk=3849945437eb1967","Data Governance Frameworks, Program Management, Change Management, Training Enablement, Risk Management, Policy Automation, Power BI
Deterministic profile match: 7 profile skills mentioned; title alignment 0.0/3.0; domain signals 5. Title relevance penalty 4.0 applied.","","","","2026-05-19T03:39:44.477961+00:00"
"2","Scheduling and Authorization Coordinator","Elevate Patient Financial Solutions","","","","","","hybrid","Remote, US (Remote)","","Remote, US (Remote)","http://elevatepfs.com/careers/?gnk=job&gni=8a78879e9de07184019e1d5c289a31ae&gns=Indeed+Free","https://www.indeed.com/viewjob?jk=c27bca9c22025407","Program Management, Change Management, Scheduling Management
Deterministic profile match: 3 profile skills mentioned; title alignment 0.0/3.0; domain signals 1. Title relevance penalty 1.0 applied.","","","","2026-05-19T03:39:44.477961+00:00"
"2","Director, Clinical Pharmacology","Arcus Biosciences","","","","","","remote","","","Remote, US (Remote)","https://app.jobvite.com/CompanyJobs/Job.aspx?j=ono8zfwc&loc=CwNcXfwc&s=Indeed","https://www.indeed.com/viewjob?jk=18920d3c63b0f362","Software Project Management, Program Management, SOPs, Risk Management
Deterministic profile match: 4 profile skills mentioned; title alignment 0.0/3.0; domain signals 3. Title relevance penalty 2.5 applied.","","","","2026-05-19T03:39:44.477961+00:00"
"2","Acquisition Manager","indeed","","","","","","remote","","","Remote, US (Remote)","http://www.indeed.com/job/acquisition-manager-c3263d58375eeec5","https://www.indeed.com/viewjob?jk=c3263d58375eeec5","HubSpot
Deterministic profile match: 1 profile skills mentioned; title alignment 0.0/3.0; domain signals 1. Title relevance penalty 1.0 applied.","","","","2026-05-19T03:39:44.477961+00:00"
"2","Client Manager, Surety - Construction Practice","The Baldwin Group","","","","","","remote","","","Remote, US (Remote)","https://baldwin.wd1.myworkdayjobs.com/en-US/Baldwin/job/Remote-US/Client-Manager--Surety---Construction-Practice_JR109661","https://www.indeed.com/viewjob?jk=dd6d50608dc7c917","Presentation Skills, Risk Management, Policy Automation
Deterministic profile match: 3 profile skills mentioned; title alignment 0.0/3.0; domain signals 2. Title relevance penalty 1.0 applied.","","","","2026-05-19T03:39:44.477961+00:00"
"2","Property Adjuster - Inside Estimating ET","Allstate Insurance","","","","","","remote","","","Remote, US (Remote)","https://allstateinsurance.contacthr.com/152148401","https://www.indeed.com/viewjob?jk=473ef5ec558e9218","Program Management, Scheduling Management, Legal Technology
Deterministic profile match: 3 profile skills mentioned; title alignment 0.0/3.0; domain signals 1. Title relevance penalty 1.0 applied.","","","","2026-05-19T03:39:44.477961+00:00"
"2","Sr. Product Marketing Manager","One Rain","","","","","","remote","","","Remote, US (Remote)","http://www.indeed.com/job/sr-product-marketing-manager-39515980f5bc2d7e","https://www.indeed.com/viewjob?jk=39515980f5bc2d7e","Training Enablement, Workflow Automation
Deterministic profile match: 2 profile skills mentioned; title alignment 0.0/3.0; domain signals 4. Title relevance penalty 1.5 applied.","","","","2026-05-19T03:39:44.477961+00:00"
"2","Senior Client Sales Executive","Net at Work","","","","","","remote","","","Remote, US (Remote)","https://ats.rippling.com/netatwork/jobs/f4c2e958-bcd9-4e04-966a-420a2ebc8ee9?jobSite=Indeed","https://www.indeed.com/viewjob?jk=bfb3570f6a72a1de","Program Management, Customer Success, ERP, Legal Technology
Deterministic profile match: 4 profile skills mentioned; title alignment 0.0/3.0; domain signals 5. Title relevance penalty 2.5 applied.","","","","2026-05-19T03:39:44.477961+00:00"
"2","Epic Principal Trainer - Dorothy Application","Grady Health System","","","","","","remote","","","Remote, US (Remote)","https://gmh.wd12.myworkdayjobs.com/en-US/external_careers/job/Remote/Epic-Principal-Trainer---Dorothy-Application_R26001693","https://www.indeed.com/viewjob?jk=28ac3c561d6afa99","SAFe, Mentoring
Deterministic profile match: 2 profile skills mentioned; title alignment 0.0/3.0; domain signals 1. Title relevance penalty 1.0 applied.","","","","2026-05-19T03:39:44.477961+00:00"
"2","Technical Proposal Writer","Strategic Business Assistance Solutions","","","","","","remote","","","Remote, US (Remote)","https://sbasolutions.zohorecruit.com/jobs/Careers/772043000000504155/Technical-Proposal-Writer?source=CareerSite","https://www.indeed.com/viewjob?jk=8862f4aeddbdf587","Software Project Management
Deterministic profile match: 1 profile skills mentioned; title alignment 0.0/3.0; domain signals 2. Title relevance penalty 1.0 applied.","","","","2026-05-19T03:39:44.477961+00:00"
"2","Account Manager","Heartbeat Health","","","","","","remote","","","Remote, US (Remote)","https://jobs.lever.co/heartbeathealth/a43caa23-7683-4d50-ba56-75043c2bb816","https://www.indeed.com/viewjob?jk=38553e7df1445432","Customer Success
Deterministic profile match: 1 profile skills mentioned; title alignment 0.0/3.0; domain signals 4. Title relevance penalty 1.0 applied.","","","","2026-05-19T03:35:32.190761+00:00"
"2","Part Time Tax Manager of Tax Services (100% Remote)","OpStart","","","","","","remote","","","Remote, US (Remote)","http://www.indeed.com/job/part-time-tax-manager-tax-services-100-remote-02c0a78ae31a4d5f","https://www.indeed.com/viewjob?jk=02c0a78ae31a4d5f","Mentoring
Deterministic profile match: 1 profile skills mentioned; title alignment 0.0/3.0; domain signals 4. Title relevance penalty 1.0 applied.","","","","2026-05-19T03:33:24.221345+00:00"
"2","Director, Corporate Partnerships (Fee for Service)","Points of Light","","","","","","remote","","","Remote, US (Remote)","https://workforcenow.adp.com/mascsr/default/mdf/recruitment/recruitment.html?cid=8111a18b-3c54-4bdc-8d99-6bb527a27f0e&ccId=19000101_000003&jobId=949719&jwId=SYS:JW:001&source=IN&lang=en_US","https://www.indeed.com/viewjob?jk=11a6ef37238acc62","Software Project Management, Program Management, Change Management, Resource Planning, Risk Management
Deterministic profile match: 5 profile skills mentioned; title alignment 0.0/3.0; domain signals 4. Title relevance penalty 2.5 applied.","","","","2026-05-19T03:33:24.221345+00:00"
"2","Business Development Manager","Fortis Solutions Group","","","","","","remote","","","Remote, US (Remote)","http://www.indeed.com/job/business-development-manager-f5a22d14340a352a","https://www.indeed.com/viewjob?jk=f5a22d14340a352a","Software Project Management
Deterministic profile match: 1 profile skills mentioned; title alignment 0.0/3.0; domain signals 4. Title relevance penalty 1.0 applied.","","","","2026-05-19T03:33:24.221345+00:00"
"2","Staff Software Engineer","BV Teck","","","","","","remote","","","Remote, US (Remote)","https://brightvisiontechnologies.applytojob.com/apply/NdVS0vIOYo/Staff-Software-Engineer?source=INDE&~","https://www.indeed.com/viewjob?jk=c4ca8aa66296d8ef","Technical Documentation, Roadmap Planning, Customer Success
Deterministic profile match: 3 profile skills mentioned; title alignment 0.0/3.0; domain signals 9. Title relevance penalty 2.5 applied.","","","","2026-05-19T03:33:24.221345+00:00"
"2","QHSE Delivery Manager","hackajob","","","","","","onsite","","","","","https://www.linkedin.com/jobs/view/4404491165","SAFe, Data Governance Frameworks
Deterministic profile match: 2 profile skills mentioned; title alignment 0.0/3.0; domain signals 3. Title relevance penalty 1.0 applied.","","","","2026-05-19T03:33:24.221345+00:00"
"2","Delivery & Fulfillment Manager","LONGi Solar","","","","","","unknown","","","","","https://www.linkedin.com/jobs/view/4415673541","Customer Success, Change Management
Deterministic profile match: 2 profile skills mentioned; title alignment 0.0/3.0; domain signals 1. Title relevance penalty 1.0 applied.","","","","2026-05-19T03:33:24.221345+00:00"
"2","Delivery Manager IT","NTT DATA Europe & Latam","","","","","","unknown","","","","","https://www.linkedin.com/jobs/view/4415683908","
Deterministic profile match: 0 profile skills mentioned; title alignment 0.0/3.0; domain signals 4. Title relevance penalty 1.0 applied.","","","","2026-05-19T03:33:24.221345+00:00"
"2","Client Delivery & Performance Manager (Lead Generation Agency)","Wessel Media","","","","","","remote","","","Remote","","https://www.linkedin.com/jobs/view/4412247862","
Deterministic profile match: 0 profile skills mentioned; title alignment 0.0/3.0; domain signals 2. Title relevance penalty 1.0 applied.","","","","2026-05-19T03:33:24.221345+00:00"
"2","Customer Success Manager","Luma","","","","","","unknown","","","","","https://www.linkedin.com/jobs/view/4411625699","Customer Success, Notion, Figma
Deterministic profile match: 3 profile skills mentioned; title alignment 0.0/3.0; domain signals 1. Title relevance penalty 1.0 applied.","","","","2026-05-19T03:32:04.798805+00:00"
"2","Chief of Staff","Pandit View Software LLC","","","","","","remote","","","Remote, US (Remote)","http://www.indeed.com/job/chief-staff-f6f2ceead4ca6fe9","https://www.indeed.com/viewjob?jk=f6f2ceead4ca6fe9","Software Project Management, Stakeholder Management, Presentation Skills, Change Management, Power BI
Deterministic profile match: 5 profile skills mentioned; title alignment 0.0/3.0; domain signals 4. Title relevance penalty 2.5 applied.","","","","2026-05-19T03:28:48.056786+00:00"
"2","Client Solutions Director- Digital","World Wide Technology","","","","","","remote","","","Remote, US (Remote)","https://recruiting.adp.com/srccsh/public/RTI.home?r=5001183730800&c=2166501&d=WWTExternalCareerSite&rb=INDEED&idUnique=5001183730800","https://www.indeed.com/viewjob?jk=ed6282b70e775649","Software Project Management, Program Management, Customer Success, Legal Technology
Deterministic profile match: 4 profile skills mentioned; title alignment 0.0/3.0; domain signals 5. Title relevance penalty 2.5 applied.","","","","2026-05-19T03:28:48.056786+00:00"
"2","Sequencing Specialist II","Illumina","","","","","","remote","","","Remote, US (Remote)","https://illumina.wd1.myworkdayjobs.com/en-US/illumina-careers/job/US---Remote/Sequencing-Specialist-II_42837-JOB","https://www.indeed.com/viewjob?jk=b62d7dd2c4e092ef","Presentation Skills, Change Management, Resource Planning
Deterministic profile match: 3 profile skills mentioned; title alignment 0.0/3.0; domain signals 1. Title relevance penalty 1.0 applied.","","","","2026-05-19T03:26:29.194443+00:00"
"2","Chief Technology Officer","Digital Harbor Foundation","","","","","","remote","","","Remote, US (Remote)","https://digitalharborfoundation.applytojob.com/apply/U61UO8AICV/Chief-Technology-Officer?source=INDE&~","https://www.indeed.com/viewjob?jk=8ee101dd9d08a9a7","Program Management, Change Management, Risk Management
Deterministic profile match: 3 profile skills mentioned; title alignment 0.0/3.0; domain signals 4. Title relevance penalty 2.5 applied.","","","","2026-05-19T03:26:29.194443+00:00"
"2","Accessibility Specialist","Stride, Inc.","","","","","","remote","","","Remote, US (Remote)","https://strideinc.wd1.myworkdayjobs.com/en-US/SK/job/US-Nationwide---Remote/Accessibility-Specialist_JR114452","https://www.indeed.com/viewjob?jk=87a5eae97b17b35f","Stakeholder Management
Deterministic profile match: 1 profile skills mentioned; title alignment 0.0/3.0; domain signals 3. Title relevance penalty 1.0 applied.","","","","2026-05-19T03:26:29.194443+00:00"
"2","Project Director, Opening Services (Northeast Region)","Choice Hotels","","","","","","remote","","","Remote, US (Remote)","https://choicehotels.wd5.myworkdayjobs.com/en-US/External/job/FieldRemote/Project-Director--Opening-Services_R21764","https://www.indeed.com/viewjob?jk=1f0eef44ad7407b4","Milestone Tracking, Program Management
Deterministic profile match: 2 profile skills mentioned; title alignment 0.0/3.0; domain signals 2. Title relevance penalty 1.5 applied.","","","","2026-05-19T03:26:29.194443+00:00"
"2","Director of Workforce Transformation","Career TEAM","","","","","","remote","","","Remote, US (Remote)","https://grnh.se/hgo7sxsv5us","https://www.indeed.com/viewjob?jk=e39f1f288720469d","Software Project Management, Program Management, Technical Documentation, Change Management, Legal Technology
Deterministic profile match: 5 profile skills mentioned; title alignment 0.0/3.0; domain signals 5. Title relevance penalty 2.5 applied.","","","","2026-05-19T03:26:29.194443+00:00"
"2","IT Network Infrastructure Engineer III","Packaging Corporation of America","","","","","","remote","","","Remote, US (Remote)","https://jobs.dayforcehcm.com/en-US/pca/CANDIDATEPORTAL/jobs/60034","https://www.indeed.com/viewjob?jk=8f5e56ae157fb0e2","
Deterministic profile match: 0 profile skills mentioned; title alignment 0.0/3.0; domain signals 4. Title relevance penalty 1.0 applied.","","","","2026-05-19T03:26:29.194443+00:00"
"2","Lead Mechanical Engineer, Methods and Tooling","GE Vernova","","","","","","remote","","","Remote, US (Remote)","https://careers.gevernova.com/lead-mechanical-engineer-methods-and-tooling/job/R5042171","https://www.indeed.com/viewjob?jk=0db8d97e9384a173","Program Management, Resource Planning
Deterministic profile match: 2 profile skills mentioned; title alignment 0.0/3.0; domain signals 3. Title relevance penalty 1.0 applied.","","","","2026-05-19T03:26:29.194443+00:00"
"2","Mainframe Systems Developer / Mainframe Support Engineer","Superseva Global Services","","","","","","remote","","","Remote, US (Remote)","http://www.indeed.com/job/mainframe-systems-developer-mainframe-support-engineer-745a3871ad6bd6e4","https://www.indeed.com/viewjob?jk=745a3871ad6bd6e4","Technical Documentation
Deterministic profile match: 1 profile skills mentioned; title alignment 0.0/3.0; domain signals 3. Title relevance penalty 1.0 applied.","","","","2026-05-19T03:26:29.194443+00:00"
"2","Key Account Manager","AMETEK","","","","","","remote","","","Remote, US (Remote)","https://jobs.ametek.com/job/Virtual-Key-Account-Manager-99999/1391736700/","https://www.indeed.com/viewjob?jk=9c3619716707c890","Customer Success
Deterministic profile match: 1 profile skills mentioned; title alignment 0.0/3.0; domain signals 1. Title relevance penalty 1.0 applied.","","","","2026-05-19T03:26:29.194443+00:00"
"2","Business Development Manager","Columbus McKinnon","","","","","","remote","","","Remote, US (Remote)","https://career41.sapsf.com/career?company=columbusmc&career_ns=job_listing&career_job_req_id=3042&lang=en_US&source=Indeed","https://www.indeed.com/viewjob?jk=55d145fcf35d0d28","
Deterministic profile match: 0 profile skills mentioned; title alignment 0.0/3.0; domain signals 2. Title relevance penalty 1.0 applied.","","","","2026-05-19T03:26:29.194443+00:00"
"2","Enterprise PMO Operations Director","LIMRA","","","","","","remote","","","Remote, US (Remote)","https://limra-loma.applicantstack.com/x/detail/a2gkybz5er1b","https://www.indeed.com/viewjob?jk=8035bf763231c6fe","SAFe, Stakeholder Management, Program Management, Change Management
Deterministic profile match: 4 profile skills mentioned; title alignment 0.0/3.0; domain signals 4. Title relevance penalty 2.5 applied.","","","","2026-05-19T03:26:29.194443+00:00"
"2","Engineer Customer Service EP Cube - South Italy (m/f/d)","Canadian Solar","","","","","","remote","","","Italy  - Remote","https://canadiansolar.wd5.myworkdayjobs.com/CanadianSolar/job/Italy----Remote/Engineer-Customer-Service-EP-Cube---South-Italy--m-f-d-_10001045","https://canadiansolar.wd5.myworkdayjobs.com/CanadianSolar/job/Italy----Remote/Engineer-Customer-Service-EP-Cube---South-Italy--m-f-d-_10001045","Technical Documentation, System Monitoring
Deterministic profile match: 2 profile skills mentioned; title alignment 0.0/3.0; domain signals 1. Title relevance penalty 1.0 applied.","","","","2026-05-14T23:08:31.349104+00:00"
"2","FY24 - Senior Associate - Risk Assurance - Digital Audit","PwC","","","","","","unknown","","","","https://pwc.wd3.myworkdayjobs.com/Global_Experienced_Careers/job/FY24---Senior-Associate---Risk-Assurance---Digital-Audit_462136WD","https://pwc.wd3.myworkdayjobs.com/Global_Experienced_Careers/job/FY24---Senior-Associate---Risk-Assurance---Digital-Audit_462136WD","Program Management, Change Management, Risk Management
Deterministic profile match: 3 profile skills mentioned; title alignment 0.0/3.0; domain signals 2. Title relevance penalty 1.0 applied.","","","","2026-05-14T23:07:49.170628+00:00"
"2","Deals - Financial Due Diligence, Manager","PwC","","","","","","unknown","","","","https://pwc.wd3.myworkdayjobs.com/Global_Experienced_Careers/job/Deals---Financial-Due-Diligence--Manager_163514WD","https://pwc.wd3.myworkdayjobs.com/Global_Experienced_Careers/job/Deals---Financial-Due-Diligence--Manager_163514WD","
Deterministic profile match: 0 profile skills mentioned; title alignment 0.0/3.0; domain signals 2. Title relevance penalty 1.0 applied.","","","","2026-05-14T23:07:49.170628+00:00"
"2","GSI Client Manager","NVIDIA","","","","","","remote","","","UK, Remote","https://nvidia.wd5.myworkdayjobs.com/NVIDIAExternalCareerSite/job/UK-Remote/GSI-Client-Manager_JR2014412","https://nvidia.wd5.myworkdayjobs.com/NVIDIAExternalCareerSite/job/UK-Remote/GSI-Client-Manager_JR2014412","Program Management
Deterministic profile match: 1 profile skills mentioned; title alignment 0.0/3.0; domain signals 2. Title relevance penalty 1.0 applied.","","","","2026-05-14T23:03:36.733136+00:00"
"2","GSI Client Manager","NVIDIA","","","","","","remote","","","UK, Remote","https://nvidia.wd5.myworkdayjobs.com/NVIDIAExternalCareerSite/job/UK-Remote/GSI-Client-Manager_JR2015716","https://nvidia.wd5.myworkdayjobs.com/NVIDIAExternalCareerSite/job/UK-Remote/GSI-Client-Manager_JR2015716","Program Management
Deterministic profile match: 1 profile skills mentioned; title alignment 0.0/3.0; domain signals 2. Title relevance penalty 1.0 applied.","","","","2026-05-14T23:03:36.733136+00:00"
"2","Business Growth Manager","Thomson Reuters","","","","","","unknown","","","","https://thomsonreuters.wd5.myworkdayjobs.com/External_Career_Site/job/Argentina-Buenos-Aires/Business-Growth-Manager_JREQ200545","https://thomsonreuters.wd5.myworkdayjobs.com/External_Career_Site/job/Argentina-Buenos-Aires/Business-Growth-Manager_JREQ200545","Stakeholder Management
Deterministic profile match: 1 profile skills mentioned; title alignment 0.0/3.0; domain signals 3. Title relevance penalty 1.0 applied.","","","","2026-05-14T22:56:56.263840+00:00"
"2","U.S. Reporter - The Insurer (Level 1 Journalist)","Thomson Reuters","","","","","","unknown","","","","https://thomsonreuters.wd5.myworkdayjobs.com/External_Career_Site/job/United-States-of-America-New-York-New-York/US-Reporter---The-Insurer--Level-1-Journalist-_JREQ199928-1","https://thomsonreuters.wd5.myworkdayjobs.com/External_Career_Site/job/United-States-of-America-New-York-New-York/US-Reporter---The-Insurer--Level-1-Journalist-_JREQ199928-1","Legal Technology
Deterministic profile match: 1 profile skills mentioned; title alignment 0.0/3.0; domain signals 4. Title relevance penalty 1.0 applied.","","","","2026-05-14T22:56:56.263840+00:00"
"2","Key Corporates Account Manager","Thomson Reuters","","","","","","unknown","","","","https://thomsonreuters.wd5.myworkdayjobs.com/External_Career_Site/job/Argentina-Buenos-Aires/Key-Corporates-Account-Manager_JREQ198734","https://thomsonreuters.wd5.myworkdayjobs.com/External_Career_Site/job/Argentina-Buenos-Aires/Key-Corporates-Account-Manager_JREQ198734","Legal Technology
Deterministic profile match: 1 profile skills mentioned; title alignment 0.0/3.0; domain signals 1. Title relevance penalty 1.0 applied.","","","","2026-05-14T22:56:56.263840+00:00"
"2","Customer Success Operations Manager","Thomson Reuters","","","","","","unknown","","","","https://thomsonreuters.wd5.myworkdayjobs.com/External_Career_Site/job/Brazil-So-Paulo-So-Paulo/Customer-Success-Operations-Manager_JREQ199202","https://thomsonreuters.wd5.myworkdayjobs.com/External_Career_Site/job/Brazil-So-Paulo-So-Paulo/Customer-Success-Operations-Manager_JREQ199202","Customer Success, Power BI, Google Sheets
Deterministic profile match: 3 profile skills mentioned; title alignment 0.0/3.0; domain signals 2. Title relevance penalty 1.0 applied.","","","","2026-05-14T22:56:56.263840+00:00"
"2","Senior Account Manager, Canada - WWFO","NVIDIA","","","","","","remote","","","Canada, Remote","https://nvidia.wd5.myworkdayjobs.com/NVIDIAExternalCareerSite/job/Canada-Remote/Senior-Account-Manager--Canada---WWFO_JR2014477","https://nvidia.wd5.myworkdayjobs.com/NVIDIAExternalCareerSite/job/Canada-Remote/Senior-Account-Manager--Canada---WWFO_JR2014477","
Deterministic profile match: 0 profile skills mentioned; title alignment 0.0/3.0; domain signals 3. Title relevance penalty 1.0 applied.","","","","2026-05-14T22:52:11.948793+00:00"
"2","Developer Relations Manager, Mexico","NVIDIA","","","","","","remote","","","Mexico, Remote","https://nvidia.wd5.myworkdayjobs.com/NVIDIAExternalCareerSite/job/Mexico-Remote/Developer-Relations-Manager--Mexico_JR2015203-1","https://nvidia.wd5.myworkdayjobs.com/NVIDIAExternalCareerSite/job/Mexico-Remote/Developer-Relations-Manager--Mexico_JR2015203-1","
Deterministic profile match: 0 profile skills mentioned; title alignment 0.0/3.0; domain signals 3. Title relevance penalty 1.0 applied.","","","","2026-05-14T22:52:11.948793+00:00"
"2","Senior Fund Analyst ? Financial Reporting & Taxation","BMO","","","","","","remote","","","REMOTE/TELETRAVAIL, ON, CAN","https://bmo.wd3.myworkdayjobs.com/External/job/REMOTETELETRAVAIL-ON-CAN/Senior-Fund-Analyst---Financial-Reporting---Taxation_R260010959","https://bmo.wd3.myworkdayjobs.com/External/job/REMOTETELETRAVAIL-ON-CAN/Senior-Fund-Analyst---Financial-Reporting---Taxation_R260010959","Change Management
Deterministic profile match: 1 profile skills mentioned; title alignment 0.0/3.0; domain signals 3. Title relevance penalty 1.0 applied.","","","","2026-05-14T22:50:19.953072+00:00"
"2","Senior Director, Nonclinical Safety Evaluation","Moderna","","","","","","onsite","","","","https://modernatx.wd1.myworkdayjobs.com/M_tx/job/Cambridge-Massachusetts/Senior-Director--Nonclinical-Safety-Evaluation_R18713-1","https://modernatx.wd1.myworkdayjobs.com/M_tx/job/Cambridge-Massachusetts/Senior-Director--Nonclinical-Safety-Evaluation_R18713-1","Program Management, Presentation Skills, Mentoring, Change Management, Risk Management, Legal Technology
Deterministic profile match: 6 profile skills mentioned; title alignment 0.0/3.0; domain signals 3. Title relevance penalty 2.5 applied.","","","","2026-05-14T22:46:13.005291+00:00"
"2","Affiliate Clinical Counselor EAP Sorel-Tracy","TELUS Health","","","","","","unknown","","","","https://lifeworks.wd3.myworkdayjobs.com/External/job/Affili-PAE-Sorel-Tracy_R-20814","https://lifeworks.wd3.myworkdayjobs.com/External/job/Affili-PAE-Sorel-Tracy_R-20814","
Deterministic profile match: 0 profile skills mentioned; title alignment 0.0/3.0; domain signals 3. Title relevance penalty 1.0 applied.","","","","2026-05-14T22:41:40.095518+00:00"
"2","Assurance - Manager/Senior Manager - Accounting Advisory Services (IFRS 17/9)","PwC","","","","","","unknown","","","","https://pwc.wd3.myworkdayjobs.com/Global_Experienced_Careers/job/Assurance---Manager-Senior-Manager---Accounting-Advisory-Services--IFRS-17-9-_262999WD","https://pwc.wd3.myworkdayjobs.com/Global_Experienced_Careers/job/Assurance---Manager-Senior-Manager---Accounting-Advisory-Services--IFRS-17-9-_262999WD","Stakeholder Management, Mentoring
Deterministic profile match: 2 profile skills mentioned; title alignment 0.0/3.0; domain signals 3. Title relevance penalty 1.0 applied.","","","","2026-05-14T22:36:15.696062+00:00"
"2","Associate Director, Commercial Operations (Trade Operations)","Moderna","","","","","","onsite","","","","https://modernatx.wd1.myworkdayjobs.com/M_tx/job/USA---New-Jersey---Princeton---5-Vaughn-Drive/Associate-Director--Commercial-Operations--Trade-Operations-_R18925-2","https://modernatx.wd1.myworkdayjobs.com/M_tx/job/USA---New-Jersey---Princeton---5-Vaughn-Drive/Associate-Director--Commercial-Operations--Trade-Operations-_R18925-2","Program Management, Customer Success, Change Management, KPI Tracking, Deployment Workflows, Legal Technology
Deterministic profile match: 6 profile skills mentioned; title alignment 0.0/3.0; domain signals 3. Title relevance penalty 2.5 applied.","","","","2026-05-14T22:35:44.018180+00:00"
"2","Director, Trade Operations, US","Moderna","","","","","","onsite","","","","https://modernatx.wd1.myworkdayjobs.com/M_tx/job/Princeton-New-Jersey/Director--Trade-Operations--US_R19125","https://modernatx.wd1.myworkdayjobs.com/M_tx/job/Princeton-New-Jersey/Director--Trade-Operations--US_R19125","Customer Success, Change Management, Legal Technology
Deterministic profile match: 3 profile skills mentioned; title alignment 0.0/3.0; domain signals 5. Title relevance penalty 2.5 applied.","","","","2026-05-14T22:35:44.018180+00:00"
"2","Senior Director, Global Payroll","Moderna","","","","","","onsite","","","","https://modernatx.wd1.myworkdayjobs.com/M_tx/job/Cambridge-Massachusetts/Senior-Director--Global-Payroll_R19219","https://modernatx.wd1.myworkdayjobs.com/M_tx/job/Cambridge-Massachusetts/Senior-Director--Global-Payroll_R19219","Roadmap Planning, Change Management, Legal Technology
Deterministic profile match: 3 profile skills mentioned; title alignment 0.0/3.0; domain signals 5. Title relevance penalty 2.5 applied.","","","","2026-05-14T22:35:44.018180+00:00"
"2","Associate Director, Pharmacovigilance Country Head ? Mexico","Moderna","","","","","","onsite","","","","https://modernatx.wd1.myworkdayjobs.com/M_tx/job/Ciudad-de-Mxico---Mexico/Associate-Director--Pharmacovigilance-Country-Head---Mexico_R18969-1","https://modernatx.wd1.myworkdayjobs.com/M_tx/job/Ciudad-de-Mxico---Mexico/Associate-Director--Pharmacovigilance-Country-Head---Mexico_R18969-1","Stakeholder Management, Change Management, Risk Management, System Monitoring, Legal Technology
Deterministic profile match: 5 profile skills mentioned; title alignment 0.0/3.0; domain signals 4. Title relevance penalty 2.5 applied.","","","","2026-05-14T22:35:44.018180+00:00"
"2","Senior Solutions Architect, Networking","NVIDIA","","","","","","hybrid","US, CA, Remote","","US, CA, Remote","https://nvidia.wd5.myworkdayjobs.com/NVIDIAExternalCareerSite/job/US-CA-Remote/Senior-Solutions-Architect--Networking_JR2015507","https://nvidia.wd5.myworkdayjobs.com/NVIDIAExternalCareerSite/job/US-CA-Remote/Senior-Solutions-Architect--Networking_JR2015507","AI/ML
Deterministic profile match: 1 profile skills mentioned; title alignment 0.0/3.0; domain signals 2. Title relevance penalty 1.0 applied.","","","","2026-05-14T22:32:17.257383+00:00"
"2","Global GSI Lead, Healthcare and Life Sciences Ecosystem","NVIDIA","","","","","","remote","","","US, CA, Remote","https://nvidia.wd5.myworkdayjobs.com/NVIDIAExternalCareerSite/job/US-CA-Remote/Global-GSI-Lead--Healthcare-and-Life-Sciences-Ecosystem_JR2003681","https://nvidia.wd5.myworkdayjobs.com/NVIDIAExternalCareerSite/job/US-CA-Remote/Global-GSI-Lead--Healthcare-and-Life-Sciences-Ecosystem_JR2003681","
Deterministic profile match: 0 profile skills mentioned; title alignment 0.0/3.0; domain signals 4. Title relevance penalty 1.0 applied.","","","","2026-05-14T22:32:17.257383+00:00"
"2","Fulfilment Officer","Manulife","","","","","","remote","","","CAN, British Columbia - Full Time Remote","https://manulife.wd3.myworkdayjobs.com/MFCJH_Jobs/job/CAN-British-Columbia---Full-Time-Remote/Fulfilment-Officer_JR26041101","https://manulife.wd3.myworkdayjobs.com/MFCJH_Jobs/job/CAN-British-Columbia---Full-Time-Remote/Fulfilment-Officer_JR26041101","Program Management
Deterministic profile match: 1 profile skills mentioned; title alignment 0.0/3.0; domain signals 2. Title relevance penalty 1.0 applied.","","","","2026-05-14T22:30:10.315458+00:00"
"2","AVP, Longer Healthier Better Advisor Network","Manulife","","","","","","remote","","","US Full time - Remote","https://manulife.wd3.myworkdayjobs.com/MFCJH_Jobs/job/US-Full-time---Remote/Director--LongerHealthierBetter-Advisor-Network_JR26011305","https://manulife.wd3.myworkdayjobs.com/MFCJH_Jobs/job/US-Full-time---Remote/Director--LongerHealthierBetter-Advisor-Network_JR26011305","
Deterministic profile match: 0 profile skills mentioned; title alignment 0.0/3.0; domain signals 2. Title relevance penalty 1.0 applied.","","","","2026-05-14T22:30:10.315458+00:00"
"2","Sr. Legal Counsel","Canadian Solar","","","","","","remote","","","US - Remote","https://canadiansolar.wd5.myworkdayjobs.com/CanadianSolar/job/US---Remote/Sr-Legal-Counsel_10001059-1","https://canadiansolar.wd5.myworkdayjobs.com/CanadianSolar/job/US---Remote/Sr-Legal-Counsel_10001059-1","Workflow Automation
Deterministic profile match: 1 profile skills mentioned; title alignment 0.0/3.0; domain signals 1. Title relevance penalty 1.0 applied.","","","","2026-05-14T22:27:52.121023+00:00"
"2","Executive Director, Research & Development Quality Assurance (RDQA)","Moderna","","","","","","onsite","","","","https://modernatx.wd1.myworkdayjobs.com/M_tx/job/Cambridge-Massachusetts/Executive-Director--Research---Development-Quality-Assurance--RDQA-_R18596-1","https://modernatx.wd1.myworkdayjobs.com/M_tx/job/Cambridge-Massachusetts/Executive-Director--Research---Development-Quality-Assurance--RDQA-_R18596-1","Change Management, Resource Planning, Risk Management, Database Access Governance, Legal Technology
Deterministic profile match: 5 profile skills mentioned; title alignment 0.0/3.0; domain signals 5. Title relevance penalty 2.5 applied.","","","","2026-05-14T22:26:35.890133+00:00"
"2","Market Development Executive, U.S. Navy","Motorola Solutions","","","","","","remote","","","California Southern Remote Work, More...","https://motorolasolutions.wd5.myworkdayjobs.com/Careers/job/California-Southern-Remote-Work/Market-Development-Executive--US-Navy_R60979","https://motorolasolutions.wd5.myworkdayjobs.com/Careers/job/California-Southern-Remote-Work/Market-Development-Executive--US-Navy_R60979","Program Management, Presentation Skills
Deterministic profile match: 2 profile skills mentioned; title alignment 0.0/3.0; domain signals 1. Title relevance penalty 1.0 applied.","","","","2026-05-14T22:22:43.289579+00:00"
"2","Market Development Executive, United States Air Force & Space Force","Motorola Solutions","","","","","","remote","","","California Southern Remote Work, More...","https://motorolasolutions.wd5.myworkdayjobs.com/Careers/job/California-Southern-Remote-Work/Market-Development-Executive--United-States-Air-Force---Space-Force_R61169","https://motorolasolutions.wd5.myworkdayjobs.com/Careers/job/California-Southern-Remote-Work/Market-Development-Executive--United-States-Air-Force---Space-Force_R61169","Program Management
Deterministic profile match: 1 profile skills mentioned; title alignment 0.0/3.0; domain signals 1. Title relevance penalty 1.0 applied.","","","","2026-05-14T22:22:43.289579+00:00"
"2","Manager Inside Sales","Adobe","","","","","","remote","","","Remote India","https://adobe.wd5.myworkdayjobs.com/external_experienced/job/Remote-India/Manager-Inside-Sales_R144638","https://adobe.wd5.myworkdayjobs.com/external_experienced/job/Remote-India/Manager-Inside-Sales_R144638","SQL, Mentoring, Customer Success, Resource Planning
Deterministic profile match: 4 profile skills mentioned; title alignment 0.0/3.0; domain signals 4. Title relevance penalty 2.5 applied.","","","","2026-05-14T22:21:34.326711+00:00"
"2","Enterprise Account Director - Retail","Adobe","","","","","","remote","","","Remote New Jersey","https://adobe.wd5.myworkdayjobs.com/external_experienced/job/Remote-New-Jersey/Enterprise-Account-Director---Retail_R167640","https://adobe.wd5.myworkdayjobs.com/external_experienced/job/Remote-New-Jersey/Enterprise-Account-Director---Retail_R167640","Roadmap Planning, Legal Technology
Deterministic profile match: 2 profile skills mentioned; title alignment 0.0/3.0; domain signals 6. Title relevance penalty 2.5 applied.","","","","2026-05-14T22:21:34.326711+00:00"
"2","Product Sales Specialist - Brand Visibility","Adobe","","","","","","remote","","","Remote Switzerland","https://adobe.wd5.myworkdayjobs.com/external_experienced/job/Remote-Switzerland/Product-Sales-Specialist---Brand-Visibility_R166818-1","https://adobe.wd5.myworkdayjobs.com/external_experienced/job/Remote-Switzerland/Product-Sales-Specialist---Brand-Visibility_R166818-1","
Deterministic profile match: 0 profile skills mentioned; title alignment 0.0/3.0; domain signals 4. Title relevance penalty 1.5 applied.","","","","2026-05-14T22:21:34.326711+00:00"
"2","Senior Solutions Architect, NPN","NVIDIA","","","","","","hybrid","US, VA, Remote","","US, VA, Remote","https://nvidia.wd5.myworkdayjobs.com/NVIDIAExternalCareerSite/job/US-VA-Remote/Senior-Solutions-Architect--NPN_JR2014278","https://nvidia.wd5.myworkdayjobs.com/NVIDIAExternalCareerSite/job/US-VA-Remote/Senior-Solutions-Architect--NPN_JR2014278","Python
Deterministic profile match: 1 profile skills mentioned; title alignment 0.0/3.0; domain signals 3. Title relevance penalty 1.0 applied.","","","","2026-05-14T22:20:37.331030+00:00"
"2","Slack Paid Digital Marketing, Senior Manager","Salesforce","","","","","","remote","","","Germany - Munich - Remote","https://salesforce.wd12.myworkdayjobs.com/External_Career_Site/job/Germany---Munich---Remote/Slack-Paid-Digital-Marketing--Senior-Manager_JR326511","https://salesforce.wd12.myworkdayjobs.com/External_Career_Site/job/Germany---Munich---Remote/Slack-Paid-Digital-Marketing--Senior-Manager_JR326511","Stakeholder Management, Customer Success, Google Analytics
Deterministic profile match: 3 profile skills mentioned; title alignment 0.0/3.0; domain signals 2. Title relevance penalty 1.0 applied.","","","","2026-05-14T22:19:45.852175+00:00"
"2","Global Process Owner - Sales and Operations Planning","Ciena","","","","","","remote","","","Remote-US","https://ciena.wd5.myworkdayjobs.com/Careers/job/Remote-US/Global-Process-Owner---Sales-and-Operations-Planning_R029895","https://ciena.wd5.myworkdayjobs.com/Careers/job/Remote-US/Global-Process-Owner---Sales-and-Operations-Planning_R029895","Program Management, Roadmap Planning, Resource Planning, Risk Management
Deterministic profile match: 4 profile skills mentioned; title alignment 0.0/3.0; domain signals 4. Title relevance penalty 2.5 applied.","","","","2026-05-14T22:18:53.128608+00:00"
"2","Global Tax Accountant","Ciena","","","","","","remote","","","Remote-US-MD","https://ciena.wd5.myworkdayjobs.com/Careers/job/Remote-US-MD/Global-Tax-Accountant_R030707","https://ciena.wd5.myworkdayjobs.com/Careers/job/Remote-US-MD/Global-Tax-Accountant_R030707","Requirements Gathering
Deterministic profile match: 1 profile skills mentioned; title alignment 0.0/3.0; domain signals 1. Title relevance penalty 1.0 applied.","","","","2026-05-14T22:18:53.128608+00:00"
"2","Bilingual Internal Business Development Manager","Manulife","","","","","","remote","","","CAN, Quebec - Full Time Remote","https://manulife.wd3.myworkdayjobs.com/MFCJH_Jobs/job/CAN-Quebec---Full-Time-Remote/Bilingual-Internal-Business-Development-Manager_JR26040723-1","https://manulife.wd3.myworkdayjobs.com/MFCJH_Jobs/job/CAN-Quebec---Full-Time-Remote/Bilingual-Internal-Business-Development-Manager_JR26040723-1","Program Management, Presentation Skills
Deterministic profile match: 2 profile skills mentioned; title alignment 0.0/3.0; domain signals 2. Title relevance penalty 1.0 applied.","","","","2026-05-14T22:17:10.020978+00:00"
"2","Chief Operating Officer, Western U.S. Agriculture Operations","Manulife","","","","","","remote","","","USA, California - Full Time Remote","https://manulife.wd3.myworkdayjobs.com/MFCJH_Jobs/job/USA-California---Full-Time-Remote/Chief-Operating-Officer--Western-US-Agriculture-Operations_JR26021233","https://manulife.wd3.myworkdayjobs.com/MFCJH_Jobs/job/USA-California---Full-Time-Remote/Chief-Operating-Officer--Western-US-Agriculture-Operations_JR26021233","Stakeholder Management, Program Management, Presentation Skills, Change Management, Risk Management
Deterministic profile match: 5 profile skills mentioned; title alignment 0.0/3.0; domain signals 4. Title relevance penalty 2.5 applied.","","","","2026-05-14T22:17:10.020978+00:00"
"2","External Wholesaler - Mass Market","Manulife","","","","","","remote","","","CAN, Quebec - Full Time Remote","https://manulife.wd3.myworkdayjobs.com/MFCJH_Jobs/job/CAN-Quebec---Full-Time-Remote/Wholesaler---Mass-Market_JR26031059-1","https://manulife.wd3.myworkdayjobs.com/MFCJH_Jobs/job/CAN-Quebec---Full-Time-Remote/Wholesaler---Mass-Market_JR26031059-1","Program Management, Presentation Skills, Risk Management
Deterministic profile match: 3 profile skills mentioned; title alignment 0.0/3.0; domain signals 2. Title relevance penalty 1.0 applied.","","","","2026-05-14T22:17:10.020978+00:00"
"2","Regional Development Manager, C&I Turnkey Systems","Canadian Solar","","","","","","remote","","","US - Remote","https://canadiansolar.wd5.myworkdayjobs.com/CanadianSolar/job/US---Remote/Regional-Development-Manager--C-I-Turnkey-Systems_10001070","https://canadiansolar.wd5.myworkdayjobs.com/CanadianSolar/job/US---Remote/Regional-Development-Manager--C-I-Turnkey-Systems_10001070","Program Management, Presentation Skills, Customer Success
Deterministic profile match: 3 profile skills mentioned; title alignment 0.0/3.0; domain signals 2. Title relevance penalty 1.0 applied.","","","","2026-05-14T22:13:28.680494+00:00"
"2","Senior BESS Performance Analyst","Canadian Solar","","","","","","remote","","","US - Remote","https://canadiansolar.wd5.myworkdayjobs.com/CanadianSolar/job/US---Remote/Senior-BESS-Performance-Analyst_10000858-1","https://canadiansolar.wd5.myworkdayjobs.com/CanadianSolar/job/US---Remote/Senior-BESS-Performance-Analyst_10000858-1","Technical Documentation, Customer Success, System Monitoring
Deterministic profile match: 3 profile skills mentioned; title alignment 0.0/3.0; domain signals 2. Title relevance penalty 1.0 applied.","","","","2026-05-14T22:13:28.680494+00:00"
"2","Director of Business Development, Power Solutions","Canadian Solar","","","","","","remote","","","US - Remote","https://canadiansolar.wd5.myworkdayjobs.com/CanadianSolar/job/US---Remote/Director-of-Business-Development--Power-Solutions_10000944","https://canadiansolar.wd5.myworkdayjobs.com/CanadianSolar/job/US---Remote/Director-of-Business-Development--Power-Solutions_10000944","Roadmap Planning, AWS, Google Cloud
Deterministic profile match: 3 profile skills mentioned; title alignment 0.0/3.0; domain signals 5. Title relevance penalty 2.5 applied.","","","","2026-05-14T22:13:28.680494+00:00"
"2","Org designer","PwC","","","","","","unknown","","","","https://pwc.wd3.myworkdayjobs.com/Global_Experienced_Careers/job/Org-designer_689129WD","https://pwc.wd3.myworkdayjobs.com/Global_Experienced_Careers/job/Org-designer_689129WD","
Deterministic profile match: 0 profile skills mentioned; title alignment 0.0/3.0; domain signals 2. Title relevance penalty 1.0 applied.","","","","2026-05-14T22:12:35.179630+00:00"
"2","CMAAS - Manager","PwC","","","","","","unknown","","","","https://pwc.wd3.myworkdayjobs.com/Global_Experienced_Careers/job/CMAAS---Manager_703180WD-2","https://pwc.wd3.myworkdayjobs.com/Global_Experienced_Careers/job/CMAAS---Manager_703180WD-2","Change Management, Risk Management
Deterministic profile match: 2 profile skills mentioned; title alignment 0.0/3.0; domain signals 3. Title relevance penalty 1.0 applied.","","","","2026-05-14T22:12:35.179630+00:00"
"2","Manager - Deals - Corporate Finance","PwC","","","","","","unknown","","","","https://pwc.wd3.myworkdayjobs.com/Global_Experienced_Careers/job/Manager---Deals---Corporate-Finance_702369WD","https://pwc.wd3.myworkdayjobs.com/Global_Experienced_Careers/job/Manager---Deals---Corporate-Finance_702369WD","Change Management
Deterministic profile match: 1 profile skills mentioned; title alignment 0.0/3.0; domain signals 3. Title relevance penalty 1.0 applied.","","","","2026-05-14T22:12:35.179630+00:00"
"2","Manager - Corporate Tax Advisory","PwC","","","","","","unknown","","","","https://pwc.wd3.myworkdayjobs.com/Global_Experienced_Careers/job/Manager---Corporate-Tax-Advisory_648405WD","https://pwc.wd3.myworkdayjobs.com/Global_Experienced_Careers/job/Manager---Corporate-Tax-Advisory_648405WD","Change Management, Risk Management
Deterministic profile match: 2 profile skills mentioned; title alignment 0.0/3.0; domain signals 1. Title relevance penalty 1.0 applied.","","","","2026-05-14T22:12:35.179630+00:00"
"2","(Fixed Term) Laboratory Technician, Clinical Biomarker Laboratory, Immunoassay","Moderna","","","","","","remote","","","","https://modernatx.wd1.myworkdayjobs.com/M_tx/job/Oxford---England/XMLNAME--Fixed-Term--Laboratory-Technician--Clinical-Biomarker-Laboratory--Immunoassay_R19148-1","https://modernatx.wd1.myworkdayjobs.com/M_tx/job/Oxford---England/XMLNAME--Fixed-Term--Laboratory-Technician--Clinical-Biomarker-Laboratory--Immunoassay_R19148-1","Presentation Skills, SOPs, Legal Technology
Deterministic profile match: 3 profile skills mentioned; title alignment 0.0/3.0; domain signals 2. Title relevance penalty 1.0 applied.","","","","2026-05-14T22:12:00.818278+00:00"
"2","Associate Director, Stability Lead Development & Clinical","Moderna","","","","","","onsite","","","","https://modernatx.wd1.myworkdayjobs.com/M_tx/job/Norwood-Massachusetts/Associate-Director--Stability-Lead-Development---Clinical_R19030-1","https://modernatx.wd1.myworkdayjobs.com/M_tx/job/Norwood-Massachusetts/Associate-Director--Stability-Lead-Development---Clinical_R19030-1","Program Management, Mentoring, Change Management, Risk Management, Legal Technology
Deterministic profile match: 5 profile skills mentioned; title alignment 0.0/3.0; domain signals 5. Title relevance penalty 2.5 applied.","","","","2026-05-14T22:12:00.818278+00:00"
"2","Director, Analytical Development","Moderna","","","","","","remote","","","","https://modernatx.wd1.myworkdayjobs.com/M_tx/job/Norwood-Massachusetts/Director--Analytical-Development_R19024-1","https://modernatx.wd1.myworkdayjobs.com/M_tx/job/Norwood-Massachusetts/Director--Analytical-Development_R19024-1","Program Management, Change Management, Legal Technology
Deterministic profile match: 3 profile skills mentioned; title alignment 0.0/3.0; domain signals 5. Title relevance penalty 2.5 applied.","","","","2026-05-14T22:12:00.818278+00:00"
"2","Country Medical Director - Taiwan","Moderna","","","","","","onsite","","","","https://modernatx.wd1.myworkdayjobs.com/M_tx/job/TWN---Taipei---Xinyi---101-Tower/Country-Medical-Director---Taiwan_R18981-1","https://modernatx.wd1.myworkdayjobs.com/M_tx/job/TWN---Taipei---Xinyi---101-Tower/Country-Medical-Director---Taiwan_R18981-1","Customer Success, Legal Technology
Deterministic profile match: 2 profile skills mentioned; title alignment 0.0/3.0; domain signals 6. Title relevance penalty 2.5 applied.","","","","2026-05-14T22:12:00.818278+00:00"
"2","Associate Director, Sterility Assurance","Moderna","","","","","","onsite","","","","https://modernatx.wd1.myworkdayjobs.com/M_tx/job/Norwood-Massachusetts/Associate-Director--Sterility-Assurance_R18378-1","https://modernatx.wd1.myworkdayjobs.com/M_tx/job/Norwood-Massachusetts/Associate-Director--Sterility-Assurance_R18378-1","Root Cause Analysis, Technical Documentation, SOPs, System Monitoring, Legal Technology
Deterministic profile match: 5 profile skills mentioned; title alignment 0.0/3.0; domain signals 4. Title relevance penalty 2.5 applied.","","","","2026-05-14T22:12:00.818278+00:00"
"2","Systems Engineer/Technician - Ing?nieur/Technicien en syst?mes","Motorola Solutions","","","","","","remote","","","Quebec Remote Work","https://motorolasolutions.wd5.myworkdayjobs.com/Careers/job/Quebec-Remote-Work/Systems-Engineer-Technician---Ingnieur-Technicien-en-systmes_R64094","https://motorolasolutions.wd5.myworkdayjobs.com/Careers/job/Quebec-Remote-Work/Systems-Engineer-Technician---Ingnieur-Technicien-en-systmes_R64094","Technical Documentation, Customer Success
Deterministic profile match: 2 profile skills mentioned; title alignment 0.0/3.0; domain signals 3. Title relevance penalty 1.0 applied.","","","","2026-05-14T22:09:56.379824+00:00"
"2","Field Service Technician III","Motorola Solutions","","","","","","remote","","","Virginia Remote Work, More...","https://motorolasolutions.wd5.myworkdayjobs.com/Careers/job/Virginia-Remote-Work/Field-Service-Technician-III_R64531","https://motorolasolutions.wd5.myworkdayjobs.com/Careers/job/Virginia-Remote-Work/Field-Service-Technician-III_R64531","Program Management, Legal Technology
Deterministic profile match: 2 profile skills mentioned; title alignment 0.0/3.0; domain signals 1. Title relevance penalty 1.0 applied.","","","","2026-05-14T22:09:56.379824+00:00"
"2","Onsite Senior Federal Field Services Manager","Motorola Solutions","","","","","","remote","","","Washington DC Remote Work, More...","https://motorolasolutions.wd5.myworkdayjobs.com/Careers/job/Washington-DC-Remote-Work/Onsite-Senior-Federal-Field-Services-Manager_R64566","https://motorolasolutions.wd5.myworkdayjobs.com/Careers/job/Washington-DC-Remote-Work/Onsite-Senior-Federal-Field-Services-Manager_R64566","Technical Documentation, Legal Technology
Deterministic profile match: 2 profile skills mentioned; title alignment 0.0/3.0; domain signals 3. Title relevance penalty 1.0 applied.","","","","2026-05-14T22:09:56.379824+00:00"
"2","Service Delivery Manager - Greater Los Angeles","Motorola Solutions","","","","","","hybrid","California Southern Remote Work","","California Southern Remote Work","https://motorolasolutions.wd5.myworkdayjobs.com/Careers/job/California-Southern-Remote-Work/Service-Delivery-Manager---Greater-Los-Angeles_R62399","https://motorolasolutions.wd5.myworkdayjobs.com/Careers/job/California-Southern-Remote-Work/Service-Delivery-Manager---Greater-Los-Angeles_R62399","Hybrid Project Management, Risk Management, Legal Technology
Deterministic profile match: 3 profile skills mentioned; title alignment 0.0/3.0; domain signals 2. Title relevance penalty 1.0 applied.","","","","2026-05-14T22:09:56.379824+00:00"
"2","Field Service Engineer - US Remote","Motorola Solutions","","","","","","remote","","","Texas Remote Work, More...","https://motorolasolutions.wd5.myworkdayjobs.com/Careers/job/Texas-Remote-Work/Field-Service-Engineer---US-Remote_R63226","https://motorolasolutions.wd5.myworkdayjobs.com/Careers/job/Texas-Remote-Work/Field-Service-Engineer---US-Remote_R63226","
Deterministic profile match: 0 profile skills mentioned; title alignment 0.0/3.0; domain signals 3. Title relevance penalty 1.0 applied.","","","","2026-05-14T22:09:56.379824+00:00"
"2","AI Application Specialist","Motorola Solutions","C:\Users\bsing\.applypilot\tailored_resumes\software-pm\047_7_Motorola_Solutions_AI_Application_Specialist.txt","failed_validation","Company 'Sakhi' missing from experience; Company 'The Samaritans of New York' missing from experience","","","remote","","","Texas Remote Work","https://motorolasolutions.wd5.myworkdayjobs.com/Careers/job/Texas-Remote-Work/AI-Application-Specialist_R64508","https://motorolasolutions.wd5.myworkdayjobs.com/Careers/job/Texas-Remote-Work/AI-Application-Specialist_R64508","SOPs, AI/ML
Deterministic profile match: 2 profile skills mentioned; title alignment 0.0/3.0; domain signals 3. Title relevance penalty 1.0 applied.","","","","2026-05-14T22:09:56.379824+00:00"
"2","RF / Microwave Practice Office Engineer","Motorola Solutions","","","","","","remote","","","Maryland Remote Work, More...","https://motorolasolutions.wd5.myworkdayjobs.com/Careers/job/Maryland-Remote-Work/RF---Microwave-Practice-Office-Engineer_R63337","https://motorolasolutions.wd5.myworkdayjobs.com/Careers/job/Maryland-Remote-Work/RF---Microwave-Practice-Office-Engineer_R63337","Technical Documentation
Deterministic profile match: 1 profile skills mentioned; title alignment 0.0/3.0; domain signals 2. Title relevance penalty 1.0 applied.","","","","2026-05-14T22:09:56.379824+00:00"
"2","Product Specialist - Firefly Enterprise Sales","Adobe","","","","","","remote","","","Remote California","https://adobe.wd5.myworkdayjobs.com/external_experienced/job/Remote-California/Product-Specialist-Overlay-Sales-Acct-Manager_R166428","https://adobe.wd5.myworkdayjobs.com/external_experienced/job/Remote-California/Product-Specialist-Overlay-Sales-Acct-Manager_R166428","Resource Planning
Deterministic profile match: 1 profile skills mentioned; title alignment 0.0/3.0; domain signals 4. Title relevance penalty 1.5 applied.","","","","2026-05-14T22:08:34.888181+00:00"
"2","Senior Packaging Technical Engineer - Hardware","NVIDIA","","","","","","remote","","","US, CA, Remote","https://nvidia.wd5.myworkdayjobs.com/NVIDIAExternalCareerSite/job/US-CA-Remote/Senior-Packaging-Technical-Engineer---Hardware_JR2014629","https://nvidia.wd5.myworkdayjobs.com/NVIDIAExternalCareerSite/job/US-CA-Remote/Senior-Packaging-Technical-Engineer---Hardware_JR2014629","Python
Deterministic profile match: 1 profile skills mentioned; title alignment 0.0/3.0; domain signals 2. Title relevance penalty 1.0 applied.","","","","2026-05-14T22:07:43.149559+00:00"
"2","Head of Strategic Contracts and M&A, Public Sector","NVIDIA","","","","","","hybrid","US, VA, Remote","","US, VA, Remote","https://nvidia.wd5.myworkdayjobs.com/NVIDIAExternalCareerSite/job/US-VA-Remote/Head-of-Strategic-Contracts-and-M-A--Public-Sector_JR2013188","https://nvidia.wd5.myworkdayjobs.com/NVIDIAExternalCareerSite/job/US-VA-Remote/Head-of-Strategic-Contracts-and-M-A--Public-Sector_JR2013188","Legal Technology
Deterministic profile match: 1 profile skills mentioned; title alignment 0.0/3.0; domain signals 1. Title relevance penalty 1.0 applied.","","","","2026-05-14T22:07:43.149559+00:00"
"2","Manager, Data Center Infrastructure Materials","NVIDIA","","","","","","remote","","","US, CA, Remote","https://nvidia.wd5.myworkdayjobs.com/NVIDIAExternalCareerSite/job/US-CA-Remote/Manager--Data-Center-Infrastructure-Materials_JR2016661","https://nvidia.wd5.myworkdayjobs.com/NVIDIAExternalCareerSite/job/US-CA-Remote/Manager--Data-Center-Infrastructure-Materials_JR2016661","
Deterministic profile match: 0 profile skills mentioned; title alignment 0.0/3.0; domain signals 2. Title relevance penalty 1.0 applied.","","","","2026-05-14T22:07:43.149559+00:00"
"2","Salesforce ??? (Salesforce Architect)","Salesforce","","","","","","remote","","","Taiwan - Remote","https://salesforce.wd12.myworkdayjobs.com/External_Career_Site/job/Taiwan---Remote/Salesforce---Salesforce-Architect-_JR333502","https://salesforce.wd12.myworkdayjobs.com/External_Career_Site/job/Taiwan---Remote/Salesforce---Salesforce-Architect-_JR333502","Customer Success
Deterministic profile match: 1 profile skills mentioned; title alignment 0.0/3.0; domain signals 4. Title relevance penalty 1.0 applied.","","","","2026-05-14T22:07:01.612876+00:00"
"2","Photonics Process Integration Expert","Ciena","","","","","","remote","","","Remote - Malaysia","https://ciena.wd5.myworkdayjobs.com/Careers/job/Remote---Malaysia/Photonics-Process-Integration-Expert_R030720","https://ciena.wd5.myworkdayjobs.com/Careers/job/Remote---Malaysia/Photonics-Process-Integration-Expert_R030720","Root Cause Analysis, Change Management
Deterministic profile match: 2 profile skills mentioned; title alignment 0.0/3.0; domain signals 3. Title relevance penalty 1.0 applied.","","","","2026-05-14T22:06:26.829660+00:00"
"2","Sr. Performance Engineer","Canadian Solar","","","","","","remote","","","Canada - Remote","https://canadiansolar.wd5.myworkdayjobs.com/CanadianSolar/job/Canada---Remote/Sr-Performance-Engineer_10000879-1","https://canadiansolar.wd5.myworkdayjobs.com/CanadianSolar/job/Canada---Remote/Sr-Performance-Engineer_10000879-1","Root Cause Analysis, Customer Success, System Monitoring
Deterministic profile match: 3 profile skills mentioned; title alignment 0.0/3.0; domain signals 2. Title relevance penalty 1.0 applied.","","","","2026-05-14T22:03:23.687348+00:00"
"2","Sr. Performance Engineer","Canadian Solar","","","","","","remote","","","United Kingdom - Remote","https://canadiansolar.wd5.myworkdayjobs.com/CanadianSolar/job/United-Kingdom---Remote/Sr-Performance-Engineer_10000917-1","https://canadiansolar.wd5.myworkdayjobs.com/CanadianSolar/job/United-Kingdom---Remote/Sr-Performance-Engineer_10000917-1","Root Cause Analysis, Customer Success, System Monitoring
Deterministic profile match: 3 profile skills mentioned; title alignment 0.0/3.0; domain signals 2. Title relevance penalty 1.0 applied.","","","","2026-05-14T22:03:23.687348+00:00"
"2","Senior Service Technician","Canadian Solar","","","","","","remote","","","Canada - Remote","https://canadiansolar.wd5.myworkdayjobs.com/CanadianSolar/job/Canada---Remote/Senior-Service-Technician_10000829-2","https://canadiansolar.wd5.myworkdayjobs.com/CanadianSolar/job/Canada---Remote/Senior-Service-Technician_10000829-2","Customer Success
Deterministic profile match: 1 profile skills mentioned; title alignment 0.0/3.0; domain signals 1. Title relevance penalty 1.0 applied.","","","","2026-05-14T22:03:23.687348+00:00"
"2","Applications Engineer","Canadian Solar","","","","","","remote","","","Remote Country","https://canadiansolar.wd5.myworkdayjobs.com/CanadianSolar/job/Remote-Country/Applications-Engineer_10000993-1","https://canadiansolar.wd5.myworkdayjobs.com/CanadianSolar/job/Remote-Country/Applications-Engineer_10000993-1","Software Project Management, Technical Documentation, Risk Management
Deterministic profile match: 3 profile skills mentioned; title alignment 0.0/3.0; domain signals 2. Title relevance penalty 1.0 applied.","","","","2026-05-14T22:03:23.687348+00:00"
"2","Senior Manager/Director - Consulting - Salesforce","PwC","","","","","","unknown","","","","https://pwc.wd3.myworkdayjobs.com/Global_Experienced_Careers/job/SM-Director---Consulting---Salesforce_467599WD","https://pwc.wd3.myworkdayjobs.com/Global_Experienced_Careers/job/SM-Director---Consulting---Salesforce_467599WD","Stakeholder Management, Change Management, Risk Management
Deterministic profile match: 3 profile skills mentioned; title alignment 0.0/3.0; domain signals 4. Title relevance penalty 2.5 applied.","","","","2026-05-14T22:02:48.190234+00:00"
"2","Data Scientist","Moderna","","","","","","remote","","","","https://modernatx.wd1.myworkdayjobs.com/M_tx/job/Warsaw---Poland/Data-Scientist_R19010-1","https://modernatx.wd1.myworkdayjobs.com/M_tx/job/Warsaw---Poland/Data-Scientist_R19010-1","Python, Technical Documentation, Deployment Workflows, PostgreSQL, Legal Technology
Deterministic profile match: 5 profile skills mentioned; title alignment 0.0/3.0; domain signals 5. Title relevance penalty 2.5 applied.","","","","2026-05-14T22:02:20.415246+00:00"
"2","Product Marketing Manager","Thomson Reuters","","","","","","hybrid","","","","https://thomsonreuters.wd5.myworkdayjobs.com/External_Career_Site/job/United-States-of-America-Eagan-Minnesota/Product-Marketing-Manager_JREQ200583","https://thomsonreuters.wd5.myworkdayjobs.com/External_Career_Site/job/United-States-of-America-Eagan-Minnesota/Product-Marketing-Manager_JREQ200583","SAFe, Customer Success, Legal Technology
Deterministic profile match: 3 profile skills mentioned; title alignment 0.0/3.0; domain signals 4. Title relevance penalty 1.5 applied.","","","","2026-05-14T22:01:57.065581+00:00"
"2","Director, People & Leader Advisory - UKI","Thomson Reuters","","","","","","hybrid","","","","https://thomsonreuters.wd5.myworkdayjobs.com/External_Career_Site/job/United-Kingdom-London/Director--People---Leader-Advisory---UKI_JREQ200604","https://thomsonreuters.wd5.myworkdayjobs.com/External_Career_Site/job/United-Kingdom-London/Director--People---Leader-Advisory---UKI_JREQ200604","Stakeholder Management, Change Management, Training Enablement, Policy Automation, Legal Technology
Deterministic profile match: 5 profile skills mentioned; title alignment 0.0/3.0; domain signals 5. Title relevance penalty 2.5 applied.","","","","2026-05-14T22:01:57.065581+00:00"
"2","Accounting Analyst (Tax)","Thomson Reuters","","","","","","hybrid","","","","https://thomsonreuters.wd5.myworkdayjobs.com/External_Career_Site/job/Poland-Gdansk/Accounting-Analyst--Tax-_JREQ200369-2","https://thomsonreuters.wd5.myworkdayjobs.com/External_Career_Site/job/Poland-Gdansk/Accounting-Analyst--Tax-_JREQ200369-2","ERP, SOPs, Legal Technology
Deterministic profile match: 3 profile skills mentioned; title alignment 0.0/3.0; domain signals 2. Title relevance penalty 1.0 applied.","","","","2026-05-14T22:01:57.065581+00:00"
"2","Senior Accounting Analyst Tax","Thomson Reuters","","","","","","hybrid","","","","https://thomsonreuters.wd5.myworkdayjobs.com/External_Career_Site/job/Poland-Gdansk/Senior-Accounting-Analyst-Tax_JREQ200370","https://thomsonreuters.wd5.myworkdayjobs.com/External_Career_Site/job/Poland-Gdansk/Senior-Accounting-Analyst-Tax_JREQ200370","SOPs, Power BI, Legal Technology
Deterministic profile match: 3 profile skills mentioned; title alignment 0.0/3.0; domain signals 2. Title relevance penalty 1.0 applied.","","","","2026-05-14T22:01:57.065581+00:00"
"2","Accounting and Audit CPA Editor","Thomson Reuters","","","","","","hybrid","","","","https://thomsonreuters.wd5.myworkdayjobs.com/External_Career_Site/job/United-States-of-America-Eagan-Minnesota/Accounting-and-Audit-CPA-Editor_JREQ200594","https://thomsonreuters.wd5.myworkdayjobs.com/External_Career_Site/job/United-States-of-America-Eagan-Minnesota/Accounting-and-Audit-CPA-Editor_JREQ200594","SAFe, Legal Technology
Deterministic profile match: 2 profile skills mentioned; title alignment 0.0/3.0; domain signals 3. Title relevance penalty 1.0 applied.","","","","2026-05-14T22:01:57.065581+00:00"
"2","Account Executive, Risk/Fraud - DC/VA/MD","Thomson Reuters","","","","","","remote","","","","https://thomsonreuters.wd5.myworkdayjobs.com/External_Career_Site/job/Washington-DC-District-of-Columbia/Account-Manager--Risk-Fraud---DC-VA-MD_JREQ199002","https://thomsonreuters.wd5.myworkdayjobs.com/External_Career_Site/job/Washington-DC-District-of-Columbia/Account-Manager--Risk-Fraud---DC-VA-MD_JREQ199002","SAFe, Program Management, Risk Management, Legal Technology
Deterministic profile match: 4 profile skills mentioned; title alignment 0.0/3.0; domain signals 3. Title relevance penalty 2.5 applied.","","","","2026-05-14T22:01:57.065581+00:00"
"2","Account Executive, Tax/Trade - DC/VA/MD/PA/NC","Thomson Reuters","","","","","","unknown","","","","https://thomsonreuters.wd5.myworkdayjobs.com/External_Career_Site/job/Washington-DC-District-of-Columbia/Account-Manager--Tax-Trade---DC-VA-MD-PA-NC_JREQ199004-1","https://thomsonreuters.wd5.myworkdayjobs.com/External_Career_Site/job/Washington-DC-District-of-Columbia/Account-Manager--Tax-Trade---DC-VA-MD-PA-NC_JREQ199004-1","SAFe, Program Management, Customer Success, Legal Technology
Deterministic profile match: 4 profile skills mentioned; title alignment 0.0/3.0; domain signals 3. Title relevance penalty 2.5 applied.","","","","2026-05-14T22:01:57.065581+00:00"
"2","New Business Development Executive","Thomson Reuters","","","","","","unknown","","","","https://thomsonreuters.wd5.myworkdayjobs.com/External_Career_Site/job/United-States-of-America-Eagan-Minnesota/New-Business-Development-Executive_JREQ195349","https://thomsonreuters.wd5.myworkdayjobs.com/External_Career_Site/job/United-States-of-America-Eagan-Minnesota/New-Business-Development-Executive_JREQ195349","SAFe, Legal Technology
Deterministic profile match: 2 profile skills mentioned; title alignment 0.0/3.0; domain signals 2. Title relevance penalty 1.0 applied.","","","","2026-05-14T22:01:57.065581+00:00"
"2","Business Development Manager - Reuters Events, CX & Marketing Portfolio","Thomson Reuters","","","","","","hybrid","","","","https://thomsonreuters.wd5.myworkdayjobs.com/External_Career_Site/job/United-Kingdom-London/Business-Development-Manager---Reuters-Events--CX---Marketing-Portfolio_JREQ199478","https://thomsonreuters.wd5.myworkdayjobs.com/External_Career_Site/job/United-Kingdom-London/Business-Development-Manager---Reuters-Events--CX---Marketing-Portfolio_JREQ199478","Customer Success, Legal Technology
Deterministic profile match: 2 profile skills mentioned; title alignment 0.0/3.0; domain signals 3. Title relevance penalty 1.0 applied.","","","","2026-05-14T22:01:57.065581+00:00"
"2","Senior Sales Executive","Thomson Reuters","","","","","","unknown","","","","https://thomsonreuters.wd5.myworkdayjobs.com/External_Career_Site/job/United-States-of-America-Ann-Arbor-Michigan/Senior-Sales-Executive_JREQ199524","https://thomsonreuters.wd5.myworkdayjobs.com/External_Career_Site/job/United-States-of-America-Ann-Arbor-Michigan/Senior-Sales-Executive_JREQ199524","SAFe, Program Management, Customer Success, Legal Technology
Deterministic profile match: 4 profile skills mentioned; title alignment 0.0/3.0; domain signals 4. Title relevance penalty 2.5 applied.","","","","2026-05-14T22:01:57.065581+00:00"
"2","LatAm Benefits Manager","Thomson Reuters","","","","","","unknown","","","","https://thomsonreuters.wd5.myworkdayjobs.com/External_Career_Site/job/Brazil-So-Paulo-So-Paulo/LatAm-Benefits-Manager_JREQ200234","https://thomsonreuters.wd5.myworkdayjobs.com/External_Career_Site/job/Brazil-So-Paulo-So-Paulo/LatAm-Benefits-Manager_JREQ200234","Program Management
Deterministic profile match: 1 profile skills mentioned; title alignment 0.0/3.0; domain signals 2. Title relevance penalty 1.0 applied.","","","","2026-05-14T22:01:57.065581+00:00"
"2","Senior Accounting Analyst (Bank)","Thomson Reuters","","","","","","hybrid","","","","https://thomsonreuters.wd5.myworkdayjobs.com/External_Career_Site/job/Poland-Gdansk/Senior-Accounting-Analyst--Bank-_JREQ200359","https://thomsonreuters.wd5.myworkdayjobs.com/External_Career_Site/job/Poland-Gdansk/Senior-Accounting-Analyst--Bank-_JREQ200359","SOPs, Power BI, Legal Technology
Deterministic profile match: 3 profile skills mentioned; title alignment 0.0/3.0; domain signals 2. Title relevance penalty 1.0 applied.","","","","2026-05-14T22:01:57.065581+00:00"
"2","Executive Assistant","Thomson Reuters","","","","","","hybrid","","","","https://thomsonreuters.wd5.myworkdayjobs.com/External_Career_Site/job/Poland-Gdansk/Executive-Assistant_JREQ200466","https://thomsonreuters.wd5.myworkdayjobs.com/External_Career_Site/job/Poland-Gdansk/Executive-Assistant_JREQ200466","Legal Technology
Deterministic profile match: 1 profile skills mentioned; title alignment 0.0/3.0; domain signals 2. Title relevance penalty 1.0 applied.","","","","2026-05-14T22:01:57.065581+00:00"
"2","Live Streaming Software Engineer","Thomson Reuters","","","","","","hybrid","","","","https://thomsonreuters.wd5.myworkdayjobs.com/External_Career_Site/job/India-Bengaluru-Karnataka/Live-Streaming-Software-Engineer_JREQ199904","https://thomsonreuters.wd5.myworkdayjobs.com/External_Career_Site/job/India-Bengaluru-Karnataka/Live-Streaming-Software-Engineer_JREQ199904","Python, AWS, Legal Technology
Deterministic profile match: 3 profile skills mentioned; title alignment 0.0/3.0; domain signals 7. Title relevance penalty 2.5 applied.","","","","2026-05-14T22:01:57.065581+00:00"
"2","Commercial Account Manager, Tax & Trade","Thomson Reuters","","","","","","hybrid","","","","https://thomsonreuters.wd5.myworkdayjobs.com/External_Career_Site/job/United-Kingdom-London/Commercial-Account-Manager--Tax---Trade_JREQ200496","https://thomsonreuters.wd5.myworkdayjobs.com/External_Career_Site/job/United-Kingdom-London/Commercial-Account-Manager--Tax---Trade_JREQ200496","Legal Technology
Deterministic profile match: 1 profile skills mentioned; title alignment 0.0/3.0; domain signals 3. Title relevance penalty 1.0 applied.","","","","2026-05-14T22:01:57.065581+00:00"
"2","??AI??? (5-6??, ????)","Thomson Reuters","","","","","","hybrid","","","","https://thomsonreuters.wd5.myworkdayjobs.com/External_Career_Site/job/Korea-Republic-of-Seoul/AI--5-6---_JREQ200441","https://thomsonreuters.wd5.myworkdayjobs.com/External_Career_Site/job/Korea-Republic-of-Seoul/AI--5-6---_JREQ200441","Risk Management, Legal Technology
Deterministic profile match: 2 profile skills mentioned; title alignment 0.0/3.0; domain signals 3. Title relevance penalty 1.0 applied.","","","","2026-05-14T22:01:57.065581+00:00"
"2","Commercial Delivery Manager - The Insurer","Thomson Reuters","C:\Users\bsing\.applypilot\tailored_resumes\software-pm\060_7_Thomson_Reuters_Commercial_Delivery_Manager_-_The_Insurer.txt","failed_validation","Company 'Sakhi' missing from experience; Company 'The Samaritans of New York' missing from experience","","","hybrid","","","","https://thomsonreuters.wd5.myworkdayjobs.com/External_Career_Site/job/United-Kingdom-London/Commercial-Delivery-Manager---The-Insurer_JREQ200498","https://thomsonreuters.wd5.myworkdayjobs.com/External_Career_Site/job/United-Kingdom-London/Commercial-Delivery-Manager---The-Insurer_JREQ200498","Legal Technology
Deterministic profile match: 1 profile skills mentioned; title alignment 0.0/3.0; domain signals 4. Title relevance penalty 1.0 applied.","","","","2026-05-14T22:01:57.065581+00:00"
"2","Sales Specialist","Thomson Reuters","","","","","","remote","","","","https://thomsonreuters.wd5.myworkdayjobs.com/External_Career_Site/job/United-States-of-America-Eagan-Minnesota/Sales-Specialist_JREQ200471","https://thomsonreuters.wd5.myworkdayjobs.com/External_Career_Site/job/United-States-of-America-Eagan-Minnesota/Sales-Specialist_JREQ200471","SAFe, Software Project Management, Program Management, Requirements Gathering, Legal Technology
Deterministic profile match: 5 profile skills mentioned; title alignment 0.0/3.0; domain signals 3. Title relevance penalty 2.5 applied.","","","","2026-05-14T22:01:57.065581+00:00"
"2","Senior Sales Executive, Small Law (Northern NJ)","Thomson Reuters","","","","","","remote","","","","https://thomsonreuters.wd5.myworkdayjobs.com/External_Career_Site/job/United-States-of-America-New-York-New-York/Senior-Sales-Executive--Small-Law--Northern-NJ-_JREQ199038","https://thomsonreuters.wd5.myworkdayjobs.com/External_Career_Site/job/United-States-of-America-New-York-New-York/Senior-Sales-Executive--Small-Law--Northern-NJ-_JREQ199038","SAFe, Program Management, Database Access Governance, Legal Technology
Deterministic profile match: 4 profile skills mentioned; title alignment 0.0/3.0; domain signals 3. Title relevance penalty 2.5 applied.","","","","2026-05-14T22:01:57.065581+00:00"
"2","Director, AI Customer Success","Thomson Reuters","","","","","","hybrid","","","","https://thomsonreuters.wd5.myworkdayjobs.com/External_Career_Site/job/Canada-Toronto-Ontario/Director--AI-Customer-Success_JREQ200424","https://thomsonreuters.wd5.myworkdayjobs.com/External_Career_Site/job/Canada-Toronto-Ontario/Director--AI-Customer-Success_JREQ200424","Data Governance Frameworks, Program Management, Customer Success, Legal Technology
Deterministic profile match: 4 profile skills mentioned; title alignment 0.0/3.0; domain signals 6. Title relevance penalty 2.5 applied.","","","","2026-05-14T22:01:57.065581+00:00"
"2","Account Specialist","Thomson Reuters","","","","","","hybrid","","","","https://thomsonreuters.wd5.myworkdayjobs.com/External_Career_Site/job/Spain-Madrid-Madrid/Account-Specialist_JREQ200190","https://thomsonreuters.wd5.myworkdayjobs.com/External_Career_Site/job/Spain-Madrid-Madrid/Account-Specialist_JREQ200190","Customer Success, Legal Technology
Deterministic profile match: 2 profile skills mentioned; title alignment 0.0/3.0; domain signals 3. Title relevance penalty 1.0 applied.","","","","2026-05-14T22:01:57.065581+00:00"
"2","Senior Sales Manager, Subscriptions","Thomson Reuters","","","","","","hybrid","","","","https://thomsonreuters.wd5.myworkdayjobs.com/External_Career_Site/job/United-Kingdom-London/Senior-Sales-Manager---Subscriptions_JREQ200122","https://thomsonreuters.wd5.myworkdayjobs.com/External_Career_Site/job/United-Kingdom-London/Senior-Sales-Manager---Subscriptions_JREQ200122","Mentoring, Customer Success, Change Management, Risk Management, Legal Technology
Deterministic profile match: 5 profile skills mentioned; title alignment 0.0/3.0; domain signals 2. Title relevance penalty 2.5 applied.","","","","2026-05-14T22:01:57.065581+00:00"
"2","Regional Sales Manager, Mid Size Law Firms","Thomson Reuters","","","","","","unknown","","","","https://thomsonreuters.wd5.myworkdayjobs.com/External_Career_Site/job/United-States-of-America-Eagan-Minnesota/Regional-Sales-Manager--Mid-Size-Law-Firms_JREQ200463-1","https://thomsonreuters.wd5.myworkdayjobs.com/External_Career_Site/job/United-States-of-America-Eagan-Minnesota/Regional-Sales-Manager--Mid-Size-Law-Firms_JREQ200463-1","SAFe, Program Management, Presentation Skills, Customer Success, Legal Technology
Deterministic profile match: 5 profile skills mentioned; title alignment 0.0/3.0; domain signals 2. Title relevance penalty 2.5 applied.","","","","2026-05-14T22:01:57.065581+00:00"
"2","Business Development Manager - Reuters Events","Thomson Reuters","","","","","","hybrid","","","","https://thomsonreuters.wd5.myworkdayjobs.com/External_Career_Site/job/United-Kingdom-London/Business-Development-Manager---Reuters-Events_JREQ197657","https://thomsonreuters.wd5.myworkdayjobs.com/External_Career_Site/job/United-Kingdom-London/Business-Development-Manager---Reuters-Events_JREQ197657","Change Management, Legal Technology
Deterministic profile match: 2 profile skills mentioned; title alignment 0.0/3.0; domain signals 2. Title relevance penalty 1.0 applied.","","","","2026-05-14T22:01:57.065581+00:00"
"2","Director, Segment Communications","Thomson Reuters","","","","","","hybrid","","","","https://thomsonreuters.wd5.myworkdayjobs.com/External_Career_Site/job/United-States-of-America-Frisco-Texas/Director--Segment-Communications_JREQ200433","https://thomsonreuters.wd5.myworkdayjobs.com/External_Career_Site/job/United-States-of-America-Frisco-Texas/Director--Segment-Communications_JREQ200433","SAFe, OKRs, Program Management, Customer Success, Risk Management, Legal Technology
Deterministic profile match: 6 profile skills mentioned; title alignment 0.0/3.0; domain signals 3. Title relevance penalty 2.5 applied.","","","","2026-05-14T22:01:57.065581+00:00"
"2","Director, Segment Communications","Thomson Reuters","","","","","","hybrid","","","","https://thomsonreuters.wd5.myworkdayjobs.com/External_Career_Site/job/Canada-Toronto-Ontario/Director--Segment-Communications_JREQ200228","https://thomsonreuters.wd5.myworkdayjobs.com/External_Career_Site/job/Canada-Toronto-Ontario/Director--Segment-Communications_JREQ200228","OKRs, Program Management, Customer Success, Risk Management, Legal Technology
Deterministic profile match: 5 profile skills mentioned; title alignment 0.0/3.0; domain signals 3. Title relevance penalty 2.5 applied.","","","","2026-05-14T22:01:57.065581+00:00"
"2","Regional Sales Manager - SLF","Thomson Reuters","","","","","","unknown","","","","https://thomsonreuters.wd5.myworkdayjobs.com/External_Career_Site/job/United-States-of-America-Los-Angeles-California/Regional-Sales-Manager---SLF_JREQ200158-1","https://thomsonreuters.wd5.myworkdayjobs.com/External_Career_Site/job/United-States-of-America-Los-Angeles-California/Regional-Sales-Manager---SLF_JREQ200158-1","SAFe, Program Management, Presentation Skills, Legal Technology
Deterministic profile match: 4 profile skills mentioned; title alignment 0.0/3.0; domain signals 3. Title relevance penalty 2.5 applied.","","","","2026-05-14T22:01:57.065581+00:00"
"2","Business Development Manager - Fluent German","Thomson Reuters","","","","","","hybrid","","","","https://thomsonreuters.wd5.myworkdayjobs.com/External_Career_Site/job/Spain-Madrid-Madrid/Business-Development-Manager_JREQ200186","https://thomsonreuters.wd5.myworkdayjobs.com/External_Career_Site/job/Spain-Madrid-Madrid/Business-Development-Manager_JREQ200186","Legal Technology
Deterministic profile match: 1 profile skills mentioned; title alignment 0.0/3.0; domain signals 3. Title relevance penalty 1.0 applied.","","","","2026-05-14T22:01:57.065581+00:00"
"2","Business Development Manager, Legal Portfolio","Thomson Reuters","","","","","","hybrid","","","","https://thomsonreuters.wd5.myworkdayjobs.com/External_Career_Site/job/Singapore-Singapore/Business-Development-Manager--Legal-Portfolio_JREQ200296","https://thomsonreuters.wd5.myworkdayjobs.com/External_Career_Site/job/Singapore-Singapore/Business-Development-Manager--Legal-Portfolio_JREQ200296","Presentation Skills, Customer Success, Legal Technology
Deterministic profile match: 3 profile skills mentioned; title alignment 0.0/3.0; domain signals 2. Title relevance penalty 1.0 applied.","","","","2026-05-14T22:01:57.065581+00:00"
"2","Director, AI and Innovations Communications","Thomson Reuters","","","","","","hybrid","","","","https://thomsonreuters.wd5.myworkdayjobs.com/External_Career_Site/job/Canada-Toronto-Ontario/Director--AI-and-Innovations-Communications_JREQ200073","https://thomsonreuters.wd5.myworkdayjobs.com/External_Career_Site/job/Canada-Toronto-Ontario/Director--AI-and-Innovations-Communications_JREQ200073","Lean Product Development, Program Management, Customer Success, Legal Technology
Deterministic profile match: 4 profile skills mentioned; title alignment 0.0/3.0; domain signals 5. Title relevance penalty 2.5 applied.","","","","2026-05-14T22:01:57.065581+00:00"
"2","Director, AI and Innovations Communications","Thomson Reuters","","","","","","hybrid","","","","https://thomsonreuters.wd5.myworkdayjobs.com/External_Career_Site/job/United-States-of-America-Frisco-Texas/Director--AI-and-Innovations-Communications_JREQ200294","https://thomsonreuters.wd5.myworkdayjobs.com/External_Career_Site/job/United-States-of-America-Frisco-Texas/Director--AI-and-Innovations-Communications_JREQ200294","SAFe, Lean Product Development, Program Management, Customer Success, Legal Technology
Deterministic profile match: 5 profile skills mentioned; title alignment 0.0/3.0; domain signals 5. Title relevance penalty 2.5 applied.","","","","2026-05-14T22:01:57.065581+00:00"
"2","Account Manager - Commercial Tax & Trade","Thomson Reuters","","","","","","hybrid","","","","https://thomsonreuters.wd5.myworkdayjobs.com/External_Career_Site/job/United-Kingdom-London/Account-Manager---Commercial-Tax---Trade_JREQ200120","https://thomsonreuters.wd5.myworkdayjobs.com/External_Career_Site/job/United-Kingdom-London/Account-Manager---Commercial-Tax---Trade_JREQ200120","Legal Technology
Deterministic profile match: 1 profile skills mentioned; title alignment 0.0/3.0; domain signals 3. Title relevance penalty 1.0 applied.","","","","2026-05-14T22:01:57.065581+00:00"
"2","Sales Executive, French/ Spanish speaker","Thomson Reuters","","","","","","hybrid","","","","https://thomsonreuters.wd5.myworkdayjobs.com/External_Career_Site/job/United-Kingdom-London/International-Field-Account-Manager_JREQ199582","https://thomsonreuters.wd5.myworkdayjobs.com/External_Career_Site/job/United-Kingdom-London/International-Field-Account-Manager_JREQ199582","Presentation Skills, Customer Success, Change Management, Risk Management, Workflow Automation, Legal Technology
Deterministic profile match: 6 profile skills mentioned; title alignment 0.0/3.0; domain signals 4. Title relevance penalty 2.5 applied.","","","","2026-05-14T22:01:57.065581+00:00"
"2","Partner Marketing Manager","Thomson Reuters","","","","","","hybrid","","","","https://thomsonreuters.wd5.myworkdayjobs.com/External_Career_Site/job/United-States-of-America-Eagan-Minnesota/Partner-Marketing-Manager_JREQ199400","https://thomsonreuters.wd5.myworkdayjobs.com/External_Career_Site/job/United-States-of-America-Eagan-Minnesota/Partner-Marketing-Manager_JREQ199400","Hybrid Project Management, SAFe, Software Project Management, Program Management, Customer Success, Legal Technology
Deterministic profile match: 6 profile skills mentioned; title alignment 0.0/3.0; domain signals 4. Title relevance penalty 2.5 applied.","","","","2026-05-14T22:01:57.065581+00:00"
"2","Commercial Account Specialist","Thomson Reuters","","","","","","hybrid","","","","https://thomsonreuters.wd5.myworkdayjobs.com/External_Career_Site/job/Sweden-Gothenburg/Commercial-Account-Specialist_JREQ198572","https://thomsonreuters.wd5.myworkdayjobs.com/External_Career_Site/job/Sweden-Gothenburg/Commercial-Account-Specialist_JREQ198572","Customer Success, Legal Technology
Deterministic profile match: 2 profile skills mentioned; title alignment 0.0/3.0; domain signals 3. Title relevance penalty 1.0 applied.","","","","2026-05-14T22:01:57.065581+00:00"
"2","Accounting Manager, Statutory Reporting","Thomson Reuters","","","","","","hybrid","","","","https://thomsonreuters.wd5.myworkdayjobs.com/External_Career_Site/job/Poland-Gdansk/Accounting-Manager_JREQ199073","https://thomsonreuters.wd5.myworkdayjobs.com/External_Career_Site/job/Poland-Gdansk/Accounting-Manager_JREQ199073","Legal Technology
Deterministic profile match: 1 profile skills mentioned; title alignment 0.0/3.0; domain signals 3. Title relevance penalty 1.0 applied.","","","","2026-05-14T22:01:57.065581+00:00"
"2","Accounting Manager, Statutory Reporting","Thomson Reuters","","","","","","hybrid","","","","https://thomsonreuters.wd5.myworkdayjobs.com/External_Career_Site/job/United-Kingdom-London/Accounting-Manager_JREQ198280","https://thomsonreuters.wd5.myworkdayjobs.com/External_Career_Site/job/United-Kingdom-London/Accounting-Manager_JREQ198280","Legal Technology
Deterministic profile match: 1 profile skills mentioned; title alignment 0.0/3.0; domain signals 3. Title relevance penalty 1.0 applied.","","","","2026-05-14T22:01:57.065581+00:00"
"2","Senior Client Relationship Manager","Thomson Reuters","","","","","","hybrid","","","","https://thomsonreuters.wd5.myworkdayjobs.com/External_Career_Site/job/Japan-Tokyo/Senior-Client-Relationship-Manager_JREQ198250","https://thomsonreuters.wd5.myworkdayjobs.com/External_Career_Site/job/Japan-Tokyo/Senior-Client-Relationship-Manager_JREQ198250","Customer Success, Legal Technology
Deterministic profile match: 2 profile skills mentioned; title alignment 0.0/3.0; domain signals 2. Title relevance penalty 1.0 applied.","","","","2026-05-14T22:01:57.065581+00:00"
"2","Event Manager - Reuters Events","Thomson Reuters","","","","","","hybrid","","","","https://thomsonreuters.wd5.myworkdayjobs.com/External_Career_Site/job/United-Kingdom-London/Event-Manager---Reuters-Events_JREQ197394","https://thomsonreuters.wd5.myworkdayjobs.com/External_Career_Site/job/United-Kingdom-London/Event-Manager---Reuters-Events_JREQ197394","Legal Technology
Deterministic profile match: 1 profile skills mentioned; title alignment 0.0/3.0; domain signals 2. Title relevance penalty 1.0 applied.","","","","2026-05-14T22:01:57.065581+00:00"
"2","Software Customer Service Manager - VESTA","Motorola Solutions","","","","","","remote","","","Idaho Remote Work, More...","https://motorolasolutions.wd5.myworkdayjobs.com/Careers/job/Idaho-Remote-Work/Software-Customer-Service-Manager---VESTA_R62297","https://motorolasolutions.wd5.myworkdayjobs.com/Careers/job/Idaho-Remote-Work/Software-Customer-Service-Manager---VESTA_R62297","Customer Success, ServiceNow
Deterministic profile match: 2 profile skills mentioned; title alignment 0.0/3.0; domain signals 2. Title relevance penalty 1.0 applied.","","","","2026-05-14T21:59:19.671411+00:00"
"2","Strategic Account Manager - Software (East)","Motorola Solutions","","","","","","remote","","","North Carolina Remote Work, More...","https://motorolasolutions.wd5.myworkdayjobs.com/Careers/job/North-Carolina-Remote-Work/Strategic-Account-Manager---Software--East-_R64538","https://motorolasolutions.wd5.myworkdayjobs.com/Careers/job/North-Carolina-Remote-Work/Strategic-Account-Manager---Software--East-_R64538","Software Project Management
Deterministic profile match: 1 profile skills mentioned; title alignment 0.0/3.0; domain signals 4. Title relevance penalty 1.0 applied.","","","","2026-05-14T21:59:19.671411+00:00"
"2","Account Manager","Motorola Solutions","","","","","","remote","","","Idaho Remote Work, More...","https://motorolasolutions.wd5.myworkdayjobs.com/Careers/job/Idaho-Remote-Work/Account-Manager_R63932","https://motorolasolutions.wd5.myworkdayjobs.com/Careers/job/Idaho-Remote-Work/Account-Manager_R63932","Software Project Management
Deterministic profile match: 1 profile skills mentioned; title alignment 0.0/3.0; domain signals 2. Title relevance penalty 1.0 applied.","","","","2026-05-14T21:59:19.671411+00:00"
"2","Business Development Manager","Motorola Solutions","","","","","","remote","","","California Northern Remote Work","https://motorolasolutions.wd5.myworkdayjobs.com/Careers/job/California-Northern-Remote-Work/Business-Development-Manager_R63773","https://motorolasolutions.wd5.myworkdayjobs.com/Careers/job/California-Northern-Remote-Work/Business-Development-Manager_R63773","Go-to-market Strategy, Customer Success, Training Enablement
Deterministic profile match: 3 profile skills mentioned; title alignment 0.0/3.0; domain signals 2. Title relevance penalty 1.0 applied.","","","","2026-05-14T21:59:19.671411+00:00"
"2","Sr. Account Manager (Central Louisiana)","Motorola Solutions","","","","","","remote","","","Louisiana Remote Work","https://motorolasolutions.wd5.myworkdayjobs.com/Careers/job/Louisiana-Remote-Work/Sr-Account-Manager--Central-Louisiana-_R63362","https://motorolasolutions.wd5.myworkdayjobs.com/Careers/job/Louisiana-Remote-Work/Sr-Account-Manager--Central-Louisiana-_R63362","Software Project Management
Deterministic profile match: 1 profile skills mentioned; title alignment 0.0/3.0; domain signals 2. Title relevance penalty 1.0 applied.","","","","2026-05-14T21:59:19.671411+00:00"
"2","Sr. Account Manager - New Mexico","Motorola Solutions","","","","","","remote","","","New Mexico Remote Work, More...","https://motorolasolutions.wd5.myworkdayjobs.com/Careers/job/New-Mexico-Remote-Work/Sr-Account-Manager---New-Mexico_R63348","https://motorolasolutions.wd5.myworkdayjobs.com/Careers/job/New-Mexico-Remote-Work/Sr-Account-Manager---New-Mexico_R63348","Software Project Management
Deterministic profile match: 1 profile skills mentioned; title alignment 0.0/3.0; domain signals 2. Title relevance penalty 1.0 applied.","","","","2026-05-14T21:59:19.671411+00:00"
"2","Senior Account Manager - Manitoba / Saskatchewan","Motorola Solutions","","","","","","remote","","","Manitoba Remote Work, More...","https://motorolasolutions.wd5.myworkdayjobs.com/Careers/job/Manitoba-Remote-Work/Senior-Account-Manager---Manitoba---Saskatchewan_R63487","https://motorolasolutions.wd5.myworkdayjobs.com/Careers/job/Manitoba-Remote-Work/Senior-Account-Manager---Manitoba---Saskatchewan_R63487","Software Project Management
Deterministic profile match: 1 profile skills mentioned; title alignment 0.0/3.0; domain signals 2. Title relevance penalty 1.0 applied.","","","","2026-05-14T21:59:19.671411+00:00"
"2","Sr. Account Manager (Utilities)","Motorola Solutions","","","","","","remote","","","Illinois Remote Work, More...","https://motorolasolutions.wd5.myworkdayjobs.com/Careers/job/Illinois-Remote-Work/Sr-Account-Manager--Utilities-_R64001","https://motorolasolutions.wd5.myworkdayjobs.com/Careers/job/Illinois-Remote-Work/Sr-Account-Manager--Utilities-_R64001","Customer Success, Resource Planning
Deterministic profile match: 2 profile skills mentioned; title alignment 0.0/3.0; domain signals 2. Title relevance penalty 1.0 applied.","","","","2026-05-14T21:59:19.671411+00:00"
"2","Federal DoD Customer Support Manager - Remote","Motorola Solutions","","","","","","remote","","","Kansas Remote Work, More...","https://motorolasolutions.wd5.myworkdayjobs.com/Careers/job/Kansas-Remote-Work/Federal-DoD-Customer-Support-Manager---Remote_R64587","https://motorolasolutions.wd5.myworkdayjobs.com/Careers/job/Kansas-Remote-Work/Federal-DoD-Customer-Support-Manager---Remote_R64587","Software Project Management, Program Management
Deterministic profile match: 2 profile skills mentioned; title alignment 0.0/3.0; domain signals 3. Title relevance penalty 1.0 applied.","","","","2026-05-14T21:59:19.671411+00:00"
"2","Site Reliability Engineer","Motorola Solutions","","","","","","remote","","","Brazil Remote Work","https://motorolasolutions.wd5.myworkdayjobs.com/Careers/job/Brazil-Remote-Work/Site-Reliability-Engineer_R62251","https://motorolasolutions.wd5.myworkdayjobs.com/Careers/job/Brazil-Remote-Work/Site-Reliability-Engineer_R62251","
Deterministic profile match: 0 profile skills mentioned; title alignment 0.0/3.0; domain signals 5. Title relevance penalty 1.0 applied.","","","","2026-05-14T21:59:19.671411+00:00"
"2","CAD (Computer Aided Dispatch) & RMS System Manager","Motorola Solutions","","","","","","remote","","","Virginia Remote Work","https://motorolasolutions.wd5.myworkdayjobs.com/Careers/job/Virginia-Remote-Work/CAD--Computer-Aided-Dispatch--RMS-System-Manager_R62166","https://motorolasolutions.wd5.myworkdayjobs.com/Careers/job/Virginia-Remote-Work/CAD--Computer-Aided-Dispatch--RMS-System-Manager_R62166","SQL
Deterministic profile match: 1 profile skills mentioned; title alignment 0.0/3.0; domain signals 4. Title relevance penalty 1.0 applied.","","","","2026-05-14T21:59:19.671411+00:00"
"2","VS&A North America Business Development Manager - Strategic Partners","Motorola Solutions","","","","","","remote","","","Illinois Remote Work, More...","https://motorolasolutions.wd5.myworkdayjobs.com/Careers/job/Illinois-Remote-Work/VS-A-North-America-Business-Development-Manager---Strategic-Partners_R62732","https://motorolasolutions.wd5.myworkdayjobs.com/Careers/job/Illinois-Remote-Work/VS-A-North-America-Business-Development-Manager---Strategic-Partners_R62732","Go-to-market Strategy, Customer Success
Deterministic profile match: 2 profile skills mentioned; title alignment 0.0/3.0; domain signals 2. Title relevance penalty 1.0 applied.","","","","2026-05-14T21:59:19.671411+00:00"
"2","Vertical Strategy Manager - Video (Data Center Vertical - NA)","Motorola Solutions","","","","","","remote","","","Texas Remote Work, More...","https://motorolasolutions.wd5.myworkdayjobs.com/Careers/job/Texas-Remote-Work/Vertical-Strategy-Manager---Video--Data-Center-Vertical---NA-_R63723","https://motorolasolutions.wd5.myworkdayjobs.com/Careers/job/Texas-Remote-Work/Vertical-Strategy-Manager---Video--Data-Center-Vertical---NA-_R63723","Go-to-market Strategy
Deterministic profile match: 1 profile skills mentioned; title alignment 0.0/3.0; domain signals 3. Title relevance penalty 1.0 applied.","","","","2026-05-14T21:59:19.671411+00:00"
"2","Senior Field Service Technician - State of Louisiana","Motorola Solutions","","","","","","remote","","","Louisiana Remote Work","https://motorolasolutions.wd5.myworkdayjobs.com/Careers/job/Louisiana-Remote-Work/Senior-Field-Service-Technician---State-of-Louisiana_R64133","https://motorolasolutions.wd5.myworkdayjobs.com/Careers/job/Louisiana-Remote-Work/Senior-Field-Service-Technician---State-of-Louisiana_R64133","Software Project Management, Technical Documentation
Deterministic profile match: 2 profile skills mentioned; title alignment 0.0/3.0; domain signals 3. Title relevance penalty 1.0 applied.","","","","2026-05-14T21:59:19.671411+00:00"
"2","Channel Sales Executive - Video (West Texas)","Motorola Solutions","","","","","","remote","","","Texas Remote Work","https://motorolasolutions.wd5.myworkdayjobs.com/Careers/job/Texas-Remote-Work/Channel-Sales-Executive---Video--West-Texas-_R62842-1","https://motorolasolutions.wd5.myworkdayjobs.com/Careers/job/Texas-Remote-Work/Channel-Sales-Executive---Video--West-Texas-_R62842-1","Go-to-market Strategy, Software Project Management, Presentation Skills, Customer Success, Google Sheets, Google Analytics
Deterministic profile match: 6 profile skills mentioned; title alignment 0.0/3.0; domain signals 3. Title relevance penalty 2.5 applied.","","","","2026-05-14T21:59:19.671411+00:00"
"2","Channel Sales Executive","Motorola Solutions","","","","","","remote","","","Mississippi Remote Work, More...","https://motorolasolutions.wd5.myworkdayjobs.com/Careers/job/Mississippi-Remote-Work/Channel-Sales-Executive_R64252","https://motorolasolutions.wd5.myworkdayjobs.com/Careers/job/Mississippi-Remote-Work/Channel-Sales-Executive_R64252","Go-to-market Strategy, Software Project Management, Presentation Skills, Customer Success, Google Sheets, Google Analytics
Deterministic profile match: 6 profile skills mentioned; title alignment 0.0/3.0; domain signals 3. Title relevance penalty 2.5 applied.","","","","2026-05-14T21:59:19.671411+00:00"
"2","Channel Sales Executive","Motorola Solutions","","","","","","remote","","","Louisiana Remote Work","https://motorolasolutions.wd5.myworkdayjobs.com/Careers/job/Louisiana-Remote-Work/Channel-Sales-Executive_R64272","https://motorolasolutions.wd5.myworkdayjobs.com/Careers/job/Louisiana-Remote-Work/Channel-Sales-Executive_R64272","Go-to-market Strategy, Software Project Management, Presentation Skills, Customer Success, Google Sheets, Google Analytics
Deterministic profile match: 6 profile skills mentioned; title alignment 0.0/3.0; domain signals 3. Title relevance penalty 2.5 applied.","","","","2026-05-14T21:59:19.671411+00:00"
"2","Channel Sales Executive","Motorola Solutions","","","","","","remote","","","Kansas Remote Work, More...","https://motorolasolutions.wd5.myworkdayjobs.com/Careers/job/Kansas-Remote-Work/Channel-Sales-Executive_R64515","https://motorolasolutions.wd5.myworkdayjobs.com/Careers/job/Kansas-Remote-Work/Channel-Sales-Executive_R64515","Go-to-market Strategy, Software Project Management, Presentation Skills, Customer Success, Google Sheets, Google Analytics
Deterministic profile match: 6 profile skills mentioned; title alignment 0.0/3.0; domain signals 3. Title relevance penalty 2.5 applied.","","","","2026-05-14T21:59:19.671411+00:00"
"2","Field Service Technician - Northern Illinois","Motorola Solutions","","","","","","remote","","","Illinois Remote Work","https://motorolasolutions.wd5.myworkdayjobs.com/Careers/job/Illinois-Remote-Work/Field-Service-Technician---Northern-Illinois_R63404","https://motorolasolutions.wd5.myworkdayjobs.com/Careers/job/Illinois-Remote-Work/Field-Service-Technician---Northern-Illinois_R63404","
Deterministic profile match: 0 profile skills mentioned; title alignment 0.0/3.0; domain signals 4. Title relevance penalty 1.0 applied.","","","","2026-05-14T21:59:19.671411+00:00"
"2","Ecosystem Demonstration Specialist","Motorola Solutions","","","","","","remote","","","Texas Remote Work, More...","https://motorolasolutions.wd5.myworkdayjobs.com/Careers/job/Texas-Remote-Work/Ecosystem-Demonstration-Specialist_R62864","https://motorolasolutions.wd5.myworkdayjobs.com/Careers/job/Texas-Remote-Work/Ecosystem-Demonstration-Specialist_R62864","Presentation Skills
Deterministic profile match: 1 profile skills mentioned; title alignment 0.0/3.0; domain signals 4. Title relevance penalty 1.0 applied.","","","","2026-05-14T21:59:19.671411+00:00"
"2","Instructional Designer and Developer","Motorola Solutions","","","","","","remote","","","British Columbia Remote Work, More...","https://motorolasolutions.wd5.myworkdayjobs.com/Careers/job/British-Columbia-Remote-Work/Instructional-Designer-and-Developer_R64030","https://motorolasolutions.wd5.myworkdayjobs.com/Careers/job/British-Columbia-Remote-Work/Instructional-Designer-and-Developer_R64030","Technical Documentation
Deterministic profile match: 1 profile skills mentioned; title alignment 0.0/3.0; domain signals 3. Title relevance penalty 1.0 applied.","","","","2026-05-14T21:59:19.671411+00:00"
"2","LMR Technician","Motorola Solutions","","","","","","remote","","","California Southern Remote Work","https://motorolasolutions.wd5.myworkdayjobs.com/Careers/job/California-Southern-Remote-Work/LMR-Technician_R60024","https://motorolasolutions.wd5.myworkdayjobs.com/Careers/job/California-Southern-Remote-Work/LMR-Technician_R60024","
Deterministic profile match: 0 profile skills mentioned; title alignment 0.0/3.0; domain signals 3. Title relevance penalty 1.0 applied.","","","","2026-05-14T21:59:19.671411+00:00"
"2","Senior Solutions Consultant","Adobe","","","","","","remote","","","Remote Chile","https://adobe.wd5.myworkdayjobs.com/external_experienced/job/Remote-Chile/Senior-Solutions-Consultant_R167534","https://adobe.wd5.myworkdayjobs.com/external_experienced/job/Remote-Chile/Senior-Solutions-Consultant_R167534","
Deterministic profile match: 0 profile skills mentioned; title alignment 0.0/3.0; domain signals 6. Title relevance penalty 1.0 applied.","","","","2026-05-14T21:57:56.024402+00:00"
"2","Business Development Representative","Adobe","","","","","","hybrid","Remote Chile","","Remote Chile","https://adobe.wd5.myworkdayjobs.com/external_experienced/job/Remote-Chile/Business-Development-Representative_R166068","https://adobe.wd5.myworkdayjobs.com/external_experienced/job/Remote-Chile/Business-Development-Representative_R166068","Presentation Skills, Customer Success
Deterministic profile match: 2 profile skills mentioned; title alignment 0.0/3.0; domain signals 3. Title relevance penalty 1.0 applied.","","","","2026-05-14T21:57:56.024402+00:00"
"2","Senior Manager, Test Engineering","NVIDIA","","","","","","remote","","","Vietnam, Remote","https://nvidia.wd5.myworkdayjobs.com/NVIDIAExternalCareerSite/job/Vietnam-Remote/Senior-Manager--Test-Engineering_JR1992195","https://nvidia.wd5.myworkdayjobs.com/NVIDIAExternalCareerSite/job/Vietnam-Remote/Senior-Manager--Test-Engineering_JR1992195","
Deterministic profile match: 0 profile skills mentioned; title alignment 0.0/3.0; domain signals 5. Title relevance penalty 1.0 applied.","","","","2026-05-14T21:57:02.905092+00:00"
"2","Product Marketing Manager, Quantum Computing Platform","NVIDIA","","","","","","remote","","","US, Remote","https://nvidia.wd5.myworkdayjobs.com/NVIDIAExternalCareerSite/job/US-Remote/Product-Marketing-Manager--Quantum-Computing-Platform_JR2001303","https://nvidia.wd5.myworkdayjobs.com/NVIDIAExternalCareerSite/job/US-Remote/Product-Marketing-Manager--Quantum-Computing-Platform_JR2001303","Presentation Skills, Customer Success
Deterministic profile match: 2 profile skills mentioned; title alignment 0.0/3.0; domain signals 4. Title relevance penalty 1.5 applied.","","","","2026-05-14T21:57:02.905092+00:00"
"2","Senior Manager, Abstraction Layer Engineering ? Autonomous Platform","NVIDIA","","","","","","remote","","","US, CA, Remote","https://nvidia.wd5.myworkdayjobs.com/NVIDIAExternalCareerSite/job/US-CA-Remote/Senior-Manager--Abstraction-Layer-Engineering---Autonomous-Platform_JR2002272","https://nvidia.wd5.myworkdayjobs.com/NVIDIAExternalCareerSite/job/US-CA-Remote/Senior-Manager--Abstraction-Layer-Engineering---Autonomous-Platform_JR2002272","Presentation Skills
Deterministic profile match: 1 profile skills mentioned; title alignment 0.0/3.0; domain signals 3. Title relevance penalty 1.0 applied.","","","","2026-05-14T21:57:02.905092+00:00"
"2","Software Engineer, NVIDIA OpenShell","NVIDIA","","","","","","remote","","","US, CA, Remote","https://nvidia.wd5.myworkdayjobs.com/NVIDIAExternalCareerSite/job/US-CA-Remote/Software-Engineer--NVIDIA-OpenShell_JR2017604","https://nvidia.wd5.myworkdayjobs.com/NVIDIAExternalCareerSite/job/US-CA-Remote/Software-Engineer--NVIDIA-OpenShell_JR2017604","Python, SAFe, Policy Automation
Deterministic profile match: 3 profile skills mentioned; title alignment 0.0/3.0; domain signals 6. Title relevance penalty 2.5 applied.","","","","2026-05-14T21:57:02.905092+00:00"
"2","Software Engineer, Build and Release - NVIDIA OpenShell","NVIDIA","","","","","","remote","","","US, CA, Remote","https://nvidia.wd5.myworkdayjobs.com/NVIDIAExternalCareerSite/job/US-CA-Remote/Software-Engineer--Build-and-Release---NVIDIA-OpenShell_JR2017889-1","https://nvidia.wd5.myworkdayjobs.com/NVIDIAExternalCareerSite/job/US-CA-Remote/Software-Engineer--Build-and-Release---NVIDIA-OpenShell_JR2017889-1","Python, SAFe, Risk Management, Deployment Workflows, GitHub
Deterministic profile match: 5 profile skills mentioned; title alignment 0.0/3.0; domain signals 4. Title relevance penalty 2.5 applied.","","","","2026-05-14T21:57:02.905092+00:00"
"2","Critical Incident, Change and Problem Lead","Ciena","","","","","","remote","","","Remote-US","https://ciena.wd5.myworkdayjobs.com/Careers/job/Remote-US/Critical-Incident--Change-and-Problem-Lead_R030095","https://ciena.wd5.myworkdayjobs.com/Careers/job/Remote-US/Critical-Incident--Change-and-Problem-Lead_R030095","Program Management, Change Management
Deterministic profile match: 2 profile skills mentioned; title alignment 0.0/3.0; domain signals 1. Title relevance penalty 1.0 applied.","","","","2026-05-14T21:55:51.922966+00:00"
"2","Client Relations Manager","Craft & Communicate","","","","","","remote","","","Remote, US (Remote)","http://www.indeed.com/job/client-relations-manager-9fd99e4c17cc1942","https://www.indeed.com/viewjob?jk=9fd99e4c17cc1942","Presentation Skills, Requirements Gathering
Deterministic profile match: 2 profile skills mentioned; title alignment 0.0/3.0; domain signals 2. Title relevance penalty 1.0 applied.","","","","2026-05-14T21:52:47.996850+00:00"
"2","Veterinary Specialty & Emergency Marketing Specialist","Innovetive Petcare","","","","","","remote","","","Remote, US (Remote)","https://innovetivepetcare.pinpointhq.com/postings/ebf5cca7-5641-4863-b500-b363dccf59b8?utm_medium=job_board&utm_source=indeed","https://www.indeed.com/viewjob?jk=883f499a0fd441cb","Presentation Skills, SOPs
Deterministic profile match: 2 profile skills mentioned; title alignment 0.0/3.0; domain signals 3. Title relevance penalty 1.0 applied.","","","","2026-05-14T21:52:47.996850+00:00"
"2","Google Ads Specialist ? eCommerce","Thriftizer Sulutions LLP","","","","","","remote","","","Remote, US (Remote)","http://www.indeed.com/job/google-ads-specialist-ecommerce-24c832ded2f84be1","https://www.indeed.com/viewjob?jk=24c832ded2f84be1","A/B Testing, Google Analytics
Deterministic profile match: 2 profile skills mentioned; title alignment 0.0/3.0; domain signals 2. Title relevance penalty 1.0 applied.","","","","2026-05-14T21:52:47.996850+00:00"
"2","Customer Success Manager","Edynamic Learning","","","","","","remote","","","Remote, US (Remote)","https://edynamiclearning.applytojob.com/apply/yRpAR3OO06/Customer-Success-Manager?source=INDE&~","https://www.indeed.com/viewjob?jk=2112e4a968e23aaf","Presentation Skills, Customer Success
Deterministic profile match: 2 profile skills mentioned; title alignment 0.0/3.0; domain signals 1. Title relevance penalty 1.0 applied.","","","","2026-05-14T21:52:47.996850+00:00"
"2","Vice President, External Relations","CAF America","","","","","","remote","","","Remote, US (Remote)","https://www.cafamerica.org/careers/?gnk=job&gni=8a78839e9de0709e019e22499f1b24a8&gns=Indeed+Free","https://www.indeed.com/viewjob?jk=8b29741be56629c4","Lean Product Development, Stakeholder Management, Program Management, Change Management, Resource Planning, Risk Management
Deterministic profile match: 6 profile skills mentioned; title alignment 0.0/3.0; domain signals 4. Title relevance penalty 2.5 applied.","","","","2026-05-14T21:52:47.996850+00:00"
"2","Director, Marketing Analytics","loanDepot","","","","","","hybrid","Remote, US (Remote)","","Remote, US (Remote)","https://app.jobvite.com/CompanyJobs/Job.aspx?j=oxM6zfwI&loc=CrRFVfwC&s=Indeed","https://www.indeed.com/viewjob?jk=a051b04ac5e274d7","SQL, A/B Testing, Databricks
Deterministic profile match: 3 profile skills mentioned; title alignment 0.0/3.0; domain signals 4. Title relevance penalty 2.5 applied.","","","","2026-05-14T21:52:47.996850+00:00"
"2","SEO Account Manager","Stan Ventures","","","","","","remote","","","Remote, US (Remote)","http://www.indeed.com/job/seo-account-manager-65c442ac854055c0","https://www.indeed.com/viewjob?jk=65c442ac854055c0","Risk Management, Google Analytics
Deterministic profile match: 2 profile skills mentioned; title alignment 0.0/3.0; domain signals 2. Title relevance penalty 1.0 applied.","","","","2026-05-14T21:52:47.996850+00:00"
"2","Communications Manager, Public Affairs","GE Vernova","","","","","","remote","","","Remote, US (Remote)","https://careers.gevernova.com/communications-manager-public-affairs/job/R5041796","https://www.indeed.com/viewjob?jk=aaf04a49aa769548","Program Management, Resource Planning, Legal Technology
Deterministic profile match: 3 profile skills mentioned; title alignment 0.0/3.0; domain signals 0. Title relevance penalty 1.0 applied.","","","","2026-05-14T21:52:47.996850+00:00"
"2","Content Manager","terra","","","","","","remote","","","Remote, US (Remote)","https://jobs.lever.co/terrahq/de603c2e-b462-4f1a-b1eb-0f2078873e82?lever-source=Indeed","https://www.indeed.com/viewjob?jk=e21ee6760fd90c4c","A/B Testing, Figma
Deterministic profile match: 2 profile skills mentioned; title alignment 0.0/3.0; domain signals 2. Title relevance penalty 1.0 applied.","","","","2026-05-14T21:52:47.996850+00:00"
"2","Integrated Marketing Manager (US/Canada)","Algomarketing","","","","","","remote","","","Remote, US (Remote)","https://algomarketing.pinpointhq.com/postings/9c1ac0cd-c7cd-4f73-b839-37378c012560?utm_medium=job_board&utm_source=indeed","https://www.indeed.com/viewjob?jk=ad47453a08524e20","A/B Testing, Stakeholder Management, Program Management, Customer Success
Deterministic profile match: 4 profile skills mentioned; title alignment 0.0/3.0; domain signals 5. Title relevance penalty 2.5 applied.","","","","2026-05-14T21:48:33.976678+00:00"
"2","Content Editor","Siege Media","","","","","","remote","","","Remote, US (Remote)","https://siegemedia.applytojob.com/apply/UvoqWAycV1/Content-Editor?source=INDE&~","https://www.indeed.com/viewjob?jk=32d744f52ae6f06f","Presentation Skills, Legal Technology
Deterministic profile match: 2 profile skills mentioned; title alignment 0.0/3.0; domain signals 2. Title relevance penalty 1.0 applied.","","","","2026-05-14T21:48:33.976678+00:00"
"2","Content Editor","Siege Media","","","","","","remote","","","Remote, US (Remote)","https://siegemedia.applytojob.com/apply/UvoqWAycV1/Content-Editor","https://www.indeed.com/viewjob?jk=fabd4257903331d0","Presentation Skills, Legal Technology
Deterministic profile match: 2 profile skills mentioned; title alignment 0.0/3.0; domain signals 2. Title relevance penalty 1.0 applied.","","","","2026-05-14T21:48:33.976678+00:00"
"2","LTS Controls Engineer","TGW Systems","","","","","","remote","","","Remote, US (Remote)","https://secure7.saashr.com/ta/6213716.careers?ShowJob=604438997","https://www.indeed.com/viewjob?jk=605bc40e31ef2646","Technical Documentation
Deterministic profile match: 1 profile skills mentioned; title alignment 0.0/3.0; domain signals 3. Title relevance penalty 1.0 applied.","","","","2026-05-14T21:46:30.549281+00:00"
"2","Senior BIM Coordinator/Manager","Gigantes Group","","","","","","remote","","","Remote","","https://www.linkedin.com/jobs/view/4413555149","Software Project Management, Technical Documentation
Deterministic profile match: 2 profile skills mentioned; title alignment 0.0/3.0; domain signals 2. Title relevance penalty 1.0 applied.","","","","2026-05-14T21:45:28.863915+00:00"
"2","FP&A Manager","ID Logistics","","","","","","remote","","","Remote, US (Remote)","https://recruiting.adp.com/srccsh/public/RTI.home?r=5001198900406&c=1098841&d=External&rb=INDEED&idUnique=5001198900406","https://www.indeed.com/viewjob?jk=04f37fba9805870d","ERP, Power BI
Deterministic profile match: 2 profile skills mentioned; title alignment 0.0/3.0; domain signals 3. Title relevance penalty 1.0 applied.","","","","2026-05-14T21:44:13.352357+00:00"
"2","Marketing Director ? Behavioral Health SaaS","Opus EHR","","","","","","remote","","","Remote, US (Remote)","http://www.indeed.com/job/marketing-director-behavioral-health-saas-0cc2d691b074c566","https://www.indeed.com/viewjob?jk=0cc2d691b074c566","Google Analytics, HubSpot
Deterministic profile match: 2 profile skills mentioned; title alignment 0.0/3.0; domain signals 7. Title relevance penalty 2.5 applied.","","","","2026-05-14T21:44:13.352357+00:00"
"2","Account Manager","WellDyne","","","","","","remote","","","Remote, US (Remote)","https://recruitingbypaycor.com/career/JobIntroduction.action?id=8a7885a89e235a1d019e2715b29d56f7&source=Indeed+Free","https://www.indeed.com/viewjob?jk=a08c094167ee3974","Program Management, Change Management
Deterministic profile match: 2 profile skills mentioned; title alignment 0.0/3.0; domain signals 2. Title relevance penalty 1.0 applied.","","","","2026-05-14T21:44:13.352357+00:00"
"2","PATENT PROSECUTION COORDINATOR ? 100% Remote","McNeill PLLC","","","","","","remote","","","Remote, US (Remote)","http://www.indeed.com/job/patent-prosecution-coordinator-100-remote-3b22159905f1aaf8","https://www.indeed.com/viewjob?jk=3b22159905f1aaf8","Program Management, System Monitoring
Deterministic profile match: 2 profile skills mentioned; title alignment 0.0/3.0; domain signals 2. Title relevance penalty 1.0 applied.","","","","2026-05-14T21:44:13.352357+00:00"
"2","Account Manager- Indiana","AMETEK","","","","","","remote","","","Remote, US (Remote)","https://jobs.ametek.com/job/Virtual-Account-Manager-Indiana-99999/1390968100/","https://www.indeed.com/viewjob?jk=65481a9f46d7121a","
Deterministic profile match: 0 profile skills mentioned; title alignment 0.0/3.0; domain signals 2. Title relevance penalty 1.0 applied.","","","","2026-05-14T21:44:13.352357+00:00"
"2","Payroll Manager","Mary Welsh Foundation Inc","","","","","","remote","","","Remote, US (Remote)","http://www.indeed.com/job/payroll-manager-e39c59daab888eb4","https://www.indeed.com/viewjob?jk=e39c59daab888eb4","Program Management, Technical Documentation
Deterministic profile match: 2 profile skills mentioned; title alignment 0.0/3.0; domain signals 3. Title relevance penalty 1.0 applied.","","","","2026-05-14T21:44:13.352357+00:00"
"2","INTERVIEWING NOW FOR CALIFORNIA!! - LICENSED CLINICAL THERAPIST - LCSW/LPCC/LMFT ? Adult Evening IOP Virtual Group Therapist..","HealthLinkNow","","","","","","remote","","","Remote, US (Remote)","https://uhs.jibeapply.com/careers/jobs/352885/job?utm_source=indeed_integration&iis=Job%20Board&iisn=Indeed&indeed-apply-token=73a2d2b2a8d6d5c0a62696875eaebd669103652d3f0c2cd5445d3e66b1592b0f","https://www.indeed.com/viewjob?jk=c3aa9fb4c72e32d7","Program Management, Scheduling Management
Deterministic profile match: 2 profile skills mentioned; title alignment 0.0/3.0; domain signals 1. Title relevance penalty 1.0 applied.","","","","2026-05-14T21:44:13.352357+00:00"
"2","Contract/Acquisition Specialist (Remote)","DLS Engineering","","","","","","remote","","","Remote, US (Remote)","https://ats.rippling.com/dlsengineering/jobs/bc3c0641-e763-4866-aea9-a01b8e428ad1?jobSite=Indeed","https://www.indeed.com/viewjob?jk=3e4f9661ec319ae3","
Deterministic profile match: 0 profile skills mentioned; title alignment 0.0/3.0; domain signals 3. Title relevance penalty 1.0 applied.","","","","2026-05-14T21:40:03.505024+00:00"
"2","Director, Revenue FP&A","Valenz","","","","","","remote","","","Remote, US (Remote)","https://valenz.applytojob.com/apply/6A2lkCZBMX/Director-Revenue-FPA?source=Our%20Career%20Page%20Widget","https://www.indeed.com/viewjob?jk=00d8ef6aa418d8e2","Program Management, Data Pipelines
Deterministic profile match: 2 profile skills mentioned; title alignment 0.0/3.0; domain signals 6. Title relevance penalty 2.5 applied.","","","","2026-05-14T21:37:59.870693+00:00"
"2","Bilingual Clinical Guide: Cardiology Nurse","Devoted Health","","","","","","remote","","","Remote, US (Remote)","https://devoted.wd1.myworkdayjobs.com/en-US/Devoted/job/Remote-USA/Bilingual-Clinical-Guide--Cardiology-Nurse_R3162-1","https://www.indeed.com/viewjob?jk=0bdd332b20c90df8","SAFe, Program Management, Change Management
Deterministic profile match: 3 profile skills mentioned; title alignment 0.0/3.0; domain signals 2. Title relevance penalty 1.0 applied.","","","","2026-05-14T21:37:59.870693+00:00"
"2","Clinical Guide: Cardiology Nurse","Devoted Health","","","","","","remote","","","Remote, US (Remote)","https://devoted.wd1.myworkdayjobs.com/en-US/Devoted/job/Remote-USA/Clinical-Guide--Cardiology-Nurse_R3163","https://www.indeed.com/viewjob?jk=3b050f0e7c3ebb4e","SAFe, Program Management, Change Management
Deterministic profile match: 3 profile skills mentioned; title alignment 0.0/3.0; domain signals 2. Title relevance penalty 1.0 applied.","","","","2026-05-14T21:37:59.870693+00:00"
"2","ACCOUNT MANAGER III","Yokogawa","","","","","","remote","","","Remote, US (Remote)","https://wd3.myworkdaysite.com/en-US/recruiting/yokogawa/yokogawa-career-site/job/YCA_Home-Office-Alabama/ACCOUNT-MANAGER-III_R-11366","https://www.indeed.com/viewjob?jk=d5ed7b80abb5bbe8","Customer Success
Deterministic profile match: 1 profile skills mentioned; title alignment 0.0/3.0; domain signals 3. Title relevance penalty 1.0 applied.","","","","2026-05-14T21:37:59.870693+00:00"
"2","Customer Support Specialist","Healthcare Systems and Technologies, LLC","","","","","","remote","","","Remote, US (Remote)","https://hstpathways.applytojob.com/apply/w9gHXNBA23/Customer-Support-Specialist?source=INDE&~","https://www.indeed.com/viewjob?jk=97a1814b7de765fe","Customer Success
Deterministic profile match: 1 profile skills mentioned; title alignment 0.0/3.0; domain signals 4. Title relevance penalty 1.0 applied.","","","","2026-05-14T21:37:59.870693+00:00"
"2","Data Scientist","Community Care of North Carolina Inc","","","","","","remote","","","Remote, US (Remote)","https://workforcenow.adp.com/mascsr/default/mdf/recruitment/recruitment.html?cid=e19abba7-a8ad-4c26-948f-cf26888754a7&ccId=19000101_000001&jobId=588437&source=IN&lang=en_US","https://www.indeed.com/viewjob?jk=0d18563009247b29","SQL, Program Management, Risk Management, AWS
Deterministic profile match: 4 profile skills mentioned; title alignment 0.0/3.0; domain signals 6. Title relevance penalty 2.5 applied.","","","","2026-05-14T21:37:59.870693+00:00"
"2","L?der de entrega ?gil","Comfama Empleo","C:\Users\bsing\.applypilot\tailored_resumes\software-pm\100_7_Comfama_Empleo_L?der_de_entrega_?gil.txt","failed_validation","Company 'Sakhi' missing from experience; Company 'The Samaritans of New York' missing from experience","Banned words: proven track record","","unknown","","","","","https://www.linkedin.com/jobs/view/4414687889","Kanban, Power BI
Deterministic profile match: 2 profile skills mentioned; title alignment 0.0/3.0; domain signals 3. Title relevance penalty 1.0 applied.","","","","2026-05-14T21:37:59.870693+00:00"
"2","Customer Service Team Manager (Italy DSL), Delivery Station Liaison Team Manager","Amazon","","","","","","remote","","","Remote","","https://www.linkedin.com/jobs/view/4414659759","Customer Success, Change Management
Deterministic profile match: 2 profile skills mentioned; title alignment 0.0/3.0; domain signals 2. Title relevance penalty 1.0 applied.","","","","2026-05-14T21:37:59.870693+00:00"
"2","Task Lead - Probate Technical Liaison Support","Goldbelt","","","","","","remote","","","Remote, US (Remote)","https://talent.goldbelt.com/jobs/19578/job?utm_source=indeed_integration&iis=Job%20Board&iisn=Indeed&indeed-apply-token=73a2d2b2a8d6d5c0a62696875eaebd669103652d3f0c2cd5445d3e66b1592b0f","https://www.indeed.com/viewjob?jk=c83c717f60497f83","Program Management, Technical Documentation
Deterministic profile match: 2 profile skills mentioned; title alignment 0.0/3.0; domain signals 3. Title relevance penalty 1.0 applied.","","","","2026-05-14T21:36:03.741595+00:00"
"2","Transition Manager","Amentum","","","","","","remote","","","Remote, US (Remote)","https://www.amentumcareers.com/jobs/transition-manager-dallas-texas-united-states?source=Indeed+Feed","https://www.indeed.com/viewjob?jk=41b68565b355a11b","Change Management, Risk Management
Deterministic profile match: 2 profile skills mentioned; title alignment 0.0/3.0; domain signals 2. Title relevance penalty 1.0 applied.","","","","2026-05-14T21:36:03.741595+00:00"
"2","Marketing Documentation & Project Management Intern","Kiva.org","","","","","","remote","","","Remote, US (Remote)","https://boards.greenhouse.io/kivaorg/jobs/7914710?gh_jid=7914710","https://www.indeed.com/viewjob?jk=a7af99ccbe3c8fae","Program Management, Change Management, Confluence
Deterministic profile match: 3 profile skills mentioned; title alignment 0.0/3.0; domain signals 2. Title relevance penalty 1.5 applied.","","","","2026-05-14T21:36:03.741595+00:00"
"2","Consulting Manager - Workday Payroll","Makse Group","","","","","","remote","","","Remote, US (Remote)","https://maksegroup.wd12.myworkdayjobs.com/en-US/openings/job/Remote---US/Consulting-Manager---Workday-Payroll_JR100109","https://www.indeed.com/viewjob?jk=b00416717e207faf","Milestone Tracking, Resource Planning
Deterministic profile match: 2 profile skills mentioned; title alignment 0.0/3.0; domain signals 3. Title relevance penalty 1.0 applied.","","","","2026-05-14T21:36:03.741595+00:00"
"2","Director, Technical Operations","Hello Heart","","","","","","remote","","","Remote, US (Remote)","https://www.helloheart.com/careers/listings?gh_jid=8547431002","https://www.indeed.com/viewjob?jk=17046449c6174d0e","Stakeholder Management, Program Management, Technical Documentation, Risk Management
Deterministic profile match: 4 profile skills mentioned; title alignment 0.0/3.0; domain signals 4. Title relevance penalty 2.5 applied.","","","","2026-05-14T21:33:49.397717+00:00"
"2","VP of Engineering","Counterpart, Inc.","","","","","","remote","","","Remote, US (Remote)","https://job-boards.greenhouse.io/counterpart/jobs/4364580005","https://www.indeed.com/viewjob?jk=b874cbe44901772e","Software Project Management, Risk Management, Data Pipelines
Deterministic profile match: 3 profile skills mentioned; title alignment 0.0/3.0; domain signals 5. Title relevance penalty 2.5 applied.","","","","2026-05-14T21:29:36.448824+00:00"
"2","Corporate - Accounting Manager","indeed","","","","","","remote","","","Remote, US (Remote)","https://transformingage.wd108.myworkdayjobs.com/en-US/JoinUs/job/Remote---US/Corporate---Accounting-Manager_JR101454","https://www.indeed.com/viewjob?jk=278e484164c8bbf9","Stakeholder Management, Technical Documentation
Deterministic profile match: 2 profile skills mentioned; title alignment 0.0/3.0; domain signals 3. Title relevance penalty 1.0 applied.","","","","2026-05-14T21:29:36.448824+00:00"
"2","Senior Event Manager","Insight Software","","","","","","remote","","","Remote, US (Remote)","https://magnitudesoftware.wd1.myworkdayjobs.com/en-US/External/job/USA---Remote/Senior-Event-Manager_REQ000664","https://www.indeed.com/viewjob?jk=df75728aef211d06","Software Project Management, Stakeholder Management
Deterministic profile match: 2 profile skills mentioned; title alignment 0.0/3.0; domain signals 3. Title relevance penalty 1.0 applied.","","","","2026-05-14T21:29:36.448824+00:00"
"2","Business Development & Account Executive","On Call COO","","","","","","remote","","","Remote, US (Remote)","http://www.indeed.com/job/business-development-account-executive-28a54d102c546a70","https://www.indeed.com/viewjob?jk=28a54d102c546a70","Software Project Management, Scheduling Management, SOPs, Risk Management, HubSpot
Deterministic profile match: 5 profile skills mentioned; title alignment 0.0/3.0; domain signals 5. Title relevance penalty 2.5 applied.","","","","2026-05-14T21:29:36.448824+00:00"
"2","Client Success Specialist (Southeast or Midwest Candidates)","Basic Home Infusion","","","","","","remote","","","Remote, US (Remote)","http://www.indeed.com/job/client-success-specialist-southeast-or-midwest-candidates-e7a5f45d7884a65f","https://www.indeed.com/viewjob?jk=e7a5f45d7884a65f","Software Project Management, Customer Success
Deterministic profile match: 2 profile skills mentioned; title alignment 0.0/3.0; domain signals 2. Title relevance penalty 1.0 applied.","","","","2026-05-14T21:29:36.448824+00:00"
"2","GIS QA Test Analyst","Sheersoft Technologies, LLC","","","","","","remote","","","Remote, US (Remote)","http://www.indeed.com/job/gis-qa-test-analyst-866bd62f9cbe0e7a","https://www.indeed.com/viewjob?jk=866bd62f9cbe0e7a","SDLC
Deterministic profile match: 1 profile skills mentioned; title alignment 0.0/3.0; domain signals 4. Title relevance penalty 1.0 applied.","","","","2026-05-14T21:29:36.448824+00:00"
"2","Field Adjuster - Panhandle","Security First Insurance Company (Security First Managers)","","","","","","remote","","","Remote, US (Remote)","https://securityfirstmanagers.hrmdirect.com/employment/view.php?req=3714478&jbsrc=1014&location=1a653385-0b21-5493-5877-f13a407037c4","https://www.indeed.com/viewjob?jk=843055b4ba0f8a8d","Change Management
Deterministic profile match: 1 profile skills mentioned; title alignment 0.0/3.0; domain signals 1. Title relevance penalty 1.0 applied.","","","","2026-05-14T21:29:36.448824+00:00"
"2","Short-term REMOTE Instructional Designer (Oracle ERP)","CapeTalent","","","","","","remote","","","Remote, US (Remote)","https://recruiterflow.com/capetalent/jobs/86?source=indeed&utm_channel=recruiterflow-posting&location=1","https://www.indeed.com/viewjob?jk=ff8f0f08524613b0","ERP
Deterministic profile match: 1 profile skills mentioned; title alignment 0.0/3.0; domain signals 3. Title relevance penalty 1.0 applied.","","","","2026-05-14T21:29:36.448824+00:00"
"2","Freelance Content Producer","Syneos Health Commercial Solutions","","","","","","remote","","","Remote, US (Remote)","https://commercialcareers.syneoshealth.com/jobs/17695400-freelance-content-producer?tm_job=15474&tm_event=view&tm_company=575","https://www.indeed.com/viewjob?jk=fd92ce0ece418785","
Deterministic profile match: 0 profile skills mentioned; title alignment 0.0/3.0; domain signals 2. Title relevance penalty 1.0 applied.","","","","2026-05-14T21:29:36.448824+00:00"
"2","Freelance Content Producer","?????????","","","","","","remote","","","Remote, US (Remote)","https://jp.syneoshealth.com/careers/jobs/17738382-freelance-content-producer","https://www.indeed.com/viewjob?jk=b07306901213c509","
Deterministic profile match: 0 profile skills mentioned; title alignment 0.0/3.0; domain signals 2. Title relevance penalty 1.0 applied.","","","","2026-05-14T21:29:36.448824+00:00"
"1","Account Director, Enterprise Sales - Healthcare","Adobe","","","","","","remote","","","Remote Texas","https://adobe.wd5.myworkdayjobs.com/external_experienced/job/Remote-Texas/Account-Director--Enterprise-Sales---Healthcare_R168694","https://adobe.wd5.myworkdayjobs.com/external_experienced/job/Remote-Texas/Account-Director--Enterprise-Sales---Healthcare_R168694","
Deterministic profile match: 0 profile skills mentioned; title alignment 0.0/3.0; domain signals 6. Title relevance penalty 4.0 applied.","","","","2026-05-19T03:50:18.279538+00:00"
"1","Social Media & Podcast Intern","FranklinCovey","","","","","","remote","","","Remote, US (Remote)","https://franklincovey.hrmdirect.com/employment/view.php?req=3707339&jbsrc=1014&location=aa8cff2c-498c-73d0-d69e-5d0a4ca6aa23","https://www.indeed.com/viewjob?jk=452d466e5759d722","Program Management, Change Management, Scheduling Management
Deterministic profile match: 3 profile skills mentioned; title alignment 0.0/3.0; domain signals 1. Title relevance penalty 2.5 applied.","","","","2026-05-19T03:47:58.625216+00:00"
"1","Multifamily Digital Marketing Manager ? Lease-Up","Grocapitus","","","","","","remote","","","Remote, US (Remote)","http://www.indeed.com/job/multifamily-digital-marketing-manager-lease--fbbb434eaafa69bf","https://www.indeed.com/viewjob?jk=fbbb434eaafa69bf","SOPs
Deterministic profile match: 1 profile skills mentioned; title alignment 0.0/3.0; domain signals 1. Title relevance penalty 2.5 applied.","","","","2026-05-19T03:47:58.625216+00:00"
"1","Project Director","FINN Partners","","","","","","remote","","","Remote, US (Remote)","https://joinus.applytojob.com/apply/LUhvTN0JB8/Project-Director?source=INDE&~","https://www.indeed.com/viewjob?jk=617bd95b3564c025","Software Project Management, Risk Management
Deterministic profile match: 2 profile skills mentioned; title alignment 0.0/3.0; domain signals 1. Title relevance penalty 1.5 applied.","","","","2026-05-19T03:47:58.625216+00:00"
"1","Regional Sales Manager (Remote-United States)","Nextech Systems","","","","","","remote","","","Remote, US (Remote)","https://jobs.lever.co/nextech/7f51d180-79d2-4781-beec-5472c0a62c13","https://www.indeed.com/viewjob?jk=1a335b06bd3c1e6f","Program Management, Customer Success, Change Management
Deterministic profile match: 3 profile skills mentioned; title alignment 0.0/3.0; domain signals 3. Title relevance penalty 2.5 applied.","","","","2026-05-19T03:39:44.477961+00:00"
"1","Executive Director, Society for American Music (part-time)","indeed","","","","","","remote","","","Remote, US (Remote)","http://www.indeed.com/job/executive-director-society-american-music-part-time-0bfc77318154138a","https://www.indeed.com/viewjob?jk=0bfc77318154138a","Program Management
Deterministic profile match: 1 profile skills mentioned; title alignment 0.0/3.0; domain signals 2. Title relevance penalty 2.5 applied.","","","","2026-05-19T03:39:44.477961+00:00"
"1","Senior Software Engineer","Indeed","","","","","","remote","","","Remote, US (Remote)","https://careers-indeed.icims.com/jobs/47014/job","https://www.indeed.com/viewjob?jk=1f3d418b60fbc585","Data Pipelines
Deterministic profile match: 1 profile skills mentioned; title alignment 0.0/3.0; domain signals 4. Title relevance penalty 2.5 applied.","","","","2026-05-19T03:39:44.477961+00:00"
"1","Director Provider Account Management","One Call","","","","","","remote","","","Remote, US (Remote)","https://onecall.avature.net/careers/JobDetail/Dir-Prvdr-Acct-Mgmt/5649","https://www.indeed.com/viewjob?jk=c47fede7c157f8f6","Change Management
Deterministic profile match: 1 profile skills mentioned; title alignment 0.0/3.0; domain signals 5. Title relevance penalty 2.5 applied.","","","","2026-05-19T03:35:32.190761+00:00"
"1","Senior Projektmanager (Shopify)","beyondesign","","","","","","remote","","","Remote","","https://www.linkedin.com/jobs/view/4412231189","
Deterministic profile match: 0 profile skills mentioned; title alignment 0.0/3.0; domain signals 1. Title relevance penalty 1.0 applied.","","","","2026-05-19T03:28:48.056786+00:00"
"1","Sales Manager - Life Science Division - East Coast","ANTARES VISION","","","","","","remote","","","Remote, US (Remote)","http://www.indeed.com/job/sales-manager-life-science-division-east-coast-12387012c633e59c","https://www.indeed.com/viewjob?jk=12387012c633e59c","
Deterministic profile match: 0 profile skills mentioned; title alignment 0.0/3.0; domain signals 2. Title relevance penalty 2.5 applied.","","","","2026-05-19T03:26:29.194443+00:00"
"1","SALES MANAGER ENERGY STORAGE (EP Cube), SOUTH/CENTRAL GERMANY (m/w/d)","Canadian Solar","","","","","","hybrid","Germany - Remote","","Germany - Remote","https://canadiansolar.wd5.myworkdayjobs.com/CanadianSolar/job/Germany---Remote/SALES-MANAGER-ENERGY-STORAGE--EP-Cube---SOUTH-CENTRAL-GERMANY--m-w-d-_10001102","https://canadiansolar.wd5.myworkdayjobs.com/CanadianSolar/job/Germany---Remote/SALES-MANAGER-ENERGY-STORAGE--EP-Cube---SOUTH-CENTRAL-GERMANY--m-w-d-_10001102","Program Management, Presentation Skills, Customer Success, Change Management
Deterministic profile match: 4 profile skills mentioned; title alignment 0.0/3.0; domain signals 1. Title relevance penalty 2.5 applied.","","","","2026-05-14T23:08:31.349104+00:00"
"1","Director, Sales EP Cube, DACH & NL (f/m/d)","Canadian Solar","","","","","","remote","","","Germany - Remote","https://canadiansolar.wd5.myworkdayjobs.com/CanadianSolar/job/Germany---Remote/Director--Sales-EP-Cube--DACH---NL--f-m-d-_10001154","https://canadiansolar.wd5.myworkdayjobs.com/CanadianSolar/job/Germany---Remote/Director--Sales-EP-Cube--DACH---NL--f-m-d-_10001154","Presentation Skills, Customer Success
Deterministic profile match: 2 profile skills mentioned; title alignment 0.0/3.0; domain signals 1. Title relevance penalty 4.0 applied.","","","","2026-05-14T23:08:31.349104+00:00"
"1","SENIOR SALES/CHANNEL MANAGER (EP Cube), Italy (m/w/d)","Canadian Solar","","","","","","remote","","","Italy  - Remote","https://canadiansolar.wd5.myworkdayjobs.com/CanadianSolar/job/Italy----Remote/SENIOR-SALES-CHANNEL-MANAGER--EP-Cube---Italy--m-w-d-_10001169","https://canadiansolar.wd5.myworkdayjobs.com/CanadianSolar/job/Italy----Remote/SENIOR-SALES-CHANNEL-MANAGER--EP-Cube---Italy--m-w-d-_10001169","
Deterministic profile match: 0 profile skills mentioned; title alignment 0.0/3.0; domain signals 0. Title relevance penalty 2.5 applied.","","","","2026-05-14T23:08:31.349104+00:00"
"1","Executive Director, CMC Regulatory Science","Moderna","","","","","","onsite","","","","https://modernatx.wd1.myworkdayjobs.com/M_tx/job/Norwood-Massachusetts/Executive-Director--CMC-Regulatory-Science_R19075-1","https://modernatx.wd1.myworkdayjobs.com/M_tx/job/Norwood-Massachusetts/Executive-Director--CMC-Regulatory-Science_R19075-1","Legal Technology
Deterministic profile match: 1 profile skills mentioned; title alignment 0.0/3.0; domain signals 2. Title relevance penalty 2.5 applied.","","","","2026-05-14T22:35:44.018180+00:00"
"1","Vice President, Global Value & Access","Moderna","","","","","","onsite","","","","https://modernatx.wd1.myworkdayjobs.com/M_tx/job/Cambridge-Massachusetts/Vice-President--Global-Value---Access_R19178","https://modernatx.wd1.myworkdayjobs.com/M_tx/job/Cambridge-Massachusetts/Vice-President--Global-Value---Access_R19178","Legal Technology
Deterministic profile match: 1 profile skills mentioned; title alignment 0.0/3.0; domain signals 3. Title relevance penalty 2.5 applied.","","","","2026-05-14T22:35:44.018180+00:00"
"1","Senior Director, Patent Litigation","Moderna","","","","","","onsite","","","","https://modernatx.wd1.myworkdayjobs.com/M_tx/job/Cambridge-Massachusetts/Senior-Director--Patent-Litigation_R18703","https://modernatx.wd1.myworkdayjobs.com/M_tx/job/Cambridge-Massachusetts/Senior-Director--Patent-Litigation_R18703","Change Management, Legal Technology
Deterministic profile match: 2 profile skills mentioned; title alignment 0.0/3.0; domain signals 4. Title relevance penalty 2.5 applied.","","","","2026-05-14T22:35:44.018180+00:00"
"1","Senior Account Executive (SE Florida)","Motorola Solutions","","","","","","remote","","","Florida Remote Work","https://motorolasolutions.wd5.myworkdayjobs.com/Careers/job/Florida-Remote-Work/Senior-Account-Executive_R63285","https://motorolasolutions.wd5.myworkdayjobs.com/Careers/job/Florida-Remote-Work/Senior-Account-Executive_R63285","
Deterministic profile match: 0 profile skills mentioned; title alignment 0.0/3.0; domain signals 1. Title relevance penalty 2.5 applied.","","","","2026-05-14T22:34:19.241190+00:00"
"1","Senior Supplier Quality Engineer - PCB","NVIDIA","","","","","","remote","","","Thailand, Remote","https://nvidia.wd5.myworkdayjobs.com/NVIDIAExternalCareerSite/job/Thailand-Remote/Senior-Supplier-Quality-Engineer---PCB_JR2017062","https://nvidia.wd5.myworkdayjobs.com/NVIDIAExternalCareerSite/job/Thailand-Remote/Senior-Supplier-Quality-Engineer---PCB_JR2017062","Root Cause Analysis
Deterministic profile match: 1 profile skills mentioned; title alignment 0.0/3.0; domain signals 0. Title relevance penalty 1.0 applied.","","","","2026-05-14T22:32:17.257383+00:00"
"1","Vice President Sales Manulife Investments","Manulife","","","","","","remote","","","CAN, Quebec - Full Time Remote","https://manulife.wd3.myworkdayjobs.com/MFCJH_Jobs/job/CAN-Quebec---Full-Time-Remote/Vice-President-Sales-Manulife-Investments_JR26041578-1","https://manulife.wd3.myworkdayjobs.com/MFCJH_Jobs/job/CAN-Quebec---Full-Time-Remote/Vice-President-Sales-Manulife-Investments_JR26041578-1","Program Management
Deterministic profile match: 1 profile skills mentioned; title alignment 0.0/3.0; domain signals 2. Title relevance penalty 4.0 applied.","","","","2026-05-14T22:30:10.315458+00:00"
"1","Mid-Large Associate Director","Manulife","","","","","","remote","","","USA, Massachusetts - Full Time Remote","https://manulife.wd3.myworkdayjobs.com/MFCJH_Jobs/job/USA-Massachusetts---Full-Time-Remote/Mid-Large-Associate-Director_JR26050162-1","https://manulife.wd3.myworkdayjobs.com/MFCJH_Jobs/job/USA-Massachusetts---Full-Time-Remote/Mid-Large-Associate-Director_JR26050162-1","Program Management, Presentation Skills
Deterministic profile match: 2 profile skills mentioned; title alignment 0.0/3.0; domain signals 2. Title relevance penalty 2.5 applied.","","","","2026-05-14T22:30:10.315458+00:00"
"1","AVP Institutional Sales","Manulife","","","","","","remote","","","USA, California - Full Time Remote","https://manulife.wd3.myworkdayjobs.com/MFCJH_Jobs/job/USA-California---Full-Time-Remote/AVP-Institutional-Sales_JR26040511","https://manulife.wd3.myworkdayjobs.com/MFCJH_Jobs/job/USA-California---Full-Time-Remote/AVP-Institutional-Sales_JR26040511","Program Management, Presentation Skills
Deterministic profile match: 2 profile skills mentioned; title alignment 0.0/3.0; domain signals 2. Title relevance penalty 2.5 applied.","","","","2026-05-14T22:30:10.315458+00:00"
"1","Vice President, Medical Affairs, Asia & Country Medical Director, Singapore","Moderna","","","","","","onsite","","","","https://modernatx.wd1.myworkdayjobs.com/M_tx/job/Singapore/Vice-President--Medical-Affairs--Asia---Country-Medical-Director--Singapore_R18714-1","https://modernatx.wd1.myworkdayjobs.com/M_tx/job/Singapore/Vice-President--Medical-Affairs--Asia---Country-Medical-Director--Singapore_R18714-1","Change Management, Legal Technology
Deterministic profile match: 2 profile skills mentioned; title alignment 0.0/3.0; domain signals 4. Title relevance penalty 4.0 applied.","","","","2026-05-14T22:26:35.890133+00:00"
"1","Senior Director, Global Regulatory Strategy, Oncology","Moderna","","","","","","onsite","","","","https://modernatx.wd1.myworkdayjobs.com/M_tx/job/Cambridge-Massachusetts/Senior-Director--Global-Regulatory-Strategy--Oncology_R19032-1","https://modernatx.wd1.myworkdayjobs.com/M_tx/job/Cambridge-Massachusetts/Senior-Director--Global-Regulatory-Strategy--Oncology_R19032-1","Program Management, Change Management, Legal Technology
Deterministic profile match: 3 profile skills mentioned; title alignment 0.0/3.0; domain signals 3. Title relevance penalty 2.5 applied.","","","","2026-05-14T22:26:35.890133+00:00"
"1","Impounds Supervisor - MVTrac - REMOTE","Motorola Solutions","","","","","","remote","","","Texas Remote Work, More...","https://motorolasolutions.wd5.myworkdayjobs.com/Careers/job/Texas-Remote-Work/Impounds-Supervisor---MVTrac---REMOTE_R63574","https://motorolasolutions.wd5.myworkdayjobs.com/Careers/job/Texas-Remote-Work/Impounds-Supervisor---MVTrac---REMOTE_R63574","Legal Technology
Deterministic profile match: 1 profile skills mentioned; title alignment 0.0/3.0; domain signals 0. Title relevance penalty 1.0 applied.","","","","2026-05-14T22:22:43.289579+00:00"
"1","Inbound Sales Manager","Adobe","","","","","","remote","","","Remote India","https://adobe.wd5.myworkdayjobs.com/external_experienced/job/Remote-India/Inbound-Sales-Manager_R166997","https://adobe.wd5.myworkdayjobs.com/external_experienced/job/Remote-India/Inbound-Sales-Manager_R166997","
Deterministic profile match: 0 profile skills mentioned; title alignment 0.0/3.0; domain signals 2. Title relevance penalty 2.5 applied.","","","","2026-05-14T22:21:34.326711+00:00"
"1","Senior Partner Sales Account Manager - Global System Integrator","Adobe","","","","","","remote","","","Remote Germany","https://adobe.wd5.myworkdayjobs.com/external_experienced/job/Remote-Germany/Senior-Partner-Sales-Account-Manager---Global-System-Integrator_R166236-1","https://adobe.wd5.myworkdayjobs.com/external_experienced/job/Remote-Germany/Senior-Partner-Sales-Account-Manager---Global-System-Integrator_R166236-1","Presentation Skills, Customer Success
Deterministic profile match: 2 profile skills mentioned; title alignment 0.0/3.0; domain signals 3. Title relevance penalty 2.5 applied.","","","","2026-05-14T22:21:34.326711+00:00"
"1","Senior Package Engineer","NVIDIA","","","","","","remote","","","Thailand, Remote","https://nvidia.wd5.myworkdayjobs.com/NVIDIAExternalCareerSite/job/Thailand-Remote/Senior-Package-Engineer_JR1999848","https://nvidia.wd5.myworkdayjobs.com/NVIDIAExternalCareerSite/job/Thailand-Remote/Senior-Package-Engineer_JR1999848","Program Management
Deterministic profile match: 1 profile skills mentioned; title alignment 0.0/3.0; domain signals 0. Title relevance penalty 1.0 applied.","","","","2026-05-14T22:20:37.331030+00:00"
"1","Senior Supplier Quality Engineer","NVIDIA","","","","","","remote","","","China, Remote","https://nvidia.wd5.myworkdayjobs.com/NVIDIAExternalCareerSite/job/China-Remote/Senior-Supplier-Quality-Engineer_JR2017040","https://nvidia.wd5.myworkdayjobs.com/NVIDIAExternalCareerSite/job/China-Remote/Senior-Supplier-Quality-Engineer_JR2017040","Root Cause Analysis
Deterministic profile match: 1 profile skills mentioned; title alignment 0.0/3.0; domain signals 0. Title relevance penalty 1.0 applied.","","","","2026-05-14T22:20:37.331030+00:00"
"1","Regional Director","Manulife","","","","","","remote","","","USA, California - Full Time Remote","https://manulife.wd3.myworkdayjobs.com/MFCJH_Jobs/job/USA-California---Full-Time-Remote/Regional-Director_JR26031014-2","https://manulife.wd3.myworkdayjobs.com/MFCJH_Jobs/job/USA-California---Full-Time-Remote/Regional-Director_JR26031014-2","Program Management, Customer Success
Deterministic profile match: 2 profile skills mentioned; title alignment 0.0/3.0; domain signals 2. Title relevance penalty 2.5 applied.","","","","2026-05-14T22:17:10.020978+00:00"
"1","Director, Investment Consulting","Manulife","","","","","","remote","","","CAN, Quebec - Full Time Remote","https://manulife.wd3.myworkdayjobs.com/MFCJH_Jobs/job/CAN-Quebec---Full-Time-Remote/Director--Investment-Consulting_JR26040038-1","https://manulife.wd3.myworkdayjobs.com/MFCJH_Jobs/job/CAN-Quebec---Full-Time-Remote/Director--Investment-Consulting_JR26040038-1","Program Management, Risk Management
Deterministic profile match: 2 profile skills mentioned; title alignment 0.0/3.0; domain signals 3. Title relevance penalty 2.5 applied.","","","","2026-05-14T22:17:10.020978+00:00"
"1","Sales Engineer C&I Storage & PV TK Solutions Germany","Canadian Solar","","","","","","hybrid","Germany - Remote","","Germany - Remote","https://canadiansolar.wd5.myworkdayjobs.com/CanadianSolar/job/Germany---Remote/Sales-Engineer-C-I-Storage---PV-TK-Solutions-Germany_10000904","https://canadiansolar.wd5.myworkdayjobs.com/CanadianSolar/job/Germany---Remote/Sales-Engineer-C-I-Storage---PV-TK-Solutions-Germany_10000904","Technical Documentation
Deterministic profile match: 1 profile skills mentioned; title alignment 0.0/3.0; domain signals 1. Title relevance penalty 2.5 applied.","","","","2026-05-14T22:13:28.680494+00:00"
"1","Regional Sales Manager","Canadian Solar","","","","","","remote","","","US - Remote","https://canadiansolar.wd5.myworkdayjobs.com/CanadianSolar/job/US---Remote/Regional-Sales-Manager_10001174","https://canadiansolar.wd5.myworkdayjobs.com/CanadianSolar/job/US---Remote/Regional-Sales-Manager_10001174","Program Management, Presentation Skills, Change Management
Deterministic profile match: 3 profile skills mentioned; title alignment 0.0/3.0; domain signals 2. Title relevance penalty 2.5 applied.","","","","2026-05-14T22:13:28.680494+00:00"
"1","Sr Commissioning Technician","Canadian Solar","","","","","","remote","","","England - Remote","https://canadiansolar.wd5.myworkdayjobs.com/CanadianSolar/job/England---Remote/Sr-Commissioning-Technician_10000921-1","https://canadiansolar.wd5.myworkdayjobs.com/CanadianSolar/job/England---Remote/Sr-Commissioning-Technician_10000921-1","
Deterministic profile match: 0 profile skills mentioned; title alignment 0.0/3.0; domain signals 1. Title relevance penalty 1.0 applied.","","","","2026-05-14T22:13:28.680494+00:00"
"1","Director, Key Accounts","Canadian Solar","","","","","","remote","","","US - Remote","https://canadiansolar.wd5.myworkdayjobs.com/CanadianSolar/job/US---Remote/Director--Key-Accounts_10001118","https://canadiansolar.wd5.myworkdayjobs.com/CanadianSolar/job/US---Remote/Director--Key-Accounts_10001118","Program Management, Customer Success, Change Management
Deterministic profile match: 3 profile skills mentioned; title alignment 0.0/3.0; domain signals 1. Title relevance penalty 2.5 applied.","","","","2026-05-14T22:13:28.680494+00:00"
"1","Director of Business Development, USSOCOM","Motorola Solutions","","","","","","remote","","","California Southern Remote Work, More...","https://motorolasolutions.wd5.myworkdayjobs.com/Careers/job/California-Southern-Remote-Work/Director-of-Business-Development--USSOCOM_R63975","https://motorolasolutions.wd5.myworkdayjobs.com/Careers/job/California-Southern-Remote-Work/Director-of-Business-Development--USSOCOM_R63975","Program Management
Deterministic profile match: 1 profile skills mentioned; title alignment 0.0/3.0; domain signals 3. Title relevance penalty 2.5 applied.","","","","2026-05-14T22:09:56.379824+00:00"
"1","Sales Engineer ? Public Safety - Washington, DC","Motorola Solutions","","","","","","remote","","","Washington DC Remote Work","https://motorolasolutions.wd5.myworkdayjobs.com/Careers/job/Washington-DC-Remote-Work/Sales-Engineer---Public-Safety---Washington--DC_R63980","https://motorolasolutions.wd5.myworkdayjobs.com/Careers/job/Washington-DC-Remote-Work/Sales-Engineer---Public-Safety---Washington--DC_R63980","Resource Planning
Deterministic profile match: 1 profile skills mentioned; title alignment 0.0/3.0; domain signals 2. Title relevance penalty 2.5 applied.","","","","2026-05-14T22:09:56.379824+00:00"
"1","Sales Engineer ? Department of Defense (DoD) - United States (Remote)","Motorola Solutions","","","","","","remote","","","California Southern Remote Work, More...","https://motorolasolutions.wd5.myworkdayjobs.com/Careers/job/California-Southern-Remote-Work/Sales-Engineer---Department-of-Defense--DoD----United-States--Remote-_R63981","https://motorolasolutions.wd5.myworkdayjobs.com/Careers/job/California-Southern-Remote-Work/Sales-Engineer---Department-of-Defense--DoD----United-States--Remote-_R63981","Resource Planning
Deterministic profile match: 1 profile skills mentioned; title alignment 0.0/3.0; domain signals 2. Title relevance penalty 2.5 applied.","","","","2026-05-14T22:09:56.379824+00:00"
"1","Sales Engineer - Electronic Warfare, United States (Remote)","Motorola Solutions","","","","","","remote","","","California Southern Remote Work, More...","https://motorolasolutions.wd5.myworkdayjobs.com/Careers/job/California-Southern-Remote-Work/Sales-Engineer---Electronic-Warfare--United-States--Remote-_R63982-1","https://motorolasolutions.wd5.myworkdayjobs.com/Careers/job/California-Southern-Remote-Work/Sales-Engineer---Electronic-Warfare--United-States--Remote-_R63982-1","Resource Planning
Deterministic profile match: 1 profile skills mentioned; title alignment 0.0/3.0; domain signals 2. Title relevance penalty 2.5 applied.","","","","2026-05-14T22:09:56.379824+00:00"
"1","Sales Engineer - Unmanned Systems - United States (Remote)","Motorola Solutions","","","","","","remote","","","California Southern Remote Work, More...","https://motorolasolutions.wd5.myworkdayjobs.com/Careers/job/California-Southern-Remote-Work/Sales-Engineer---Unmanned-Systems---United-States--Remote-_R63983","https://motorolasolutions.wd5.myworkdayjobs.com/Careers/job/California-Southern-Remote-Work/Sales-Engineer---Unmanned-Systems---United-States--Remote-_R63983","Resource Planning
Deterministic profile match: 1 profile skills mentioned; title alignment 0.0/3.0; domain signals 2. Title relevance penalty 2.5 applied.","","","","2026-05-14T22:09:56.379824+00:00"
"1","Director of Business Development, US Navy","Motorola Solutions","","","","","","remote","","","California Southern Remote Work, More...","https://motorolasolutions.wd5.myworkdayjobs.com/Careers/job/California-Southern-Remote-Work/Director-of-Business-Development--US-Navy_R60607","https://motorolasolutions.wd5.myworkdayjobs.com/Careers/job/California-Southern-Remote-Work/Director-of-Business-Development--US-Navy_R60607","Program Management
Deterministic profile match: 1 profile skills mentioned; title alignment 0.0/3.0; domain signals 3. Title relevance penalty 2.5 applied.","","","","2026-05-14T22:09:56.379824+00:00"
"1","Silvus International Inside Sales Representative- Singapore","Motorola Solutions","","","","","","remote","","","","https://motorolasolutions.wd5.myworkdayjobs.com/Careers/job/Silvus-International-Inside-Sales-Representative--Singapore_R63916","https://motorolasolutions.wd5.myworkdayjobs.com/Careers/job/Silvus-International-Inside-Sales-Representative--Singapore_R63916","SAFe, Program Management, Presentation Skills, Legal Technology
Deterministic profile match: 4 profile skills mentioned; title alignment 0.0/3.0; domain signals 2. Title relevance penalty 2.5 applied.","","","","2026-05-14T22:09:56.379824+00:00"
"1","Bilingual Renewal & Sales Associate, Group Benefits","Manulife","","","","","","remote","","","CAN, Quebec - Full Time Remote","https://manulife.wd3.myworkdayjobs.com/MFCJH_Jobs/job/CAN-Quebec---Full-Time-Remote/Bilingual-Renewal---Sales-Associate--Group-Benefits_JR26030576-1","https://manulife.wd3.myworkdayjobs.com/MFCJH_Jobs/job/CAN-Quebec---Full-Time-Remote/Bilingual-Renewal---Sales-Associate--Group-Benefits_JR26030576-1","Program Management, Customer Success
Deterministic profile match: 2 profile skills mentioned; title alignment 0.0/3.0; domain signals 3. Title relevance penalty 2.5 applied.","","","","2026-05-14T22:05:22.908404+00:00"
"1","Associate Sales Specialist - MLF Growth Team","Thomson Reuters","","","","","","unknown","","","","https://thomsonreuters.wd5.myworkdayjobs.com/External_Career_Site/job/United-States-of-America-Eagan-Minnesota/Job-Posting-Title-Associate-Sales-Specialist---MLF-Growth-Team_JREQ200561","https://thomsonreuters.wd5.myworkdayjobs.com/External_Career_Site/job/United-States-of-America-Eagan-Minnesota/Job-Posting-Title-Associate-Sales-Specialist---MLF-Growth-Team_JREQ200561","SAFe, Legal Technology
Deterministic profile match: 2 profile skills mentioned; title alignment 0.0/3.0; domain signals 2. Title relevance penalty 2.5 applied.","","","","2026-05-14T22:01:57.065581+00:00"
"1","Acquisition Sales Specialist - MLF","Thomson Reuters","","","","","","unknown","","","","https://thomsonreuters.wd5.myworkdayjobs.com/External_Career_Site/job/United-States-of-America-Eagan-Minnesota/Acquisition-Sales-Specialist---MLF_JREQ200565","https://thomsonreuters.wd5.myworkdayjobs.com/External_Career_Site/job/United-States-of-America-Eagan-Minnesota/Acquisition-Sales-Specialist---MLF_JREQ200565","Go-to-market Strategy, SAFe, Program Management, Legal Technology
Deterministic profile match: 4 profile skills mentioned; title alignment 0.0/3.0; domain signals 2. Title relevance penalty 2.5 applied.","","","","2026-05-14T22:01:57.065581+00:00"
"1","Sales Development Representative","Thomson Reuters","","","","","","hybrid","","","","https://thomsonreuters.wd5.myworkdayjobs.com/External_Career_Site/job/Mexico-Mexico-City/Sales-Development-Representative_JREQ199975-1","https://thomsonreuters.wd5.myworkdayjobs.com/External_Career_Site/job/Mexico-Mexico-City/Sales-Development-Representative_JREQ199975-1","Customer Success, Data Pipelines, Legal Technology
Deterministic profile match: 3 profile skills mentioned; title alignment 0.0/3.0; domain signals 3. Title relevance penalty 2.5 applied.","","","","2026-05-14T22:01:57.065581+00:00"
"1","Commercial Director, The Insurer","Thomson Reuters","","","","","","hybrid","","","","https://thomsonreuters.wd5.myworkdayjobs.com/External_Career_Site/job/United-Kingdom-London/Commercial-Director--The-Insurer_JREQ200189","https://thomsonreuters.wd5.myworkdayjobs.com/External_Career_Site/job/United-Kingdom-London/Commercial-Director--The-Insurer_JREQ200189","Change Management, Risk Management, Legal Technology
Deterministic profile match: 3 profile skills mentioned; title alignment 0.0/3.0; domain signals 3. Title relevance penalty 2.5 applied.","","","","2026-05-14T22:01:57.065581+00:00"
"1","Sales Development Representative","Thomson Reuters","","","","","","hybrid","","","","https://thomsonreuters.wd5.myworkdayjobs.com/External_Career_Site/job/Mexico-Mexico-City/Sales-Development-Representative_JREQ200160","https://thomsonreuters.wd5.myworkdayjobs.com/External_Career_Site/job/Mexico-Mexico-City/Sales-Development-Representative_JREQ200160","Legal Technology
Deterministic profile match: 1 profile skills mentioned; title alignment 0.0/3.0; domain signals 3. Title relevance penalty 2.5 applied.","","","","2026-05-14T22:01:57.065581+00:00"
"1","Sales Manager, Associate Sales Executive - GLLF","Thomson Reuters","","","","","","unknown","","","","https://thomsonreuters.wd5.myworkdayjobs.com/External_Career_Site/job/United-States-of-America-Washington-District-of-Columbia/Sales-Manager--Associate-Sales-Executive---GLLF_JREQ200145","https://thomsonreuters.wd5.myworkdayjobs.com/External_Career_Site/job/United-States-of-America-Washington-District-of-Columbia/Sales-Manager--Associate-Sales-Executive---GLLF_JREQ200145","SAFe, Legal Technology
Deterministic profile match: 2 profile skills mentioned; title alignment 0.0/3.0; domain signals 4. Title relevance penalty 2.5 applied.","","","","2026-05-14T22:01:57.065581+00:00"
"1","Vice President, Communications - Reuters","Thomson Reuters","","","","","","hybrid","","","","https://thomsonreuters.wd5.myworkdayjobs.com/External_Career_Site/job/United-Kingdom-London/Vice-President--Communications---Reuters_JREQ199742","https://thomsonreuters.wd5.myworkdayjobs.com/External_Career_Site/job/United-Kingdom-London/Vice-President--Communications---Reuters_JREQ199742","Stakeholder Management, Legal Technology
Deterministic profile match: 2 profile skills mentioned; title alignment 0.0/3.0; domain signals 4. Title relevance penalty 2.5 applied.","","","","2026-05-14T22:01:57.065581+00:00"
"1","Sales Manager, APAC","Thomson Reuters","","","","","","hybrid","","","","https://thomsonreuters.wd5.myworkdayjobs.com/External_Career_Site/job/Australia-Pyrmont-New-South-Wales/Sales-Manager_JREQ199333-1","https://thomsonreuters.wd5.myworkdayjobs.com/External_Career_Site/job/Australia-Pyrmont-New-South-Wales/Sales-Manager_JREQ199333-1","Resource Planning, Legal Technology
Deterministic profile match: 2 profile skills mentioned; title alignment 0.0/3.0; domain signals 3. Title relevance penalty 2.5 applied.","","","","2026-05-14T22:01:57.065581+00:00"
"1","Global Client Director, GLLF","Thomson Reuters","","","","","","unknown","","","","https://thomsonreuters.wd5.myworkdayjobs.com/External_Career_Site/job/United-Kingdom-London/Global-Client-Director--GLLF_JREQ198936","https://thomsonreuters.wd5.myworkdayjobs.com/External_Career_Site/job/United-Kingdom-London/Global-Client-Director--GLLF_JREQ198936","Stakeholder Management, Customer Success, Legal Technology
Deterministic profile match: 3 profile skills mentioned; title alignment 0.0/3.0; domain signals 3. Title relevance penalty 2.5 applied.","","","","2026-05-14T22:01:57.065581+00:00"
"1","Software Account Executive (Command Center)","Motorola Solutions","","","","","","remote","","","Nebraska Remote Work, More...","https://motorolasolutions.wd5.myworkdayjobs.com/Careers/job/Nebraska-Remote-Work/Software-Account-Executive--Command-Center-_R63449","https://motorolasolutions.wd5.myworkdayjobs.com/Careers/job/Nebraska-Remote-Work/Software-Account-Executive--Command-Center-_R63449","Software Project Management, Legal Technology
Deterministic profile match: 2 profile skills mentioned; title alignment 0.0/3.0; domain signals 3. Title relevance penalty 2.5 applied.","","","","2026-05-14T21:59:19.671411+00:00"
"1","Regional Sales Manager, Avtec - Northwest","Motorola Solutions","","","","","","remote","","","Colorado Remote Work, More...","https://motorolasolutions.wd5.myworkdayjobs.com/Careers/job/Colorado-Remote-Work/Regional-Sales-Manager--Avtec---Northwest_R63600","https://motorolasolutions.wd5.myworkdayjobs.com/Careers/job/Colorado-Remote-Work/Regional-Sales-Manager--Avtec---Northwest_R63600","Customer Success
Deterministic profile match: 1 profile skills mentioned; title alignment 0.0/3.0; domain signals 2. Title relevance penalty 2.5 applied.","","","","2026-05-14T21:59:19.671411+00:00"
"1","Field Sales Account Manager (Metro Philadelphia)","Motorola Solutions","","","","","","remote","","","Pennsylvania Remote Work","https://motorolasolutions.wd5.myworkdayjobs.com/Careers/job/Pennsylvania-Remote-Work/Field-Sales-Account-Manager--Philadelphia-Metro--_R63136","https://motorolasolutions.wd5.myworkdayjobs.com/Careers/job/Pennsylvania-Remote-Work/Field-Sales-Account-Manager--Philadelphia-Metro--_R63136","Software Project Management
Deterministic profile match: 1 profile skills mentioned; title alignment 0.0/3.0; domain signals 1. Title relevance penalty 2.5 applied.","","","","2026-05-14T21:59:19.671411+00:00"
"1","Mobile Video Area Sales Manager (Southeast US)","Motorola Solutions","","","","","","remote","","","Georgia Remote Work, More...","https://motorolasolutions.wd5.myworkdayjobs.com/Careers/job/Georgia-Remote-Work/Mobile-Video-Area-Sales-Manager--Southeast-US-_R61160-1","https://motorolasolutions.wd5.myworkdayjobs.com/Careers/job/Georgia-Remote-Work/Mobile-Video-Area-Sales-Manager--Southeast-US-_R61160-1","Change Management
Deterministic profile match: 1 profile skills mentioned; title alignment 0.0/3.0; domain signals 2. Title relevance penalty 2.5 applied.","","","","2026-05-14T21:59:19.671411+00:00"
"1","Channel Sales Executive - New York, New Jersey","Motorola Solutions","","","","","","remote","","","New York Remote Work, More...","https://motorolasolutions.wd5.myworkdayjobs.com/Careers/job/New-York-Remote-Work/Channel-Sales-Executive---New-York--New-Jersey_R64953","https://motorolasolutions.wd5.myworkdayjobs.com/Careers/job/New-York-Remote-Work/Channel-Sales-Executive---New-York--New-Jersey_R64953","Software Project Management, Customer Success, Training Enablement
Deterministic profile match: 3 profile skills mentioned; title alignment 0.0/3.0; domain signals 2. Title relevance penalty 2.5 applied.","","","","2026-05-14T21:59:19.671411+00:00"
"1","Director of Hardware Engineering - Video Devices","Motorola Solutions","","","","","","remote","","","Texas Remote Work, More...","https://motorolasolutions.wd5.myworkdayjobs.com/Careers/job/Texas-Remote-Work/Director-of-Hardware-Engineering---Video-Devices_R64889","https://motorolasolutions.wd5.myworkdayjobs.com/Careers/job/Texas-Remote-Work/Director-of-Hardware-Engineering---Video-Devices_R64889","Legal Technology
Deterministic profile match: 1 profile skills mentioned; title alignment 0.0/3.0; domain signals 4. Title relevance penalty 2.5 applied.","","","","2026-05-14T21:59:19.671411+00:00"
"1","Product Specialist/Overlay Sales Acct Manager","Adobe","","","","","","remote","","","Remote Chile","https://adobe.wd5.myworkdayjobs.com/external_experienced/job/Remote-Chile/Product-Specialist-Overlay-Sales-Acct-Manager_R166846","https://adobe.wd5.myworkdayjobs.com/external_experienced/job/Remote-Chile/Product-Specialist-Overlay-Sales-Acct-Manager_R166846","
Deterministic profile match: 0 profile skills mentioned; title alignment 0.0/3.0; domain signals 3. Title relevance penalty 1.5 applied.","","","","2026-05-14T21:57:56.024402+00:00"
"1","Channel Sales Acct Manager 3","Adobe","","","","","","remote","","","Remote Colombia","https://adobe.wd5.myworkdayjobs.com/external_experienced/job/Remote-Colombia/Channel-Sales-Acct-Manager-3_R164769","https://adobe.wd5.myworkdayjobs.com/external_experienced/job/Remote-Colombia/Channel-Sales-Acct-Manager-3_R164769","Change Management, Risk Management
Deterministic profile match: 2 profile skills mentioned; title alignment 0.0/3.0; domain signals 4. Title relevance penalty 2.5 applied.","","","","2026-05-14T21:57:56.024402+00:00"
"1","Senior Software Engineer, SPE","NVIDIA","","","","","","remote","","","Vietnam, Remote","https://nvidia.wd5.myworkdayjobs.com/NVIDIAExternalCareerSite/job/Vietnam-Remote/Senior-Software-Engineer--SPE_JR2015596","https://nvidia.wd5.myworkdayjobs.com/NVIDIAExternalCareerSite/job/Vietnam-Remote/Senior-Software-Engineer--SPE_JR2015596","Python, Software Project Management
Deterministic profile match: 2 profile skills mentioned; title alignment 0.0/3.0; domain signals 4. Title relevance penalty 2.5 applied.","","","","2026-05-14T21:57:02.905092+00:00"
"1","Senior System Software Engineer - Slurm","NVIDIA","","","","","","hybrid","US, UT, Remote","","US, UT, Remote","https://nvidia.wd5.myworkdayjobs.com/NVIDIAExternalCareerSite/job/US-UT-Remote/Senior-System-Software-Engineer---Slurm_JR2016543","https://nvidia.wd5.myworkdayjobs.com/NVIDIAExternalCareerSite/job/US-UT-Remote/Senior-System-Software-Engineer---Slurm_JR2016543","Scheduling Management
Deterministic profile match: 1 profile skills mentioned; title alignment 0.0/3.0; domain signals 5. Title relevance penalty 2.5 applied.","","","","2026-05-14T21:57:02.905092+00:00"
"1","Senior Systems Software Engineer, Base OS - Kernel","NVIDIA","","","","","","remote","","","US, CA, Remote","https://nvidia.wd5.myworkdayjobs.com/NVIDIAExternalCareerSite/job/US-CA-Remote/Senior-Systems-Software-Engineer--Base-OS---Kernel_JR2013791","https://nvidia.wd5.myworkdayjobs.com/NVIDIAExternalCareerSite/job/US-CA-Remote/Senior-Systems-Software-Engineer--Base-OS---Kernel_JR2013791","CI/CD Collaboration, Scheduling Management
Deterministic profile match: 2 profile skills mentioned; title alignment 0.0/3.0; domain signals 4. Title relevance penalty 2.5 applied.","","","","2026-05-14T21:57:02.905092+00:00"
"1","Technical Sales Engineer focused on Tier 1 Service Provider Customer","Ciena","","","","","","remote","","","Remote-US","https://ciena.wd5.myworkdayjobs.com/Careers/job/Remote-US/Technical-Sales-Engineer-focused-on-Tier-1-Service-Provider-Customer_R030569","https://ciena.wd5.myworkdayjobs.com/Careers/job/Remote-US/Technical-Sales-Engineer-focused-on-Tier-1-Service-Provider-Customer_R030569","Technical Documentation, Presentation Skills
Deterministic profile match: 2 profile skills mentioned; title alignment 0.0/3.0; domain signals 3. Title relevance penalty 2.5 applied.","","","","2026-05-14T21:55:51.922966+00:00"
"1","Solution Architect, Sales Engineering","Ciena","","","","","","remote","","","Remote-US-CO","https://ciena.wd5.myworkdayjobs.com/Careers/job/Remote-US-CO/Solution-Architect--Sales-Engineering_R029415","https://ciena.wd5.myworkdayjobs.com/Careers/job/Remote-US-CO/Solution-Architect--Sales-Engineering_R029415","Python
Deterministic profile match: 1 profile skills mentioned; title alignment 0.0/3.0; domain signals 5. Title relevance penalty 2.5 applied.","","","","2026-05-14T21:55:51.922966+00:00"
"1","Digital Marketing Manager","Local and Qualified","","","","","","remote","","","Remote, US (Remote)","http://www.indeed.com/job/digital-marketing-manager-2355e1cdabdbef87","https://www.indeed.com/viewjob?jk=2355e1cdabdbef87","
Deterministic profile match: 0 profile skills mentioned; title alignment 0.0/3.0; domain signals 0. Title relevance penalty 2.5 applied.","","","","2026-05-14T21:52:47.996850+00:00"
"1","E-Commerce Manager ? Amazon, Walmart, Target.com & TikTok Shop","Burlington, VT Farmers Insurance Agency","","","","","","remote","","","Remote, US (Remote)","http://www.indeed.com/job/e-commerce-manager-amazon-walmart-targetcom-tiktok-shop-bdde4addcb98fb5c","https://www.indeed.com/viewjob?jk=bdde4addcb98fb5c","
Deterministic profile match: 0 profile skills mentioned; title alignment 0.0/3.0; domain signals 0. Title relevance penalty 1.0 applied.","","","","2026-05-14T21:52:47.996850+00:00"
"1","Senior Director, Enterprise PMO & Strategy Execution","QFormia","","","","","","remote","","","Remote, US (Remote)","http://www.indeed.com/job/senior-director-enterprise-pmo-strategy-execution-352459bf6e44ecad","https://www.indeed.com/viewjob?jk=352459bf6e44ecad","Stakeholder Management, Resource Planning
Deterministic profile match: 2 profile skills mentioned; title alignment 0.0/3.0; domain signals 3. Title relevance penalty 2.5 applied.","","","","2026-05-14T21:52:47.996850+00:00"
"1","Marketing and Growth, Senior Manager","Vanna Health","","","","","","remote","","","Remote, US (Remote)","https://grnh.se/hznrp2rj5us","https://www.indeed.com/viewjob?jk=05acf5f44c9a6f6f","Lean Product Development
Deterministic profile match: 1 profile skills mentioned; title alignment 0.0/3.0; domain signals 0. Title relevance penalty 1.0 applied.","","","","2026-05-14T21:52:47.996850+00:00"
"1","Marketing Manager, PAVBLU","Amgen","","","","","","remote","","","Remote, US (Remote)","https://careers.amgen.com/en/job/washington-d-c/marketing-manager-pavblu/87/95005030240","https://www.indeed.com/viewjob?jk=2a2623dd03e6a811","Program Management
Deterministic profile match: 1 profile skills mentioned; title alignment 0.0/3.0; domain signals 2. Title relevance penalty 2.5 applied.","","","","2026-05-14T21:52:47.996850+00:00"
"1","Sr. Marketing Manager & Youth to Pro Integration, LYTE","League One Volleyball","","","","","","remote","","","Remote, US (Remote)","https://recruitingbypaycor.com/career/JobIntroduction.action?id=8a7887a19de07068019e1947b1ef2675&source=Indeed+Free","https://www.indeed.com/viewjob?jk=1f9c7f76f15c166a","Program Management, Change Management
Deterministic profile match: 2 profile skills mentioned; title alignment 0.0/3.0; domain signals 2. Title relevance penalty 2.5 applied.","","","","2026-05-14T21:52:47.996850+00:00"
"1","Social Media and Marketing Manager","indeed","","","","","","remote","","","Remote, US (Remote)","http://www.indeed.com/job/social-media-and-marketing-manager-6bceb433a435212e","https://www.indeed.com/viewjob?jk=6bceb433a435212e","Scheduling Management, Google Analytics
Deterministic profile match: 2 profile skills mentioned; title alignment 0.0/3.0; domain signals 2. Title relevance penalty 2.5 applied.","","","","2026-05-14T21:52:47.996850+00:00"
"1","Account Executive, Enterprise","Restaurant365","","","","","","hybrid","Remote, US (Remote)","","Remote, US (Remote)","https://jobs.lever.co/restaurant365/92a5665e-ad5c-48ad-a60c-7ba4703e70b0?lever-source=Indeed","https://www.indeed.com/viewjob?jk=3d7cf12716f9431b","Presentation Skills, ERP
Deterministic profile match: 2 profile skills mentioned; title alignment 0.0/3.0; domain signals 5. Title relevance penalty 2.5 applied.","","","","2026-05-14T21:48:33.976678+00:00"
"1","Oncology Clinical Account Executive, Rhode Island/Southern MA","Tempus","","","","","","remote","","","Remote, US (Remote)","https://tempus.wd5.myworkdayjobs.com/en-US/Tempus_Careers/job/Remote---Rhode-Island/Oncology-Clinical-Account-Executive--Rhode-Island-Southern-MA_JR202600427","https://www.indeed.com/viewjob?jk=ba69059d75bba65b","Presentation Skills, Change Management
Deterministic profile match: 2 profile skills mentioned; title alignment 0.0/3.0; domain signals 5. Title relevance penalty 2.5 applied.","","","","2026-05-14T21:48:33.976678+00:00"
"1","Mechanical Claims Adjuster","DKP Administration, Inc.","","","","","","remote","","","Remote, US (Remote)","http://www.indeed.com/job/mechanical-claims-adjuster-f8225e4210ec6367","https://www.indeed.com/viewjob?jk=f8225e4210ec6367","
Deterministic profile match: 0 profile skills mentioned; title alignment 0.0/3.0; domain signals 1. Title relevance penalty 1.0 applied.","","","","2026-05-14T21:44:13.352357+00:00"
"1","SMB Senior Account Executive","GitHub","","","","","","remote","","","Remote, US (Remote)","https://globalcareers-githubinc.icims.com/jobs/5398/job?utm_source=indeed_integration&iis=Job%20Board&iisn=Indeed&indeed-apply-token=73a2d2b2a8d6d5c0a62696875eaebd669103652d3f0c2cd5445d3e66b1592b0f","https://www.indeed.com/viewjob?jk=2a8248d75fd2558f","Customer Success, Change Management, GitHub
Deterministic profile match: 3 profile skills mentioned; title alignment 0.0/3.0; domain signals 3. Title relevance penalty 2.5 applied.","","","","2026-05-14T21:44:13.352357+00:00"
"1","Business & Proposal Development Intern","Technology & Bussiness Managment Inc.","","","","","","remote","","","Remote, US (Remote)","http://www.indeed.com/job/business-proposal-development-intern-7403d4f838cc74e5","https://www.indeed.com/viewjob?jk=7403d4f838cc74e5","
Deterministic profile match: 0 profile skills mentioned; title alignment 0.0/3.0; domain signals 4. Title relevance penalty 2.5 applied.","","","","2026-05-14T21:40:03.505024+00:00"
"1","Solution Sales Specialist - BitTitan","Idera, Inc.","","","","","","remote","","","Remote, US (Remote)","https://idera.applytojob.com/apply/XDvE6ATwzi/Solution-Sales-Specialist-BitTitan?source=INDE&~","https://www.indeed.com/viewjob?jk=9761baed90e0bcc8","Google Cloud
Deterministic profile match: 1 profile skills mentioned; title alignment 0.0/3.0; domain signals 6. Title relevance penalty 2.5 applied.","","","","2026-05-14T21:37:59.870693+00:00"
"1","Regional Sales Executive - Automotive Marketing","Dealer Alchemist","","","","","","remote","","","Remote, US (Remote)","https://ht-jobs.net/tdm9qku?s=in","https://www.indeed.com/viewjob?jk=4d5b543f2df7cd06","Customer Success
Deterministic profile match: 1 profile skills mentioned; title alignment 0.0/3.0; domain signals 4. Title relevance penalty 2.5 applied.","","","","2026-05-14T21:37:59.870693+00:00"
"1","Director, Operations Delivery Lead","Healthmap Solutions","","","","","","unknown","","","","","https://www.linkedin.com/jobs/view/4413580566","Program Management, Presentation Skills
Deterministic profile match: 2 profile skills mentioned; title alignment 0.0/3.0; domain signals 4. Title relevance penalty 2.5 applied.","","","","2026-05-14T21:37:59.870693+00:00"
"1","Technical Sales Manager - Equipment","Bucher Vaslin North America","","","","","","remote","","","Remote, US (Remote)","http://www.indeed.com/job/technical-sales-manager-equipment-1677fb83fd540af3","https://www.indeed.com/viewjob?jk=1677fb83fd540af3","
Deterministic profile match: 0 profile skills mentioned; title alignment 0.0/3.0; domain signals 2. Title relevance penalty 2.5 applied.","","","","2026-05-14T21:31:37.952938+00:00"
"1","Director of IT Operations","Spatial Data Logic","","","","","","remote","","","Remote, US (Remote)","https://ats.rippling.com/sdl/jobs/88458c2b-b2b6-48fe-a555-bb7e2f7c284a?jobSite=Indeed","https://www.indeed.com/viewjob?jk=0cc927cbed287449","Technical Documentation
Deterministic profile match: 1 profile skills mentioned; title alignment 0.0/3.0; domain signals 5. Title relevance penalty 2.5 applied.","","","","2026-05-14T21:29:36.448824+00:00"
"1","EverPro - Cross-sell Account Executive (Remote, US)","Evercommerce","","","","","","hybrid","Remote, US (Remote)","","Remote, US (Remote)","https://careers.evercommerce.com/us/en/job/R-106139/EverPro-Cross-sell-Account-Executive-Remote-US","https://www.indeed.com/viewjob?jk=0e22ac8cdf6b1dba","Program Management, Customer Success, Scheduling Management
Deterministic profile match: 3 profile skills mentioned; title alignment 0.0/3.0; domain signals 3. Title relevance penalty 2.5 applied.","","","","2026-05-14T21:29:36.448824+00:00"
"1","General Construction Cost Estimator-Federal","BRS","","","","","","hybrid","Remote, US (Remote)","","Remote, US (Remote)","https://jobs.dayforcehcm.com/en-US/brs/PPSCANDIDATEPORTAL/jobs/31724","https://www.indeed.com/viewjob?jk=8937363d7b8f30ed","
Deterministic profile match: 0 profile skills mentioned; title alignment 0.0/3.0; domain signals 1. Title relevance penalty 1.0 applied.","","","","2026-05-14T21:29:36.448824+00:00"
