Date Applied,Note,Resume Path,score,title,Recognizable Brand?,company,source_url,work_arrangement,score_reasoning,custom_resume_path,custom_resume_status,custom_resume_validation_errors,custom_resume_validation_warnings,tailored_resume_path,office_location,remote_region,location,application_url,apply_status,apply_error,cover_letter_path,discovered_at,link_check_status,link_check_note,duplicate_resolution,kept_company_job_title,kept_company_job_score
,,,7,Project Manager - HR Service Support,,A P Ventures LLC,https://www.indeed.com/viewjob?jk=f90ddebd38b70e78,remote,"Program Management, Customer Success, AI/ML, Risk Management, Policy Automation
Deterministic profile match: 5 profile skills mentioned; title alignment 2.0/3.0; domain signals 5.",,,,,,,,"Remote, US (Remote)",https://secure6.saashr.com/ta/6198131.careers?ShowJob=705054211,,,,2026-05-14T21:50:40.094592+00:00,not_checked_network_restricted,Not finalized: outbound link checking was blocked in sandbox.,Moved because A P Ventures LLC already has a stronger kept row: Project Manager - HR Service Support (score 7).,Project Manager - HR Service Support,7
,,,2,"Director, Product Management",,ACV Auctions,https://www.indeed.com/viewjob?jk=f607a824ac7e496a,remote,"Deterministic refreshed score: 0 profile skills mentioned
title alignment 0.0/3.0
domain signals 9",,,,,,,,"Remote, US (Remote)",https://jobs.dayforcehcm.com/en-US/acv/CANDIDATEPORTAL/jobs/35075,,,,2026-05-20T23:30:56.351886+00:00,not_checked_network_restricted,Added from ApplyPilot DB; outbound link checking was blocked in sandbox.,"Moved because ACV Auctions already has a stronger kept row: Product Manager III, Order Management Systems (score 8).","Product Manager III, Order Management Systems",8
,,,7,Product Manager I,,Ad Hoc,https://www.indeed.com/viewjob?jk=ac7c90c7f7876ca9,remote,"Agile Scrum, Sprint Planning, Retrospectives, Program Management, Requirements Gathering, Sprint Reviews, Jira, Confluence
Deterministic profile match: 8 profile skills mentioned; title alignment 1.0/3.0; domain signals 10.
Experience cap applied: job asks for 8 years, more than 3 years above candidate's 4 years; capped score at 7.",C:\Users\bsing\.applypilot\tailored_resumes\software-pm\014_8_Ad_Hoc_Product_Manager_I.txt,failed_validation,Company 'Sakhi' missing from experience; Company 'The Samaritans of New York' missing from experience,Banned words: cross-functional collaboration,,,,"Remote, US (Remote)",https://adhoc.hrmdirect.com/employment/view.php?req=3710904&jbsrc=1014&location=02e8ea78-dec7-490b-cfbf-a60f1ead3f16,,,,2026-05-14T21:33:49.397717+00:00,not_checked_network_restricted,Not finalized: outbound link checking was blocked in sandbox.,Moved because Ad Hoc already has a stronger kept row: Senior Program Manager (score 7).,Senior Program Manager,7
,,,4,Product Management Lead,,Ad Hoc,https://www.indeed.com/viewjob?jk=421ca574957edb8b,remote,"Program Management, Mentoring, Change Management
Deterministic profile match: 3 profile skills mentioned; title alignment 0.0/3.0; domain signals 4.",,,,,,,,"Remote, US (Remote)",https://adhoc.hrmdirect.com/employment/view.php?req=3707360&jbsrc=1014&location=184bbe6f-b8d9-92da-af64-49cd5e6ed79a,,,,2026-05-14T21:40:03.505024+00:00,not_checked_network_restricted,Not finalized: outbound link checking was blocked in sandbox.,Moved because Ad Hoc already has a stronger kept row: Senior Program Manager (score 7).,Senior Program Manager,7
,,,4,Digital Strategist AI Adoption,,Adobe,https://adobe.wd5.myworkdayjobs.com/external_experienced/job/Remote-Virginia/Digital-Strategist-AI-Adoption_R165797,remote,"Data Governance Frameworks, Stakeholder Management, Program Management, Customer Success
Deterministic profile match: 4 profile skills mentioned; title alignment 0.0/3.0; domain signals 6. Title relevance penalty 1.0 applied.",,,,,,,,Remote Virginia,https://adobe.wd5.myworkdayjobs.com/external_experienced/job/Remote-Virginia/Digital-Strategist-AI-Adoption_R165797,,,,2026-05-14T22:21:34.326711+00:00,not_checked_network_restricted,Not finalized: outbound link checking was blocked in sandbox.,Moved because Adobe already has a stronger kept row: Customer Success Account Manager - APAC/EMEA (score 5).,Customer Success Account Manager - APAC/EMEA,5
,,,4,Engineering Program Manager 5,,Adobe,https://adobe.wd5.myworkdayjobs.com/external_experienced/job/Remote-India/Engineering-Program-Manager-5_R167614-1,remote,Deterministic profile match: 0 profile skills mentioned; title alignment 1.5/3.0; domain signals 2.,,,,,,,,Remote India,https://adobe.wd5.myworkdayjobs.com/external_experienced/job/Remote-India/Engineering-Program-Manager-5_R167614-1,,,,2026-05-14T22:21:34.326711+00:00,not_checked_network_restricted,Not finalized: outbound link checking was blocked in sandbox.,Moved because Adobe already has a stronger kept row: Customer Success Account Manager - APAC/EMEA (score 5).,Customer Success Account Manager - APAC/EMEA,5
,,,4,Senior Enterprise Architect,,Adobe,https://adobe.wd5.myworkdayjobs.com/external_experienced/job/Remote-Illinois/Senior-Enterprise-Architect_R167408,remote,"Resource Planning, Workflow Automation
Deterministic profile match: 2 profile skills mentioned; title alignment 0.0/3.0; domain signals 9. Title relevance penalty 1.0 applied.",,,,,,,,Remote Illinois,https://adobe.wd5.myworkdayjobs.com/external_experienced/job/Remote-Illinois/Senior-Enterprise-Architect_R167408,,,,2026-05-14T22:08:34.888181+00:00,not_checked_network_restricted,Not finalized: outbound link checking was blocked in sandbox.,Moved because Adobe already has a stronger kept row: Customer Success Account Manager - APAC/EMEA (score 5).,Customer Success Account Manager - APAC/EMEA,5
,,,4,Senior Software Development Engineer,,Adobe,https://adobe.wd5.myworkdayjobs.com/external_experienced/job/Remote-Georgia-US/Senior-Software-Development-Engineer_R164974,remote,"Python, JavaScript, Observability Concepts, Legal Technology
Deterministic profile match: 4 profile skills mentioned; title alignment 0.0/3.0; domain signals 7. Title relevance penalty 1.0 applied.",,,,,,,,Remote Georgia (US),https://adobe.wd5.myworkdayjobs.com/external_experienced/job/Remote-Georgia-US/Senior-Software-Development-Engineer_R164974,,,,2026-05-14T21:57:56.024402+00:00,not_checked_network_restricted,Not finalized: outbound link checking was blocked in sandbox.,Moved because Adobe already has a stronger kept row: Customer Success Account Manager - APAC/EMEA (score 5).,Customer Success Account Manager - APAC/EMEA,5
,,,4,Senior Solution Architect Firefly Enterprise Solutions,,Adobe,https://adobe.wd5.myworkdayjobs.com/external_experienced/job/Remote-Germany/Senior-Solution-Architect-Firefly-Enterprise-Solutions_R167689-1,remote,"Customer Success, AI/ML, Workflow Automation, AWS
Deterministic profile match: 4 profile skills mentioned; title alignment 0.0/3.0; domain signals 10. Title relevance penalty 1.0 applied.",,,,,,,,Remote Germany,https://adobe.wd5.myworkdayjobs.com/external_experienced/job/Remote-Germany/Senior-Solution-Architect-Firefly-Enterprise-Solutions_R167689-1,,,,2026-05-14T22:08:34.888181+00:00,not_checked_network_restricted,Not finalized: outbound link checking was blocked in sandbox.,Moved because Adobe already has a stronger kept row: Customer Success Account Manager - APAC/EMEA (score 5).,Customer Success Account Manager - APAC/EMEA,5
,,,4,Solutions Enablement Manager,,Adobe,https://adobe.wd5.myworkdayjobs.com/external_experienced/job/Remote-Idaho/Solutions-Enablement-Manager_R166912-1,remote,"Software Project Management, Program Management, Presentation Skills, Training Enablement, Legal Technology
Deterministic profile match: 5 profile skills mentioned; title alignment 0.0/3.0; domain signals 6. Title relevance penalty 1.0 applied.",,,,,,,,Remote Idaho,https://adobe.wd5.myworkdayjobs.com/external_experienced/job/Remote-Idaho/Solutions-Enablement-Manager_R166912-1,,,,2026-05-19T03:50:18.279538+00:00,not_checked_network_restricted,Not finalized: outbound link checking was blocked in sandbox.,Moved because Adobe already has a stronger kept row: Customer Success Account Manager - APAC/EMEA (score 5).,Customer Success Account Manager - APAC/EMEA,5
,,,4,Sr. Analyst- Revenue Operations,,Adobe,https://adobe.wd5.myworkdayjobs.com/external_experienced/job/Remote-India/Sales-Operations-Analyst_R168147,remote,"SQL, Customer Success, Power BI
Deterministic profile match: 3 profile skills mentioned; title alignment 0.0/3.0; domain signals 8. Title relevance penalty 1.0 applied.",,,,,,,,Remote India,https://adobe.wd5.myworkdayjobs.com/external_experienced/job/Remote-India/Sales-Operations-Analyst_R168147,,,,2026-05-14T22:08:34.888181+00:00,not_checked_network_restricted,Not finalized: outbound link checking was blocked in sandbox.,Moved because Adobe already has a stronger kept row: Customer Success Account Manager - APAC/EMEA (score 5).,Customer Success Account Manager - APAC/EMEA,5
,,,3,Account Manager,,Adobe,https://adobe.wd5.myworkdayjobs.com/external_experienced/job/Remote-India/Account-Manager_R168587,remote,"Presentation Skills, Deployment Workflows
Deterministic profile match: 2 profile skills mentioned; title alignment 0.0/3.0; domain signals 4. Title relevance penalty 1.0 applied.",,,,,,,,Remote India,https://adobe.wd5.myworkdayjobs.com/external_experienced/job/Remote-India/Account-Manager_R168587,,,,2026-05-14T22:21:34.326711+00:00,not_checked_network_restricted,Not finalized: outbound link checking was blocked in sandbox.,Moved because Adobe already has a stronger kept row: Customer Success Account Manager - APAC/EMEA (score 5).,Customer Success Account Manager - APAC/EMEA,5
,,,3,Account Manager,,Adobe,https://adobe.wd5.myworkdayjobs.com/external_experienced/job/Remote-India/Account-Manager_R168119,remote,"Presentation Skills, Deployment Workflows
Deterministic profile match: 2 profile skills mentioned; title alignment 0.0/3.0; domain signals 4. Title relevance penalty 1.0 applied.",,,,,,,,Remote India,https://adobe.wd5.myworkdayjobs.com/external_experienced/job/Remote-India/Account-Manager_R168119,,,,2026-05-14T22:21:34.326711+00:00,not_checked_network_restricted,Not finalized: outbound link checking was blocked in sandbox.,Moved because Adobe already has a stronger kept row: Customer Success Account Manager - APAC/EMEA (score 5).,Customer Success Account Manager - APAC/EMEA,5
,,,3,Customer Success Account Manager,,Adobe,https://adobe.wd5.myworkdayjobs.com/external_experienced/job/Remote-India/Customer-Success-Account-Manager---Digital-Sales-ICX_R160747,remote,"Presentation Skills, Customer Success, Deployment Workflows
Deterministic profile match: 3 profile skills mentioned; title alignment 0.0/3.0; domain signals 3. Title relevance penalty 1.0 applied.",,,,,,,,Remote India,https://adobe.wd5.myworkdayjobs.com/external_experienced/job/Remote-India/Customer-Success-Account-Manager---Digital-Sales-ICX_R160747,,,,2026-05-14T22:21:34.326711+00:00,not_checked_network_restricted,Not finalized: outbound link checking was blocked in sandbox.,Moved because Adobe already has a stronger kept row: Customer Success Account Manager - APAC/EMEA (score 5).,Customer Success Account Manager - APAC/EMEA,5
,,,3,Customer Success Account Manager,,Adobe,https://adobe.wd5.myworkdayjobs.com/external_experienced/job/Remote-India/Customer-Success-Account-Manager_R144410,remote,"Presentation Skills, Customer Success, Deployment Workflows
Deterministic profile match: 3 profile skills mentioned; title alignment 0.0/3.0; domain signals 4. Title relevance penalty 1.0 applied.",,,,,,,,Remote India,https://adobe.wd5.myworkdayjobs.com/external_experienced/job/Remote-India/Customer-Success-Account-Manager_R144410,,,,2026-05-14T22:21:34.326711+00:00,not_checked_network_restricted,Not finalized: outbound link checking was blocked in sandbox.,Moved because Adobe already has a stronger kept row: Customer Success Account Manager - APAC/EMEA (score 5).,Customer Success Account Manager - APAC/EMEA,5
,,,3,Enterprise Named Account Manager,,Adobe,https://adobe.wd5.myworkdayjobs.com/external_experienced/job/Remote-Utah/Enterprise-Named-Account-Manager_R166961,remote,"Presentation Skills, Legal Technology
Deterministic profile match: 2 profile skills mentioned; title alignment 0.0/3.0; domain signals 5. Title relevance penalty 1.0 applied.",,,,,,,,Remote Utah,https://adobe.wd5.myworkdayjobs.com/external_experienced/job/Remote-Utah/Enterprise-Named-Account-Manager_R166961,,,,2026-05-14T22:21:34.326711+00:00,not_checked_network_restricted,Not finalized: outbound link checking was blocked in sandbox.,Moved because Adobe already has a stronger kept row: Customer Success Account Manager - APAC/EMEA (score 5).,Customer Success Account Manager - APAC/EMEA,5
,,,3,On Demand SC,,Adobe,https://adobe.wd5.myworkdayjobs.com/external_experienced/job/Remote-Missouri/On-Demand-SC_R167911,remote,"Presentation Skills, Legal Technology
Deterministic profile match: 2 profile skills mentioned; title alignment 0.0/3.0; domain signals 5. Title relevance penalty 1.0 applied.",,,,,,,,Remote Missouri,https://adobe.wd5.myworkdayjobs.com/external_experienced/job/Remote-Missouri/On-Demand-SC_R167911,,,,2026-05-14T22:08:34.888181+00:00,not_checked_network_restricted,Not finalized: outbound link checking was blocked in sandbox.,Moved because Adobe already has a stronger kept row: Customer Success Account Manager - APAC/EMEA (score 5).,Customer Success Account Manager - APAC/EMEA,5
,,,3,Technical Training Instructor AEM (Adobe Experience Manager)/Workfront (Remote Germany),,Adobe,https://adobe.wd5.myworkdayjobs.com/external_experienced/job/Remote-Germany/Technical-Training-Instructor--Remote-Germany-_R166481,remote,"Software Project Management, Workflow Automation
Deterministic profile match: 2 profile skills mentioned; title alignment 0.0/3.0; domain signals 6. Title relevance penalty 1.0 applied.",,,,,,,,Remote Germany,https://adobe.wd5.myworkdayjobs.com/external_experienced/job/Remote-Germany/Technical-Training-Instructor--Remote-Germany-_R166481,,,,2026-05-14T21:57:56.024402+00:00,not_checked_network_restricted,Not finalized: outbound link checking was blocked in sandbox.,Moved because Adobe already has a stronger kept row: Customer Success Account Manager - APAC/EMEA (score 5).,Customer Success Account Manager - APAC/EMEA,5
,,,2,Business Development Representative,,Adobe,https://adobe.wd5.myworkdayjobs.com/external_experienced/job/Remote-Chile/Business-Development-Representative_R166068,hybrid,"Presentation Skills, Customer Success
Deterministic profile match: 2 profile skills mentioned; title alignment 0.0/3.0; domain signals 3. Title relevance penalty 1.0 applied.",,,,,,Remote Chile,,Remote Chile,https://adobe.wd5.myworkdayjobs.com/external_experienced/job/Remote-Chile/Business-Development-Representative_R166068,,,,2026-05-14T21:57:56.024402+00:00,not_checked_network_restricted,Not finalized: outbound link checking was blocked in sandbox.,Moved because Adobe already has a stronger kept row: Customer Success Account Manager - APAC/EMEA (score 5).,Customer Success Account Manager - APAC/EMEA,5
,,,2,Enterprise Account Director - Retail,,Adobe,https://adobe.wd5.myworkdayjobs.com/external_experienced/job/Remote-New-Jersey/Enterprise-Account-Director---Retail_R167640,remote,"Roadmap Planning, Legal Technology
Deterministic profile match: 2 profile skills mentioned; title alignment 0.0/3.0; domain signals 6. Title relevance penalty 2.5 applied.",,,,,,,,Remote New Jersey,https://adobe.wd5.myworkdayjobs.com/external_experienced/job/Remote-New-Jersey/Enterprise-Account-Director---Retail_R167640,,,,2026-05-14T22:21:34.326711+00:00,not_checked_network_restricted,Not finalized: outbound link checking was blocked in sandbox.,Moved because Adobe already has a stronger kept row: Customer Success Account Manager - APAC/EMEA (score 5).,Customer Success Account Manager - APAC/EMEA,5
,,,2,Manager Inside Sales,,Adobe,https://adobe.wd5.myworkdayjobs.com/external_experienced/job/Remote-India/Manager-Inside-Sales_R144638,remote,"SQL, Mentoring, Customer Success, Resource Planning
Deterministic profile match: 4 profile skills mentioned; title alignment 0.0/3.0; domain signals 4. Title relevance penalty 2.5 applied.",,,,,,,,Remote India,https://adobe.wd5.myworkdayjobs.com/external_experienced/job/Remote-India/Manager-Inside-Sales_R144638,,,,2026-05-14T22:21:34.326711+00:00,not_checked_network_restricted,Not finalized: outbound link checking was blocked in sandbox.,Moved because Adobe already has a stronger kept row: Customer Success Account Manager - APAC/EMEA (score 5).,Customer Success Account Manager - APAC/EMEA,5
,,,2,Product Sales Specialist - Brand Visibility,,Adobe,https://adobe.wd5.myworkdayjobs.com/external_experienced/job/Remote-Switzerland/Product-Sales-Specialist---Brand-Visibility_R166818-1,remote,Deterministic profile match: 0 profile skills mentioned; title alignment 0.0/3.0; domain signals 4. Title relevance penalty 1.5 applied.,,,,,,,,Remote Switzerland,https://adobe.wd5.myworkdayjobs.com/external_experienced/job/Remote-Switzerland/Product-Sales-Specialist---Brand-Visibility_R166818-1,,,,2026-05-14T22:21:34.326711+00:00,not_checked_network_restricted,Not finalized: outbound link checking was blocked in sandbox.,Moved because Adobe already has a stronger kept row: Customer Success Account Manager - APAC/EMEA (score 5).,Customer Success Account Manager - APAC/EMEA,5
,,,2,Product Specialist - Firefly Enterprise Sales,,Adobe,https://adobe.wd5.myworkdayjobs.com/external_experienced/job/Remote-California/Product-Specialist-Overlay-Sales-Acct-Manager_R166428,remote,"Resource Planning
Deterministic profile match: 1 profile skills mentioned; title alignment 0.0/3.0; domain signals 4. Title relevance penalty 1.5 applied.",,,,,,,,Remote California,https://adobe.wd5.myworkdayjobs.com/external_experienced/job/Remote-California/Product-Specialist-Overlay-Sales-Acct-Manager_R166428,,,,2026-05-14T22:08:34.888181+00:00,not_checked_network_restricted,Not finalized: outbound link checking was blocked in sandbox.,Moved because Adobe already has a stronger kept row: Customer Success Account Manager - APAC/EMEA (score 5).,Customer Success Account Manager - APAC/EMEA,5
,,,2,Senior ACS Account Executive,,Adobe,https://adobe.wd5.myworkdayjobs.com/external_experienced/job/Remote-Indiana/Senior-ACS-Account-Executive_R168827-1,remote,"AWS, Customer Success, ERP
Deterministic refreshed score: 3 profile skills mentioned
title alignment 0.0/3.0
domain signals 6",,,,,,,,Remote Indiana,https://adobe.wd5.myworkdayjobs.com/external_experienced/job/Remote-Indiana/Senior-ACS-Account-Executive_R168827-1,,,,2026-05-20T23:45:58.515138+00:00,not_checked_network_restricted,Added from ApplyPilot DB; outbound link checking was blocked in sandbox.,Moved because Adobe already has a stronger kept row: Customer Success Account Manager - APAC/EMEA (score 5).,Customer Success Account Manager - APAC/EMEA,5
,,,2,Senior Solutions Consultant,,Adobe,https://adobe.wd5.myworkdayjobs.com/external_experienced/job/Remote-Chile/Senior-Solutions-Consultant_R167534,remote,Deterministic profile match: 0 profile skills mentioned; title alignment 0.0/3.0; domain signals 6. Title relevance penalty 1.0 applied.,,,,,,,,Remote Chile,https://adobe.wd5.myworkdayjobs.com/external_experienced/job/Remote-Chile/Senior-Solutions-Consultant_R167534,,,,2026-05-14T21:57:56.024402+00:00,not_checked_network_restricted,Not finalized: outbound link checking was blocked in sandbox.,Moved because Adobe already has a stronger kept row: Customer Success Account Manager - APAC/EMEA (score 5).,Customer Success Account Manager - APAC/EMEA,5
,,,1,"Account Director, Enterprise Sales - Healthcare",,Adobe,https://adobe.wd5.myworkdayjobs.com/external_experienced/job/Remote-Texas/Account-Director--Enterprise-Sales---Healthcare_R168694,remote,Deterministic profile match: 0 profile skills mentioned; title alignment 0.0/3.0; domain signals 6. Title relevance penalty 4.0 applied.,,,,,,,,Remote Texas,https://adobe.wd5.myworkdayjobs.com/external_experienced/job/Remote-Texas/Account-Director--Enterprise-Sales---Healthcare_R168694,,,,2026-05-19T03:50:18.279538+00:00,not_checked_network_restricted,Not finalized: outbound link checking was blocked in sandbox.,Moved because Adobe already has a stronger kept row: Customer Success Account Manager - APAC/EMEA (score 5).,Customer Success Account Manager - APAC/EMEA,5
,,,1,Channel Sales Acct Manager 3,,Adobe,https://adobe.wd5.myworkdayjobs.com/external_experienced/job/Remote-Colombia/Channel-Sales-Acct-Manager-3_R164769,remote,"Change Management, Risk Management
Deterministic profile match: 2 profile skills mentioned; title alignment 0.0/3.0; domain signals 4. Title relevance penalty 2.5 applied.",,,,,,,,Remote Colombia,https://adobe.wd5.myworkdayjobs.com/external_experienced/job/Remote-Colombia/Channel-Sales-Acct-Manager-3_R164769,,,,2026-05-14T21:57:56.024402+00:00,not_checked_network_restricted,Not finalized: outbound link checking was blocked in sandbox.,Moved because Adobe already has a stronger kept row: Customer Success Account Manager - APAC/EMEA (score 5).,Customer Success Account Manager - APAC/EMEA,5
,,,1,"Group Manager, Sales Coaching & Performance Enablement",,Adobe,https://adobe.wd5.myworkdayjobs.com/external_experienced/job/Remote-India/Group-Manager--Sales-Coaching---Performance-Enablement_R168271,remote,"Deterministic refreshed score: 0 profile skills mentioned
title alignment 0.0/3.0
domain signals 6",,,,,,,,Remote India,https://adobe.wd5.myworkdayjobs.com/external_experienced/job/Remote-India/Group-Manager--Sales-Coaching---Performance-Enablement_R168271,,,,2026-05-20T23:51:33.243250+00:00,not_checked_network_restricted,Added from ApplyPilot DB; outbound link checking was blocked in sandbox.,Moved because Adobe already has a stronger kept row: Customer Success Account Manager - APAC/EMEA (score 5).,Customer Success Account Manager - APAC/EMEA,5
,,,1,Inbound Sales Manager,,Adobe,https://adobe.wd5.myworkdayjobs.com/external_experienced/job/Remote-India/Inbound-Sales-Manager_R166997,remote,Deterministic profile match: 0 profile skills mentioned; title alignment 0.0/3.0; domain signals 2. Title relevance penalty 2.5 applied.,,,,,,,,Remote India,https://adobe.wd5.myworkdayjobs.com/external_experienced/job/Remote-India/Inbound-Sales-Manager_R166997,,,,2026-05-14T22:21:34.326711+00:00,not_checked_network_restricted,Not finalized: outbound link checking was blocked in sandbox.,Moved because Adobe already has a stronger kept row: Customer Success Account Manager - APAC/EMEA (score 5).,Customer Success Account Manager - APAC/EMEA,5
,,,1,Product Specialist/Overlay Sales Acct Manager,,Adobe,https://adobe.wd5.myworkdayjobs.com/external_experienced/job/Remote-Chile/Product-Specialist-Overlay-Sales-Acct-Manager_R166846,remote,Deterministic profile match: 0 profile skills mentioned; title alignment 0.0/3.0; domain signals 3. Title relevance penalty 1.5 applied.,,,,,,,,Remote Chile,https://adobe.wd5.myworkdayjobs.com/external_experienced/job/Remote-Chile/Product-Specialist-Overlay-Sales-Acct-Manager_R166846,,,,2026-05-14T21:57:56.024402+00:00,not_checked_network_restricted,Not finalized: outbound link checking was blocked in sandbox.,Moved because Adobe already has a stronger kept row: Customer Success Account Manager - APAC/EMEA (score 5).,Customer Success Account Manager - APAC/EMEA,5
,,,1,Senior Manager - Sales Innovation & Specialist Team,,Adobe,https://adobe.wd5.myworkdayjobs.com/external_experienced/job/Remote-India/Senior-Manager---Sales-Innovation---Specialist-Team_R168894,remote,"Deterministic refreshed score: 0 profile skills mentioned
title alignment 0.0/3.0
domain signals 8",,,,,,,,Remote India,https://adobe.wd5.myworkdayjobs.com/external_experienced/job/Remote-India/Senior-Manager---Sales-Innovation---Specialist-Team_R168894,,,,2026-05-20T23:51:33.243250+00:00,not_checked_network_restricted,Added from ApplyPilot DB; outbound link checking was blocked in sandbox.,Moved because Adobe already has a stronger kept row: Customer Success Account Manager - APAC/EMEA (score 5).,Customer Success Account Manager - APAC/EMEA,5
,,,1,Senior Partner Sales Account Manager - Global System Integrator,,Adobe,https://adobe.wd5.myworkdayjobs.com/external_experienced/job/Remote-Germany/Senior-Partner-Sales-Account-Manager---Global-System-Integrator_R166236-1,remote,"Presentation Skills, Customer Success
Deterministic profile match: 2 profile skills mentioned; title alignment 0.0/3.0; domain signals 3. Title relevance penalty 2.5 applied.",,,,,,,,Remote Germany,https://adobe.wd5.myworkdayjobs.com/external_experienced/job/Remote-Germany/Senior-Partner-Sales-Account-Manager---Global-System-Integrator_R166236-1,,,,2026-05-14T22:21:34.326711+00:00,not_checked_network_restricted,Not finalized: outbound link checking was blocked in sandbox.,Moved because Adobe already has a stronger kept row: Customer Success Account Manager - APAC/EMEA (score 5).,Customer Success Account Manager - APAC/EMEA,5
,,,5,DevSecOps Engineer,,AEM Corporation,https://www.indeed.com/viewjob?jk=8f5d31102f481f5e,remote,"Sprint Planning, Risk Management, Release Coordination, Deployment Workflows, Policy Automation, AWS
Deterministic profile match: 6 profile skills mentioned; title alignment 0.0/3.0; domain signals 9. Title relevance penalty 1.0 applied.",,,,,,,,"Remote, US (Remote)",http://www.indeed.com/job/devsecops-engineer-8f5d31102f481f5e,,,,2026-05-14T21:37:59.870693+00:00,not_checked_network_restricted,Not finalized: outbound link checking was blocked in sandbox.,Moved because AEM Corporation already has a stronger kept row: Deputy Program Manager (score 8).,Deputy Program Manager,8
,,,5,Technical Program Manager - AI & Security/Executive /leadershp level communication,,Ahura Workforce Solutions,https://www.linkedin.com/jobs/view/4414492446,remote,"Program Management, AI/ML
Deterministic profile match: 2 profile skills mentioned; title alignment 2.0/3.0; domain signals 2.",C:\Users\bsing\.applypilot\tailored_resumes\software-pm\038_8_Ahura_Workforce_Solu_Technical_Program_Manager_-_AI__SecurityExecutive.txt,failed_validation,Company 'Sakhi' missing from experience; Company 'The Samaritans of New York' missing from experience,Banned words: proven track record,,,,Remote,,,,,2026-05-14T21:46:30.549281+00:00,not_checked_network_restricted,Not finalized: outbound link checking was blocked in sandbox.,Moved because Ahura Workforce Solutions already has a stronger kept row: Technical Program Manager-  P&C Insurance (Policy and Claims lifecycle) and Reinsurance (score 7).,Technical Program Manager-  P&C Insurance (Policy and Claims lifecycle) and Reinsurance,7
,,,6,Staff Program Manager,,Airbnb,https://www.linkedin.com/jobs/view/4413942274,remote,"Stakeholder Management, Program Management, Change Management
Deterministic profile match: 3 profile skills mentioned; title alignment 1.5/3.0; domain signals 5.",,,,,,,,Remote,,,,,2026-05-14T21:29:36.448824+00:00,not_checked_network_restricted,Not finalized: outbound link checking was blocked in sandbox.,"Moved because Airbnb already has a stronger kept row: Senior Technical Program Manager, Hosting Services (score 8).","Senior Technical Program Manager, Hosting Services",8
,,,7,"Program Manager, Implementation (Enterprise)",,"Aledade, Inc.",https://www.indeed.com/viewjob?jk=82487f2fa14d66d2,remote,"Stakeholder Management, Program Management, Technical Documentation, Legal Technology
Deterministic profile match: 4 profile skills mentioned; title alignment 1.5/3.0; domain signals 7.",,,,,,,,"Remote, US (Remote)",https://jobs.lever.co/aledade/76d12ed1-8a35-497f-97a7-9fb5b0368f1b?lever-source=Indeed,,,,2026-05-14T21:36:03.741595+00:00,not_checked_network_restricted,Not finalized: outbound link checking was blocked in sandbox.,"Moved because Aledade, Inc. already has a stronger kept row: Senior Technical Product Manager (Patient Engagement Experimentation), Remote (score 8).","Senior Technical Product Manager (Patient Engagement Experimentation), Remote",8
,,,3,Field Marketing Event Manager (US/Canada),,Algomarketing,https://www.indeed.com/viewjob?jk=de318a2cf38a67b1,remote,"Stakeholder Management, Customer Success
Deterministic profile match: 2 profile skills mentioned; title alignment 0.0/3.0; domain signals 5. Title relevance penalty 1.0 applied.",,,,,,,,"Remote, US (Remote)",https://algomarketing.pinpointhq.com/postings/3a1101a2-221f-4ec0-bca4-6c26fa79004e?utm_medium=job_board&utm_source=indeed,,,,2026-05-14T21:48:33.976678+00:00,not_checked_network_restricted,Not finalized: outbound link checking was blocked in sandbox.,Moved because Algomarketing already has a stronger kept row: Field & Partner Marketing (US/Canada) (score 4).,Field & Partner Marketing (US/Canada),4
,,,2,Integrated Marketing Manager (US/Canada),,Algomarketing,https://www.indeed.com/viewjob?jk=ad47453a08524e20,remote,"A/B Testing, Stakeholder Management, Program Management, Customer Success
Deterministic profile match: 4 profile skills mentioned; title alignment 0.0/3.0; domain signals 5. Title relevance penalty 2.5 applied.",,,,,,,,"Remote, US (Remote)",https://algomarketing.pinpointhq.com/postings/9c1ac0cd-c7cd-4f73-b839-37378c012560?utm_medium=job_board&utm_source=indeed,,,,2026-05-14T21:48:33.976678+00:00,not_checked_network_restricted,Not finalized: outbound link checking was blocked in sandbox.,Moved because Algomarketing already has a stronger kept row: Field & Partner Marketing (US/Canada) (score 4).,Field & Partner Marketing (US/Canada),4
,,,2,Transition Manager,,Amentum,https://www.indeed.com/viewjob?jk=41b68565b355a11b,remote,"Change Management, Risk Management
Deterministic profile match: 2 profile skills mentioned; title alignment 0.0/3.0; domain signals 2. Title relevance penalty 1.0 applied.",,,,,,,,"Remote, US (Remote)",https://www.amentumcareers.com/jobs/transition-manager-dallas-texas-united-states?source=Indeed+Feed,,,,2026-05-14T21:36:03.741595+00:00,not_checked_network_restricted,Not finalized: outbound link checking was blocked in sandbox.,Moved because Amentum already has a stronger kept row: Subcontract Administrator III (score 4).,Subcontract Administrator III,4
,,,2,Account Manager- Indiana,,AMETEK,https://www.indeed.com/viewjob?jk=65481a9f46d7121a,remote,Deterministic profile match: 0 profile skills mentioned; title alignment 0.0/3.0; domain signals 2. Title relevance penalty 1.0 applied.,,,,,,,,"Remote, US (Remote)",https://jobs.ametek.com/job/Virtual-Account-Manager-Indiana-99999/1390968100/,,,,2026-05-14T21:44:13.352357+00:00,not_checked_network_restricted,Not finalized: outbound link checking was blocked in sandbox.,Moved because AMETEK already has a stronger kept row: Key Account Manager (score 2).,Key Account Manager,2
,,,1,"Marketing Manager, PAVBLU",,Amgen,https://www.indeed.com/viewjob?jk=2a2623dd03e6a811,remote,"Program Management
Deterministic profile match: 1 profile skills mentioned; title alignment 0.0/3.0; domain signals 2. Title relevance penalty 2.5 applied.",,,,,,,,"Remote, US (Remote)",https://careers.amgen.com/en/job/washington-d-c/marketing-manager-pavblu/87/95005030240,,,,2026-05-14T21:52:47.996850+00:00,not_checked_network_restricted,Not finalized: outbound link checking was blocked in sandbox.,Moved because Amgen already has a stronger kept row: Senior Manager Marketing Strategy (score 5).,Senior Manager Marketing Strategy,5
,,,7,Program Analyst Senior (CCN NG Technology Implementation Focused),,Artemis ARC,https://www.indeed.com/viewjob?jk=85b5cd517549fe33,remote,"Sprint Planning, SAFe, Data Governance Frameworks, Stakeholder Management, Program Management, Technical Documentation, Risk Management, Jira
Deterministic profile match: 8 profile skills mentioned; title alignment 0.0/3.0; domain signals 9.",,,,,,,,"Remote, US (Remote)",https://artemisarc-aptiveresources.icims.com/jobs/4332/job?utm_source=indeed_integration&iis=Job%20Board&iisn=Indeed&indeed-apply-token=73a2d2b2a8d6d5c0a62696875eaebd669103652d3f0c2cd5445d3e66b1592b0f,,,,2026-05-14T21:33:49.397717+00:00,not_checked_network_restricted,Not finalized: outbound link checking was blocked in sandbox.,Moved because Artemis ARC already has a stronger kept row: Project Manager (score 7).,Project Manager,7
,,,7,Program Analyst Senior (EDI Focused Project Coordinator),,Artemis ARC,https://www.indeed.com/viewjob?jk=117aed8d10b4311d,remote,"SQL, Root Cause Analysis, Stakeholder Management, Program Management, Technical Documentation, SOPs, AWS, Jira
Deterministic profile match: 8 profile skills mentioned; title alignment 0.0/3.0; domain signals 9.",,,,,,,,"Remote, US (Remote)",https://artemisarc-aptiveresources.icims.com/jobs/4334/job?utm_source=indeed_integration&iis=Job%20Board&iisn=Indeed&indeed-apply-token=73a2d2b2a8d6d5c0a62696875eaebd669103652d3f0c2cd5445d3e66b1592b0f,,,,2026-05-14T21:31:37.952938+00:00,not_checked_network_restricted,Not finalized: outbound link checking was blocked in sandbox.,Moved because Artemis ARC already has a stronger kept row: Project Manager (score 7).,Project Manager,7
,,,7,Project Manager,,Artemis ARC,https://www.indeed.com/viewjob?jk=d5628f9fe06391dd,remote,"Sprint Planning, Program Management, Sprint Reviews, Risk Management, Jira
Deterministic profile match: 5 profile skills mentioned; title alignment 2.0/3.0; domain signals 7.",,,,,,,,"Remote, US (Remote)",https://artemisarc-aptiveresources.icims.com/jobs/4335/job?utm_source=indeed_integration&iis=Job%20Board&iisn=Indeed&indeed-apply-token=73a2d2b2a8d6d5c0a62696875eaebd669103652d3f0c2cd5445d3e66b1592b0f,,,,2026-05-14T21:31:37.952938+00:00,not_checked_network_restricted,Not finalized: outbound link checking was blocked in sandbox.,Moved because Artemis ARC already has a stronger kept row: Project Manager (score 7).,Project Manager,7
,,,6,Program Manager,,Artemis ARC,https://www.indeed.com/viewjob?jk=54d25f2ddf91fa11,remote,"Stakeholder Management, Program Management, Risk Management
Deterministic profile match: 3 profile skills mentioned; title alignment 1.5/3.0; domain signals 5.",,,,,,,,"Remote, US (Remote)",https://artemisarc-aptiveresources.icims.com/jobs/4322/job?utm_source=indeed_integration&iis=Job%20Board&iisn=Indeed&indeed-apply-token=73a2d2b2a8d6d5c0a62696875eaebd669103652d3f0c2cd5445d3e66b1592b0f,,,,2026-05-14T21:36:03.741595+00:00,not_checked_network_restricted,Not finalized: outbound link checking was blocked in sandbox.,Moved because Artemis ARC already has a stronger kept row: Project Manager (score 7).,Project Manager,7
,,,6,Project Schedulers,,Artemis ARC,https://www.indeed.com/viewjob?jk=1ece1b900c266f86,remote,"Sprint Planning, Stakeholder Management, Program Management, Change Management, Scheduling Management, Resource Planning, Risk Management, System Monitoring
Deterministic profile match: 8 profile skills mentioned; title alignment 0.0/3.0; domain signals 7.",,,,,,,,"Remote, US (Remote)",https://artemisarc-aptiveresources.icims.com/jobs/4331/job?utm_source=indeed_integration&iis=Job%20Board&iisn=Indeed&indeed-apply-token=73a2d2b2a8d6d5c0a62696875eaebd669103652d3f0c2cd5445d3e66b1592b0f,,,,2026-05-14T21:33:49.397717+00:00,not_checked_network_restricted,Not finalized: outbound link checking was blocked in sandbox.,Moved because Artemis ARC already has a stronger kept row: Project Manager (score 7).,Project Manager,7
,,,5,Program Analysts (Integration Testing Managers),,Artemis ARC,https://www.indeed.com/viewjob?jk=0eb5183fd56af389,remote,"Stakeholder Management, Program Management, Technical Documentation, Release Coordination
Deterministic profile match: 4 profile skills mentioned; title alignment 0.0/3.0; domain signals 7.",,,,,,,,"Remote, US (Remote)",https://artemisarc-aptiveresources.icims.com/jobs/4330/job?utm_source=indeed_integration&iis=Job%20Board&iisn=Indeed&indeed-apply-token=73a2d2b2a8d6d5c0a62696875eaebd669103652d3f0c2cd5445d3e66b1592b0f,,,,2026-05-14T21:31:37.952938+00:00,not_checked_network_restricted,Not finalized: outbound link checking was blocked in sandbox.,Moved because Artemis ARC already has a stronger kept row: Project Manager (score 7).,Project Manager,7
,,,8,PROJECT MANAGER,,Atos,https://www.indeed.com/viewjob?jk=26183c56ed3b2f89,remote,"Agile Scrum, SAFe, Data Governance Frameworks, Stakeholder Management, Program Management, Presentation Skills, Release Coordination
Deterministic profile match: 7 profile skills mentioned; title alignment 2.0/3.0; domain signals 9.",C:\Users\bsing\.applypilot\tailored_resumes\software-pm\025_8_Atos_PROJECT_MANAGER.txt,failed_validation,Company 'Sakhi' missing from experience; Company 'The Samaritans of New York' missing from experience,,,,,"Remote, US (Remote)",https://jobs.atos.net/job/Remote-Home-PROJECT-MANAGER/1393494833/,,,,2026-05-14T21:33:49.397717+00:00,not_checked_network_restricted,Not finalized: outbound link checking was blocked in sandbox.,Moved because Atos already has a stronger kept row: PROJECT MANAGER (score 9).,PROJECT MANAGER,9
,,,6,"Associate Project Manager (Digital, Pharma Agency)",,Avalere Health,https://www.indeed.com/viewjob?jk=2728e5f8874efb9b,hybrid,"Hybrid Project Management, Program Management, Presentation Skills, Resource Planning
Deterministic profile match: 4 profile skills mentioned; title alignment 2.0/3.0; domain signals 3.",C:\Users\bsing\.applypilot\tailored_resumes\software-pm\053_7_Avalere_Health_Associate_Project_Manager_Digital_Pharma_Agency.txt,failed_validation,Company 'Sakhi' missing from experience; Company 'The Samaritans of New York' missing from experience,,,"Remote, US (Remote)",,"Remote, US (Remote)",https://jobs.lever.co/avalerehealth/85feb1db-8abf-4005-9a5b-05e4b105b281?lever-source=Indeed,,,,2026-05-14T21:52:47.996850+00:00,not_checked_network_restricted,Not finalized: outbound link checking was blocked in sandbox.,Moved because Avalere Health already has a stronger kept row: Senior Project Manager (Fixed Term contract Pharma Agency) (score 6).,Senior Project Manager (Fixed Term contract Pharma Agency),6
,,,5,Project Manager - Remote Work,,BairesDev,https://www.linkedin.com/jobs/view/4414190184,remote,"Software Project Management
Deterministic profile match: 1 profile skills mentioned; title alignment 2.0/3.0; domain signals 3.",C:\Users\bsing\.applypilot\tailored_resumes\software-pm\032_8_BairesDev_Project_Manager_-_Remote_Work.txt,failed_validation,Missing required field: projects,,,,,Remote,https://mx.linkedin.com/jobs/view/project-manager-at-apply-digital-4408801974?refId=GP00iGTpj2mSINdahetDpg%3D%3D&trackingId=7PtQSdQgUYlzrr3U4gRlwA%3D%3D,,,,2026-05-14T21:40:03.505024+00:00,not_checked_network_restricted,Not finalized: outbound link checking was blocked in sandbox.,Moved because BairesDev already has a stronger kept row: AI Technical Project Manager - Remote Work (score 9).,AI Technical Project Manager - Remote Work,9
,,,5,Scrum Master - Remote Work,,BairesDev,https://www.linkedin.com/jobs/view/4414190318,remote,"Agile Scrum
Deterministic profile match: 1 profile skills mentioned; title alignment 1.5/3.0; domain signals 3.",,,,,,,,Remote,,,,,2026-05-14T21:29:36.448824+00:00,not_checked_network_restricted,Not finalized: outbound link checking was blocked in sandbox.,Moved because BairesDev already has a stronger kept row: AI Technical Project Manager - Remote Work (score 9).,AI Technical Project Manager - Remote Work,9
,,,1,Gerente Sênior de Projetos - Trabalho Remoto,,BairesDev,https://www.linkedin.com/jobs/view/4415910693,unknown,"Deterministic refreshed score: 0 profile skills mentioned
title alignment 0.0/3.0
domain signals 2",,,,,,,,,,,,,2026-05-20T23:30:56.351886+00:00,not_checked_network_restricted,Added from ApplyPilot DB; outbound link checking was blocked in sandbox.,Moved because BairesDev already has a stronger kept row: AI Technical Project Manager - Remote Work (score 9).,AI Technical Project Manager - Remote Work,9
,,,2,Account Coordinator (Evergreen),,Bauer Entertainment Marketing,https://www.indeed.com/viewjob?jk=579d1d747aa7ab36,remote,"Program Management, Scheduling Management
Deterministic profile match: 2 profile skills mentioned; title alignment 0.0/3.0; domain signals 1. Title relevance penalty 1.0 applied.",,,,,,,,"Remote, US (Remote)",https://bauer-entertainment-marketing.breezy.hr/p/66cef890aff0-account-coordinator-evergreen?source=indeed,,,,2026-05-19T03:47:58.625216+00:00,not_checked_network_restricted,Not finalized: outbound link checking was blocked in sandbox.,Moved because Bauer Entertainment Marketing already has a stronger kept row: Ad Ops Specialist (Evergreen) (score 3).,Ad Ops Specialist (Evergreen),3
,,,3,"Senior Manager, Product Planning",,BCD,https://www.indeed.com/viewjob?jk=14be150b48c6a754,remote,"Software Project Management, Program Management
Deterministic profile match: 2 profile skills mentioned; title alignment 0.0/3.0; domain signals 2.",,,,,,,,"Remote, US (Remote)",https://jobs.bcdtravel.com/job/Senior-Manager%2C-Product-Planning/1361219157/?feedId=412357&utm_source=Indeed,,,,2026-05-19T03:33:24.221345+00:00,not_checked_network_restricted,Not finalized: outbound link checking was blocked in sandbox.,Moved because BCD already has a stronger kept row: Manager Operations (score 4).,Manager Operations,4
,,,4,Systems Engineer,,BerryDunn,https://www.indeed.com/viewjob?jk=6f78df9d2e50ec7f,hybrid,"SQL, RBAC, Technical Documentation, Database Access Governance, GitHub
Deterministic profile match: 5 profile skills mentioned; title alignment 0.0/3.0; domain signals 4. Title relevance penalty 1.0 applied.",,,,,,"Remote, US (Remote)",,"Remote, US (Remote)",https://careers-berrydunn.icims.com/jobs/3832/systems-engineer/job,,,,2026-05-14T21:31:37.952938+00:00,not_checked_network_restricted,Not finalized: outbound link checking was blocked in sandbox.,Moved because BerryDunn already has a stronger kept row: Utility Billing/Customer Information System (CIS) Implementation Project Manager (score 7).,Utility Billing/Customer Information System (CIS) Implementation Project Manager,7
,,,9,Senior Technical Program Manager,,BeyondTrust,https://www.linkedin.com/jobs/view/4413718124,unknown,"Agile Scrum, Software Project Management, Kanban, Program Management, Customer Success, Risk Management, Jira, Confluence, GitHub
Deterministic profile match: 9 profile skills mentioned; title alignment 2.0/3.0; domain signals 11.",,,,,,,,,https://www.linkedin.com/signup/cold-join?source=jobs_registration&session_redirect=https%3A%2F%2Fca.linkedin.com%2Fjobs%2Fview%2Fsenior-technical-program-manager-at-beyondtrust-4413718124&trk=public_jobs_apply-link-offsite_contextual-sign-in-modal_join-link,,,,2026-05-14T21:46:30.549281+00:00,not_checked_network_restricted,Not finalized: outbound link checking was blocked in sandbox.,Moved because BeyondTrust already has a stronger kept row: Senior Technical Program Manager- Remote (score 9).,Senior Technical Program Manager- Remote,9
,,,7,Project Coordinator,,BeyondTrust,https://www.indeed.com/viewjob?jk=ab97258b38a964b2,remote,"Jira, SAFe, Smartsheet
Deterministic refreshed score: 3 profile skills mentioned
title alignment 1.0/3.0
domain signals 13",,,,,,,,"Remote, US (Remote)",https://grnh.se/8gn85hv21us,,,,2026-05-20T23:29:02.788372+00:00,not_checked_network_restricted,Added from ApplyPilot DB; outbound link checking was blocked in sandbox.,Moved because BeyondTrust already has a stronger kept row: Senior Technical Program Manager- Remote (score 9).,Senior Technical Program Manager- Remote,9
,,,5,Decision Strategy Management – Dialer and Campaign Management Strategist,,BMO,https://bmo.wd3.myworkdayjobs.com/External/job/REMOTETELETRAVAIL-ON-CAN/Decision-Strategy-Management---Dialer-and-Campaign-Management-Strategist_R260013109-1,remote,"Data Governance Frameworks, Stakeholder Management, Technical Documentation, Roadmap Planning, Change Management, Risk Management, System Monitoring
Deterministic profile match: 7 profile skills mentioned; title alignment 0.0/3.0; domain signals 5. Title relevance penalty 1.0 applied.",C:\Users\bsing\.applypilot\tailored_resumes\software-pm\066_7_BMO_Decision_Strategy_Management__Dialer_and_Campaign.txt,failed_validation,Company 'Sakhi' missing from experience; Company 'The Samaritans of New York' missing from experience,,,,,"REMOTE/TELETRAVAIL, ON, CAN",https://bmo.wd3.myworkdayjobs.com/External/job/REMOTETELETRAVAIL-ON-CAN/Decision-Strategy-Management---Dialer-and-Campaign-Management-Strategist_R260013109-1,,,,2026-05-14T23:00:30.910192+00:00,not_checked_network_restricted,Not finalized: outbound link checking was blocked in sandbox.,Moved because BMO already has a stronger kept row: Senior Cloud Engineer (score 6).,Senior Cloud Engineer,6
,,,5,Quality Assurance Specialist - (Automation / Contact Centre applications),,BMO,https://bmo.wd3.myworkdayjobs.com/External/job/REMOTETELETRAVAIL-ON-CAN/Quality-Assurance-Specialist----Automation---Contact-Centre-applications-_R260003558,remote,"Confluence, ERP, Jira, Mentoring, SDLC
Deterministic refreshed score: 5 profile skills mentioned
title alignment 0.0/3.0
domain signals 13",,,,,,,,"REMOTE/TELETRAVAIL, ON, CAN",https://bmo.wd3.myworkdayjobs.com/External/job/REMOTETELETRAVAIL-ON-CAN/Quality-Assurance-Specialist----Automation---Contact-Centre-applications-_R260003558,,,,2026-05-20T23:45:24.201644+00:00,not_checked_network_restricted,Added from ApplyPilot DB; outbound link checking was blocked in sandbox.,Moved because BMO already has a stronger kept row: Senior Cloud Engineer (score 6).,Senior Cloud Engineer,6
,,,4,Intermediate Mainframe Application Developer,,BMO,https://bmo.wd3.myworkdayjobs.com/External/job/REMOTETELETRAVAIL-ON-CAN/Intermediate-Mainframe-Application-Developer_R260000527,remote,"Root Cause Analysis, Technical Documentation, Mentoring
Deterministic profile match: 3 profile skills mentioned; title alignment 0.0/3.0; domain signals 7. Title relevance penalty 1.0 applied.",,,,,,,,"REMOTE/TELETRAVAIL, ON, CAN",https://bmo.wd3.myworkdayjobs.com/External/job/REMOTETELETRAVAIL-ON-CAN/Intermediate-Mainframe-Application-Developer_R260000527,,,,2026-05-14T22:38:01.137015+00:00,not_checked_network_restricted,Not finalized: outbound link checking was blocked in sandbox.,Moved because BMO already has a stronger kept row: Senior Cloud Engineer (score 6).,Senior Cloud Engineer,6
,,,4,Software Developer,,BMO,https://bmo.wd3.myworkdayjobs.com/External/job/REMOTETELETRAVAIL-ON-CAN/Software-Developer_R260000290,remote,"SQL, Change Management, AWS
Deterministic profile match: 3 profile skills mentioned; title alignment 0.0/3.0; domain signals 8. Title relevance penalty 1.0 applied.",,,,,,,,"REMOTE/TELETRAVAIL, ON, CAN",https://bmo.wd3.myworkdayjobs.com/External/job/REMOTETELETRAVAIL-ON-CAN/Software-Developer_R260000290,,,,2026-05-14T22:50:19.953072+00:00,not_checked_network_restricted,Not finalized: outbound link checking was blocked in sandbox.,Moved because BMO already has a stronger kept row: Senior Cloud Engineer (score 6).,Senior Cloud Engineer,6
,,,2,Senior Fund Analyst – Financial Reporting & Taxation,,BMO,https://bmo.wd3.myworkdayjobs.com/External/job/REMOTETELETRAVAIL-ON-CAN/Senior-Fund-Analyst---Financial-Reporting---Taxation_R260010959,remote,"Change Management
Deterministic profile match: 1 profile skills mentioned; title alignment 0.0/3.0; domain signals 3. Title relevance penalty 1.0 applied.",,,,,,,,"REMOTE/TELETRAVAIL, ON, CAN",https://bmo.wd3.myworkdayjobs.com/External/job/REMOTETELETRAVAIL-ON-CAN/Senior-Fund-Analyst---Financial-Reporting---Taxation_R260010959,,,,2026-05-14T22:50:19.953072+00:00,not_checked_network_restricted,Not finalized: outbound link checking was blocked in sandbox.,Moved because BMO already has a stronger kept row: Senior Cloud Engineer (score 6).,Senior Cloud Engineer,6
,,,5,Adobe Experience Manager (AEM) Developer,,BV Teck,https://www.indeed.com/viewjob?jk=a13a05379c326ad1,hybrid,"JavaScript, A/B Testing, Stakeholder Management, Customer Success, GitHub
Deterministic profile match: 5 profile skills mentioned; title alignment 0.0/3.0; domain signals 9. Title relevance penalty 1.0 applied.",,,,,,"Remote, US (Remote)",,"Remote, US (Remote)",https://brightvisiontechnologies.applytojob.com/apply/D3tonbEKjF/Adobe-Experience-Manager-AEM-Developer?source=INDE&~,,,,2026-05-19T03:33:24.221345+00:00,not_checked_network_restricted,Not finalized: outbound link checking was blocked in sandbox.,Moved because BV Teck already has a stronger kept row: Python Developer (score 7).,Python Developer,7
,,,5,Industrial IoT Engineer,,BV Teck,https://www.indeed.com/viewjob?jk=de16cff209fb20e7,remote,"Python, Technical Documentation, Requirements Gathering, Customer Success, ERP, Data Pipelines, AWS
Deterministic profile match: 7 profile skills mentioned; title alignment 0.0/3.0; domain signals 9. Title relevance penalty 1.0 applied.",,,,,,,,"Remote, US (Remote)",https://brightvisiontechnologies.applytojob.com/apply/jndavTqbQM/Industrial-IoT-Engineer?source=INDE&~,,,,2026-05-19T03:33:24.221345+00:00,not_checked_network_restricted,Not finalized: outbound link checking was blocked in sandbox.,Moved because BV Teck already has a stronger kept row: Python Developer (score 7).,Python Developer,7
,,,5,PeopleSoft PeopleTools Engineer,,BV Teck,https://www.indeed.com/viewjob?jk=012fb61bfc608e33,remote,"Python, Technical Documentation, Roadmap Planning, Customer Success, Change Management, Policy Automation, AWS
Deterministic profile match: 7 profile skills mentioned; title alignment 0.0/3.0; domain signals 9. Title relevance penalty 1.0 applied.",,,,,,,,"Remote, US (Remote)",https://brightvisiontechnologies.applytojob.com/apply/ggt70CcNvS/PeopleSoft-PeopleTools-Engineer?source=INDE&~,,,,2026-05-19T03:33:24.221345+00:00,not_checked_network_restricted,Not finalized: outbound link checking was blocked in sandbox.,Moved because BV Teck already has a stronger kept row: Python Developer (score 7).,Python Developer,7
,,,5,Quantitative Developer (Fintech),,BV Teck,https://www.indeed.com/viewjob?jk=b1dceffe033467da,remote,"Python, Technical Documentation, Customer Success, Risk Management, Audit Logging, Data Pipelines
Deterministic profile match: 6 profile skills mentioned; title alignment 0.0/3.0; domain signals 8. Title relevance penalty 1.0 applied.",,,,,,,,"Remote, US (Remote)",https://brightvisiontechnologies.applytojob.com/apply/szC9iES7F1/Quantitative-Developer-Fintech?source=INDE&~,,,,2026-05-19T03:33:24.221345+00:00,not_checked_network_restricted,Not finalized: outbound link checking was blocked in sandbox.,Moved because BV Teck already has a stronger kept row: Python Developer (score 7).,Python Developer,7
,,,5,SAP ABAP Developer (S/4HANA),,BV Teck,https://www.indeed.com/viewjob?jk=9365baf8feaab001,remote,"SQL, Software Project Management, Data Governance Frameworks, Technical Documentation, Customer Success, Database Access Governance
Deterministic profile match: 6 profile skills mentioned; title alignment 0.0/3.0; domain signals 9. Title relevance penalty 1.0 applied.",,,,,,,,"Remote, US (Remote)",https://brightvisiontechnologies.applytojob.com/apply/4GDXL2fqX9/SAP-ABAP-Developer-S4HANA?source=INDE&~,,,,2026-05-19T03:33:24.221345+00:00,not_checked_network_restricted,Not finalized: outbound link checking was blocked in sandbox.,Moved because BV Teck already has a stronger kept row: Python Developer (score 7).,Python Developer,7
,,,4,VMware Platform Engineer,,BV Teck,https://www.indeed.com/viewjob?jk=da964acbea52a3be,hybrid,"Roadmap Planning, Customer Success, Policy Automation, AWS
Deterministic profile match: 4 profile skills mentioned; title alignment 0.0/3.0; domain signals 9. Title relevance penalty 1.0 applied.",,,,,,"Remote, US (Remote)",,"Remote, US (Remote)",https://brightvisiontechnologies.applytojob.com/apply/yWiKFsVFgP/VMware-Platform-Engineer?source=INDE&~,,,,2026-05-19T03:33:24.221345+00:00,not_checked_network_restricted,Not finalized: outbound link checking was blocked in sandbox.,Moved because BV Teck already has a stronger kept row: Python Developer (score 7).,Python Developer,7
,,,2,Staff Software Engineer,,BV Teck,https://www.indeed.com/viewjob?jk=c4ca8aa66296d8ef,remote,"Technical Documentation, Roadmap Planning, Customer Success
Deterministic profile match: 3 profile skills mentioned; title alignment 0.0/3.0; domain signals 9. Title relevance penalty 2.5 applied.",,,,,,,,"Remote, US (Remote)",https://brightvisiontechnologies.applytojob.com/apply/NdVS0vIOYo/Staff-Software-Engineer?source=INDE&~,,,,2026-05-19T03:33:24.221345+00:00,not_checked_network_restricted,Not finalized: outbound link checking was blocked in sandbox.,Moved because BV Teck already has a stronger kept row: Python Developer (score 7).,Python Developer,7
,,,6,Agile Transformation Lead/Scrum Master Lead,,By Light Professional IT Services,https://www.indeed.com/viewjob?jk=1c91979d09026170,remote,"Agile Scrum, Retrospectives, CI/CD Collaboration, AWS
Deterministic profile match: 4 profile skills mentioned; title alignment 1.5/3.0; domain signals 5.",,,,,,,,"Remote, US (Remote)",https://jobs-bylight.icims.com/jobs/10997/job?utm_source=indeed_integration&iis=Job%20Board&iisn=Indeed&indeed-apply-token=73a2d2b2a8d6d5c0a62696875eaebd669103652d3f0c2cd5445d3e66b1592b0f,,,,2026-05-19T03:28:48.056786+00:00,not_checked_network_restricted,Not finalized: outbound link checking was blocked in sandbox.,Moved because By Light Professional IT Services already has a stronger kept row: Project Manager (score 7).,Project Manager,7
,,,6,Technical Delivery Lead,,By Light Professional IT Services,https://www.indeed.com/viewjob?jk=20671d07bb0d76df,hybrid,"Agile Scrum, Hybrid Project Management, Software Project Management, Program Management, Risk Management, System Monitoring, AWS, GitHub
Deterministic profile match: 8 profile skills mentioned; title alignment 0.0/3.0; domain signals 8. Title relevance penalty 1.0 applied.",,,,,,"Remote, US (Remote)",,"Remote, US (Remote)",https://jobs-bylight.icims.com/jobs/10996/job?utm_source=indeed_integration&iis=Job%20Board&iisn=Indeed&indeed-apply-token=73a2d2b2a8d6d5c0a62696875eaebd669103652d3f0c2cd5445d3e66b1592b0f,,,,2026-05-19T03:28:48.056786+00:00,not_checked_network_restricted,Not finalized: outbound link checking was blocked in sandbox.,Moved because By Light Professional IT Services already has a stronger kept row: Project Manager (score 7).,Project Manager,7
,,,8,Senior Project Manager,,Calculated Hire,https://www.linkedin.com/jobs/view/4416182368,hybrid,"ERP, Program Management, Stakeholder Management
Deterministic refreshed score: 3 profile skills mentioned
title alignment 2.5/3.0
domain signals 10",,,,,,,,Remote,,,,,2026-05-20T23:26:42.173360+00:00,not_checked_network_restricted,Added from ApplyPilot DB; outbound link checking was blocked in sandbox.,Moved because Calculated Hire already has a stronger kept row: Senior Program Manager (score 8).,Senior Program Manager,8
,,,3,LTSA Service Manager,,Canadian Solar,https://canadiansolar.wd5.myworkdayjobs.com/CanadianSolar/job/United-Kingdom---Remote/LTSA-Service-Manager_10000916,remote,"Postmortems, Risk Management
Deterministic profile match: 2 profile skills mentioned; title alignment 0.0/3.0; domain signals 4. Title relevance penalty 1.0 applied.",,,,,,,,United Kingdom - Remote,https://canadiansolar.wd5.myworkdayjobs.com/CanadianSolar/job/United-Kingdom---Remote/LTSA-Service-Manager_10000916,,,,2026-05-14T22:13:28.680494+00:00,not_checked_network_restricted,Not finalized: outbound link checking was blocked in sandbox.,"Moved because Canadian Solar already has a stronger kept row: Product Manager, Modules (score 4).","Product Manager, Modules",4
,,,3,Logisitics and Warehouse & Warrenty Coordinator,,Canadian Solar,https://canadiansolar.wd5.myworkdayjobs.com/CanadianSolar/job/Scotland-UK---Remote/Logisitics-and-Warehouse---Warrenty-Coordinator_10001006-1,remote,"Technical Documentation, ERP, SOPs, Microsoft Planner
Deterministic profile match: 4 profile skills mentioned; title alignment 0.0/3.0; domain signals 2. Title relevance penalty 1.0 applied.",,,,,,,,"Scotland, UK - Remote",https://canadiansolar.wd5.myworkdayjobs.com/CanadianSolar/job/Scotland-UK---Remote/Logisitics-and-Warehouse---Warrenty-Coordinator_10001006-1,,,,2026-05-14T22:13:28.680494+00:00,not_checked_network_restricted,Not finalized: outbound link checking was blocked in sandbox.,"Moved because Canadian Solar already has a stronger kept row: Product Manager, Modules (score 4).","Product Manager, Modules",4
,,,3,"Manager, Learning & Talent Development",,Canadian Solar,https://canadiansolar.wd5.myworkdayjobs.com/CanadianSolar/job/US---Remote/Manager--Learning---Talent-Development_10001153-1,remote,"Software Project Management, Stakeholder Management, Program Management
Deterministic profile match: 3 profile skills mentioned; title alignment 0.0/3.0; domain signals 4. Title relevance penalty 1.0 applied.",,,,,,,,US - Remote,https://canadiansolar.wd5.myworkdayjobs.com/CanadianSolar/job/US---Remote/Manager--Learning---Talent-Development_10001153-1,,,,2026-05-14T22:03:23.687348+00:00,not_checked_network_restricted,Not finalized: outbound link checking was blocked in sandbox.,"Moved because Canadian Solar already has a stronger kept row: Product Manager, Modules (score 4).","Product Manager, Modules",4
,,,2,Applications Engineer,,Canadian Solar,https://canadiansolar.wd5.myworkdayjobs.com/CanadianSolar/job/Remote-Country/Applications-Engineer_10000993-1,remote,"Software Project Management, Technical Documentation, Risk Management
Deterministic profile match: 3 profile skills mentioned; title alignment 0.0/3.0; domain signals 2. Title relevance penalty 1.0 applied.",,,,,,,,Remote Country,https://canadiansolar.wd5.myworkdayjobs.com/CanadianSolar/job/Remote-Country/Applications-Engineer_10000993-1,,,,2026-05-14T22:03:23.687348+00:00,not_checked_network_restricted,Not finalized: outbound link checking was blocked in sandbox.,"Moved because Canadian Solar already has a stronger kept row: Product Manager, Modules (score 4).","Product Manager, Modules",4
,,,2,"Director of Business Development, Power Solutions",,Canadian Solar,https://canadiansolar.wd5.myworkdayjobs.com/CanadianSolar/job/US---Remote/Director-of-Business-Development--Power-Solutions_10000944,remote,"Roadmap Planning, AWS, Google Cloud
Deterministic profile match: 3 profile skills mentioned; title alignment 0.0/3.0; domain signals 5. Title relevance penalty 2.5 applied.",,,,,,,,US - Remote,https://canadiansolar.wd5.myworkdayjobs.com/CanadianSolar/job/US---Remote/Director-of-Business-Development--Power-Solutions_10000944,,,,2026-05-14T22:13:28.680494+00:00,not_checked_network_restricted,Not finalized: outbound link checking was blocked in sandbox.,"Moved because Canadian Solar already has a stronger kept row: Product Manager, Modules (score 4).","Product Manager, Modules",4
,,,2,Engineer Customer Service EP Cube - South Italy (m/f/d),,Canadian Solar,https://canadiansolar.wd5.myworkdayjobs.com/CanadianSolar/job/Italy----Remote/Engineer-Customer-Service-EP-Cube---South-Italy--m-f-d-_10001045,remote,"Technical Documentation, System Monitoring
Deterministic profile match: 2 profile skills mentioned; title alignment 0.0/3.0; domain signals 1. Title relevance penalty 1.0 applied.",,,,,,,,Italy  - Remote,https://canadiansolar.wd5.myworkdayjobs.com/CanadianSolar/job/Italy----Remote/Engineer-Customer-Service-EP-Cube---South-Italy--m-f-d-_10001045,,,,2026-05-14T23:08:31.349104+00:00,not_checked_network_restricted,Not finalized: outbound link checking was blocked in sandbox.,"Moved because Canadian Solar already has a stronger kept row: Product Manager, Modules (score 4).","Product Manager, Modules",4
,,,2,"Regional Development Manager, C&I Turnkey Systems",,Canadian Solar,https://canadiansolar.wd5.myworkdayjobs.com/CanadianSolar/job/US---Remote/Regional-Development-Manager--C-I-Turnkey-Systems_10001070,remote,"Program Management, Presentation Skills, Customer Success
Deterministic profile match: 3 profile skills mentioned; title alignment 0.0/3.0; domain signals 2. Title relevance penalty 1.0 applied.",,,,,,,,US - Remote,https://canadiansolar.wd5.myworkdayjobs.com/CanadianSolar/job/US---Remote/Regional-Development-Manager--C-I-Turnkey-Systems_10001070,,,,2026-05-14T22:13:28.680494+00:00,not_checked_network_restricted,Not finalized: outbound link checking was blocked in sandbox.,"Moved because Canadian Solar already has a stronger kept row: Product Manager, Modules (score 4).","Product Manager, Modules",4
,,,2,Senior BESS Performance Analyst,,Canadian Solar,https://canadiansolar.wd5.myworkdayjobs.com/CanadianSolar/job/US---Remote/Senior-BESS-Performance-Analyst_10000858-1,remote,"Technical Documentation, Customer Success, System Monitoring
Deterministic profile match: 3 profile skills mentioned; title alignment 0.0/3.0; domain signals 2. Title relevance penalty 1.0 applied.",,,,,,,,US - Remote,https://canadiansolar.wd5.myworkdayjobs.com/CanadianSolar/job/US---Remote/Senior-BESS-Performance-Analyst_10000858-1,,,,2026-05-14T22:13:28.680494+00:00,not_checked_network_restricted,Not finalized: outbound link checking was blocked in sandbox.,"Moved because Canadian Solar already has a stronger kept row: Product Manager, Modules (score 4).","Product Manager, Modules",4
,,,2,Senior Service Technician,,Canadian Solar,https://canadiansolar.wd5.myworkdayjobs.com/CanadianSolar/job/Canada---Remote/Senior-Service-Technician_10000829-2,remote,"Customer Success
Deterministic profile match: 1 profile skills mentioned; title alignment 0.0/3.0; domain signals 1. Title relevance penalty 1.0 applied.",,,,,,,,Canada - Remote,https://canadiansolar.wd5.myworkdayjobs.com/CanadianSolar/job/Canada---Remote/Senior-Service-Technician_10000829-2,,,,2026-05-14T22:03:23.687348+00:00,not_checked_network_restricted,Not finalized: outbound link checking was blocked in sandbox.,"Moved because Canadian Solar already has a stronger kept row: Product Manager, Modules (score 4).","Product Manager, Modules",4
,,,2,Sr. Legal Counsel,,Canadian Solar,https://canadiansolar.wd5.myworkdayjobs.com/CanadianSolar/job/US---Remote/Sr-Legal-Counsel_10001059-1,remote,"Workflow Automation
Deterministic profile match: 1 profile skills mentioned; title alignment 0.0/3.0; domain signals 1. Title relevance penalty 1.0 applied.",,,,,,,,US - Remote,https://canadiansolar.wd5.myworkdayjobs.com/CanadianSolar/job/US---Remote/Sr-Legal-Counsel_10001059-1,,,,2026-05-14T22:27:52.121023+00:00,not_checked_network_restricted,Not finalized: outbound link checking was blocked in sandbox.,"Moved because Canadian Solar already has a stronger kept row: Product Manager, Modules (score 4).","Product Manager, Modules",4
,,,2,Sr. Performance Engineer,,Canadian Solar,https://canadiansolar.wd5.myworkdayjobs.com/CanadianSolar/job/Canada---Remote/Sr-Performance-Engineer_10000879-1,remote,"Root Cause Analysis, Customer Success, System Monitoring
Deterministic profile match: 3 profile skills mentioned; title alignment 0.0/3.0; domain signals 2. Title relevance penalty 1.0 applied.",,,,,,,,Canada - Remote,https://canadiansolar.wd5.myworkdayjobs.com/CanadianSolar/job/Canada---Remote/Sr-Performance-Engineer_10000879-1,,,,2026-05-14T22:03:23.687348+00:00,not_checked_network_restricted,Not finalized: outbound link checking was blocked in sandbox.,"Moved because Canadian Solar already has a stronger kept row: Product Manager, Modules (score 4).","Product Manager, Modules",4
,,,2,Sr. Performance Engineer,,Canadian Solar,https://canadiansolar.wd5.myworkdayjobs.com/CanadianSolar/job/United-Kingdom---Remote/Sr-Performance-Engineer_10000917-1,remote,"Root Cause Analysis, Customer Success, System Monitoring
Deterministic profile match: 3 profile skills mentioned; title alignment 0.0/3.0; domain signals 2. Title relevance penalty 1.0 applied.",,,,,,,,United Kingdom - Remote,https://canadiansolar.wd5.myworkdayjobs.com/CanadianSolar/job/United-Kingdom---Remote/Sr-Performance-Engineer_10000917-1,,,,2026-05-14T22:03:23.687348+00:00,not_checked_network_restricted,Not finalized: outbound link checking was blocked in sandbox.,"Moved because Canadian Solar already has a stronger kept row: Product Manager, Modules (score 4).","Product Manager, Modules",4
,,,1,"Director, Key Accounts",,Canadian Solar,https://canadiansolar.wd5.myworkdayjobs.com/CanadianSolar/job/US---Remote/Director--Key-Accounts_10001118,remote,"Program Management, Customer Success, Change Management
Deterministic profile match: 3 profile skills mentioned; title alignment 0.0/3.0; domain signals 1. Title relevance penalty 2.5 applied.",,,,,,,,US - Remote,https://canadiansolar.wd5.myworkdayjobs.com/CanadianSolar/job/US---Remote/Director--Key-Accounts_10001118,,,,2026-05-14T22:13:28.680494+00:00,not_checked_network_restricted,Not finalized: outbound link checking was blocked in sandbox.,"Moved because Canadian Solar already has a stronger kept row: Product Manager, Modules (score 4).","Product Manager, Modules",4
,,,1,"Director, Sales EP Cube, DACH & NL (f/m/d)",,Canadian Solar,https://canadiansolar.wd5.myworkdayjobs.com/CanadianSolar/job/Germany---Remote/Director--Sales-EP-Cube--DACH---NL--f-m-d-_10001154,remote,"Presentation Skills, Customer Success
Deterministic profile match: 2 profile skills mentioned; title alignment 0.0/3.0; domain signals 1. Title relevance penalty 4.0 applied.",,,,,,,,Germany - Remote,https://canadiansolar.wd5.myworkdayjobs.com/CanadianSolar/job/Germany---Remote/Director--Sales-EP-Cube--DACH---NL--f-m-d-_10001154,,,,2026-05-14T23:08:31.349104+00:00,not_checked_network_restricted,Not finalized: outbound link checking was blocked in sandbox.,"Moved because Canadian Solar already has a stronger kept row: Product Manager, Modules (score 4).","Product Manager, Modules",4
,,,1,Regional Sales Manager,,Canadian Solar,https://canadiansolar.wd5.myworkdayjobs.com/CanadianSolar/job/US---Remote/Regional-Sales-Manager_10001174,remote,"Program Management, Presentation Skills, Change Management
Deterministic profile match: 3 profile skills mentioned; title alignment 0.0/3.0; domain signals 2. Title relevance penalty 2.5 applied.",,,,,,,,US - Remote,https://canadiansolar.wd5.myworkdayjobs.com/CanadianSolar/job/US---Remote/Regional-Sales-Manager_10001174,,,,2026-05-14T22:13:28.680494+00:00,not_checked_network_restricted,Not finalized: outbound link checking was blocked in sandbox.,"Moved because Canadian Solar already has a stronger kept row: Product Manager, Modules (score 4).","Product Manager, Modules",4
,,,1,"SALES MANAGER ENERGY STORAGE (EP Cube), SOUTH/CENTRAL GERMANY (m/w/d)",,Canadian Solar,https://canadiansolar.wd5.myworkdayjobs.com/CanadianSolar/job/Germany---Remote/SALES-MANAGER-ENERGY-STORAGE--EP-Cube---SOUTH-CENTRAL-GERMANY--m-w-d-_10001102,hybrid,"Program Management, Presentation Skills, Customer Success, Change Management
Deterministic profile match: 4 profile skills mentioned; title alignment 0.0/3.0; domain signals 1. Title relevance penalty 2.5 applied.",,,,,,Germany - Remote,,Germany - Remote,https://canadiansolar.wd5.myworkdayjobs.com/CanadianSolar/job/Germany---Remote/SALES-MANAGER-ENERGY-STORAGE--EP-Cube---SOUTH-CENTRAL-GERMANY--m-w-d-_10001102,,,,2026-05-14T23:08:31.349104+00:00,not_checked_network_restricted,Not finalized: outbound link checking was blocked in sandbox.,"Moved because Canadian Solar already has a stronger kept row: Product Manager, Modules (score 4).","Product Manager, Modules",4
,,,1,"SENIOR SALES/CHANNEL MANAGER (EP Cube), Italy (m/w/d)",,Canadian Solar,https://canadiansolar.wd5.myworkdayjobs.com/CanadianSolar/job/Italy----Remote/SENIOR-SALES-CHANNEL-MANAGER--EP-Cube---Italy--m-w-d-_10001169,remote,Deterministic profile match: 0 profile skills mentioned; title alignment 0.0/3.0; domain signals 0. Title relevance penalty 2.5 applied.,,,,,,,,Italy  - Remote,https://canadiansolar.wd5.myworkdayjobs.com/CanadianSolar/job/Italy----Remote/SENIOR-SALES-CHANNEL-MANAGER--EP-Cube---Italy--m-w-d-_10001169,,,,2026-05-14T23:08:31.349104+00:00,not_checked_network_restricted,Not finalized: outbound link checking was blocked in sandbox.,"Moved because Canadian Solar already has a stronger kept row: Product Manager, Modules (score 4).","Product Manager, Modules",4
,,,1,Sales Engineer C&I Storage & PV TK Solutions Germany,,Canadian Solar,https://canadiansolar.wd5.myworkdayjobs.com/CanadianSolar/job/Germany---Remote/Sales-Engineer-C-I-Storage---PV-TK-Solutions-Germany_10000904,hybrid,"Technical Documentation
Deterministic profile match: 1 profile skills mentioned; title alignment 0.0/3.0; domain signals 1. Title relevance penalty 2.5 applied.",,,,,,Germany - Remote,,Germany - Remote,https://canadiansolar.wd5.myworkdayjobs.com/CanadianSolar/job/Germany---Remote/Sales-Engineer-C-I-Storage---PV-TK-Solutions-Germany_10000904,,,,2026-05-14T22:13:28.680494+00:00,not_checked_network_restricted,Not finalized: outbound link checking was blocked in sandbox.,"Moved because Canadian Solar already has a stronger kept row: Product Manager, Modules (score 4).","Product Manager, Modules",4
,,,1,Sr Commissioning Technician,,Canadian Solar,https://canadiansolar.wd5.myworkdayjobs.com/CanadianSolar/job/England---Remote/Sr-Commissioning-Technician_10000921-1,remote,Deterministic profile match: 0 profile skills mentioned; title alignment 0.0/3.0; domain signals 1. Title relevance penalty 1.0 applied.,,,,,,,,England - Remote,https://canadiansolar.wd5.myworkdayjobs.com/CanadianSolar/job/England---Remote/Sr-Commissioning-Technician_10000921-1,,,,2026-05-14T22:13:28.680494+00:00,not_checked_network_restricted,Not finalized: outbound link checking was blocked in sandbox.,"Moved because Canadian Solar already has a stronger kept row: Product Manager, Modules (score 4).","Product Manager, Modules",4
,,,5,"Manager, Payments implementation",,Capgemini,https://www.indeed.com/viewjob?jk=d99797574a2bd0c8,remote,"Technical Documentation, Requirements Gathering, SOPs, Risk Management
Deterministic profile match: 4 profile skills mentioned; title alignment 0.0/3.0; domain signals 5.",,,,,,,,"Remote, US (Remote)",https://capgemini.talentnet.community/jobs/8b8c8fe3-fd5d-4836-8e46-62847183f70b,,,,2026-05-14T21:33:49.397717+00:00,not_checked_network_restricted,Not finalized: outbound link checking was blocked in sandbox.,Moved because Capgemini already has a stronger kept row: System Analyst / Technical Product Manager (score 8).,System Analyst / Technical Product Manager,8
,,,5,Sr Flink Solution Architect,,Capgemini,https://www.indeed.com/viewjob?jk=d6c79554e167af07,hybrid,"Python, Technical Documentation, Presentation Skills, Data Pipelines, AWS
Deterministic profile match: 5 profile skills mentioned; title alignment 0.0/3.0; domain signals 10. Title relevance penalty 1.0 applied.",,,,,,"Remote, US (Remote)",,"Remote, US (Remote)",https://capgemini.talentnet.community/jobs/dadb9db9-bcd7-43e1-9263-626a4f8a93da,,,,2026-05-14T21:40:03.505024+00:00,not_checked_network_restricted,Not finalized: outbound link checking was blocked in sandbox.,Moved because Capgemini already has a stronger kept row: System Analyst / Technical Product Manager (score 8).,System Analyst / Technical Product Manager,8
,,,4,FBS Director of Portfolio Delivery,,Capgemini,https://www.linkedin.com/jobs/view/4410174971,remote,"Agile Scrum, SAFe, Software Project Management, Stakeholder Management, Program Management, Customer Success, Change Management, Legal Technology
Deterministic profile match: 8 profile skills mentioned; title alignment 0.0/3.0; domain signals 9. Title relevance penalty 2.5 applied.",,,,,,,,Remote,,,,,2026-05-14T21:50:40.094592+00:00,not_checked_network_restricted,Not finalized: outbound link checking was blocked in sandbox.,Moved because Capgemini already has a stronger kept row: System Analyst / Technical Product Manager (score 8).,System Analyst / Technical Product Manager,8
,,,2,Director of Workforce Transformation,,Career TEAM,https://www.indeed.com/viewjob?jk=e39f1f288720469d,remote,"Software Project Management, Program Management, Technical Documentation, Change Management, Legal Technology
Deterministic profile match: 5 profile skills mentioned; title alignment 0.0/3.0; domain signals 5. Title relevance penalty 2.5 applied.",,,,,,,,"Remote, US (Remote)",https://grnh.se/hgo7sxsv5us,,,,2026-05-19T03:26:29.194443+00:00,not_checked_network_restricted,Not finalized: outbound link checking was blocked in sandbox.,Moved because Career TEAM already has a stronger kept row: Director of Engineering (score 5).,Director of Engineering,5
,,,5,EBMS Program Manager - Remote (Central or East),,CBRE,https://www.indeed.com/viewjob?jk=7b2614dd79dcb288,remote,"Program Management, Customer Success
Deterministic profile match: 2 profile skills mentioned; title alignment 1.5/3.0; domain signals 3.",,,,,,,,"Remote, US (Remote)",https://cbreglobal.avature.net/careers/JobDetail/275954,,,,2026-05-14T21:36:03.741595+00:00,not_checked_network_restricted,Not finalized: outbound link checking was blocked in sandbox.,Moved because CBRE already has a stronger kept row: People Operations Program Manager (score 5).,People Operations Program Manager,5
,,,6,"Manager, Services",,Celonis,https://www.linkedin.com/jobs/view/4413638977,hybrid,"ERP
Deterministic refreshed score: 1 profile skills mentioned
title alignment 1.0/3.0
domain signals 9",,,,,,,,Remote,,,,,2026-05-20T23:37:41.965708+00:00,not_checked_network_restricted,Added from ApplyPilot DB; outbound link checking was blocked in sandbox.,Moved because Celonis already has a stronger kept row: Lead Project Manager (score 8).,Lead Project Manager,8
,,,4,Python Developer,,Ciena,https://ciena.wd5.myworkdayjobs.com/Careers/job/Remote-Canada-British-Columbia/Python-Developer_R030521,remote,"Python, Resource Planning, Deployment Workflows, Distributed Systems Concepts, AWS, GitHub
Deterministic profile match: 6 profile skills mentioned; title alignment 0.0/3.0; domain signals 6. Title relevance penalty 1.0 applied.",,,,,,,,Remote-Canada-British Columbia,https://ciena.wd5.myworkdayjobs.com/Careers/job/Remote-Canada-British-Columbia/Python-Developer_R030521,,,,2026-05-14T21:55:51.922966+00:00,not_checked_network_restricted,Not finalized: outbound link checking was blocked in sandbox.,Moved because Ciena already has a stronger kept row: Junior Product Life Cycle Program Manager (score 7).,Junior Product Life Cycle Program Manager,7
,,,4,"Senior Analyst, IT Applications",,Ciena,https://ciena.wd5.myworkdayjobs.com/Careers/job/Remote-Philippines/SharePoint--Office-365--and-Power-Platform-Administrator_R030264,remote,"Root Cause Analysis, Data Governance Frameworks, Technical Documentation, ServiceNow
Deterministic profile match: 4 profile skills mentioned; title alignment 0.0/3.0; domain signals 8. Title relevance penalty 1.0 applied.",,,,,,,,Remote-Philippines,https://ciena.wd5.myworkdayjobs.com/Careers/job/Remote-Philippines/SharePoint--Office-365--and-Power-Platform-Administrator_R030264,,,,2026-05-14T22:06:26.829660+00:00,not_checked_network_restricted,Not finalized: outbound link checking was blocked in sandbox.,Moved because Ciena already has a stronger kept row: Junior Product Life Cycle Program Manager (score 7).,Junior Product Life Cycle Program Manager,7
,,,3,Specialist - Partner Accelerator- EMEA,,Ciena,https://ciena.wd5.myworkdayjobs.com/Careers/job/Remote-Poland/Partner-Accelerator--EMEA_R029624,remote,"Stakeholder Management, Program Management
Deterministic profile match: 2 profile skills mentioned; title alignment 0.0/3.0; domain signals 4. Title relevance penalty 1.0 applied.",,,,,,,,Remote-Poland,https://ciena.wd5.myworkdayjobs.com/Careers/job/Remote-Poland/Partner-Accelerator--EMEA_R029624,,,,2026-05-14T22:06:26.829660+00:00,not_checked_network_restricted,Not finalized: outbound link checking was blocked in sandbox.,Moved because Ciena already has a stronger kept row: Junior Product Life Cycle Program Manager (score 7).,Junior Product Life Cycle Program Manager,7
,,,2,"Consultant, Customer Order Fulfillment",,Ciena,https://ciena.wd5.myworkdayjobs.com/Careers/job/Remote-UK-Zone-2/Consultant--Customer-Order-Fulfillment_R030827,remote,"ERP, Root Cause Analysis
Deterministic refreshed score: 2 profile skills mentioned
title alignment 0.0/3.0
domain signals 5",,,,,,,,Remote-UK Zone 2,https://ciena.wd5.myworkdayjobs.com/Careers/job/Remote-UK-Zone-2/Consultant--Customer-Order-Fulfillment_R030827,,,,2026-05-20T23:51:03.486284+00:00,not_checked_network_restricted,Added from ApplyPilot DB; outbound link checking was blocked in sandbox.,Moved because Ciena already has a stronger kept row: Junior Product Life Cycle Program Manager (score 7).,Junior Product Life Cycle Program Manager,7
,,,2,"Critical Incident, Change and Problem Lead",,Ciena,https://ciena.wd5.myworkdayjobs.com/Careers/job/Remote-US/Critical-Incident--Change-and-Problem-Lead_R030095,remote,"Program Management, Change Management
Deterministic profile match: 2 profile skills mentioned; title alignment 0.0/3.0; domain signals 1. Title relevance penalty 1.0 applied.",,,,,,,,Remote-US,https://ciena.wd5.myworkdayjobs.com/Careers/job/Remote-US/Critical-Incident--Change-and-Problem-Lead_R030095,,,,2026-05-14T21:55:51.922966+00:00,not_checked_network_restricted,Not finalized: outbound link checking was blocked in sandbox.,Moved because Ciena already has a stronger kept row: Junior Product Life Cycle Program Manager (score 7).,Junior Product Life Cycle Program Manager,7
,,,2,Global Process Owner - Sales and Operations Planning,,Ciena,https://ciena.wd5.myworkdayjobs.com/Careers/job/Remote-US/Global-Process-Owner---Sales-and-Operations-Planning_R029895,remote,"Program Management, Roadmap Planning, Resource Planning, Risk Management
Deterministic profile match: 4 profile skills mentioned; title alignment 0.0/3.0; domain signals 4. Title relevance penalty 2.5 applied.",,,,,,,,Remote-US,https://ciena.wd5.myworkdayjobs.com/Careers/job/Remote-US/Global-Process-Owner---Sales-and-Operations-Planning_R029895,,,,2026-05-14T22:18:53.128608+00:00,not_checked_network_restricted,Not finalized: outbound link checking was blocked in sandbox.,Moved because Ciena already has a stronger kept row: Junior Product Life Cycle Program Manager (score 7).,Junior Product Life Cycle Program Manager,7
,,,2,Global Tax Accountant,,Ciena,https://ciena.wd5.myworkdayjobs.com/Careers/job/Remote-US-MD/Global-Tax-Accountant_R030707,remote,"Requirements Gathering
Deterministic profile match: 1 profile skills mentioned; title alignment 0.0/3.0; domain signals 1. Title relevance penalty 1.0 applied.",,,,,,,,Remote-US-MD,https://ciena.wd5.myworkdayjobs.com/Careers/job/Remote-US-MD/Global-Tax-Accountant_R030707,,,,2026-05-14T22:18:53.128608+00:00,not_checked_network_restricted,Not finalized: outbound link checking was blocked in sandbox.,Moved because Ciena already has a stronger kept row: Junior Product Life Cycle Program Manager (score 7).,Junior Product Life Cycle Program Manager,7
,,,2,Photonics Process Integration Expert,,Ciena,https://ciena.wd5.myworkdayjobs.com/Careers/job/Remote---Malaysia/Photonics-Process-Integration-Expert_R030720,remote,"Root Cause Analysis, Change Management
Deterministic profile match: 2 profile skills mentioned; title alignment 0.0/3.0; domain signals 3. Title relevance penalty 1.0 applied.",,,,,,,,Remote - Malaysia,https://ciena.wd5.myworkdayjobs.com/Careers/job/Remote---Malaysia/Photonics-Process-Integration-Expert_R030720,,,,2026-05-14T22:06:26.829660+00:00,not_checked_network_restricted,Not finalized: outbound link checking was blocked in sandbox.,Moved because Ciena already has a stronger kept row: Junior Product Life Cycle Program Manager (score 7).,Junior Product Life Cycle Program Manager,7
,,,1,"Solution Architect, Sales Engineering",,Ciena,https://ciena.wd5.myworkdayjobs.com/Careers/job/Remote-US-CO/Solution-Architect--Sales-Engineering_R029415,remote,"Python
Deterministic profile match: 1 profile skills mentioned; title alignment 0.0/3.0; domain signals 5. Title relevance penalty 2.5 applied.",,,,,,,,Remote-US-CO,https://ciena.wd5.myworkdayjobs.com/Careers/job/Remote-US-CO/Solution-Architect--Sales-Engineering_R029415,,,,2026-05-14T21:55:51.922966+00:00,not_checked_network_restricted,Not finalized: outbound link checking was blocked in sandbox.,Moved because Ciena already has a stronger kept row: Junior Product Life Cycle Program Manager (score 7).,Junior Product Life Cycle Program Manager,7
,,,1,Technical Sales Engineer focused on Tier 1 Service Provider Customer,,Ciena,https://ciena.wd5.myworkdayjobs.com/Careers/job/Remote-US/Technical-Sales-Engineer-focused-on-Tier-1-Service-Provider-Customer_R030569,remote,"Technical Documentation, Presentation Skills
Deterministic profile match: 2 profile skills mentioned; title alignment 0.0/3.0; domain signals 3. Title relevance penalty 2.5 applied.",,,,,,,,Remote-US,https://ciena.wd5.myworkdayjobs.com/Careers/job/Remote-US/Technical-Sales-Engineer-focused-on-Tier-1-Service-Provider-Customer_R030569,,,,2026-05-14T21:55:51.922966+00:00,not_checked_network_restricted,Not finalized: outbound link checking was blocked in sandbox.,Moved because Ciena already has a stronger kept row: Junior Product Life Cycle Program Manager (score 7).,Junior Product Life Cycle Program Manager,7
,,,3,QA Engineer I,,ClearCompany,https://www.indeed.com/viewjob?jk=55e41085f3f88288,remote,"Technical Documentation, Customer Success, Change Management
Deterministic profile match: 3 profile skills mentioned; title alignment 0.0/3.0; domain signals 5. Title relevance penalty 1.0 applied.",,,,,,,,"Remote, US (Remote)",https://jobs.hrmdirect.com/employment/view.php?req=3700776&jbsrc=1014&location=be7ab4c9-30b1-8c2a-a207-cc422e2bf6f1,,,,2026-05-14T21:29:36.448824+00:00,not_checked_network_restricted,Not finalized: outbound link checking was blocked in sandbox.,Moved because ClearCompany already has a stronger kept row: Senior Technical Engineering Manager (score 4).,Senior Technical Engineering Manager,4
,,,7,Project Manager II (MAE),,Coastal,https://www.indeed.com/viewjob?jk=2f10dd70f8c7b340,remote,"Presentation Skills, Mentoring, Customer Success, Change Management, Risk Management, Snowflake
Deterministic profile match: 6 profile skills mentioned; title alignment 2.0/3.0; domain signals 5.",,,,,,,,"Remote, US (Remote)",https://recruitingbypaycor.com/career/JobIntroduction.action?id=8a7887a19de07068019e17aade35764e&source=Indeed+Free,,,,2026-05-14T21:50:40.094592+00:00,not_checked_network_restricted,Not finalized: outbound link checking was blocked in sandbox.,Moved because Coastal already has a stronger kept row: Project Manager II (FINS) (score 9).,Project Manager II (FINS),9
,,,4,Solution Architect (EDU),,Coastal,https://www.indeed.com/viewjob?jk=1b6b876fae6dccb2,hybrid,"Technical Documentation, Customer Success, ERP, Snowflake
Deterministic profile match: 4 profile skills mentioned; title alignment 0.0/3.0; domain signals 9. Title relevance penalty 1.0 applied.",,,,,,"Remote, US (Remote)",,"Remote, US (Remote)",https://recruitingbypaycor.com/career/JobIntroduction.action?id=8a7887a19de07068019e1d9d0d01789e&source=Indeed+Free,,,,2026-05-14T21:40:03.505024+00:00,not_checked_network_restricted,Not finalized: outbound link checking was blocked in sandbox.,Moved because Coastal already has a stronger kept row: Project Manager II (FINS) (score 9).,Project Manager II (FINS),9
,,,4,Digital Banking Implementation Specialist,,Computer Services Inc.,https://www.indeed.com/viewjob?jk=7af06150568cf60f,remote,"Requirements Gathering, Customer Success
Deterministic profile match: 2 profile skills mentioned; title alignment 0.0/3.0; domain signals 4.",,,,,,,,"Remote, US (Remote)",https://csiweb.wd1.myworkdayjobs.com/en-US/CSI_Careers/job/Remote-USA/Digital-Banking-Implementation-Specialist_R-100396,,,,2026-05-14T21:33:49.397717+00:00,not_checked_network_restricted,Not finalized: outbound link checking was blocked in sandbox.,Moved because Computer Services Inc. already has a stronger kept row: Project Manager (score 7).,Project Manager,7
,,,4,IT Program & Project Management Consultant,,Conduent,https://www.linkedin.com/jobs/view/4393282404,unknown,"Stakeholder Management, Program Management, Power BI
Deterministic profile match: 3 profile skills mentioned; title alignment 0.0/3.0; domain signals 4.",C:\Users\bsing\.applypilot\tailored_resumes\software-pm\093_7_Conduent_IT_Program__Project_Management_Consultant.txt,failed_validation,Company 'Sakhi' missing from experience; Company 'The Samaritans of New York' missing from experience,Banned words: proven track record,,,,,https://www.linkedin.com/signup/cold-join?source=jobs_registration&session_redirect=https%3A%2F%2Fin.linkedin.com%2Fjobs%2Fview%2Fit-program-project-management-consultant-at-conduent-4393282404&trk=public_jobs_apply-link-offsite_contextual-sign-in-modal_join-link,,,,2026-05-14T21:40:03.505024+00:00,not_checked_network_restricted,Not finalized: outbound link checking was blocked in sandbox.,"Moved because Conduent already has a stronger kept row: Senior Manager, Monitoring & Observability (score 4).","Senior Manager, Monitoring & Observability",4
,,,4,Senior Program Manager,,Confidential,https://www.linkedin.com/jobs/view/4416054110,remote,"Technical Documentation
Deterministic profile match: 1 profile skills mentioned; title alignment 1.5/3.0; domain signals 2.",,,,,,,,Remote,,,,,2026-05-19T03:41:57.324976+00:00,not_checked_network_restricted,Not finalized: outbound link checking was blocked in sandbox.,Moved because Confidential already has a stronger kept row: Program Manager (score 7).,Program Manager,7
,,,6,Technical Project Manager – Datacenter & Infrastructure (all genders),,Contabo,https://www.linkedin.com/jobs/view/4415684671,hybrid,"Jira, Confluence
Deterministic profile match: 2 profile skills mentioned; title alignment 3.0/3.0; domain signals 3.",,,,,,Remote,,Remote,,,,,2026-05-19T03:33:24.221345+00:00,not_checked_network_restricted,Not finalized: outbound link checking was blocked in sandbox.,Moved because Contabo already has a stronger kept row: Technical Project Manager – Datacenter & Infrastructure (all genders)(EN) (score 8).,Technical Project Manager – Datacenter & Infrastructure (all genders)(EN),8
,,,3,IP and Visio Management SME,,Core4ce,https://www.indeed.com/viewjob?jk=61778a371e200c77,remote,"Software Project Management, Program Management, Risk Management
Deterministic profile match: 3 profile skills mentioned; title alignment 0.0/3.0; domain signals 3. Title relevance penalty 1.0 applied.",,,,,,,,"Remote, US (Remote)",https://jobs.silkroad.com/Core4ce/Careers/jobs/1268,,,,2026-05-14T21:33:49.397717+00:00,not_checked_network_restricted,Not finalized: outbound link checking was blocked in sandbox.,Moved because Core4ce already has a stronger kept row: Cloud Network Engineer (score 4).,Cloud Network Engineer,4
,,,8,Analytics Product Manager,,Cotiviti,https://www.indeed.com/viewjob?jk=cedbdf906206a9c5,remote,"SQL, Stakeholder Management, Technical Documentation, Roadmap Planning, Requirements Gathering, Change Management, AI/ML, Jira
Deterministic profile match: 8 profile skills mentioned; title alignment 1.0/3.0; domain signals 9.",C:\Users\bsing\.applypilot\tailored_resumes\software-pm\049_7_Cotiviti_Analytics_Product_Manager.txt,failed_validation,Company 'Sakhi' missing from experience; Company 'The Samaritans of New York' missing from experience,,,,,"Remote, US (Remote)",https://careers-cotiviti.icims.com/jobs/19116/job?utm_source=indeed_integration&iis=Job%20Board&iisn=Indeed&indeed-apply-token=73a2d2b2a8d6d5c0a62696875eaebd669103652d3f0c2cd5445d3e66b1592b0f,,,,2026-05-14T21:40:03.505024+00:00,not_checked_network_restricted,Not finalized: outbound link checking was blocked in sandbox.,Moved because Cotiviti already has a stronger kept row: Technical Project Manager (score 8).,Technical Project Manager,8
,,,8,Product Manager - RCA,,Cotiviti,https://www.indeed.com/viewjob?jk=50b1c01f6b7240f4,remote,"SQL, Stakeholder Management, Presentation Skills, Roadmap Planning, Requirements Gathering, Customer Success, Change Management, Risk Management
Deterministic profile match: 8 profile skills mentioned; title alignment 1.0/3.0; domain signals 8.",,,,,,,,"Remote, US (Remote)",https://careers-cotiviti.icims.com/jobs/19159/job?utm_source=indeed_integration&iis=Job%20Board&iisn=Indeed&indeed-apply-token=73a2d2b2a8d6d5c0a62696875eaebd669103652d3f0c2cd5445d3e66b1592b0f,,,,2026-05-19T03:26:29.194443+00:00,not_checked_network_restricted,Not finalized: outbound link checking was blocked in sandbox.,Moved because Cotiviti already has a stronger kept row: Technical Project Manager (score 8).,Technical Project Manager,8
,,,8,Project Manager - Payment,,Cotiviti,https://www.linkedin.com/jobs/view/4403625876,unknown,"Software Project Management, Stakeholder Management, Program Management, Change Management, Jira, Smartsheet
Deterministic profile match: 6 profile skills mentioned; title alignment 2.0/3.0; domain signals 7.",,,,,,,,,https://www.linkedin.com/signup/cold-join?source=jobs_registration&session_redirect=https%3A%2F%2Fwww.linkedin.com%2Fjobs%2Fview%2Fproject-manager-payment-at-cotiviti-4403625876&trk=public_jobs_apply-link-offsite_contextual-sign-in-modal_join-link,,,,2026-05-14T21:40:03.505024+00:00,not_checked_network_restricted,Not finalized: outbound link checking was blocked in sandbox.,Moved because Cotiviti already has a stronger kept row: Technical Project Manager (score 8).,Technical Project Manager,8
,,,7,Product Manager,,Cotiviti,https://www.indeed.com/viewjob?jk=f8780e4820986982,remote,"Sprint Planning, Software Project Management, Stakeholder Management, Technical Documentation, Roadmap Planning, Requirements Gathering
Deterministic profile match: 6 profile skills mentioned; title alignment 1.0/3.0; domain signals 12.",,,,,,,,"Remote, US (Remote)",https://careers-cotiviti.icims.com/jobs/19147/job?utm_source=indeed_integration&iis=Job%20Board&iisn=Indeed&indeed-apply-token=73a2d2b2a8d6d5c0a62696875eaebd669103652d3f0c2cd5445d3e66b1592b0f,,,,2026-05-14T21:40:03.505024+00:00,not_checked_network_restricted,Not finalized: outbound link checking was blocked in sandbox.,Moved because Cotiviti already has a stronger kept row: Technical Project Manager (score 8).,Technical Project Manager,8
,,,6,Implementation Consultant,,Cotiviti,https://www.indeed.com/viewjob?jk=8c81adac4742ff85,remote,"Agile Scrum, Software Project Management, Program Management, Technical Documentation, Change Management
Deterministic profile match: 5 profile skills mentioned; title alignment 1.0/3.0; domain signals 6.",,,,,,,,"Remote, US (Remote)",https://careers-cotiviti.icims.com/jobs/19158/job?utm_source=indeed_integration&iis=Job%20Board&iisn=Indeed&indeed-apply-token=73a2d2b2a8d6d5c0a62696875eaebd669103652d3f0c2cd5445d3e66b1592b0f,,,,2026-05-14T21:40:03.505024+00:00,not_checked_network_restricted,Not finalized: outbound link checking was blocked in sandbox.,Moved because Cotiviti already has a stronger kept row: Technical Project Manager (score 8).,Technical Project Manager,8
,,,6,Senior Technical Specialist (Coordination of Benefits),,Cotiviti,https://www.indeed.com/viewjob?jk=ec67497f38a64ac2,remote,"Python, SQL, SAFe, Software Project Management, Root Cause Analysis, Technical Documentation, Presentation Skills, Change Management, Release Coordination, Jira
Deterministic profile match: 10 profile skills mentioned; title alignment 0.0/3.0; domain signals 9. Title relevance penalty 1.0 applied.",,,,,,,,"Remote, US (Remote)",https://careers-cotiviti.icims.com/jobs/19175/job?utm_source=indeed_integration&iis=Job%20Board&iisn=Indeed&indeed-apply-token=73a2d2b2a8d6d5c0a62696875eaebd669103652d3f0c2cd5445d3e66b1592b0f,,,,2026-05-14T21:33:49.397717+00:00,not_checked_network_restricted,Not finalized: outbound link checking was blocked in sandbox.,Moved because Cotiviti already has a stronger kept row: Technical Project Manager (score 8).,Technical Project Manager,8
,,,7,Project Manager | Remote,,Crossing Hurdles,https://www.linkedin.com/jobs/view/4414480381,remote,"Agile Scrum, SDLC, Stakeholder Management, Resource Planning, Risk Management
Deterministic profile match: 5 profile skills mentioned; title alignment 2.0/3.0; domain signals 4.",C:\Users\bsing\.applypilot\tailored_resumes\software-pm\033_8_Crossing_Hurdles_Project_Manager__Remote.txt,failed_validation,Company 'Sakhi' missing from experience; Company 'The Samaritans of New York' missing from experience,,,,,Remote,,,,,2026-05-14T21:40:03.505024+00:00,not_checked_network_restricted,Not finalized: outbound link checking was blocked in sandbox.,Moved because Crossing Hurdles already has a stronger kept row: Technical Program Manager | $1/hr Remote (score 7).,Technical Program Manager | $1/hr Remote,7
,,,8,"Program Manager, Product Security (Remote, CAN)",1,CrowdStrike,https://www.linkedin.com/jobs/view/4412852160,remote,"Agile Scrum, SAFe, Software Project Management, SDLC, Program Management, Roadmap Planning, Scheduling Management
Deterministic profile match: 7 profile skills mentioned; title alignment 1.5/3.0; domain signals 10.",,,,,,,,Remote,,,,,2026-05-19T03:39:44.477961+00:00,not_checked_network_restricted,Not finalized: outbound link checking was blocked in sandbox.,"Moved because CrowdStrike already has a stronger kept row: Program Manager, Product Security (Remote USA or Canada) (score 8).","Program Manager, Product Security (Remote USA or Canada)",8
,,,8,Project Manager,,CSG,https://www.linkedin.com/jobs/view/4414176873,remote,"Agile Scrum, SAFe, Program Management, Technical Documentation, Requirements Gathering, Mentoring, Customer Success
Deterministic profile match: 7 profile skills mentioned; title alignment 2.0/3.0; domain signals 5.",,,,,,,,Remote,https://www.linkedin.com/signup/cold-join?source=jobs_registration&session_redirect=https%3A%2F%2Fmy.linkedin.com%2Fjobs%2Fview%2Fproject-manager-at-csg-4414176873&trk=public_jobs_apply-link-offsite_contextual-sign-in-modal_join-link,,,,2026-05-14T21:40:03.505024+00:00,not_checked_network_restricted,Not finalized: outbound link checking was blocked in sandbox.,Moved because CSG already has a stronger kept row: Project Manager (score 9).,Project Manager,9
,,,7,Design Manager (Data Center),,Cumming Group,https://www.indeed.com/viewjob?jk=b75a21752d20f536,remote,"AWS, Change Management, SAFe
Deterministic refreshed score: 3 profile skills mentioned
title alignment 1.0/3.0
domain signals 10",,,,,,,,"Remote, US (Remote)",https://cumminggroup.wd1.myworkdayjobs.com/en-US/CGC/job/Remote---USA/Design-Manager--Data-Center-_JR102510,,,,2026-05-20T23:30:56.351886+00:00,not_checked_network_restricted,Added from ApplyPilot DB; outbound link checking was blocked in sandbox.,Moved because Cumming Group already has a stronger kept row: Senior Project Controls Manager (Data Center) (score 7).,Senior Project Controls Manager (Data Center),7
,,,3,Digital Marketing Brand Manager,,Custom Brand Service,https://www.indeed.com/viewjob?jk=b9cf5c32103ebfc1,remote,"Software Project Management, Customer Success, Google Analytics
Deterministic profile match: 3 profile skills mentioned; title alignment 0.0/3.0; domain signals 3. Title relevance penalty 1.0 applied.",,,,,,,,"Remote, US (Remote)",http://www.indeed.com/job/digital-marketing-brand-manager-b9cf5c32103ebfc1,,,,2026-05-14T21:52:47.996850+00:00,not_checked_network_restricted,Not finalized: outbound link checking was blocked in sandbox.,Moved because Custom Brand Service already has a stronger kept row: Marketing Brand Manager (score 3).,Marketing Brand Manager,3
,,,3,Payroll Delivery Manager I,,Dayforce,https://www.linkedin.com/jobs/view/4412069656,unknown,"Resource Planning
Deterministic profile match: 1 profile skills mentioned; title alignment 0.0/3.0; domain signals 6. Title relevance penalty 1.0 applied.",,,,,,,,,,,,,2026-05-19T03:33:24.221345+00:00,not_checked_network_restricted,Not finalized: outbound link checking was blocked in sandbox.,Moved because Dayforce already has a stronger kept row: Implementation Project Manager (score 9).,Implementation Project Manager,9
,,,3,Payroll Delivery Manager I,,Dayforce,https://www.linkedin.com/jobs/view/4412079024,unknown,"Resource Planning
Deterministic profile match: 1 profile skills mentioned; title alignment 0.0/3.0; domain signals 6. Title relevance penalty 1.0 applied.",,,,,,,,,,,,,2026-05-19T03:33:24.221345+00:00,not_checked_network_restricted,Not finalized: outbound link checking was blocked in sandbox.,Moved because Dayforce already has a stronger kept row: Implementation Project Manager (score 9).,Implementation Project Manager,9
,,,7,Staff Product Analyst,,Deepgram,https://www.indeed.com/viewjob?jk=73a64b81894e7ffe,remote,"SQL, SaaS Pricing Frameworks, A/B Testing, Experimentation Frameworks, Customer Success, AI/ML, Data Pipelines, Mixpanel
Deterministic profile match: 8 profile skills mentioned; title alignment 0.0/3.0; domain signals 10.",,,,,,,,"Remote, US (Remote)",https://jobs.ashbyhq.com/Deepgram/790579d8-6474-42ca-9104-9a4bafcf13e9?employmentType=FullTime,,,,2026-05-14T21:44:13.352357+00:00,not_checked_network_restricted,Not finalized: outbound link checking was blocked in sandbox.,"Moved because Deepgram already has a stronger kept row: Technical Program Manager, Research (score 9).","Technical Program Manager, Research",9
,,,6,Customer Success Engineer (Americas),,Deepgram,https://www.indeed.com/viewjob?jk=15b33b4968305c11,remote,"Python, Machine Learning Frameworks, Program Management, Roadmap Planning, Customer Success, Change Management, Resource Planning, AI/ML, Workflow Automation
Deterministic profile match: 9 profile skills mentioned; title alignment 0.0/3.0; domain signals 10. Title relevance penalty 1.0 applied.",C:\Users\bsing\.applypilot\tailored_resumes\software-pm\062_7_Deepgram_Customer_Success_Engineer_Americas.txt,failed_validation,Company 'Sakhi' missing from experience; Company 'The Samaritans of New York' missing from experience,,,,,"Remote, US (Remote)",https://jobs.ashbyhq.com/Deepgram/faef2c32-5084-48ca-8fff-e86d653f2697?employmentType=FullTime,,,,2026-05-14T21:44:13.352357+00:00,not_checked_network_restricted,Not finalized: outbound link checking was blocked in sandbox.,"Moved because Deepgram already has a stronger kept row: Technical Program Manager, Research (score 9).","Technical Program Manager, Research",9
,,,6,Model Evaluation QA Lead,,Deepgram,https://www.indeed.com/viewjob?jk=ee9809b59bf3a932,remote,"Python, Benchmark Dataset Evaluation, CI/CD Collaboration, Customer Success, Training Enablement, AI/ML, Deployment Workflows, Data Pipelines, GitHub
Deterministic profile match: 9 profile skills mentioned; title alignment 0.0/3.0; domain signals 8. Title relevance penalty 1.0 applied.",,,,,,,,"Remote, US (Remote)",https://jobs.ashbyhq.com/Deepgram/1111c5de-2f90-4f38-a353-115a64a9ca33?employmentType=FullTime,,,,2026-05-14T21:44:13.352357+00:00,not_checked_network_restricted,Not finalized: outbound link checking was blocked in sandbox.,"Moved because Deepgram already has a stronger kept row: Technical Program Manager, Research (score 9).","Technical Program Manager, Research",9
,,,6,Partner Success Engineer,,Deepgram,https://www.indeed.com/viewjob?jk=fc2b932adbbdae58,remote,"Python, Machine Learning Frameworks, Program Management, Roadmap Planning, Customer Success, Change Management, Resource Planning, AI/ML, Workflow Automation
Deterministic profile match: 9 profile skills mentioned; title alignment 0.0/3.0; domain signals 11. Title relevance penalty 1.0 applied.",,,,,,,,"Remote, US (Remote)",https://jobs.ashbyhq.com/Deepgram/8a010608-6239-42ca-81de-c01139153eb2?employmentType=FullTime,,,,2026-05-14T21:44:13.352357+00:00,not_checked_network_restricted,Not finalized: outbound link checking was blocked in sandbox.,"Moved because Deepgram already has a stronger kept row: Technical Program Manager, Research (score 9).","Technical Program Manager, Research",9
,,,5,"Engineering Manager, Active Learning",,Deepgram,https://www.indeed.com/viewjob?jk=066f748b044b7568,hybrid,"Hybrid Project Management, Software Project Management, Mentoring, Change Management, Training Enablement, AI/ML, Data Pipelines
Deterministic profile match: 7 profile skills mentioned; title alignment 0.0/3.0; domain signals 8. Title relevance penalty 1.0 applied.",,,,,,"Remote, US (Remote)",,"Remote, US (Remote)",https://jobs.ashbyhq.com/Deepgram/4e87eb01-262c-4978-9a29-b8cdf09386df?employmentType=FullTime,,,,2026-05-14T21:29:36.448824+00:00,not_checked_network_restricted,Not finalized: outbound link checking was blocked in sandbox.,"Moved because Deepgram already has a stronger kept row: Technical Program Manager, Research (score 9).","Technical Program Manager, Research",9
,,,5,"Engineering Manager, Console Team (Product-Led Growth Strategy)",,Deepgram,https://www.indeed.com/viewjob?jk=adcb8977b812efda,hybrid,"Mentoring, Customer Success, Change Management, AI/ML
Deterministic profile match: 4 profile skills mentioned; title alignment 0.0/3.0; domain signals 8.",,,,,,"Remote, US (Remote)",,"Remote, US (Remote)",https://jobs.ashbyhq.com/Deepgram/e90eefc1-88ec-4d3c-948b-b21c57ef6b18?employmentType=FullTime,,,,2026-05-14T21:29:36.448824+00:00,not_checked_network_restricted,Not finalized: outbound link checking was blocked in sandbox.,"Moved because Deepgram already has a stronger kept row: Technical Program Manager, Research (score 9).","Technical Program Manager, Research",9
,,,4,"Engineering Manager, Engine Team",,Deepgram,https://www.indeed.com/viewjob?jk=96c6cfa40a026665,hybrid,"Hybrid Project Management, Software Project Management, Mentoring, Change Management
Deterministic profile match: 4 profile skills mentioned; title alignment 0.0/3.0; domain signals 7. Title relevance penalty 1.0 applied.",,,,,,"Remote, US (Remote)",,"Remote, US (Remote)",https://jobs.ashbyhq.com/Deepgram/d6558e6d-cefe-41f1-97aa-21e964cab0f4?employmentType=FullTime,,,,2026-05-14T21:29:36.448824+00:00,not_checked_network_restricted,Not finalized: outbound link checking was blocked in sandbox.,"Moved because Deepgram already has a stronger kept row: Technical Program Manager, Research (score 9).","Technical Program Manager, Research",9
,,,4,FP&A Manager,,Deepgram,https://www.indeed.com/viewjob?jk=e2a9bacad6d3ce2b,remote,"Customer Success, Resource Planning, Data Pipelines
Deterministic profile match: 3 profile skills mentioned; title alignment 0.0/3.0; domain signals 7. Title relevance penalty 1.0 applied.",,,,,,,,"Remote, US (Remote)",https://jobs.ashbyhq.com/Deepgram/98bf5dd8-f42e-4158-9d53-8368f2fdcd99?employmentType=FullTime,,,,2026-05-14T21:44:13.352357+00:00,not_checked_network_restricted,Not finalized: outbound link checking was blocked in sandbox.,"Moved because Deepgram already has a stronger kept row: Technical Program Manager, Research (score 9).","Technical Program Manager, Research",9
,,,3,"Senior Product Marketing Manager, Text-to-Speech (TTS)",,Deepgram,https://www.indeed.com/viewjob?jk=af98937c3bc0799b,remote,"Technical Documentation, Customer Success, Deployment Workflows
Deterministic profile match: 3 profile skills mentioned; title alignment 0.0/3.0; domain signals 7. Title relevance penalty 1.5 applied.",,,,,,,,"Remote, US (Remote)",https://jobs.ashbyhq.com/Deepgram/b9b27091-1a95-4c31-a304-55c31711887a?employmentType=FullTime,,,,2026-05-14T21:44:13.352357+00:00,not_checked_network_restricted,Not finalized: outbound link checking was blocked in sandbox.,"Moved because Deepgram already has a stronger kept row: Technical Program Manager, Research (score 9).","Technical Program Manager, Research",9
,,,2,Bilingual Clinical Guide: Cardiology Nurse,,Devoted Health,https://www.indeed.com/viewjob?jk=0bdd332b20c90df8,remote,"SAFe, Program Management, Change Management
Deterministic profile match: 3 profile skills mentioned; title alignment 0.0/3.0; domain signals 2. Title relevance penalty 1.0 applied.",,,,,,,,"Remote, US (Remote)",https://devoted.wd1.myworkdayjobs.com/en-US/Devoted/job/Remote-USA/Bilingual-Clinical-Guide--Cardiology-Nurse_R3162-1,,,,2026-05-14T21:37:59.870693+00:00,not_checked_network_restricted,Not finalized: outbound link checking was blocked in sandbox.,Moved because Devoted Health already has a stronger kept row: Clinical Guide: Cardiology Nurse (score 2).,Clinical Guide: Cardiology Nurse,2
,,,3,Lead PLC Design Engineer,,Divcon Controls,https://www.indeed.com/viewjob?jk=9bdf7e7428834f7b,remote,"Technical Documentation, Mentoring, QA Coordination, Resource Planning, System Monitoring
Deterministic profile match: 5 profile skills mentioned; title alignment 0.0/3.0; domain signals 3. Title relevance penalty 1.0 applied.",,,,,,,,"Remote, US (Remote)",https://ats.rippling.com/divcon-controls/jobs/e75a2829-bc9b-4e91-960d-c0e73f343b43?jobSite=Indeed,,,,2026-05-19T03:26:29.194443+00:00,not_checked_network_restricted,Not finalized: outbound link checking was blocked in sandbox.,Moved because Divcon Controls already has a stronger kept row: Senior PLC Design Engineer (score 3).,Senior PLC Design Engineer,3
,,,1,PLC Engineer,,Divcon Controls,https://www.indeed.com/viewjob?jk=5c8ec70870f3e041,remote,"Deterministic refreshed score: 0 profile skills mentioned
title alignment 0.0/3.0
domain signals 6",,,,,,,,"Remote, US (Remote)",https://ats.rippling.com/divcon-controls/jobs/e2e66e7e-6d00-49ad-a1d6-cae4dc95b0cf?jobSite=Indeed,,,,2026-05-20T23:38:50.206073+00:00,not_checked_network_restricted,Added from ApplyPilot DB; outbound link checking was blocked in sandbox.,Moved because Divcon Controls already has a stronger kept row: Senior PLC Design Engineer (score 3).,Senior PLC Design Engineer,3
,,,8,"Senior Program Manager, Network Operations & Infrastructure",,DMI,https://www.indeed.com/viewjob?jk=717dba1dfc25aef2,hybrid,"Hybrid Project Management, Stakeholder Management, Program Management, Change Management, Resource Planning, Release Coordination, Distributed Systems Concepts, ServiceNow
Deterministic profile match: 8 profile skills mentioned; title alignment 1.5/3.0; domain signals 7.",,,,,,"Remote, US (Remote)",,"Remote, US (Remote)",https://careers-dminc.icims.com/jobs/28712/job?utm_source=indeed_integration&iis=Job%20Board&iisn=Indeed&indeed-apply-token=73a2d2b2a8d6d5c0a62696875eaebd669103652d3f0c2cd5445d3e66b1592b0f,,,,2026-05-14T21:31:37.952938+00:00,not_checked_network_restricted,Not finalized: outbound link checking was blocked in sandbox.,Moved because DMI already has a stronger kept row: Technical Project Manager (score 8).,Technical Project Manager,8
,,,7,"Product Manager, Integrations",,Doma Technology,https://www.indeed.com/viewjob?jk=f4ff6cb8f2937b1a,remote,"Program Management, Risk Management, System Monitoring, Workflow Automation, Jira, Confluence
Deterministic profile match: 6 profile skills mentioned; title alignment 1.0/3.0; domain signals 9.",,,,,,,,"Remote, US (Remote)",https://job-boards.greenhouse.io/doma/jobs/7788168,,,,2026-05-19T03:41:57.324976+00:00,not_checked_network_restricted,Not finalized: outbound link checking was blocked in sandbox.,"Moved because Doma Technology already has a stronger kept row: Product Manager, Integrations (score 7).","Product Manager, Integrations",7
,,,7,Service Delivery Manager,,E-IT,https://www.linkedin.com/jobs/view/4416190861,hybrid,"AWS, ERP
Deterministic refreshed score: 2 profile skills mentioned
title alignment 2.0/3.0
domain signals 6",,,,,,,,Remote,,,,,2026-05-20T23:30:56.351886+00:00,not_checked_network_restricted,Added from ApplyPilot DB; outbound link checking was blocked in sandbox.,Moved because E-IT already has a stronger kept row: Senior Service Delivery Manager with AWS (score 7).,Senior Service Delivery Manager with AWS,7
,,,4,Senior Solutions Architect (Systemwide/Ellucian SIS/Higher Education),,Ellucian,https://www.indeed.com/viewjob?jk=907b923f53372bcf,remote,"Data Governance Frameworks, Customer Success, ERP, Distributed Systems Concepts
Deterministic profile match: 4 profile skills mentioned; title alignment 0.0/3.0; domain signals 8. Title relevance penalty 1.0 applied.",,,,,,,,"Remote, US (Remote)",https://careers.ellucian.com/jobs/7476/job?utm_source=indeed_integration&iis=Job%20Board&iisn=Indeed&indeed-apply-token=73a2d2b2a8d6d5c0a62696875eaebd669103652d3f0c2cd5445d3e66b1592b0f,,,,2026-05-14T21:40:03.505024+00:00,not_checked_network_restricted,Not finalized: outbound link checking was blocked in sandbox.,Moved because Ellucian already has a stronger kept row: Senior Project Manager (Systemwide/Higher Education/SaaS/ERP) (score 8).,Senior Project Manager (Systemwide/Higher Education/SaaS/ERP),8
,,,6,Senior Product Designer,,Energage,https://www.indeed.com/viewjob?jk=c89127b2963d818f,remote,"Agile Scrum, Stakeholder Management, Program Management, Mentoring, Change Management, Confluence, Notion, Google Analytics, Figma
Deterministic profile match: 9 profile skills mentioned; title alignment 0.0/3.0; domain signals 6.",,,,,,,,"Remote, US (Remote)",https://grnh.se/yzl7g2qz2us,,,,2026-05-19T03:35:32.190761+00:00,not_checked_network_restricted,Not finalized: outbound link checking was blocked in sandbox.,"Moved because Energage already has a stronger kept row: Lead/Principal Product Designer, Design Systems (score 7).","Lead/Principal Product Designer, Design Systems",7
,,,4,Senior Consultant - Delivery Manager,,Ensono,https://www.linkedin.com/jobs/view/4414698491,remote,"Software Project Management, SDLC, Stakeholder Management, Program Management, Change Management, Risk Management
Deterministic profile match: 6 profile skills mentioned; title alignment 0.0/3.0; domain signals 6. Title relevance penalty 1.0 applied.",,,,,,,,Remote,https://www.linkedin.com/signup/cold-join?source=jobs_registration&session_redirect=https%3A%2F%2Fwww.linkedin.com%2Fjobs%2Fview%2Fsenior-consultant-delivery-manager-at-ensono-4414698491&trk=public_jobs_apply-link-offsite_contextual-sign-in-modal_join-link,,,,2026-05-14T21:37:59.870693+00:00,not_checked_network_restricted,Not finalized: outbound link checking was blocked in sandbox.,Moved because Ensono already has a stronger kept row: Senior Delivery Manager (score 5).,Senior Delivery Manager,5
,,,6,Technical Program Manager,,Enzo Tech Group,https://www.linkedin.com/jobs/view/4413958975,remote,"Program Management, AWS
Deterministic profile match: 2 profile skills mentioned; title alignment 2.0/3.0; domain signals 7.",,,,,,,,Remote,,,,,2026-05-14T21:46:30.549281+00:00,not_checked_network_restricted,Not finalized: outbound link checking was blocked in sandbox.,Moved because Enzo Tech Group already has a stronger kept row: Senior Project Manager (score 7).,Senior Project Manager,7
,,,5,Senior Delivery Manager,,EPAM Systems,https://www.linkedin.com/jobs/view/4395832461,unknown,"SAFe, Software Project Management, Kanban, Stakeholder Management, Program Management, Mentoring, Change Management, Risk Management
Deterministic profile match: 8 profile skills mentioned; title alignment 0.0/3.0; domain signals 7. Title relevance penalty 1.0 applied.",,,,,,,,,,,,,2026-05-14T21:37:59.870693+00:00,not_checked_network_restricted,Not finalized: outbound link checking was blocked in sandbox.,Moved because EPAM Systems already has a stronger kept row: Data Delivery Manager (score 7).,Data Delivery Manager,7
,,,4,SAP Service Delivery Manager,,EPAM Systems,https://www.linkedin.com/jobs/view/4403750612,unknown,"Software Project Management, Risk Management
Deterministic profile match: 2 profile skills mentioned; title alignment 0.0/3.0; domain signals 8. Title relevance penalty 1.0 applied.",,,,,,,,,,,,,2026-05-19T03:33:24.221345+00:00,not_checked_network_restricted,Not finalized: outbound link checking was blocked in sandbox.,Moved because EPAM Systems already has a stronger kept row: Data Delivery Manager (score 7).,Data Delivery Manager,7
,,,6,Program Manager,,Everforth ECS,https://www.indeed.com/viewjob?jk=a48b6f67bec005f3,remote,"Change Management, Program Management
Deterministic refreshed score: 2 profile skills mentioned
title alignment 2.5/3.0
domain signals 11",,,,,,,,"Remote, US (Remote)",https://recruiting.adp.com/srccsh/public/RTI.home?r=5001152764306&c=2201039&d=ExternalCareerSite&rb=INDEED&idUnique=5001152764306,,,,2026-05-20T23:32:56.497262+00:00,not_checked_network_restricted,Added from ApplyPilot DB; outbound link checking was blocked in sandbox.,Moved because Everforth ECS already has a stronger kept row: NIH NIAID Program Manager (score 7).,NIH NIAID Program Manager,7
,,,6,"Software Development Project Manager (Agile, DevOps)",,Everforth ECS,https://www.indeed.com/viewjob?jk=0b6a25efd7be59a9,remote,"AWS, Change Management, ERP
Deterministic refreshed score: 3 profile skills mentioned
title alignment 2.5/3.0
domain signals 12",,,,,,,,"Remote, US (Remote)",https://recruiting.adp.com/srccsh/public/RTI.home?r=5001152766106&c=2201039&d=ExternalCareerSite&rb=INDEED&idUnique=5001152766106,,,,2026-05-20T23:29:02.788372+00:00,not_checked_network_restricted,Added from ApplyPilot DB; outbound link checking was blocked in sandbox.,Moved because Everforth ECS already has a stronger kept row: NIH NIAID Program Manager (score 7).,NIH NIAID Program Manager,7
,,,5,Program Manager,,Everforth ECS,https://www.indeed.com/viewjob?jk=12a1903a55695d20,remote,"ERP, Program Management
Deterministic refreshed score: 2 profile skills mentioned
title alignment 2.5/3.0
domain signals 5",,,,,,,,"Remote, US (Remote)",https://recruiting.adp.com/srccsh/public/RTI.home?r=5001199835006&c=2201039&d=ExternalCareerSite&rb=INDEED&idUnique=5001199835006,,,,2026-05-20T23:38:50.206073+00:00,not_checked_network_restricted,Added from ApplyPilot DB; outbound link checking was blocked in sandbox.,Moved because Everforth ECS already has a stronger kept row: NIH NIAID Program Manager (score 7).,NIH NIAID Program Manager,7
,,,8,"Senior Technical Project Manager, Remote",,Experian,https://www.linkedin.com/jobs/view/4414531462,hybrid,"Workflow Automation, Jira, Confluence, Smartsheet
Deterministic profile match: 4 profile skills mentioned; title alignment 3.0/3.0; domain signals 10.",,,,,,Remote,,Remote,,,,,2026-05-14T21:44:13.352357+00:00,not_checked_network_restricted,Not finalized: outbound link checking was blocked in sandbox.,Moved because Experian already has a stronger kept row: Lead Technical Project Manager - Remote (score 9).,Lead Technical Project Manager - Remote,9
,,,4,"Engineering Manager, Data Platform & ML Ops",,Fingerprint,https://www.indeed.com/viewjob?jk=0be581c6c95800e5,remote,"Data Pipelines, Snowflake, Databricks, AWS, GitHub
Deterministic profile match: 5 profile skills mentioned; title alignment 0.0/3.0; domain signals 7. Title relevance penalty 1.0 applied.",,,,,,,,"Remote, US (Remote)",https://fingerprint.com/careers/jobs/apply/?gh_jid=5994857004,,,,2026-05-14T21:40:03.505024+00:00,not_checked_network_restricted,Not finalized: outbound link checking was blocked in sandbox.,"Moved because Fingerprint already has a stronger kept row: Engineering Manager, Core APIs (score 4).","Engineering Manager, Core APIs",4
,,,6,"Senior Program Manager, Strategic Initiatives",,Fireblocks,https://www.linkedin.com/jobs/view/4375029073,hybrid,"Hybrid Project Management, Stakeholder Management, Program Management
Deterministic profile match: 3 profile skills mentioned; title alignment 1.5/3.0; domain signals 4.",,,,,,Remote,,Remote,,,,,2026-05-19T03:27:42.850595+00:00,not_checked_network_restricted,Not finalized: outbound link checking was blocked in sandbox.,"Moved because Fireblocks already has a stronger kept row: Senior Product Manager, Fireblocks Trust Company (score 7).","Senior Product Manager, Fireblocks Trust Company",7
,,,5,Senior Assurance and Advisory Auditor - DT,,GE Aerospace,https://www.indeed.com/viewjob?jk=38da980c795167c6,remote,"Root Cause Analysis, Data Governance Frameworks, Stakeholder Management, Program Management, Technical Documentation, Presentation Skills, Risk Management
Deterministic profile match: 7 profile skills mentioned; title alignment 0.0/3.0; domain signals 5. Title relevance penalty 1.0 applied.",,,,,,,,"Remote, US (Remote)",https://careers.geaerospace.com/global/en/job/R5034415/Senior-Assurance-and-Advisory-Auditor-DT?utm_source=indeed&utm_medium=phenom-feeds,,,,2026-05-14T21:31:37.952938+00:00,not_checked_network_restricted,Not finalized: outbound link checking was blocked in sandbox.,Moved because GE Aerospace already has a stronger kept row: Program Manager – non-CO2 Mitigation (score 7).,Program Manager – non-CO2 Mitigation,7
,,,5,Sr Services Manager - Forecasting,,GE Aerospace,https://www.indeed.com/viewjob?jk=d62c60ffc70b1c4d,remote,"ERP
Deterministic refreshed score: 1 profile skills mentioned
title alignment 1.0/3.0
domain signals 5",,,,,,,,"Remote, US (Remote)",https://careers.geaerospace.com/global/en/job/R5034387/Sr-Services-Manager-Forecasting?utm_source=indeed&utm_medium=phenom-feeds,,,,2026-05-20T23:32:56.497262+00:00,not_checked_network_restricted,Added from ApplyPilot DB; outbound link checking was blocked in sandbox.,Moved because GE Aerospace already has a stronger kept row: Program Manager – non-CO2 Mitigation (score 7).,Program Manager – non-CO2 Mitigation,7
,,,2,"Communications Manager, Public Affairs",,GE Vernova,https://www.indeed.com/viewjob?jk=aaf04a49aa769548,remote,"Program Management, Resource Planning, Legal Technology
Deterministic profile match: 3 profile skills mentioned; title alignment 0.0/3.0; domain signals 0. Title relevance penalty 1.0 applied.",,,,,,,,"Remote, US (Remote)",https://careers.gevernova.com/communications-manager-public-affairs/job/R5041796,,,,2026-05-14T21:52:47.996850+00:00,not_checked_network_restricted,Not finalized: outbound link checking was blocked in sandbox.,Moved because GE Vernova already has a stronger kept row: Turbine Controls Field Technical Advisor (score 3).,Turbine Controls Field Technical Advisor,3
,,,2,"Lead Mechanical Engineer, Methods and Tooling",,GE Vernova,https://www.indeed.com/viewjob?jk=0db8d97e9384a173,remote,"Program Management, Resource Planning
Deterministic profile match: 2 profile skills mentioned; title alignment 0.0/3.0; domain signals 3. Title relevance penalty 1.0 applied.",,,,,,,,"Remote, US (Remote)",https://careers.gevernova.com/lead-mechanical-engineer-methods-and-tooling/job/R5042171,,,,2026-05-19T03:26:29.194443+00:00,not_checked_network_restricted,Not finalized: outbound link checking was blocked in sandbox.,Moved because GE Vernova already has a stronger kept row: Turbine Controls Field Technical Advisor (score 3).,Turbine Controls Field Technical Advisor,3
,,,3,Senior Environmental Engineer: Fluids Management Specialist Lead,,General Motors (GM),https://www.indeed.com/viewjob?jk=29bfe075a51a7911,remote,"A/B Testing, Technical Documentation, Change Management, Risk Management
Deterministic profile match: 4 profile skills mentioned; title alignment 0.0/3.0; domain signals 4. Title relevance penalty 1.0 applied.",,,,,,,,"Remote, US (Remote)",https://generalmotors.wd5.myworkdayjobs.com/en-US/Careers_GM/job/Remote---United-States/Senior-Environmental-Engineer--Fluids-Management-Specialist-Lead_JR-202610458,,,,2026-05-19T03:41:57.324976+00:00,not_checked_network_restricted,Not finalized: outbound link checking was blocked in sandbox.,"Moved because General Motors (GM) already has a stronger kept row: Sr. Manager Communications, Product and Technology (score 4).","Sr. Manager Communications, Product and Technology",4
,,,5,Project Manager,,Genus Plc,https://www.indeed.com/viewjob?jk=9764dfd6d19e172f,remote,"Software Project Management, Change Management
Deterministic profile match: 2 profile skills mentioned; title alignment 2.0/3.0; domain signals 3.",,,,,,,,"Remote, US (Remote)",https://careers-genusplc.icims.com/jobs/13835/project-manager/job,,,,2026-05-19T03:33:24.221345+00:00,not_checked_network_restricted,Not finalized: outbound link checking was blocked in sandbox.,Moved because Genus PLC already has a stronger kept row: Commercialization Program Manager (score 6).,Commercialization Program Manager,6
,,,6,Proposal Manager - Aviation,,GFT,https://www.indeed.com/viewjob?jk=b932e5b0f0d57e9a,remote,"ERP, Mentoring, Resource Planning
Deterministic refreshed score: 3 profile skills mentioned
title alignment 1.0/3.0
domain signals 8",,,,,,,,"Remote, US (Remote)",https://careers.gftinc.com/us/en/job/GAFLUS202614145EXTERNALENUS/Proposal-Manager-Aviation?utm_source=indeed&mode=job&iis=JobBoard&iisn=indeed&utm_medium=phenom-feeds,,,,2026-05-20T23:32:56.497262+00:00,not_checked_network_restricted,Added from ApplyPilot DB; outbound link checking was blocked in sandbox.,Moved because GFT already has a stronger kept row: Proposal Manager - Aviation (score 6).,Proposal Manager - Aviation,6
,,,6,Senior Project Manager,,GH Engage,https://www.linkedin.com/jobs/view/4416087764,unknown,"Software Project Management, Change Management, Scheduling Management, Risk Management
Deterministic profile match: 4 profile skills mentioned; title alignment 2.0/3.0; domain signals 2.",,,,,,,,,,,,,2026-05-19T03:25:28.289938+00:00,not_checked_network_restricted,Not finalized: outbound link checking was blocked in sandbox.,Moved because GH Engage already has a stronger kept row: Senior Project Manager (score 6).,Senior Project Manager,6
,,,5,Product Security Engineer III,,GitHub,https://www.indeed.com/viewjob?jk=082ef45b833e83ff,remote,"Python, Program Management, Customer Success, Change Management, Distributed Systems Concepts, GitHub
Deterministic profile match: 6 profile skills mentioned; title alignment 0.0/3.0; domain signals 3.",,,,,,,,"Remote, US (Remote)",https://www.github.careers/jobs/5327/job?utm_source=indeed_integration&iis=Job%20Board&iisn=Indeed&indeed-apply-token=73a2d2b2a8d6d5c0a62696875eaebd669103652d3f0c2cd5445d3e66b1592b0f,,,,2026-05-14T21:44:13.352357+00:00,not_checked_network_restricted,Not finalized: outbound link checking was blocked in sandbox.,"Moved because GitHub already has a stronger kept row: Staff Program Manager, Product Operations (score 8).","Staff Program Manager, Product Operations",8
,,,4,"Sr. Dir, Brand Strategy & Narrative",,GitHub,https://www.indeed.com/viewjob?jk=3396159715f67233,remote,"Software Project Management, SDLC, Stakeholder Management, Customer Success, Change Management, GitHub
Deterministic profile match: 6 profile skills mentioned; title alignment 0.0/3.0; domain signals 6. Title relevance penalty 1.0 applied.",,,,,,,,"Remote, US (Remote)",https://www.github.careers/jobs/5329/job?utm_source=indeed_integration&iis=Job%20Board&iisn=Indeed&indeed-apply-token=73a2d2b2a8d6d5c0a62696875eaebd669103652d3f0c2cd5445d3e66b1592b0f,,,,2026-05-14T21:29:36.448824+00:00,not_checked_network_restricted,Not finalized: outbound link checking was blocked in sandbox.,"Moved because GitHub already has a stronger kept row: Staff Program Manager, Product Operations (score 8).","Staff Program Manager, Product Operations",8
,,,3,New Media Director,,GitHub,https://www.indeed.com/viewjob?jk=6231c8005d37dfe9,remote,"Software Project Management, A/B Testing, Experimentation Frameworks, Customer Success, Change Management, GitHub, Google Analytics
Deterministic profile match: 7 profile skills mentioned; title alignment 0.0/3.0; domain signals 6. Title relevance penalty 2.5 applied.",,,,,,,,"Remote, US (Remote)",https://www.github.careers/jobs/5335/job?utm_source=indeed_integration&iis=Job%20Board&iisn=Indeed&indeed-apply-token=73a2d2b2a8d6d5c0a62696875eaebd669103652d3f0c2cd5445d3e66b1592b0f,,,,2026-05-19T03:47:58.625216+00:00,not_checked_network_restricted,Not finalized: outbound link checking was blocked in sandbox.,"Moved because GitHub already has a stronger kept row: Staff Program Manager, Product Operations (score 8).","Staff Program Manager, Product Operations",8
,,,1,SMB Senior Account Executive,,GitHub,https://www.indeed.com/viewjob?jk=2a8248d75fd2558f,remote,"Customer Success, Change Management, GitHub
Deterministic profile match: 3 profile skills mentioned; title alignment 0.0/3.0; domain signals 3. Title relevance penalty 2.5 applied.",,,,,,,,"Remote, US (Remote)",https://globalcareers-githubinc.icims.com/jobs/5398/job?utm_source=indeed_integration&iis=Job%20Board&iisn=Indeed&indeed-apply-token=73a2d2b2a8d6d5c0a62696875eaebd669103652d3f0c2cd5445d3e66b1592b0f,,,,2026-05-14T21:44:13.352357+00:00,not_checked_network_restricted,Not finalized: outbound link checking was blocked in sandbox.,"Moved because GitHub already has a stronger kept row: Staff Program Manager, Product Operations (score 8).","Staff Program Manager, Product Operations",8
,,,2,Task Lead - Probate Technical Liaison Support,,Goldbelt,https://www.indeed.com/viewjob?jk=c83c717f60497f83,remote,"Program Management, Technical Documentation
Deterministic profile match: 2 profile skills mentioned; title alignment 0.0/3.0; domain signals 3. Title relevance penalty 1.0 applied.",,,,,,,,"Remote, US (Remote)",https://talent.goldbelt.com/jobs/19578/job?utm_source=indeed_integration&iis=Job%20Board&iisn=Indeed&indeed-apply-token=73a2d2b2a8d6d5c0a62696875eaebd669103652d3f0c2cd5445d3e66b1592b0f,,,,2026-05-14T21:36:03.741595+00:00,not_checked_network_restricted,Not finalized: outbound link checking was blocked in sandbox.,Moved because Goldbelt already has a stronger kept row: Program Manager (score 5).,Program Manager,5
,,,7,IT - Digital Platform Ops - Sr Business Systems Analyst - Digital,,Golden 1 Credit Union,https://www.indeed.com/viewjob?jk=70da02dd55bd7c71,remote,"Agile Scrum, Sprint Planning, Software Project Management, Stakeholder Management, Program Management, Technical Documentation, Presentation Skills, Requirements Gathering, Mentoring, Change Management, Sprint Reviews, Risk Management
Deterministic profile match: 12 profile skills mentioned; title alignment 0.0/3.0; domain signals 9. Title relevance penalty 1.0 applied.",C:\Users\bsing\.applypilot\tailored_resumes\software-pm\092_7_Golden_1_Credit_Unio_IT_-_Digital_Platform_Ops_-_Sr_Business_Systems_An.txt,failed_validation,Company 'Sakhi' missing from experience; Company 'The Samaritans of New York' missing from experience,,,,,"Remote, US (Remote)",https://jobs.dayforcehcm.com/en-US/golden1/CANDIDATEPORTAL/jobs/49096,,,,2026-05-14T21:40:03.505024+00:00,not_checked_network_restricted,Not finalized: outbound link checking was blocked in sandbox.,Moved because Golden 1 Credit Union already has a stronger kept row: Automation and Workflow Engineering - Sr ServiceNow Developer (score 7).,Automation and Workflow Engineering - Sr ServiceNow Developer,7
,,,3,Experience Partner 3,,Granicus,https://www.indeed.com/viewjob?jk=65e0fee779ecb601,remote,"Customer Success, ERP, SAFe
Deterministic refreshed score: 3 profile skills mentioned
title alignment 0.0/3.0
domain signals 8",,,,,,,,"Remote, US (Remote)",https://careers-granicus.icims.com/jobs/10194/job?utm_source=indeed_integration&iis=Job%20Board&iisn=Indeed&indeed-apply-token=73a2d2b2a8d6d5c0a62696875eaebd669103652d3f0c2cd5445d3e66b1592b0f,,,,2026-05-20T23:30:56.351886+00:00,not_checked_network_restricted,Added from ApplyPilot DB; outbound link checking was blocked in sandbox.,Moved because Granicus already has a stronger kept row: Senior Marketing Automation Consultant (score 5).,Senior Marketing Automation Consultant,5
,,,6,Senior Product Manager,,Grow Therapy,https://www.linkedin.com/jobs/view/4374684495,hybrid,"Stakeholder Management, Program Management, Customer Success, Legal Technology
Deterministic profile match: 4 profile skills mentioned; title alignment 1.0/3.0; domain signals 8.",,,,,,Remote,,Remote,,,,,2026-05-19T03:44:41.785105+00:00,not_checked_network_restricted,Not finalized: outbound link checking was blocked in sandbox.,Moved because Grow Therapy already has a stronger kept row: Senior Technical Program Manager (score 7).,Senior Technical Program Manager,7
,,,8,Senior Project Manager,,Guidewire,https://www.indeed.com/viewjob?jk=c875272897aca916,remote,"Software Project Management, Stakeholder Management, Program Management, Customer Success, Resource Planning, Risk Management
Deterministic profile match: 6 profile skills mentioned; title alignment 2.0/3.0; domain signals 7.",,,,,,,,"Remote, US (Remote)",https://www.guidewire.com/about/careers/jobs/senior-project-manager-jr_14799/,,,,2026-05-14T21:36:03.741595+00:00,not_checked_network_restricted,Not finalized: outbound link checking was blocked in sandbox.,Moved because Guidewire already has a stronger kept row: Associate Technical Program Manager (score 8).,Associate Technical Program Manager,8
,,,3,"Senior Manager, Project Finance",,Hanwha Renewables,https://www.linkedin.com/jobs/view/4404429355,remote,"Program Management, Risk Management
Deterministic profile match: 2 profile skills mentioned; title alignment 0.0/3.0; domain signals 1.",,,,,,,,Remote,,,,,2026-05-14T21:29:36.448824+00:00,not_checked_network_restricted,Not finalized: outbound link checking was blocked in sandbox.,Moved because Hanwha Renewables already has a stronger kept row: Senior Manager Project Development - West (score 4).,Senior Manager Project Development - West,4
,,,6,Senior Project Manager,,Hays,https://www.linkedin.com/jobs/view/4410172909,unknown,"Stakeholder Management, Program Management, Change Management, Risk Management
Deterministic profile match: 4 profile skills mentioned; title alignment 2.0/3.0; domain signals 1.",,,,,,,,,,,,,2026-05-14T21:29:36.448824+00:00,not_checked_network_restricted,Not finalized: outbound link checking was blocked in sandbox.,Moved because Hays already has a stronger kept row: Program Manager (score 7).,Program Manager,7
,,,4,Assistant Project Manager - Real Estate Developer - NYC,,Hays,https://www.linkedin.com/jobs/view/4373721092,unknown,Deterministic profile match: 0 profile skills mentioned; title alignment 2.0/3.0; domain signals 0.,,,,,,,,,,,,,2026-05-14T21:35:00.688367+00:00,not_checked_network_restricted,Not finalized: outbound link checking was blocked in sandbox.,Moved because Hays already has a stronger kept row: Program Manager (score 7).,Program Manager,7
,,,6,Senior Project Manager,,Haystack,https://www.linkedin.com/jobs/view/4410622681,remote,"Software Project Management, Stakeholder Management, Change Management, Risk Management
Deterministic profile match: 4 profile skills mentioned; title alignment 2.0/3.0; domain signals 4.",,,,,,,,Remote,,,,,2026-05-14T21:33:49.397717+00:00,not_checked_network_restricted,Not finalized: outbound link checking was blocked in sandbox.,Moved because Haystack already has a stronger kept row: Senior Project Manager (score 7).,Senior Project Manager,7
,,,6,Senior Project Manager,,Haystack,https://www.linkedin.com/jobs/view/4410622682,remote,"Software Project Management, Stakeholder Management, Change Management, Risk Management
Deterministic profile match: 4 profile skills mentioned; title alignment 2.0/3.0; domain signals 3.",,,,,,,,Remote,,,,,2026-05-14T21:33:49.397717+00:00,not_checked_network_restricted,Not finalized: outbound link checking was blocked in sandbox.,Moved because Haystack already has a stronger kept row: Senior Project Manager (score 7).,Senior Project Manager,7
,,,6,Senior Project Manager,,Haystack,https://www.linkedin.com/jobs/view/4410642071,remote,"Software Project Management, Stakeholder Management, Change Management, Resource Planning, Risk Management
Deterministic profile match: 5 profile skills mentioned; title alignment 2.0/3.0; domain signals 2.",,,,,,,,Remote,,,,,2026-05-14T21:29:36.448824+00:00,not_checked_network_restricted,Not finalized: outbound link checking was blocked in sandbox.,Moved because Haystack already has a stronger kept row: Senior Project Manager (score 7).,Senior Project Manager,7
,,,5,SAP Concur Project Manager,,Haystack,https://www.linkedin.com/jobs/view/4412242356,remote,Deterministic profile match: 0 profile skills mentioned; title alignment 2.0/3.0; domain signals 3.,,,,,,,,Remote,,,,,2026-05-19T03:30:57.247300+00:00,not_checked_network_restricted,Not finalized: outbound link checking was blocked in sandbox.,Moved because Haystack already has a stronger kept row: Senior Project Manager (score 7).,Senior Project Manager,7
,,,5,Scrum Master,,Haystack,https://www.linkedin.com/jobs/view/4416161578,unknown,"SAFe
Deterministic refreshed score: 1 profile skills mentioned
title alignment 2.0/3.0
domain signals 10",,,,,,,,,,,,,2026-05-20T23:34:51.899289+00:00,not_checked_network_restricted,Added from ApplyPilot DB; outbound link checking was blocked in sandbox.,Moved because Haystack already has a stronger kept row: Senior Project Manager (score 7).,Senior Project Manager,7
,,,4,Senior Project Manager,,Haystack,https://www.linkedin.com/jobs/view/4412255022,remote,Deterministic profile match: 0 profile skills mentioned; title alignment 2.0/3.0; domain signals 1.,,,,,,,,Remote,,,,,2026-05-19T03:26:29.194443+00:00,not_checked_network_restricted,Not finalized: outbound link checking was blocked in sandbox.,Moved because Haystack already has a stronger kept row: Senior Project Manager (score 7).,Senior Project Manager,7
,,,4,Senior Project Manager,,Haystack,https://www.linkedin.com/jobs/view/4410632632,remote,Deterministic profile match: 0 profile skills mentioned; title alignment 2.0/3.0; domain signals 1.,,,,,,,,Remote,,,,,2026-05-14T21:42:01.891331+00:00,not_checked_network_restricted,Not finalized: outbound link checking was blocked in sandbox.,Moved because Haystack already has a stronger kept row: Senior Project Manager (score 7).,Senior Project Manager,7
,,,6,Junior Project Manager,,Helic & Co.,https://www.linkedin.com/jobs/view/4416215385,remote,"Agile Scrum, Resource Planning, Jira, Trello
Deterministic profile match: 4 profile skills mentioned; title alignment 2.0/3.0; domain signals 4.",,,,,,,,Remote,,,,,2026-05-19T03:35:32.190761+00:00,not_checked_network_restricted,Not finalized: outbound link checking was blocked in sandbox.,Moved because Helic & Co. already has a stronger kept row: Scrum Master (score 8).,Scrum Master,8
,,,3,"Engineering Manager, Building Generation",,HighArc,https://www.indeed.com/viewjob?jk=c3ef2fb49403023f,remote,"Technical Documentation
Deterministic profile match: 1 profile skills mentioned; title alignment 0.0/3.0; domain signals 6. Title relevance penalty 1.0 applied.",,,,,,,,"Remote, US (Remote)",https://jobs.ashbyhq.com/Higharc/d915942f-8a0b-48ee-8c26-929dd9c0f35c?utm_source=jeNzqLDRKe,,,,2026-05-14T21:37:59.870693+00:00,not_checked_network_restricted,Not finalized: outbound link checking was blocked in sandbox.,Moved because Higharc already has a stronger kept row: Customer Adoption Manager (score 3).,Customer Adoption Manager,3
,,,8,"Associate Project Manager, Product and Data",,Horizon Media,https://www.linkedin.com/jobs/view/4411510278,unknown,"SAFe, Stakeholder Management, Program Management, Jira, Legal Technology
Deterministic profile match: 5 profile skills mentioned; title alignment 2.0/3.0; domain signals 8.",C:\Users\bsing\.applypilot\tailored_resumes\software-pm\006_8_Horizon_Media_Associate_Project_Manager_Product_and_Data.txt,failed_validation,Company 'Sakhi' missing from experience; Company 'The Samaritans of New York' missing from experience,"Banned words: proven track record, adept at",,,,,,,,,2026-05-14T21:49:36.838746+00:00,not_checked_network_restricted,Not finalized: outbound link checking was blocked in sandbox.,"Moved because Horizon Media already has a stronger kept row: Sr. Project Manager, Program Management - Product & Data (score 8).","Sr. Project Manager, Program Management - Product & Data",8
,,,5,"Director, Program Management, Office of the COO",,Horizon Media,https://www.linkedin.com/jobs/view/4411504880,unknown,"SAFe, Stakeholder Management, Program Management, Requirements Gathering, Mentoring, Jira, Legal Technology
Deterministic profile match: 7 profile skills mentioned; title alignment 0.0/3.0; domain signals 7. Title relevance penalty 1.5 applied.",C:\Users\bsing\.applypilot\tailored_resumes\software-pm\073_7_Horizon_Media_Director_Program_Management_Office_of_the_COO.txt,failed_validation,Company 'Sakhi' missing from experience; Company 'The Samaritans of New York' missing from experience,,,,,,,,,,2026-05-14T21:49:36.838746+00:00,not_checked_network_restricted,Not finalized: outbound link checking was blocked in sandbox.,"Moved because Horizon Media already has a stronger kept row: Sr. Project Manager, Program Management - Product & Data (score 8).","Sr. Project Manager, Program Management - Product & Data",8
,,,5,"Director, Program Management, Product and Data (Temp)",,Horizon Media,https://www.linkedin.com/jobs/view/4411508619,unknown,"SAFe, Data Governance Frameworks, Stakeholder Management, Program Management, Change Management, Risk Management, Jira, Legal Technology
Deterministic profile match: 8 profile skills mentioned; title alignment 0.0/3.0; domain signals 9. Title relevance penalty 1.5 applied.",C:\Users\bsing\.applypilot\tailored_resumes\software-pm\074_7_Horizon_Media_Director_Program_Management_Product_and_Data_Temp.txt,failed_validation,Company 'Sakhi' missing from experience; Company 'The Samaritans of New York' missing from experience,Banned words: proven track record,,,,,,,,,2026-05-14T21:49:36.838746+00:00,not_checked_network_restricted,Not finalized: outbound link checking was blocked in sandbox.,"Moved because Horizon Media already has a stronger kept row: Sr. Project Manager, Program Management - Product & Data (score 8).","Sr. Project Manager, Program Management - Product & Data",8
,,,6,Lead Project Manager,,Humana,https://www.indeed.com/viewjob?jk=af8e965976b5b3ac,remote,"Stakeholder Management, Program Management
Deterministic profile match: 2 profile skills mentioned; title alignment 2.0/3.0; domain signals 4.",C:\Users\bsing\.applypilot\tailored_resumes\software-pm\098_7_Humana_Lead_Project_Manager.txt,failed_validation,Company 'Sakhi' missing from experience; Company 'The Samaritans of New York' missing from experience,,,,,"Remote, US (Remote)",https://click.appcast.io/t/2cEM0HuqZB6u5ANBmUk3bfHgvxv8j2lsICyDyZHUsYg=,,,,2026-05-14T21:40:03.505024+00:00,not_checked_network_restricted,Not finalized: outbound link checking was blocked in sandbox.,Moved because Humana already has a stronger kept row: Senior Product Manager (score 8).,Senior Product Manager,8
,,,6,Lead Project Manager,,Humana,https://www.linkedin.com/jobs/view/4411130639,remote,"Stakeholder Management, Program Management
Deterministic profile match: 2 profile skills mentioned; title alignment 2.0/3.0; domain signals 4.",C:\Users\bsing\.applypilot\tailored_resumes\software-pm\099_7_Humana_Lead_Project_Manager.txt,failed_validation,Company 'Sakhi' missing from experience; Company 'The Samaritans of New York' missing from experience,,,,,Remote,,,,,2026-05-14T21:40:03.505024+00:00,not_checked_network_restricted,Not finalized: outbound link checking was blocked in sandbox.,Moved because Humana already has a stronger kept row: Senior Product Manager (score 8).,Senior Product Manager,8
,,,8,Senior Project Manager,,Imagine Learning,https://www.indeed.com/viewjob?jk=65f6f2d968d8f027,hybrid,"AWS, Confluence, Jira, Smartsheet
Deterministic refreshed score: 4 profile skills mentioned
title alignment 2.5/3.0
domain signals 10",,,,,,,,"Remote, US (Remote)",https://app.jobvite.com/CompanyJobs/Job.aspx?j=oUXZzfw9&s=Indeed,,,,2026-05-20T23:29:02.788372+00:00,not_checked_network_restricted,Added from ApplyPilot DB; outbound link checking was blocked in sandbox.,Moved because Imagine Learning already has a stronger kept row: Senior Project Manager (score 8).,Senior Project Manager,8
,,,8,Manager of IT and Enterprise Systems,,indeed,https://www.indeed.com/viewjob?jk=458e7bd6b051cf9d,remote,"Change Management, ERP, Figma, Workflow Automation
Deterministic refreshed score: 4 profile skills mentioned
title alignment 1.0/3.0
domain signals 14",,,,,,,,"Remote, US (Remote)",https://grnh.se/lyxg3owz4us,,,,2026-05-20T23:30:56.351886+00:00,not_checked_network_restricted,Added from ApplyPilot DB; outbound link checking was blocked in sandbox.,Moved because indeed already has a stronger kept row: Project Manager (score 8).,Project Manager,8
,,,8,Product Manager,,indeed,https://www.indeed.com/viewjob?jk=c3af1bf66332ddcf,remote,"Sprint Planning, SAFe, Software Project Management, Retrospectives, Program Management, Technical Documentation, Roadmap Planning, Risk Management, Figma
Deterministic profile match: 9 profile skills mentioned; title alignment 1.0/3.0; domain signals 6.",,,,,,,,"Remote, US (Remote)",https://modernclassroomsproject.applytojob.com/apply/KBYVxxaHne/Product-Manager?source=INDE&~,,,,2026-05-19T03:26:29.194443+00:00,not_checked_network_restricted,Not finalized: outbound link checking was blocked in sandbox.,Moved because indeed already has a stronger kept row: Project Manager (score 8).,Project Manager,8
,,,8,Project Manager (Remote),,indeed,https://www.indeed.com/viewjob?jk=b11b40e11940cd06,remote,"AWS, Jira, Risk Management
Deterministic refreshed score: 3 profile skills mentioned
title alignment 2.5/3.0
domain signals 12",,,,,,,,"Remote, US (Remote)",https://grnh.se/65vuvuxf7us,,,,2026-05-20T23:29:02.788372+00:00,not_checked_network_restricted,Added from ApplyPilot DB; outbound link checking was blocked in sandbox.,Moved because indeed already has a stronger kept row: Project Manager (score 8).,Project Manager,8
,,,7,"Manager, Business Applications - Internal Only",,Indeed,https://www.indeed.com/viewjob?jk=f76a8ed4eb3615b5,remote,"AWS, Change Management, ERP, Roadmap Planning, Sprint Planning
Deterministic refreshed score: 5 profile skills mentioned
title alignment 1.0/3.0
domain signals 12
Experience cap applied: job asks for 10 years, more than 3 years above candidate's 4 years",,,,,,,,"Remote, US (Remote)",https://careers-indeed.icims.com/jobs/47035/job,,,,2026-05-20T23:32:56.497262+00:00,not_checked_network_restricted,Added from ApplyPilot DB; outbound link checking was blocked in sandbox.,Moved because indeed already has a stronger kept row: Project Manager (score 8).,Project Manager,8
,,,6,Product Designer / SAAS,,indeed,https://www.indeed.com/viewjob?jk=48b631503f1da7ce,remote,"JavaScript, SDLC, A/B Testing, AWS, Google Analytics, Figma, Google Cloud
Deterministic profile match: 7 profile skills mentioned; title alignment 0.0/3.0; domain signals 8.",,,,,,,,"Remote, US (Remote)",http://www.indeed.com/job/product-designer-saas-48b631503f1da7ce,,,,2026-05-14T21:44:13.352357+00:00,not_checked_network_restricted,Not finalized: outbound link checking was blocked in sandbox.,Moved because indeed already has a stronger kept row: Project Manager (score 8).,Project Manager,8
,,,6,Sr. Attractions Implementation Manager,,indeed,https://www.indeed.com/viewjob?jk=884d40bd7e2dc5d8,remote,"Software Project Management, Stakeholder Management, Technical Documentation, Customer Success, Change Management, QA Coordination, Scheduling Management
Deterministic profile match: 7 profile skills mentioned; title alignment 0.0/3.0; domain signals 6.",,,,,,,,"Remote, US (Remote)",https://gethired.com/job/sr-attractions-implementation-manager?rcid=inply,,,,2026-05-14T21:37:59.870693+00:00,not_checked_network_restricted,Not finalized: outbound link checking was blocked in sandbox.,Moved because indeed already has a stronger kept row: Project Manager (score 8).,Project Manager,8
,,,6,Staff Member - Program Manager,,indeed,https://www.indeed.com/viewjob?jk=443fda72c1e46c98,remote,"Program Management, Mentoring, Change Management
Deterministic profile match: 3 profile skills mentioned; title alignment 1.5/3.0; domain signals 4.",,,,,,,,"Remote, US (Remote)",https://jobs.dayforcehcm.com/en-US/febenjamin/CANDIDATEPORTAL/jobs/3602,,,,2026-05-19T03:26:29.194443+00:00,not_checked_network_restricted,Not finalized: outbound link checking was blocked in sandbox.,Moved because indeed already has a stronger kept row: Project Manager (score 8).,Project Manager,8
,,,5,Engineering Manager - Data,,indeed,https://www.indeed.com/viewjob?jk=72a07425cb69aff1,remote,"Python, SAFe, Software Project Management, SDLC, Program Management, Customer Success, Resource Planning, Databricks
Deterministic profile match: 8 profile skills mentioned; title alignment 0.0/3.0; domain signals 5. Title relevance penalty 1.0 applied.",,,,,,,,"Remote, US (Remote)",https://jobs.lever.co/bellese/5b298c96-72e1-415a-bae4-131875f59108?lever-source=Indeed,,,,2026-05-14T21:40:03.505024+00:00,not_checked_network_restricted,Not finalized: outbound link checking was blocked in sandbox.,Moved because indeed already has a stronger kept row: Project Manager (score 8).,Project Manager,8
,,,5,Product Management Manager,,indeed,https://www.indeed.com/viewjob?jk=4bf87d42e6170d3e,remote,"AWS, Change Management, Mentoring, SAFe
Deterministic refreshed score: 4 profile skills mentioned
title alignment 1.0/3.0
domain signals 10",,,,,,,,"Remote, US (Remote)",https://jobs.lever.co/bellese/f8074d52-a2fe-47df-81a7-79f7136421c6?lever-source=Indeed,,,,2026-05-20T23:32:56.497262+00:00,not_checked_network_restricted,Added from ApplyPilot DB; outbound link checking was blocked in sandbox.,Moved because indeed already has a stronger kept row: Project Manager (score 8).,Project Manager,8
,,,4,Marketing Specialist,,indeed,https://www.indeed.com/viewjob?jk=1d12b74d27c39d92,remote,"A/B Testing, Customer Success, Google Analytics, Figma, HubSpot
Deterministic profile match: 5 profile skills mentioned; title alignment 0.0/3.0; domain signals 5. Title relevance penalty 1.0 applied.",,,,,,,,"Remote, US (Remote)",https://movemint.applytojob.com/apply/u9wQo2rCAf/Marketing-Specialist?source=INDE&~,,,,2026-05-14T21:48:33.976678+00:00,not_checked_network_restricted,Not finalized: outbound link checking was blocked in sandbox.,Moved because indeed already has a stronger kept row: Project Manager (score 8).,Project Manager,8
,,,4,Technical PMO,,indeed,https://www.indeed.com/viewjob?jk=8786ffcc57ac8382,remote,"ERP, Milestone Tracking, Smartsheet
Deterministic refreshed score: 3 profile skills mentioned
title alignment 0.0/3.0
domain signals 13",,,,,,,,"Remote, US (Remote)",https://logistiqsolutions.com/careers/?gnk=job&gni=8a7883ac9e235a1c019e45f316b658ab&gns=Indeed+Free,,,,2026-05-20T23:29:02.788372+00:00,not_checked_network_restricted,Added from ApplyPilot DB; outbound link checking was blocked in sandbox.,Moved because indeed already has a stronger kept row: Project Manager (score 8).,Project Manager,8
,,,3,Project Management Consultant,,indeed,https://www.indeed.com/viewjob?jk=fcfaa3aaf53f73f8,remote,"Deterministic refreshed score: 0 profile skills mentioned
title alignment 0.0/3.0
domain signals 11",,,,,,,,"Remote, US (Remote)",http://www.indeed.com/job/project-management-consultant-fcfaa3aaf53f73f8,,,,2026-05-20T23:29:02.788372+00:00,not_checked_network_restricted,Added from ApplyPilot DB; outbound link checking was blocked in sandbox.,Moved because indeed already has a stronger kept row: Project Manager (score 8).,Project Manager,8
,,,3,Title Examiner (Southwest),,indeed,https://www.indeed.com/viewjob?jk=9820aac1a2cae3e9,remote,"ERP, SAFe
Deterministic refreshed score: 2 profile skills mentioned
title alignment 0.0/3.0
domain signals 8",,,,,,,,"Remote, US (Remote)",https://wltic-ardaninc.betterteam.com/title-examiner-%28southwest%29?utm_source=indeed&utm_medium=web_xmlfeed&utm_campaign=indeed_organic,,,,2026-05-20T23:30:56.351886+00:00,not_checked_network_restricted,Added from ApplyPilot DB; outbound link checking was blocked in sandbox.,Moved because indeed already has a stronger kept row: Project Manager (score 8).,Project Manager,8
,,,2,Acquisition Manager,,indeed,https://www.indeed.com/viewjob?jk=c3263d58375eeec5,remote,"HubSpot
Deterministic profile match: 1 profile skills mentioned; title alignment 0.0/3.0; domain signals 1. Title relevance penalty 1.0 applied.",,,,,,,,"Remote, US (Remote)",http://www.indeed.com/job/acquisition-manager-c3263d58375eeec5,,,,2026-05-19T03:39:44.477961+00:00,not_checked_network_restricted,Not finalized: outbound link checking was blocked in sandbox.,Moved because indeed already has a stronger kept row: Project Manager (score 8).,Project Manager,8
,,,2,Corporate - Accounting Manager,,indeed,https://www.indeed.com/viewjob?jk=278e484164c8bbf9,remote,"Stakeholder Management, Technical Documentation
Deterministic profile match: 2 profile skills mentioned; title alignment 0.0/3.0; domain signals 3. Title relevance penalty 1.0 applied.",,,,,,,,"Remote, US (Remote)",https://transformingage.wd108.myworkdayjobs.com/en-US/JoinUs/job/Remote---US/Corporate---Accounting-Manager_JR101454,,,,2026-05-14T21:29:36.448824+00:00,not_checked_network_restricted,Not finalized: outbound link checking was blocked in sandbox.,Moved because indeed already has a stronger kept row: Project Manager (score 8).,Project Manager,8
,,,2,Marketing Manager,,indeed,https://www.indeed.com/viewjob?jk=919b0e5a2a7f8775,remote,"Program Management, Presentation Skills, Trello, Google Analytics
Deterministic profile match: 4 profile skills mentioned; title alignment 0.0/3.0; domain signals 3. Title relevance penalty 2.5 applied.",,,,,,,,"Remote, US (Remote)",https://secure6.saashr.com/ta/6197898.careers?ShowJob=705065154,,,,2026-05-19T03:47:58.625216+00:00,not_checked_network_restricted,Not finalized: outbound link checking was blocked in sandbox.,Moved because indeed already has a stronger kept row: Project Manager (score 8).,Project Manager,8
,,,1,"Executive Director, Society for American Music (part-time)",,indeed,https://www.indeed.com/viewjob?jk=0bfc77318154138a,remote,"Program Management
Deterministic profile match: 1 profile skills mentioned; title alignment 0.0/3.0; domain signals 2. Title relevance penalty 2.5 applied.",,,,,,,,"Remote, US (Remote)",http://www.indeed.com/job/executive-director-society-american-music-part-time-0bfc77318154138a,,,,2026-05-19T03:39:44.477961+00:00,not_checked_network_restricted,Not finalized: outbound link checking was blocked in sandbox.,Moved because indeed already has a stronger kept row: Project Manager (score 8).,Project Manager,8
,,,1,Senior Software Engineer,,Indeed,https://www.indeed.com/viewjob?jk=1f3d418b60fbc585,remote,"Data Pipelines
Deterministic profile match: 1 profile skills mentioned; title alignment 0.0/3.0; domain signals 4. Title relevance penalty 2.5 applied.",,,,,,,,"Remote, US (Remote)",https://careers-indeed.icims.com/jobs/47014/job,,,,2026-05-19T03:39:44.477961+00:00,not_checked_network_restricted,Not finalized: outbound link checking was blocked in sandbox.,Moved because indeed already has a stronger kept row: Project Manager (score 8).,Project Manager,8
,,,1,Social Media and Marketing Manager,,indeed,https://www.indeed.com/viewjob?jk=6bceb433a435212e,remote,"Scheduling Management, Google Analytics
Deterministic profile match: 2 profile skills mentioned; title alignment 0.0/3.0; domain signals 2. Title relevance penalty 2.5 applied.",,,,,,,,"Remote, US (Remote)",http://www.indeed.com/job/social-media-and-marketing-manager-6bceb433a435212e,,,,2026-05-14T21:52:47.996850+00:00,not_checked_network_restricted,Not finalized: outbound link checking was blocked in sandbox.,Moved because indeed already has a stronger kept row: Project Manager (score 8).,Project Manager,8
,,,8,AI Program Manager,,Insight Global,https://www.linkedin.com/jobs/view/4415646981,unknown,"Program Management, Stakeholder Management
Deterministic refreshed score: 2 profile skills mentioned
title alignment 2.5/3.0
domain signals 8",,,,,,,,,,,,,2026-05-20T23:32:56.497262+00:00,not_checked_network_restricted,Added from ApplyPilot DB; outbound link checking was blocked in sandbox.,Moved because Insight Global already has a stronger kept row: Technical Project Manager (score 9).,Technical Project Manager,9
,,,6,Delivery Lead,,Insight Global,https://www.linkedin.com/jobs/view/4415940482,remote,"ERP
Deterministic refreshed score: 1 profile skills mentioned
title alignment 1.0/3.0
domain signals 7",,,,,,,,Remote,,,,,2026-05-20T23:30:56.351886+00:00,not_checked_network_restricted,Added from ApplyPilot DB; outbound link checking was blocked in sandbox.,Moved because Insight Global already has a stronger kept row: Technical Project Manager (score 9).,Technical Project Manager,9
,,,6,Senior Project Manager,,Insight Global,https://www.linkedin.com/jobs/view/4411919577,onsite,"Change Management, Scheduling Management, Risk Management
Deterministic profile match: 3 profile skills mentioned; title alignment 2.0/3.0; domain signals 2.",,,,,,,,,,,,,2026-05-14T21:31:37.952938+00:00,not_checked_network_restricted,Not finalized: outbound link checking was blocked in sandbox.,Moved because Insight Global already has a stronger kept row: Technical Project Manager (score 9).,Technical Project Manager,9
,,,5,"Healthcare Project Manager (Infrastructure, M&A) *W2 ONLY*",,Insight Global,https://www.linkedin.com/jobs/view/4415684407,remote,"Jira, ServiceNow
Deterministic profile match: 2 profile skills mentioned; title alignment 2.0/3.0; domain signals 2.",,,,,,,,Remote,,,,,2026-05-19T03:35:32.190761+00:00,not_checked_network_restricted,Not finalized: outbound link checking was blocked in sandbox.,Moved because Insight Global already has a stronger kept row: Technical Project Manager (score 9).,Technical Project Manager,9
,,,3,LMS Implementation PM - Fully Remote,,Insight Global,https://www.linkedin.com/jobs/view/4411166529,remote,"Stakeholder Management
Deterministic profile match: 1 profile skills mentioned; title alignment 0.0/3.0; domain signals 2.",,,,,,,,Remote,,,,,2026-05-14T21:36:03.741595+00:00,not_checked_network_restricted,Not finalized: outbound link checking was blocked in sandbox.,Moved because Insight Global already has a stronger kept row: Technical Project Manager (score 9).,Technical Project Manager,9
,,,2,Senior Event Manager,,Insight Software,https://www.indeed.com/viewjob?jk=df75728aef211d06,remote,"Software Project Management, Stakeholder Management
Deterministic profile match: 2 profile skills mentioned; title alignment 0.0/3.0; domain signals 3. Title relevance penalty 1.0 applied.",,,,,,,,"Remote, US (Remote)",https://magnitudesoftware.wd1.myworkdayjobs.com/en-US/External/job/USA---Remote/Senior-Event-Manager_REQ000664,,,,2026-05-14T21:29:36.448824+00:00,not_checked_network_restricted,Not finalized: outbound link checking was blocked in sandbox.,"Moved because Insight Software already has a stronger kept row: Director, Web Engineering (score 4).","Director, Web Engineering",4
,,,1,,,Intel,https://intel.wd1.myworkdayjobs.com/External/job/Module-Development-Engineer_JR0281664-1,unknown,"Deterministic refreshed score: 0 profile skills mentioned
title alignment 0.0/3.0
domain signals 0",,,,,,,,,https://intel.wd1.myworkdayjobs.com/External/job/Module-Development-Engineer_JR0281664-1,,,,2026-05-14T22:20:59.271034+00:00,not_checked_network_restricted,Added from ApplyPilot DB; outbound link checking was blocked in sandbox.,Moved because Intel already has a stronger kept row:  (score 1).,,1
,,,1,,,Intel,https://intel.wd1.myworkdayjobs.com/External/job/Foundry-Automation-Software-Application-Engineer_JR0282047,unknown,"Deterministic refreshed score: 0 profile skills mentioned
title alignment 0.0/3.0
domain signals 0",,,,,,,,,https://intel.wd1.myworkdayjobs.com/External/job/Foundry-Automation-Software-Application-Engineer_JR0282047,,,,2026-05-14T22:08:10.615852+00:00,not_checked_network_restricted,Added from ApplyPilot DB; outbound link checking was blocked in sandbox.,Moved because Intel already has a stronger kept row:  (score 1).,,1
,,,5,IT Program Manager,,Intone Networks,https://www.indeed.com/viewjob?jk=0315f7c955c55660,remote,"Stakeholder Management, Program Management, ERP
Deterministic profile match: 3 profile skills mentioned; title alignment 1.5/3.0; domain signals 3.",,,,,,,,"Remote, US (Remote)",https://intonenetworks.com/careers-at-intone,,,,2026-05-19T03:28:48.056786+00:00,not_checked_network_restricted,Not finalized: outbound link checking was blocked in sandbox.,Moved because Intone Networks already has a stronger kept row: Project Manager (PeopleSoft) (score 6).,Project Manager (PeopleSoft),6
,,,5,IT PROJECT MANAGER (REMOTO),,IRIUM,https://www.linkedin.com/jobs/view/4412289032,remote,Deterministic profile match: 0 profile skills mentioned; title alignment 2.5/3.0; domain signals 2.,,,,,,,,Remote,,,,,2026-05-19T03:26:29.194443+00:00,not_checked_network_restricted,Not finalized: outbound link checking was blocked in sandbox.,Moved because IRIUM already has a stronger kept row: IT PROJECT MANAGER (REMOTO) (score 5).,IT PROJECT MANAGER (REMOTO),5
,,,7,"Program Manager, Enterprise Growth & Capital Programs",,Jabil,https://www.indeed.com/viewjob?jk=88f6a5f86a5eece4,remote,"Stakeholder Management, Program Management, Requirements Gathering, Customer Success, Change Management, KPI Tracking, Resource Planning, Risk Management
Deterministic profile match: 8 profile skills mentioned; title alignment 1.5/3.0; domain signals 5.",,,,,,,,"Remote, US (Remote)",https://jabil.wd5.myworkdayjobs.com/en-US/Jabil_Careers/job/Remote---USA/Program-Manager--Enterprise-Growth---Capital-Programs_J2450744,,,,2026-05-19T03:30:57.247300+00:00,not_checked_network_restricted,Not finalized: outbound link checking was blocked in sandbox.,"Moved because Jabil already has a stronger kept row: Sr. Program Manager, Enterprise Growth & Capital Programs (score 7).","Sr. Program Manager, Enterprise Growth & Capital Programs",7
,,,7,"Sr. Program Manager, Enterprise Growth & Capital Programs",,Jabil,https://www.indeed.com/viewjob?jk=c1f430988145e831,remote,"Stakeholder Management, Program Management, Requirements Gathering, Customer Success, Change Management, KPI Tracking, Resource Planning, Risk Management
Deterministic profile match: 8 profile skills mentioned; title alignment 1.5/3.0; domain signals 5.",,,,,,,,"Remote, US (Remote)",https://jabil.wd5.myworkdayjobs.com/en-US/Jabil_Careers/job/Remote---USA/Sr-Program-Manager--Enterprise-Growth---Capital-Programs_J2450313,,,,2026-05-14T21:36:03.741595+00:00,not_checked_network_restricted,Not finalized: outbound link checking was blocked in sandbox.,"Moved because Jabil already has a stronger kept row: Sr. Program Manager, Enterprise Growth & Capital Programs (score 7).","Sr. Program Manager, Enterprise Growth & Capital Programs",7
,,,10,"Senior Project Manager, Exploratory",,Jobgether,https://www.linkedin.com/jobs/view/4415785038,hybrid,"AWS, Confluence, ERP, Jira, Resource Planning, Risk Management, Smartsheet, Stakeholder Management
Deterministic refreshed score: 8 profile skills mentioned
title alignment 2.5/3.0
domain signals 13",,,,,,,,Remote,,,,,2026-05-20T23:30:56.351886+00:00,not_checked_network_restricted,Added from ApplyPilot DB; outbound link checking was blocked in sandbox.,Moved because Jobgether already has a stronger kept row: Technical Program Manager (score 10).,Technical Program Manager,10
,,,9,Senior Project/Program Manager,,Jobgether,https://www.linkedin.com/jobs/view/4415753696,hybrid,"AWS, ERP, Program Management, Stakeholder Management
Deterministic refreshed score: 4 profile skills mentioned
title alignment 2.5/3.0
domain signals 12",,,,,,,,Remote,,,,,2026-05-20T23:29:02.788372+00:00,not_checked_network_restricted,Added from ApplyPilot DB; outbound link checking was blocked in sandbox.,Moved because Jobgether already has a stronger kept row: Technical Program Manager (score 10).,Technical Program Manager,10
,,,9,Senior Technical Program Manager,,Jobgether,https://www.linkedin.com/jobs/view/4415603439,remote,"Agile Scrum, Kanban, Data Governance Frameworks, Stakeholder Management, Program Management, Risk Management, Jira, Confluence
Deterministic profile match: 8 profile skills mentioned; title alignment 2.0/3.0; domain signals 13.",,,,,,,,Remote,,,,,2026-05-19T03:26:29.194443+00:00,not_checked_network_restricted,Not finalized: outbound link checking was blocked in sandbox.,Moved because Jobgether already has a stronger kept row: Technical Program Manager (score 10).,Technical Program Manager,10
,,,8,Project Manager (English Speaking),,Jobgether,https://www.linkedin.com/jobs/view/4414127420,hybrid,"Agile Scrum, Hybrid Project Management, Software Project Management, Stakeholder Management, Release Coordination, Jira, Confluence
Deterministic profile match: 7 profile skills mentioned; title alignment 2.0/3.0; domain signals 10.",C:\Users\bsing\.applypilot\tailored_resumes\software-pm\031_8_Jobgether_Project_Manager_English_Speaking.txt,failed_validation,Missing required field: projects,,,Remote,,Remote,,,,,2026-05-14T21:40:03.505024+00:00,not_checked_network_restricted,Not finalized: outbound link checking was blocked in sandbox.,Moved because Jobgether already has a stronger kept row: Technical Program Manager (score 10).,Technical Program Manager,10
,,,8,Sr. Principal Technical Program Manager,,Jobgether,https://www.linkedin.com/jobs/view/4413527218,remote,"Data Governance Frameworks, Program Management, Risk Management, Policy Automation, Jira, Confluence
Deterministic profile match: 6 profile skills mentioned; title alignment 2.0/3.0; domain signals 7.",,,,,,,,Remote,,,,,2026-05-14T21:46:30.549281+00:00,not_checked_network_restricted,Not finalized: outbound link checking was blocked in sandbox.,Moved because Jobgether already has a stronger kept row: Technical Program Manager (score 10).,Technical Program Manager,10
,,,7,Lead PM- Analyst,,Jobgether,https://www.linkedin.com/jobs/view/4416112050,remote,"AWS, ERP, Jira, Trello, Workflow Automation
Deterministic refreshed score: 5 profile skills mentioned
title alignment 1.0/3.0
domain signals 11",,,,,,,,Remote,,,,,2026-05-20T23:34:51.899289+00:00,not_checked_network_restricted,Added from ApplyPilot DB; outbound link checking was blocked in sandbox.,Moved because Jobgether already has a stronger kept row: Technical Program Manager (score 10).,Technical Program Manager,10
,,,7,"Marketing Operations Program Manager, Sold Funnel",,Jobgether,https://www.linkedin.com/jobs/view/4415604109,remote,"Stakeholder Management, Program Management, Technical Documentation, Distributed Systems Concepts
Deterministic profile match: 4 profile skills mentioned; title alignment 1.5/3.0; domain signals 7.",,,,,,,,Remote,,,,,2026-05-19T03:47:58.625216+00:00,not_checked_network_restricted,Not finalized: outbound link checking was blocked in sandbox.,Moved because Jobgether already has a stronger kept row: Technical Program Manager (score 10).,Technical Program Manager,10
,,,7,Project Manager / Content Manager,,Jobgether,https://www.linkedin.com/jobs/view/4415763338,remote,"AWS
Deterministic refreshed score: 1 profile skills mentioned
title alignment 2.5/3.0
domain signals 9",,,,,,,,Remote,,,,,2026-05-20T23:34:51.899289+00:00,not_checked_network_restricted,Added from ApplyPilot DB; outbound link checking was blocked in sandbox.,Moved because Jobgether already has a stronger kept row: Technical Program Manager (score 10).,Technical Program Manager,10
,,,7,Project Manager / Content Manager,,Jobgether,https://www.linkedin.com/jobs/view/4415752923,remote,"AWS
Deterministic refreshed score: 1 profile skills mentioned
title alignment 2.5/3.0
domain signals 9",,,,,,,,Remote,,,,,2026-05-20T23:34:51.899289+00:00,not_checked_network_restricted,Added from ApplyPilot DB; outbound link checking was blocked in sandbox.,Moved because Jobgether already has a stronger kept row: Technical Program Manager (score 10).,Technical Program Manager,10
,,,7,Project Manager / Content Manager,,Jobgether,https://www.linkedin.com/jobs/view/4415752909,remote,"AWS
Deterministic refreshed score: 1 profile skills mentioned
title alignment 2.5/3.0
domain signals 9",,,,,,,,Remote,,,,,2026-05-20T23:34:51.899289+00:00,not_checked_network_restricted,Added from ApplyPilot DB; outbound link checking was blocked in sandbox.,Moved because Jobgether already has a stronger kept row: Technical Program Manager (score 10).,Technical Program Manager,10
,,,7,Project Manager / Content Manager,,Jobgether,https://www.linkedin.com/jobs/view/4415772033,remote,"AWS
Deterministic refreshed score: 1 profile skills mentioned
title alignment 2.5/3.0
domain signals 9",,,,,,,,Remote,,,,,2026-05-20T23:34:51.899289+00:00,not_checked_network_restricted,Added from ApplyPilot DB; outbound link checking was blocked in sandbox.,Moved because Jobgether already has a stronger kept row: Technical Program Manager (score 10).,Technical Program Manager,10
,,,7,Project Manager / Content Manager,,Jobgether,https://www.linkedin.com/jobs/view/4415766084,remote,"AWS
Deterministic refreshed score: 1 profile skills mentioned
title alignment 2.5/3.0
domain signals 9",,,,,,,,Remote,,,,,2026-05-20T23:34:51.899289+00:00,not_checked_network_restricted,Added from ApplyPilot DB; outbound link checking was blocked in sandbox.,Moved because Jobgether already has a stronger kept row: Technical Program Manager (score 10).,Technical Program Manager,10
,,,7,Project Manager / Content Manager,,Jobgether,https://www.linkedin.com/jobs/view/4415762521,remote,"AWS
Deterministic refreshed score: 1 profile skills mentioned
title alignment 2.5/3.0
domain signals 9",,,,,,,,Remote,,,,,2026-05-20T23:34:51.899289+00:00,not_checked_network_restricted,Added from ApplyPilot DB; outbound link checking was blocked in sandbox.,Moved because Jobgether already has a stronger kept row: Technical Program Manager (score 10).,Technical Program Manager,10
,,,7,Project Manager / Content Manager,,Jobgether,https://www.linkedin.com/jobs/view/4415765182,remote,"AWS
Deterministic refreshed score: 1 profile skills mentioned
title alignment 2.5/3.0
domain signals 9",,,,,,,,Remote,,,,,2026-05-20T23:34:51.899289+00:00,not_checked_network_restricted,Added from ApplyPilot DB; outbound link checking was blocked in sandbox.,Moved because Jobgether already has a stronger kept row: Technical Program Manager (score 10).,Technical Program Manager,10
,,,7,Project Manager / Content Manager,,Jobgether,https://www.linkedin.com/jobs/view/4415761664,remote,"AWS
Deterministic refreshed score: 1 profile skills mentioned
title alignment 2.5/3.0
domain signals 9",,,,,,,,Remote,,,,,2026-05-20T23:34:51.899289+00:00,not_checked_network_restricted,Added from ApplyPilot DB; outbound link checking was blocked in sandbox.,Moved because Jobgether already has a stronger kept row: Technical Program Manager (score 10).,Technical Program Manager,10
,,,7,Project Manager / Content Manager,,Jobgether,https://www.linkedin.com/jobs/view/4415751929,remote,"AWS
Deterministic refreshed score: 1 profile skills mentioned
title alignment 2.5/3.0
domain signals 9",,,,,,,,Remote,,,,,2026-05-20T23:34:51.899289+00:00,not_checked_network_restricted,Added from ApplyPilot DB; outbound link checking was blocked in sandbox.,Moved because Jobgether already has a stronger kept row: Technical Program Manager (score 10).,Technical Program Manager,10
,,,7,Project Manager Sênior,,Jobgether,https://www.linkedin.com/jobs/view/4415677150,unknown,"SAFe, OKRs, Data Governance Frameworks, Stakeholder Management, Program Management, Roadmap Planning
Deterministic profile match: 6 profile skills mentioned; title alignment 2.0/3.0; domain signals 5.",,,,,,,,,,,,,2026-05-19T03:26:29.194443+00:00,not_checked_network_restricted,Not finalized: outbound link checking was blocked in sandbox.,Moved because Jobgether already has a stronger kept row: Technical Program Manager (score 10).,Technical Program Manager,10
,,,7,Senior IT Project Manager,,Jobgether,https://www.linkedin.com/jobs/view/4417075032,remote,"AWS, Change Management, ERP, Risk Management
Deterministic refreshed score: 4 profile skills mentioned
title alignment 2.5/3.0
domain signals 12",,,,,,,,Remote,,,,,2026-05-20T23:29:02.788372+00:00,not_checked_network_restricted,Added from ApplyPilot DB; outbound link checking was blocked in sandbox.,Moved because Jobgether already has a stronger kept row: Technical Program Manager (score 10).,Technical Program Manager,10
,requires 8 years,,7,Sr Project Manager - Edifecs Implementations,,Jobgether,https://www.linkedin.com/jobs/view/4415655043,remote,"Agile Scrum, Software Project Management, Data Governance Frameworks, Stakeholder Management, Program Management, Requirements Gathering, Customer Success, Change Management, Resource Planning, Risk Management
Deterministic profile match: 10 profile skills mentioned; title alignment 2.0/3.0; domain signals 10.
Experience cap applied: job asks for 8 years, more than 3 years above candidate's 4 years; capped score at 7.",,,,,,,,Remote,,,,,2026-05-19T03:30:57.247300+00:00,not_checked_network_restricted,Not finalized: outbound link checking was blocked in sandbox.,Moved because Jobgether already has a stronger kept row: Technical Program Manager (score 10).,Technical Program Manager,10
,,,6,"Senior Program Manager (Program Analyst, Sr)",,Jobgether,https://www.linkedin.com/jobs/view/4416106923,unknown,"AWS, Program Management, Stakeholder Management
Deterministic refreshed score: 3 profile skills mentioned
title alignment 2.5/3.0
domain signals 7",,,,,,,,,,,,,2026-05-20T23:38:50.206073+00:00,not_checked_network_restricted,Added from ApplyPilot DB; outbound link checking was blocked in sandbox.,Moved because Jobgether already has a stronger kept row: Technical Program Manager (score 10).,Technical Program Manager,10
,,,5,Manager - Program Management,,Jobgether,https://www.linkedin.com/jobs/view/4413898337,remote,"Stakeholder Management, Program Management, Presentation Skills, SOPs, System Monitoring
Deterministic profile match: 5 profile skills mentioned; title alignment 0.0/3.0; domain signals 4.",,,,,,,,Remote,,,,,2026-05-14T21:31:37.952938+00:00,not_checked_network_restricted,Not finalized: outbound link checking was blocked in sandbox.,Moved because Jobgether already has a stronger kept row: Technical Program Manager (score 10).,Technical Program Manager,10
,,,5,Senior Program Manager,,Jobgether,https://www.linkedin.com/jobs/view/4413878849,hybrid,"Program Management, Presentation Skills, Legal Technology
Deterministic profile match: 3 profile skills mentioned; title alignment 1.5/3.0; domain signals 3.",,,,,,Remote,,Remote,,,,,2026-05-14T21:29:36.448824+00:00,not_checked_network_restricted,Not finalized: outbound link checking was blocked in sandbox.,Moved because Jobgether already has a stronger kept row: Technical Program Manager (score 10).,Technical Program Manager,10
,,,5,Senior Project Manager,,Jobgether,https://www.linkedin.com/jobs/view/4415610148,remote,"System Monitoring
Deterministic profile match: 1 profile skills mentioned; title alignment 2.0/3.0; domain signals 3.",,,,,,,,Remote,,,,,2026-05-19T03:47:58.625216+00:00,not_checked_network_restricted,Not finalized: outbound link checking was blocked in sandbox.,Moved because Jobgether already has a stronger kept row: Technical Program Manager (score 10).,Technical Program Manager,10
,,,5,"Senior Staff Program Manager, Public & Industry Analyst Relations",,Jobgether,https://www.linkedin.com/jobs/view/4413525256,remote,"Program Management, Legal Technology
Deterministic profile match: 2 profile skills mentioned; title alignment 1.5/3.0; domain signals 4.",,,,,,,,Remote,,,,,2026-05-14T21:44:13.352357+00:00,not_checked_network_restricted,Not finalized: outbound link checking was blocked in sandbox.,Moved because Jobgether already has a stronger kept row: Technical Program Manager (score 10).,Technical Program Manager,10
,,,5,Senior Technology Project Manager,,Jobgether,https://www.linkedin.com/jobs/view/4413558375,unknown,Deterministic profile match: 0 profile skills mentioned; title alignment 2.0/3.0; domain signals 4.,,,,,,,,,,,,,2026-05-14T21:31:37.952938+00:00,not_checked_network_restricted,Not finalized: outbound link checking was blocked in sandbox.,Moved because Jobgether already has a stronger kept row: Technical Program Manager (score 10).,Technical Program Manager,10
,,,4,"Director, PMO",,Jobgether,https://www.linkedin.com/jobs/view/4415655956,remote,"Data Governance Frameworks, Stakeholder Management, Program Management, Resource Planning, Jira, Confluence, Smartsheet
Deterministic profile match: 7 profile skills mentioned; title alignment 0.0/3.0; domain signals 8. Title relevance penalty 2.5 applied.",,,,,,,,Remote,,,,,2026-05-19T03:35:32.190761+00:00,not_checked_network_restricted,Not finalized: outbound link checking was blocked in sandbox.,Moved because Jobgether already has a stronger kept row: Technical Program Manager (score 10).,Technical Program Manager,10
,,,4,Marketing Project Coordinator,,Jobgether,https://www.linkedin.com/jobs/view/4413521067,remote,"Stakeholder Management
Deterministic profile match: 1 profile skills mentioned; title alignment 0.0/3.0; domain signals 6.",,,,,,,,Remote,,,,,2026-05-14T21:48:33.976678+00:00,not_checked_network_restricted,Not finalized: outbound link checking was blocked in sandbox.,Moved because Jobgether already has a stronger kept row: Technical Program Manager (score 10).,Technical Program Manager,10
,,,4,Marketing Project Coordinator,,Jobgether,https://www.linkedin.com/jobs/view/4413514370,remote,"Stakeholder Management
Deterministic profile match: 1 profile skills mentioned; title alignment 0.0/3.0; domain signals 6.",,,,,,,,Remote,,,,,2026-05-14T21:48:33.976678+00:00,not_checked_network_restricted,Not finalized: outbound link checking was blocked in sandbox.,Moved because Jobgether already has a stronger kept row: Technical Program Manager (score 10).,Technical Program Manager,10
,,,4,Marketing Project Coordinator,,Jobgether,https://www.linkedin.com/jobs/view/4413515285,remote,"Stakeholder Management
Deterministic profile match: 1 profile skills mentioned; title alignment 0.0/3.0; domain signals 6.",,,,,,,,Remote,,,,,2026-05-14T21:48:33.976678+00:00,not_checked_network_restricted,Not finalized: outbound link checking was blocked in sandbox.,Moved because Jobgether already has a stronger kept row: Technical Program Manager (score 10).,Technical Program Manager,10
,,,4,PMO Manager,,Jobgether,https://www.linkedin.com/jobs/view/4417076495,remote,"AWS, ERP, Risk Management
Deterministic refreshed score: 3 profile skills mentioned
title alignment 1.0/3.0
domain signals 8",,,,,,,,Remote,,,,,2026-05-20T23:32:56.497262+00:00,not_checked_network_restricted,Added from ApplyPilot DB; outbound link checking was blocked in sandbox.,Moved because Jobgether already has a stronger kept row: Technical Program Manager (score 10).,Technical Program Manager,10
,,,4,Senior Technical Support Analyst,,JOURNAL TECHNOLOGIES,https://www.indeed.com/viewjob?jk=cc40126365eb4541,remote,"SQL, JavaScript, Agile Scrum, Mentoring, System Monitoring
Deterministic profile match: 5 profile skills mentioned; title alignment 0.0/3.0; domain signals 6. Title relevance penalty 1.0 applied.",,,,,,,,"Remote, US (Remote)",https://ats.rippling.com/journaltech/jobs/ce523002-f2bb-4a8e-b487-733bf8d094f6?jobSite=Indeed,,,,2026-05-14T21:44:13.352357+00:00,not_checked_network_restricted,Not finalized: outbound link checking was blocked in sandbox.,Moved because JOURNAL TECHNOLOGIES already has a stronger kept row: Technical Writing Manager (score 6).,Technical Writing Manager,6
,,,3,VP of Product,,Kinetic Plc,https://www.indeed.com/viewjob?jk=c387d6404c13191c,remote,"OKRs, Data Warehousing
Deterministic profile match: 2 profile skills mentioned; title alignment 0.0/3.0; domain signals 6. Title relevance penalty 1.5 applied.",,,,,,,,"Remote, US (Remote)",https://jobs.gem.com/kinetic/am9icG9zdDpE877xraVun0ctIiaQr8WH,,,,2026-05-14T21:37:59.870693+00:00,not_checked_network_restricted,Not finalized: outbound link checking was blocked in sandbox.,Moved because Kinetic Plc already has a stronger kept row: Senior Software Engineer (score 4).,Senior Software Engineer,4
,,,3,Senior Client Delivery Lead (Energy Billing experience),,Kraken,https://www.linkedin.com/jobs/view/4413966047,unknown,"Presentation Skills, Customer Success, Change Management, Data Pipelines
Deterministic profile match: 4 profile skills mentioned; title alignment 0.0/3.0; domain signals 4. Title relevance penalty 1.0 applied.",,,,,,,,,,,,,2026-05-14T21:37:59.870693+00:00,not_checked_network_restricted,Not finalized: outbound link checking was blocked in sandbox.,Moved because Kraken already has a stronger kept row: Technical Program Lead (score 5).,Technical Program Lead,5
,,,8,Senior Project Manager,,Körber,https://www.indeed.com/viewjob?jk=21ba93a5e376f249,remote,"Software Project Management, Program Management, Customer Success, Change Management, ERP, Risk Management, Policy Automation
Deterministic profile match: 7 profile skills mentioned; title alignment 2.0/3.0; domain signals 5.",,,,,,,,"Remote, US (Remote)",https://jobs.koerber.com/pharma/job/Remote-work-Senior-Project-Manager/1393035233/,,,,2026-05-14T21:52:47.996850+00:00,not_checked_network_restricted,Not finalized: outbound link checking was blocked in sandbox.,Moved because Körber already has a stronger kept row: Senior Program Manager (score 10).,Senior Program Manager,10
,,,7,Senior Program Manager,,Körber,https://www.linkedin.com/jobs/view/4416265825,remote,"Stakeholder Management, Program Management, Technical Documentation, Change Management, Scheduling Management, Resource Planning, Risk Management, Policy Automation
Deterministic profile match: 8 profile skills mentioned; title alignment 1.5/3.0; domain signals 5.",,,,,,,,Remote,,,,,2026-05-19T03:47:58.625216+00:00,not_checked_network_restricted,Not finalized: outbound link checking was blocked in sandbox.,Moved because Körber already has a stronger kept row: Senior Program Manager (score 10).,Senior Program Manager,10
,,,7,Senior Project Manager,,Körber,https://www.linkedin.com/jobs/view/4416277634,unknown,"Program Management, Technical Documentation, Customer Success, Change Management, Resource Planning, Risk Management, Policy Automation
Deterministic profile match: 7 profile skills mentioned; title alignment 2.0/3.0; domain signals 4.",,,,,,,,,,,,,2026-05-19T03:30:57.247300+00:00,not_checked_network_restricted,Not finalized: outbound link checking was blocked in sandbox.,Moved because Körber already has a stronger kept row: Senior Program Manager (score 10).,Senior Program Manager,10
,,,7,Senior Project Manager,,Körber,https://www.linkedin.com/jobs/view/4413754575,unknown,"Software Project Management, Program Management, Change Management, ERP, Risk Management, Policy Automation
Deterministic profile match: 6 profile skills mentioned; title alignment 2.0/3.0; domain signals 5.",,,,,,,,,https://www.linkedin.com/signup/cold-join?source=jobs_registration&session_redirect=https%3A%2F%2Fwww.linkedin.com%2Fjobs%2Fview%2Fsenior-project-manager-at-k%25C3%25B6rber-4413754575&trk=public_jobs_apply-link-offsite_contextual-sign-in-modal_join-link,,,,2026-05-14T21:44:13.352357+00:00,not_checked_network_restricted,Not finalized: outbound link checking was blocked in sandbox.,Moved because Körber already has a stronger kept row: Senior Program Manager (score 10).,Senior Program Manager,10
,,,3,Project Coordinator,,LanceSoft Europe,https://www.linkedin.com/jobs/view/4415685454,remote,"Customer Success
Deterministic profile match: 1 profile skills mentioned; title alignment 0.0/3.0; domain signals 3.",,,,,,,,Remote,,,,,2026-05-19T03:45:43.877251+00:00,not_checked_network_restricted,Not finalized: outbound link checking was blocked in sandbox.,Moved because LanceSoft Europe already has a stronger kept row: Project Coordinator Team Lead (score 3).,Project Coordinator Team Lead,3
,,,6,Senior Project Manager,,LanguageLine Solutions,https://www.linkedin.com/jobs/view/4414679006,unknown,"Mentoring, Change Management, Confluence
Deterministic profile match: 3 profile skills mentioned; title alignment 2.0/3.0; domain signals 2.",,,,,,,,,,,,,2026-05-14T21:33:49.397717+00:00,not_checked_network_restricted,Not finalized: outbound link checking was blocked in sandbox.,Moved because LanguageLine Solutions already has a stronger kept row: Senior Project Manager (score 6).,Senior Project Manager,6
,,,2,Enterprise PMO Operations Director,,LIMRA,https://www.indeed.com/viewjob?jk=8035bf763231c6fe,remote,"SAFe, Stakeholder Management, Program Management, Change Management
Deterministic profile match: 4 profile skills mentioned; title alignment 0.0/3.0; domain signals 4. Title relevance penalty 2.5 applied.",,,,,,,,"Remote, US (Remote)",https://limra-loma.applicantstack.com/x/detail/a2gkybz5er1b,,,,2026-05-19T03:26:29.194443+00:00,not_checked_network_restricted,Not finalized: outbound link checking was blocked in sandbox.,Moved because LIMRA already has a stronger kept row: Head of Enterprise Operational Effectiveness (score 4).,Head of Enterprise Operational Effectiveness,4
,,,3,Application Architect (SR-5266958-ARCH),,LMG Technology Services LLC,https://www.indeed.com/viewjob?jk=33ed38eaca78b9df,remote,"Workflow Automation
Deterministic profile match: 1 profile skills mentioned; title alignment 0.0/3.0; domain signals 5. Title relevance penalty 1.0 applied.",,,,,,,,"Remote, US (Remote)",https://ht-jobs.net/9obgwe6?s=in,,,,2026-05-19T03:26:29.194443+00:00,not_checked_network_restricted,Not finalized: outbound link checking was blocked in sandbox.,Moved because LMG Technology Services LLC already has a stronger kept row: Application Program Manager (SR-5266958-APM) (score 6).,Application Program Manager (SR-5266958-APM),6
,,,4,Full Stack Developer,,LMI,https://www.indeed.com/viewjob?jk=fba46a3953f19693,remote,"Python, SQL, Roadmap Planning, PostgreSQL, AWS
Deterministic profile match: 5 profile skills mentioned; title alignment 0.0/3.0; domain signals 7. Title relevance penalty 1.0 applied.",,,,,,,,"Remote, US (Remote)",https://careers-lmi.icims.com/jobs/14022/job?utm_source=indeed_integration&iis=Job%20Board&iisn=Indeed&indeed-apply-token=73a2d2b2a8d6d5c0a62696875eaebd669103652d3f0c2cd5445d3e66b1592b0f,,,,2026-05-14T21:52:47.996850+00:00,not_checked_network_restricted,Not finalized: outbound link checking was blocked in sandbox.,Moved because LMI already has a stronger kept row: Technical Program Manager (score 9).,Technical Program Manager,9
,,,7,Project Manager / Delivery Lead,,Luxoft,https://www.linkedin.com/jobs/view/4417398678,remote,"ERP, ServiceNow
Deterministic refreshed score: 2 profile skills mentioned
title alignment 2.5/3.0
domain signals 7",,,,,,,,Remote,,,,,2026-05-20T23:34:51.899289+00:00,not_checked_network_restricted,Added from ApplyPilot DB; outbound link checking was blocked in sandbox.,Moved because Luxoft already has a stronger kept row: Senior Project Manager (score 8).,Senior Project Manager,8
,,,4,Fenergo (CLM) Project Manater,,Luxoft,https://www.indeed.com/viewjob?jk=b5e6dc89a2bda9b3,remote,"JavaScript, Program Management, SQL
Deterministic refreshed score: 3 profile skills mentioned
title alignment 0.0/3.0
domain signals 11",,,,,,,,"Remote, US (Remote)",https://career.luxoft.com/jobs/fenergo-clm-project-manater-24446,,,,2026-05-20T23:30:56.351886+00:00,not_checked_network_restricted,Added from ApplyPilot DB; outbound link checking was blocked in sandbox.,Moved because Luxoft already has a stronger kept row: Senior Project Manager (score 8).,Senior Project Manager,8
,,,2,Consulting Manager - Workday Payroll,,Makse Group,https://www.indeed.com/viewjob?jk=b00416717e207faf,remote,"Milestone Tracking, Resource Planning
Deterministic profile match: 2 profile skills mentioned; title alignment 0.0/3.0; domain signals 3. Title relevance penalty 1.0 applied.",,,,,,,,"Remote, US (Remote)",https://maksegroup.wd12.myworkdayjobs.com/en-US/openings/job/Remote---US/Consulting-Manager---Workday-Payroll_JR100109,,,,2026-05-14T21:36:03.741595+00:00,not_checked_network_restricted,Not finalized: outbound link checking was blocked in sandbox.,Moved because Makse Group already has a stronger kept row: Workday Certified Project Manager (score 8).,Workday Certified Project Manager,8
,,,3,"Consultant Relations, Central",,Manulife,https://manulife.wd3.myworkdayjobs.com/MFCJH_Jobs/job/USA-Illinois---Full-Time-Remote/Consultant-Relations--Central_JR26040724,hybrid,"Hybrid Project Management, Program Management, Presentation Skills, Risk Management
Deterministic profile match: 4 profile skills mentioned; title alignment 0.0/3.0; domain signals 2. Title relevance penalty 1.0 applied.",,,,,,"USA, Illinois - Full Time Remote",,"USA, Illinois - Full Time Remote",https://manulife.wd3.myworkdayjobs.com/MFCJH_Jobs/job/USA-Illinois---Full-Time-Remote/Consultant-Relations--Central_JR26040724,,,,2026-05-14T22:17:10.020978+00:00,not_checked_network_restricted,Not finalized: outbound link checking was blocked in sandbox.,Moved because Manulife already has a stronger kept row: Senior Technical and Financial Crime Intelligence Analyst (score 4).,Senior Technical and Financial Crime Intelligence Analyst,4
,,,3,"Tax, Retirement & Estate Planning Services Consultant",,Manulife,https://manulife.wd3.myworkdayjobs.com/MFCJH_Jobs/job/CAN-Ontario---Full-Time-Remote/Tax--Retirement---Estate-Planning-Services-Consultant_JR26041008-1,remote,"Software Project Management, Program Management, Presentation Skills
Deterministic profile match: 3 profile skills mentioned; title alignment 0.0/3.0; domain signals 3. Title relevance penalty 1.0 applied.",,,,,,,,"CAN, Ontario - Full Time Remote",https://manulife.wd3.myworkdayjobs.com/MFCJH_Jobs/job/CAN-Ontario---Full-Time-Remote/Tax--Retirement---Estate-Planning-Services-Consultant_JR26041008-1,,,,2026-05-14T21:55:02.833590+00:00,not_checked_network_restricted,Not finalized: outbound link checking was blocked in sandbox.,Moved because Manulife already has a stronger kept row: Senior Technical and Financial Crime Intelligence Analyst (score 4).,Senior Technical and Financial Crime Intelligence Analyst,4
,,,2,"AVP, Longer Healthier Better Advisor Network",,Manulife,https://manulife.wd3.myworkdayjobs.com/MFCJH_Jobs/job/US-Full-time---Remote/Director--LongerHealthierBetter-Advisor-Network_JR26011305,remote,Deterministic profile match: 0 profile skills mentioned; title alignment 0.0/3.0; domain signals 2. Title relevance penalty 1.0 applied.,,,,,,,,US Full time - Remote,https://manulife.wd3.myworkdayjobs.com/MFCJH_Jobs/job/US-Full-time---Remote/Director--LongerHealthierBetter-Advisor-Network_JR26011305,,,,2026-05-14T22:30:10.315458+00:00,not_checked_network_restricted,Not finalized: outbound link checking was blocked in sandbox.,Moved because Manulife already has a stronger kept row: Senior Technical and Financial Crime Intelligence Analyst (score 4).,Senior Technical and Financial Crime Intelligence Analyst,4
,,,2,Bilingual Internal Business Development Manager,,Manulife,https://manulife.wd3.myworkdayjobs.com/MFCJH_Jobs/job/CAN-Quebec---Full-Time-Remote/Bilingual-Internal-Business-Development-Manager_JR26040723-1,remote,"Program Management, Presentation Skills
Deterministic profile match: 2 profile skills mentioned; title alignment 0.0/3.0; domain signals 2. Title relevance penalty 1.0 applied.",,,,,,,,"CAN, Quebec - Full Time Remote",https://manulife.wd3.myworkdayjobs.com/MFCJH_Jobs/job/CAN-Quebec---Full-Time-Remote/Bilingual-Internal-Business-Development-Manager_JR26040723-1,,,,2026-05-14T22:17:10.020978+00:00,not_checked_network_restricted,Not finalized: outbound link checking was blocked in sandbox.,Moved because Manulife already has a stronger kept row: Senior Technical and Financial Crime Intelligence Analyst (score 4).,Senior Technical and Financial Crime Intelligence Analyst,4
,,,2,"Chief Operating Officer, Western U.S. Agriculture Operations",,Manulife,https://manulife.wd3.myworkdayjobs.com/MFCJH_Jobs/job/USA-California---Full-Time-Remote/Chief-Operating-Officer--Western-US-Agriculture-Operations_JR26021233,remote,"Stakeholder Management, Program Management, Presentation Skills, Change Management, Risk Management
Deterministic profile match: 5 profile skills mentioned; title alignment 0.0/3.0; domain signals 4. Title relevance penalty 2.5 applied.",,,,,,,,"USA, California - Full Time Remote",https://manulife.wd3.myworkdayjobs.com/MFCJH_Jobs/job/USA-California---Full-Time-Remote/Chief-Operating-Officer--Western-US-Agriculture-Operations_JR26021233,,,,2026-05-14T22:17:10.020978+00:00,not_checked_network_restricted,Not finalized: outbound link checking was blocked in sandbox.,Moved because Manulife already has a stronger kept row: Senior Technical and Financial Crime Intelligence Analyst (score 4).,Senior Technical and Financial Crime Intelligence Analyst,4
,,,2,External Wholesaler - Mass Market,,Manulife,https://manulife.wd3.myworkdayjobs.com/MFCJH_Jobs/job/CAN-Quebec---Full-Time-Remote/Wholesaler---Mass-Market_JR26031059-1,remote,"Program Management, Presentation Skills, Risk Management
Deterministic profile match: 3 profile skills mentioned; title alignment 0.0/3.0; domain signals 2. Title relevance penalty 1.0 applied.",,,,,,,,"CAN, Quebec - Full Time Remote",https://manulife.wd3.myworkdayjobs.com/MFCJH_Jobs/job/CAN-Quebec---Full-Time-Remote/Wholesaler---Mass-Market_JR26031059-1,,,,2026-05-14T22:17:10.020978+00:00,not_checked_network_restricted,Not finalized: outbound link checking was blocked in sandbox.,Moved because Manulife already has a stronger kept row: Senior Technical and Financial Crime Intelligence Analyst (score 4).,Senior Technical and Financial Crime Intelligence Analyst,4
,,,2,Fall Co-op 2026 - Disability Operations,,Manulife,https://manulife.wd3.myworkdayjobs.com/MFCJH_Jobs/job/CAN-Quebec---Full-Time-Remote/Fall-Co-op-2026---Disability-Operations_JR26030848,hybrid,"AWS, ERP
Deterministic refreshed score: 2 profile skills mentioned
title alignment 0.0/3.0
domain signals 4",,,,,,,,"CAN, Quebec - Full Time Remote",https://manulife.wd3.myworkdayjobs.com/MFCJH_Jobs/job/CAN-Quebec---Full-Time-Remote/Fall-Co-op-2026---Disability-Operations_JR26030848,,,,2026-05-20T23:50:54.722125+00:00,not_checked_network_restricted,Added from ApplyPilot DB; outbound link checking was blocked in sandbox.,Moved because Manulife already has a stronger kept row: Senior Technical and Financial Crime Intelligence Analyst (score 4).,Senior Technical and Financial Crime Intelligence Analyst,4
,,,2,Fulfilment Officer,,Manulife,https://manulife.wd3.myworkdayjobs.com/MFCJH_Jobs/job/CAN-British-Columbia---Full-Time-Remote/Fulfilment-Officer_JR26041101,remote,"Program Management
Deterministic profile match: 1 profile skills mentioned; title alignment 0.0/3.0; domain signals 2. Title relevance penalty 1.0 applied.",,,,,,,,"CAN, British Columbia - Full Time Remote",https://manulife.wd3.myworkdayjobs.com/MFCJH_Jobs/job/CAN-British-Columbia---Full-Time-Remote/Fulfilment-Officer_JR26041101,,,,2026-05-14T22:30:10.315458+00:00,not_checked_network_restricted,Not finalized: outbound link checking was blocked in sandbox.,Moved because Manulife already has a stronger kept row: Senior Technical and Financial Crime Intelligence Analyst (score 4).,Senior Technical and Financial Crime Intelligence Analyst,4
,,,2,Small Business Underwriter,,Manulife,https://manulife.wd3.myworkdayjobs.com/MFCJH_Jobs/job/CAN-Quebec---Full-Time-Remote/Small-Business-Underwriter_JR26050433,remote,"AWS
Deterministic refreshed score: 1 profile skills mentioned
title alignment 0.0/3.0
domain signals 5",,,,,,,,"CAN, Quebec - Full Time Remote",https://manulife.wd3.myworkdayjobs.com/MFCJH_Jobs/job/CAN-Quebec---Full-Time-Remote/Small-Business-Underwriter_JR26050433,,,,2026-05-20T23:48:56.004041+00:00,not_checked_network_restricted,Added from ApplyPilot DB; outbound link checking was blocked in sandbox.,Moved because Manulife already has a stronger kept row: Senior Technical and Financial Crime Intelligence Analyst (score 4).,Senior Technical and Financial Crime Intelligence Analyst,4
,,,1,AVP Institutional Sales,,Manulife,https://manulife.wd3.myworkdayjobs.com/MFCJH_Jobs/job/USA-California---Full-Time-Remote/AVP-Institutional-Sales_JR26040511,remote,"Program Management, Presentation Skills
Deterministic profile match: 2 profile skills mentioned; title alignment 0.0/3.0; domain signals 2. Title relevance penalty 2.5 applied.",,,,,,,,"USA, California - Full Time Remote",https://manulife.wd3.myworkdayjobs.com/MFCJH_Jobs/job/USA-California---Full-Time-Remote/AVP-Institutional-Sales_JR26040511,,,,2026-05-14T22:30:10.315458+00:00,not_checked_network_restricted,Not finalized: outbound link checking was blocked in sandbox.,Moved because Manulife already has a stronger kept row: Senior Technical and Financial Crime Intelligence Analyst (score 4).,Senior Technical and Financial Crime Intelligence Analyst,4
,,,1,"Bilingual Renewal & Sales Associate, Group Benefits",,Manulife,https://manulife.wd3.myworkdayjobs.com/MFCJH_Jobs/job/CAN-Quebec---Full-Time-Remote/Bilingual-Renewal---Sales-Associate--Group-Benefits_JR26030576-1,remote,"Program Management, Customer Success
Deterministic profile match: 2 profile skills mentioned; title alignment 0.0/3.0; domain signals 3. Title relevance penalty 2.5 applied.",,,,,,,,"CAN, Quebec - Full Time Remote",https://manulife.wd3.myworkdayjobs.com/MFCJH_Jobs/job/CAN-Quebec---Full-Time-Remote/Bilingual-Renewal---Sales-Associate--Group-Benefits_JR26030576-1,,,,2026-05-14T22:05:22.908404+00:00,not_checked_network_restricted,Not finalized: outbound link checking was blocked in sandbox.,Moved because Manulife already has a stronger kept row: Senior Technical and Financial Crime Intelligence Analyst (score 4).,Senior Technical and Financial Crime Intelligence Analyst,4
,,,1,"Director, Investment Consulting",,Manulife,https://manulife.wd3.myworkdayjobs.com/MFCJH_Jobs/job/CAN-Quebec---Full-Time-Remote/Director--Investment-Consulting_JR26040038-1,remote,"Program Management, Risk Management
Deterministic profile match: 2 profile skills mentioned; title alignment 0.0/3.0; domain signals 3. Title relevance penalty 2.5 applied.",,,,,,,,"CAN, Quebec - Full Time Remote",https://manulife.wd3.myworkdayjobs.com/MFCJH_Jobs/job/CAN-Quebec---Full-Time-Remote/Director--Investment-Consulting_JR26040038-1,,,,2026-05-14T22:17:10.020978+00:00,not_checked_network_restricted,Not finalized: outbound link checking was blocked in sandbox.,Moved because Manulife already has a stronger kept row: Senior Technical and Financial Crime Intelligence Analyst (score 4).,Senior Technical and Financial Crime Intelligence Analyst,4
,,,1,Mid-Large Associate Director,,Manulife,https://manulife.wd3.myworkdayjobs.com/MFCJH_Jobs/job/USA-Massachusetts---Full-Time-Remote/Mid-Large-Associate-Director_JR26050162-1,remote,"Program Management, Presentation Skills
Deterministic profile match: 2 profile skills mentioned; title alignment 0.0/3.0; domain signals 2. Title relevance penalty 2.5 applied.",,,,,,,,"USA, Massachusetts - Full Time Remote",https://manulife.wd3.myworkdayjobs.com/MFCJH_Jobs/job/USA-Massachusetts---Full-Time-Remote/Mid-Large-Associate-Director_JR26050162-1,,,,2026-05-14T22:30:10.315458+00:00,not_checked_network_restricted,Not finalized: outbound link checking was blocked in sandbox.,Moved because Manulife already has a stronger kept row: Senior Technical and Financial Crime Intelligence Analyst (score 4).,Senior Technical and Financial Crime Intelligence Analyst,4
,,,1,Regional Director,,Manulife,https://manulife.wd3.myworkdayjobs.com/MFCJH_Jobs/job/USA-California---Full-Time-Remote/Regional-Director_JR26031014-2,remote,"Program Management, Customer Success
Deterministic profile match: 2 profile skills mentioned; title alignment 0.0/3.0; domain signals 2. Title relevance penalty 2.5 applied.",,,,,,,,"USA, California - Full Time Remote",https://manulife.wd3.myworkdayjobs.com/MFCJH_Jobs/job/USA-California---Full-Time-Remote/Regional-Director_JR26031014-2,,,,2026-05-14T22:17:10.020978+00:00,not_checked_network_restricted,Not finalized: outbound link checking was blocked in sandbox.,Moved because Manulife already has a stronger kept row: Senior Technical and Financial Crime Intelligence Analyst (score 4).,Senior Technical and Financial Crime Intelligence Analyst,4
,,,1,Vice President Sales Manulife Investments,,Manulife,https://manulife.wd3.myworkdayjobs.com/MFCJH_Jobs/job/CAN-Quebec---Full-Time-Remote/Vice-President-Sales-Manulife-Investments_JR26041578-1,remote,"Program Management
Deterministic profile match: 1 profile skills mentioned; title alignment 0.0/3.0; domain signals 2. Title relevance penalty 4.0 applied.",,,,,,,,"CAN, Quebec - Full Time Remote",https://manulife.wd3.myworkdayjobs.com/MFCJH_Jobs/job/CAN-Quebec---Full-Time-Remote/Vice-President-Sales-Manulife-Investments_JR26041578-1,,,,2026-05-14T22:30:10.315458+00:00,not_checked_network_restricted,Not finalized: outbound link checking was blocked in sandbox.,Moved because Manulife already has a stronger kept row: Senior Technical and Financial Crime Intelligence Analyst (score 4).,Senior Technical and Financial Crime Intelligence Analyst,4
,,,8,Implementation Project Manager,,Medallion,https://www.linkedin.com/jobs/view/4413822677,unknown,"Stakeholder Management, Customer Success, System Monitoring, Jira
Deterministic profile match: 4 profile skills mentioned; title alignment 2.5/3.0; domain signals 9.",C:\Users\bsing\.applypilot\tailored_resumes\software-pm\084_7_Medallion_Implementation_Project_Manager.txt,failed_validation,Company 'Sakhi' missing from experience; Company 'The Samaritans of New York' missing from experience,,,,,,,,,,2026-05-14T21:36:03.741595+00:00,not_checked_network_restricted,Not finalized: outbound link checking was blocked in sandbox.,Moved because Medallion already has a stronger kept row: Implementation Project Manager (score 8).,Implementation Project Manager,8
,,,4,Operations Program Manager,,Medasource,https://www.linkedin.com/jobs/view/4415469216,remote,"Training Enablement
Deterministic profile match: 1 profile skills mentioned; title alignment 1.5/3.0; domain signals 1.",,,,,,,,Remote,,,,,2026-05-19T03:26:29.194443+00:00,not_checked_network_restricted,Not finalized: outbound link checking was blocked in sandbox.,Moved because Medasource already has a stronger kept row: Pharmaceutical Project Manager (score 5).,Pharmaceutical Project Manager,5
,,,5,Project Manager,,Metric Geo,https://www.linkedin.com/jobs/view/4413291706,unknown,Deterministic profile match: 0 profile skills mentioned; title alignment 2.0/3.0; domain signals 3.,,,,,,,,,,,,,2026-05-14T21:41:03.898519+00:00,not_checked_network_restricted,Not finalized: outbound link checking was blocked in sandbox.,Moved because Metric Geo already has a stronger kept row: Senior Project Manager - Remote (score 5).,Senior Project Manager - Remote,5
,,,3,"Strategic Project Lead, Finance",,micro1,https://www.indeed.com/viewjob?jk=f7c01073288a276b,remote,"Stakeholder Management, Data Pipelines
Deterministic profile match: 2 profile skills mentioned; title alignment 0.0/3.0; domain signals 3.",,,,,,,,"Remote, US (Remote)",https://jobs.micro1.ai/post/37928108-3e72-4682-a9fb-16a9628e7d17?first_page=/careers&last_page=/careers,,,,2026-05-14T21:33:49.397717+00:00,not_checked_network_restricted,Not finalized: outbound link checking was blocked in sandbox.,"Moved because micro1 already has a stronger kept row: Strategic Project Lead, MD/Health (score 3).","Strategic Project Lead, MD/Health",3
,,,7,"Engineer II, Data Systems",1,Moderna,https://modernatx.wd1.myworkdayjobs.com/M_tx/job/Norwood-Massachusetts/Engineer-II--Data-Systems_R18796,remote,"JavaScript, Software Project Management, Root Cause Analysis, Change Management, SOPs, Risk Management, System Monitoring, Data Pipelines, PostgreSQL, Power BI, Legal Technology
Deterministic profile match: 11 profile skills mentioned; title alignment 0.0/3.0; domain signals 8. Title relevance penalty 1.0 applied.",,,,,,,,,https://modernatx.wd1.myworkdayjobs.com/M_tx/job/Norwood-Massachusetts/Engineer-II--Data-Systems_R18796,,,,2026-05-19T03:50:28.124066+00:00,not_checked_network_restricted,Not finalized: outbound link checking was blocked in sandbox.,Moved because Moderna already has a stronger kept row: Sr. GxP Product Manager (score 8).,Sr. GxP Product Manager,8
,,,7,"Engineer II, Data Systems",1,Moderna,https://modernatx.wd1.myworkdayjobs.com/M_tx/job/Norwood-Massachusetts/Engineer-II--Data-Systems_R18799-1,remote,"JavaScript, Software Project Management, Root Cause Analysis, Change Management, SOPs, Risk Management, System Monitoring, Data Pipelines, PostgreSQL, Power BI, Legal Technology
Deterministic profile match: 11 profile skills mentioned; title alignment 0.0/3.0; domain signals 8. Title relevance penalty 1.0 applied.",,,,,,,,,https://modernatx.wd1.myworkdayjobs.com/M_tx/job/Norwood-Massachusetts/Engineer-II--Data-Systems_R18799-1,,,,2026-05-14T22:02:20.415246+00:00,not_checked_network_restricted,Not finalized: outbound link checking was blocked in sandbox.,Moved because Moderna already has a stronger kept row: Sr. GxP Product Manager (score 8).,Sr. GxP Product Manager,8
,,,7,Principal Technical Program Manager,1,Moderna,https://modernatx.wd1.myworkdayjobs.com/M_tx/job/Cambridge-Massachusetts/Principal-Technical-Program-Manager_R18730-1,onsite,"Software Project Management, Stakeholder Management, Program Management, Customer Success, Change Management, Legal Technology
Deterministic profile match: 6 profile skills mentioned; title alignment 2.0/3.0; domain signals 7.
Experience cap applied: job asks for 10 years, more than 3 years above candidate's 4 years; capped score at 7.",,,,,,,,,https://modernatx.wd1.myworkdayjobs.com/M_tx/job/Cambridge-Massachusetts/Principal-Technical-Program-Manager_R18730-1,,,,2026-05-14T22:02:20.415246+00:00,not_checked_network_restricted,Not finalized: outbound link checking was blocked in sandbox.,Moved because Moderna already has a stronger kept row: Sr. GxP Product Manager (score 8).,Sr. GxP Product Manager,8
,,,7,"Senior Product Manager, Clinical Safety and Pharmacovigilance Systems",1,Moderna,https://modernatx.wd1.myworkdayjobs.com/M_tx/job/Cambridge-Massachusetts/Senior-Product-Manager--Clinical-Safety-and-Pharmacovigilance-Systems_R18475,onsite,"Roadmap Planning, Change Management, AI/ML, Deployment Workflows, Legal Technology
Deterministic profile match: 5 profile skills mentioned; title alignment 1.0/3.0; domain signals 9.",,,,,,,,,https://modernatx.wd1.myworkdayjobs.com/M_tx/job/Cambridge-Massachusetts/Senior-Product-Manager--Clinical-Safety-and-Pharmacovigilance-Systems_R18475,,,,2026-05-14T22:02:20.415246+00:00,not_checked_network_restricted,Not finalized: outbound link checking was blocked in sandbox.,Moved because Moderna already has a stronger kept row: Sr. GxP Product Manager (score 8).,Sr. GxP Product Manager,8
,,,7,Senior Servicenow CMDB Technical Lead,1,Moderna,https://modernatx.wd1.myworkdayjobs.com/M_tx/job/Cambridge-Massachusetts/Senior-Servicenow-CMDB-Technical-Lead_R19035-1,onsite,"Python, JavaScript, Data Governance Frameworks, Technical Documentation, Roadmap Planning, Customer Success, Change Management, Risk Management, Database Access Governance, AWS, ServiceNow, Legal Technology
Deterministic profile match: 12 profile skills mentioned; title alignment 0.0/3.0; domain signals 8. Title relevance penalty 1.0 applied.",,,,,,,,,https://modernatx.wd1.myworkdayjobs.com/M_tx/job/Cambridge-Massachusetts/Senior-Servicenow-CMDB-Technical-Lead_R19035-1,,,,2026-05-14T22:12:00.818278+00:00,not_checked_network_restricted,Not finalized: outbound link checking was blocked in sandbox.,Moved because Moderna already has a stronger kept row: Sr. GxP Product Manager (score 8).,Sr. GxP Product Manager,8
,,,7,"Senior Systems Engineer, Digital for Research and Technical Development",1,Moderna,https://modernatx.wd1.myworkdayjobs.com/M_tx/job/Cambridge-Massachusetts/Senior-Systems-Engineer--Digital-for-Research-and-Technical-Development_R18871-1,hybrid,"Root Cause Analysis, Technical Documentation, Roadmap Planning, Change Management, Deployment Workflows, Database Access Governance, AWS, Jira, Confluence, ServiceNow, Legal Technology
Deterministic profile match: 11 profile skills mentioned; title alignment 0.0/3.0; domain signals 8. Title relevance penalty 1.0 applied.",,,,,,,,,https://modernatx.wd1.myworkdayjobs.com/M_tx/job/Cambridge-Massachusetts/Senior-Systems-Engineer--Digital-for-Research-and-Technical-Development_R18871-1,,,,2026-05-14T22:12:00.818278+00:00,not_checked_network_restricted,Not finalized: outbound link checking was blocked in sandbox.,Moved because Moderna already has a stronger kept row: Sr. GxP Product Manager (score 8).,Sr. GxP Product Manager,8
,,,7,"Senior Technical Program Manager, QC Digital GxP Systems",1,Moderna,https://modernatx.wd1.myworkdayjobs.com/M_tx/job/Warsaw---Poland/Senior-Technical-Program-Manager--QC-Digital-GxP-Systems_R19088-1,hybrid,"Data Governance Frameworks, Stakeholder Management, Program Management, Roadmap Planning, Change Management, QA Coordination, Resource Planning, Risk Management, Legal Technology
Deterministic profile match: 9 profile skills mentioned; title alignment 2.0/3.0; domain signals 8.
Experience cap applied: job asks for 8 years, more than 3 years above candidate's 4 years; capped score at 7.",,,,,,,,,https://modernatx.wd1.myworkdayjobs.com/M_tx/job/Warsaw---Poland/Senior-Technical-Program-Manager--QC-Digital-GxP-Systems_R19088-1,,,,2026-05-14T22:12:00.818278+00:00,not_checked_network_restricted,Not finalized: outbound link checking was blocked in sandbox.,Moved because Moderna already has a stronger kept row: Sr. GxP Product Manager (score 8).,Sr. GxP Product Manager,8
,,,6,"Associate Engineer, GxP IT Support",,Moderna,https://modernatx.wd1.myworkdayjobs.com/M_tx/job/Oxford---England/Associate-GxP-IT-Systems-Engineer--Manufacturing-and-Labs_R18315,onsite,"SQL, Technical Documentation, Customer Success, Change Management, QA Coordination, Observability Concepts, System Monitoring, AWS, Legal Technology
Deterministic profile match: 9 profile skills mentioned; title alignment 0.0/3.0; domain signals 8. Title relevance penalty 1.0 applied.",,,,,,,,,https://modernatx.wd1.myworkdayjobs.com/M_tx/job/Oxford---England/Associate-GxP-IT-Systems-Engineer--Manufacturing-and-Labs_R18315,,,,2026-05-14T22:12:00.818278+00:00,not_checked_network_restricted,Not finalized: outbound link checking was blocked in sandbox.,Moved because Moderna already has a stronger kept row: Sr. GxP Product Manager (score 8).,Sr. GxP Product Manager,8
,,,6,"Fellow, AI Architecture",,Moderna,https://modernatx.wd1.myworkdayjobs.com/M_tx/job/Cambridge-Massachusetts/Senior-AI-Architect_R18147,onsite,"RBAC, Data Governance Frameworks, Change Management, AI/ML, Risk Management, Deployment Workflows, AWS, ServiceNow, Legal Technology, Google Cloud
Deterministic profile match: 10 profile skills mentioned; title alignment 0.0/3.0; domain signals 7. Title relevance penalty 1.0 applied.",,,,,,,,,https://modernatx.wd1.myworkdayjobs.com/M_tx/job/Cambridge-Massachusetts/Senior-AI-Architect_R18147,,,,2026-05-14T22:02:20.415246+00:00,not_checked_network_restricted,Not finalized: outbound link checking was blocked in sandbox.,Moved because Moderna already has a stronger kept row: Sr. GxP Product Manager (score 8).,Sr. GxP Product Manager,8
,,,6,"Integration Lead, Bioassay COE",,Moderna,https://modernatx.wd1.myworkdayjobs.com/M_tx/job/Norwood-Massachusetts/Integration-Lead--Bioassay-COE_R19176-1,onsite,"Python, SQL, JavaScript, Root Cause Analysis, Technical Documentation, Change Management, Deployment Workflows, System Monitoring, Workflow Automation, Legal Technology
Deterministic profile match: 10 profile skills mentioned; title alignment 0.0/3.0; domain signals 7. Title relevance penalty 1.0 applied.",,,,,,,,,https://modernatx.wd1.myworkdayjobs.com/M_tx/job/Norwood-Massachusetts/Integration-Lead--Bioassay-COE_R19176-1,,,,2026-05-14T22:02:20.415246+00:00,not_checked_network_restricted,Not finalized: outbound link checking was blocked in sandbox.,Moved because Moderna already has a stronger kept row: Sr. GxP Product Manager (score 8).,Sr. GxP Product Manager,8
,,,6,Kneat System Administrator,,Moderna,https://modernatx.wd1.myworkdayjobs.com/M_tx/job/Warsaw---Poland/Business-Process-Manager--Quality-Systems_R18118,onsite,"SDLC, Technical Documentation, Change Management, Training Enablement, SOPs, Risk Management, Deployment Workflows, Jira, Legal Technology
Deterministic profile match: 9 profile skills mentioned; title alignment 0.0/3.0; domain signals 9. Title relevance penalty 1.0 applied.",,,,,,,,,https://modernatx.wd1.myworkdayjobs.com/M_tx/job/Warsaw---Poland/Business-Process-Manager--Quality-Systems_R18118,,,,2026-05-14T22:12:00.818278+00:00,not_checked_network_restricted,Not finalized: outbound link checking was blocked in sandbox.,Moved because Moderna already has a stronger kept row: Sr. GxP Product Manager (score 8).,Sr. GxP Product Manager,8
,,,6,"Manager, Quality Control, Lab Automation Enablement & Integration",,Moderna,https://modernatx.wd1.myworkdayjobs.com/M_tx/job/Norwood-Massachusetts/Manager--Quality-Control--Lab-Automation-Enablement---Integration_R18792-1,onsite,"Data Governance Frameworks, Stakeholder Management, Roadmap Planning, Mentoring, Change Management, SOPs, Risk Management, Legal Technology
Deterministic profile match: 8 profile skills mentioned; title alignment 0.0/3.0; domain signals 8. Title relevance penalty 1.0 applied.",,,,,,,,,https://modernatx.wd1.myworkdayjobs.com/M_tx/job/Norwood-Massachusetts/Manager--Quality-Control--Lab-Automation-Enablement---Integration_R18792-1,,,,2026-05-14T22:12:00.818278+00:00,not_checked_network_restricted,Not finalized: outbound link checking was blocked in sandbox.,Moved because Moderna already has a stronger kept row: Sr. GxP Product Manager (score 8).,Sr. GxP Product Manager,8
,,,6,Principal Data Platform Engineer,,Moderna,https://modernatx.wd1.myworkdayjobs.com/M_tx/job/Warsaw---Poland/Principal-Data-Platform-Engineer_R19118,onsite,"Python, Data Governance Frameworks, CI/CD Collaboration, Mentoring, Change Management, AI/ML, Data Pipelines, AWS, Legal Technology
Deterministic profile match: 9 profile skills mentioned; title alignment 0.0/3.0; domain signals 7. Title relevance penalty 1.0 applied.",,,,,,,,,https://modernatx.wd1.myworkdayjobs.com/M_tx/job/Warsaw---Poland/Principal-Data-Platform-Engineer_R19118,,,,2026-05-14T22:02:20.415246+00:00,not_checked_network_restricted,Not finalized: outbound link checking was blocked in sandbox.,Moved because Moderna already has a stronger kept row: Sr. GxP Product Manager (score 8).,Sr. GxP Product Manager,8
,,,6,"Scientist, Flow Core, Research Analytics",,Moderna,https://modernatx.wd1.myworkdayjobs.com/M_tx/job/Cambridge-Massachusetts/Scientist--Flow-Core--Research-Analytics_R19107-1,onsite,"Python, Stakeholder Management, Technical Documentation, Change Management, Scheduling Management, Resource Planning, Workflow Automation, Legal Technology
Deterministic profile match: 8 profile skills mentioned; title alignment 0.0/3.0; domain signals 8. Title relevance penalty 1.0 applied.",,,,,,,,,https://modernatx.wd1.myworkdayjobs.com/M_tx/job/Cambridge-Massachusetts/Scientist--Flow-Core--Research-Analytics_R19107-1,,,,2026-05-14T22:12:00.818278+00:00,not_checked_network_restricted,Not finalized: outbound link checking was blocked in sandbox.,Moved because Moderna already has a stronger kept row: Sr. GxP Product Manager (score 8).,Sr. GxP Product Manager,8
,,,6,"Service Delivery Manager, Infrastructure",,Moderna,https://modernatx.wd1.myworkdayjobs.com/M_tx/job/Warsaw---Poland/Service-Delivery-Manager--Infrastructure_R19180,onsite,"Root Cause Analysis, Data Governance Frameworks, Stakeholder Management, Technical Documentation, Change Management, Resource Planning, Risk Management, Jira, ServiceNow, Legal Technology
Deterministic profile match: 10 profile skills mentioned; title alignment 0.0/3.0; domain signals 9. Title relevance penalty 1.0 applied.",,,,,,,,,https://modernatx.wd1.myworkdayjobs.com/M_tx/job/Warsaw---Poland/Service-Delivery-Manager--Infrastructure_R19180,,,,2026-05-14T22:12:00.818278+00:00,not_checked_network_restricted,Not finalized: outbound link checking was blocked in sandbox.,Moved because Moderna already has a stronger kept row: Sr. GxP Product Manager (score 8).,Sr. GxP Product Manager,8
,,,6,ServiceNow Quality Assurance Lead,,Moderna,https://modernatx.wd1.myworkdayjobs.com/M_tx/job/Warsaw---Poland/ServiceNow-Quality-Assurance-Lead_R19215,onsite,"Acceptance Criteria Frameworks, Stakeholder Management, Technical Documentation, Customer Success, Change Management, SOPs, Workflow Automation, Jira, ServiceNow, Legal Technology
Deterministic profile match: 10 profile skills mentioned; title alignment 0.0/3.0; domain signals 10. Title relevance penalty 1.0 applied.",,,,,,,,,https://modernatx.wd1.myworkdayjobs.com/M_tx/job/Warsaw---Poland/ServiceNow-Quality-Assurance-Lead_R19215,,,,2026-05-19T03:50:28.124066+00:00,not_checked_network_restricted,Not finalized: outbound link checking was blocked in sandbox.,Moved because Moderna already has a stronger kept row: Sr. GxP Product Manager (score 8).,Sr. GxP Product Manager,8
,,,5,CMC Digital Support Lead,,Moderna,https://modernatx.wd1.myworkdayjobs.com/M_tx/job/Norwood-Massachusetts/CMC-Digital-Support-Lead_R19070-1,onsite,"Root Cause Analysis, Technical Documentation, Mentoring, Customer Success, Change Management, Legal Technology
Deterministic profile match: 6 profile skills mentioned; title alignment 0.0/3.0; domain signals 7. Title relevance penalty 1.0 applied.",,,,,,,,,https://modernatx.wd1.myworkdayjobs.com/M_tx/job/Norwood-Massachusetts/CMC-Digital-Support-Lead_R19070-1,,,,2026-05-14T22:02:20.415246+00:00,not_checked_network_restricted,Not finalized: outbound link checking was blocked in sandbox.,Moved because Moderna already has a stronger kept row: Sr. GxP Product Manager (score 8).,Sr. GxP Product Manager,8
,,,5,"Global Lead, Customer Engagement Platforms (CRM)",,Moderna,https://modernatx.wd1.myworkdayjobs.com/M_tx/job/Cambridge-Massachusetts/Global-Lead--Customer-Engagement-Platforms--CRM-_R18977-2,onsite,"Data Governance Frameworks, Stakeholder Management, Roadmap Planning, Customer Success, Change Management, Deployment Workflows, Legal Technology
Deterministic profile match: 7 profile skills mentioned; title alignment 0.0/3.0; domain signals 7. Title relevance penalty 1.0 applied.",,,,,,,,,https://modernatx.wd1.myworkdayjobs.com/M_tx/job/Cambridge-Massachusetts/Global-Lead--Customer-Engagement-Platforms--CRM-_R18977-2,,,,2026-05-14T22:35:44.018180+00:00,not_checked_network_restricted,Not finalized: outbound link checking was blocked in sandbox.,Moved because Moderna already has a stronger kept row: Sr. GxP Product Manager (score 8).,Sr. GxP Product Manager,8
,,,5,Linux Engineer,,Moderna,https://modernatx.wd1.myworkdayjobs.com/M_tx/job/Warsaw---Poland/Linux-Engineer_R18571-1,hybrid,"Python, Root Cause Analysis, Technical Documentation, Change Management, System Monitoring, AWS, Legal Technology
Deterministic profile match: 7 profile skills mentioned; title alignment 0.0/3.0; domain signals 6. Title relevance penalty 1.0 applied.",,,,,,,,,https://modernatx.wd1.myworkdayjobs.com/M_tx/job/Warsaw---Poland/Linux-Engineer_R18571-1,,,,2026-05-14T22:02:20.415246+00:00,not_checked_network_restricted,Not finalized: outbound link checking was blocked in sandbox.,Moved because Moderna already has a stronger kept row: Sr. GxP Product Manager (score 8).,Sr. GxP Product Manager,8
,,,5,"Manager, Internal Quality Operations",,Moderna,https://modernatx.wd1.myworkdayjobs.com/M_tx/job/Norwood-Massachusetts/Manager--Internal-Quality-Operations_R19154,onsite,"Root Cause Analysis, Presentation Skills, Mentoring, Change Management, QA Coordination, Scheduling Management, Resource Planning, ERP, Risk Management, System Monitoring
Deterministic profile match: 10 profile skills mentioned; title alignment 0.0/3.0; domain signals 3. Title relevance penalty 1.0 applied.",,,,,,,,,https://modernatx.wd1.myworkdayjobs.com/M_tx/job/Norwood-Massachusetts/Manager--Internal-Quality-Operations_R19154,,,,2026-05-14T22:12:00.818278+00:00,not_checked_network_restricted,Not finalized: outbound link checking was blocked in sandbox.,Moved because Moderna already has a stronger kept row: Sr. GxP Product Manager (score 8).,Sr. GxP Product Manager,8
,,,5,"Senior Engineer I, External MSAT",,Moderna,https://modernatx.wd1.myworkdayjobs.com/M_tx/job/Norwood-Massachusetts/Senior-Engineer-I--External-MSAT_R18896-1,onsite,"Root Cause Analysis, Technical Documentation, Change Management, Training Enablement, SOPs, Risk Management, Legal Technology
Deterministic profile match: 7 profile skills mentioned; title alignment 0.0/3.0; domain signals 7. Title relevance penalty 1.0 applied.",,,,,,,,,https://modernatx.wd1.myworkdayjobs.com/M_tx/job/Norwood-Massachusetts/Senior-Engineer-I--External-MSAT_R18896-1,,,,2026-05-14T22:12:00.818278+00:00,not_checked_network_restricted,Not finalized: outbound link checking was blocked in sandbox.,Moved because Moderna already has a stronger kept row: Sr. GxP Product Manager (score 8).,Sr. GxP Product Manager,8
,,,5,"Senior Systems Engineer, GXP Systems",,Moderna,https://modernatx.wd1.myworkdayjobs.com/M_tx/job/Oxford---England/Senior-Systems-Engineer--GXP-Systems_R19086-1,onsite,"Technical Documentation, Change Management, SOPs, Workflow Automation, Data Pipelines, Legal Technology
Deterministic profile match: 6 profile skills mentioned; title alignment 0.0/3.0; domain signals 9. Title relevance penalty 1.0 applied.",,,,,,,,,https://modernatx.wd1.myworkdayjobs.com/M_tx/job/Oxford---England/Senior-Systems-Engineer--GXP-Systems_R19086-1,,,,2026-05-14T22:02:20.415246+00:00,not_checked_network_restricted,Not finalized: outbound link checking was blocked in sandbox.,Moved because Moderna already has a stronger kept row: Sr. GxP Product Manager (score 8).,Sr. GxP Product Manager,8
,,,5,ServiceNow Platform Developer,,Moderna,https://modernatx.wd1.myworkdayjobs.com/M_tx/job/Cambridge-Massachusetts/ServiceNow-Platform-Developer_R19216,onsite,"JavaScript, Ecommerce Workflows, VS Code, ServiceNow, Legal Technology
Deterministic profile match: 5 profile skills mentioned; title alignment 0.0/3.0; domain signals 8. Title relevance penalty 1.0 applied.",,,,,,,,,https://modernatx.wd1.myworkdayjobs.com/M_tx/job/Cambridge-Massachusetts/ServiceNow-Platform-Developer_R19216,,,,2026-05-19T03:50:28.124066+00:00,not_checked_network_restricted,Not finalized: outbound link checking was blocked in sandbox.,Moved because Moderna already has a stronger kept row: Sr. GxP Product Manager (score 8).,Sr. GxP Product Manager,8
,,,5,Sr. Digital Manufacturing Technical Specialist,,Moderna,https://modernatx.wd1.myworkdayjobs.com/M_tx/job/Norwood-Massachusetts/Sr-Digital-Manufacturing-Technical-Specialist_R19058,onsite,"Change Management, AI/ML, Deployment Workflows, Data Pipelines, Legal Technology
Deterministic profile match: 5 profile skills mentioned; title alignment 0.0/3.0; domain signals 8. Title relevance penalty 1.0 applied.",,,,,,,,,https://modernatx.wd1.myworkdayjobs.com/M_tx/job/Norwood-Massachusetts/Sr-Digital-Manufacturing-Technical-Specialist_R19058,,,,2026-05-14T22:02:20.415246+00:00,not_checked_network_restricted,Not finalized: outbound link checking was blocked in sandbox.,Moved because Moderna already has a stronger kept row: Sr. GxP Product Manager (score 8).,Sr. GxP Product Manager,8
,,,4,(Fixed Term) Data Quality Control Specialist. Clinical Biomarker Laboratory,,Moderna,https://modernatx.wd1.myworkdayjobs.com/M_tx/job/Oxford---England/XMLNAME--Fixed-Term--Data-Quality-Control-Specialist-Clinical-Biomarker-Laboratory_R19122,remote,"Root Cause Analysis, Change Management, SOPs, Risk Management, Legal Technology
Deterministic profile match: 5 profile skills mentioned; title alignment 0.0/3.0; domain signals 4. Title relevance penalty 1.0 applied.",,,,,,,,,https://modernatx.wd1.myworkdayjobs.com/M_tx/job/Oxford---England/XMLNAME--Fixed-Term--Data-Quality-Control-Specialist-Clinical-Biomarker-Laboratory_R19122,,,,2026-05-14T22:35:44.018180+00:00,not_checked_network_restricted,Not finalized: outbound link checking was blocked in sandbox.,Moved because Moderna already has a stronger kept row: Sr. GxP Product Manager (score 8).,Sr. GxP Product Manager,8
,,,4,"(Fixed Term) Specialist, Validation (CQV)",,Moderna,https://modernatx.wd1.myworkdayjobs.com/M_tx/job/Laval---Canada/XMLNAME--Fixed-Term--Specialist--Validation--CQV-_R19113,remote,"Root Cause Analysis, Technical Documentation, Change Management, Risk Management, Legal Technology
Deterministic profile match: 5 profile skills mentioned; title alignment 0.0/3.0; domain signals 5. Title relevance penalty 1.0 applied.",,,,,,,,,https://modernatx.wd1.myworkdayjobs.com/M_tx/job/Laval---Canada/XMLNAME--Fixed-Term--Specialist--Validation--CQV-_R19113,,,,2026-05-14T22:12:00.818278+00:00,not_checked_network_restricted,Not finalized: outbound link checking was blocked in sandbox.,Moved because Moderna already has a stronger kept row: Sr. GxP Product Manager (score 8).,Sr. GxP Product Manager,8
,,,4,"(Fixed-Term) Manufacturing Associate, Drug Substance - Shift Position",,Moderna,https://modernatx.wd1.myworkdayjobs.com/M_tx/job/Oxford---England/XMLNAME--Fixed-Term--Manufacturing-Associate--Drug-Substance---Shift-Position_R17824-1,remote,"SAFe, Lean Product Development, Change Management, SOPs, Audit Logging, Legal Technology
Deterministic profile match: 6 profile skills mentioned; title alignment 0.0/3.0; domain signals 2. Title relevance penalty 1.0 applied.",,,,,,,,,https://modernatx.wd1.myworkdayjobs.com/M_tx/job/Oxford---England/XMLNAME--Fixed-Term--Manufacturing-Associate--Drug-Substance---Shift-Position_R17824-1,,,,2026-05-14T22:46:13.005291+00:00,not_checked_network_restricted,Not finalized: outbound link checking was blocked in sandbox.,Moved because Moderna already has a stronger kept row: Sr. GxP Product Manager (score 8).,Sr. GxP Product Manager,8
,,,4,(à durée déterminée) Responsable de la Sécurité du Site /(Fixed-Term) Site Security Manager,,Moderna,https://modernatx.wd1.myworkdayjobs.com/M_tx/job/Laval---Canada/XMLNAME---dure-dtermine--Responsable-de-la-Scurit-du-Site---Fixed-Term--Site-Security-Manager_R18837-1,remote,"SAFe, Change Management, Training Enablement, Risk Management, System Monitoring, Legal Technology
Deterministic profile match: 6 profile skills mentioned; title alignment 0.0/3.0; domain signals 3. Title relevance penalty 1.0 applied.",,,,,,,,,https://modernatx.wd1.myworkdayjobs.com/M_tx/job/Laval---Canada/XMLNAME---dure-dtermine--Responsable-de-la-Scurit-du-Site---Fixed-Term--Site-Security-Manager_R18837-1,,,,2026-05-14T22:26:35.890133+00:00,not_checked_network_restricted,Not finalized: outbound link checking was blocked in sandbox.,Moved because Moderna already has a stronger kept row: Sr. GxP Product Manager (score 8).,Sr. GxP Product Manager,8
,,,4,"2026 Co-Op, Analytical Technical Operations",,Moderna,https://modernatx.wd1.myworkdayjobs.com/M_tx/job/Norwood-Massachusetts/XMLNAME-2026-Co-Op--Analytical-Technical-Operations_R18913,remote,"Root Cause Analysis, Program Management, Technical Documentation, Change Management, Legal Technology
Deterministic profile match: 5 profile skills mentioned; title alignment 0.0/3.0; domain signals 4. Title relevance penalty 1.0 applied.",,,,,,,,,https://modernatx.wd1.myworkdayjobs.com/M_tx/job/Norwood-Massachusetts/XMLNAME-2026-Co-Op--Analytical-Technical-Operations_R18913,,,,2026-05-14T22:12:00.818278+00:00,not_checked_network_restricted,Not finalized: outbound link checking was blocked in sandbox.,Moved because Moderna already has a stronger kept row: Sr. GxP Product Manager (score 8).,Sr. GxP Product Manager,8
,,,4,"2026 Co-Op, Business Support, Planning & Scheduling",,Moderna,https://modernatx.wd1.myworkdayjobs.com/M_tx/job/Norwood-Massachusetts/XMLNAME-2026-Co-Op--Business-Support--Planning---Scheduling_R19007,remote,"SAFe, Technical Documentation, Change Management, Scheduling Management, Smartsheet, Legal Technology
Deterministic profile match: 6 profile skills mentioned; title alignment 0.0/3.0; domain signals 4. Title relevance penalty 1.0 applied.",,,,,,,,,https://modernatx.wd1.myworkdayjobs.com/M_tx/job/Norwood-Massachusetts/XMLNAME-2026-Co-Op--Business-Support--Planning---Scheduling_R19007,,,,2026-05-14T22:12:00.818278+00:00,not_checked_network_restricted,Not finalized: outbound link checking was blocked in sandbox.,Moved because Moderna already has a stronger kept row: Sr. GxP Product Manager (score 8).,Sr. GxP Product Manager,8
,,,4,"2026 Co-Op, Supply Chain- Logistics Engineering",,Moderna,https://modernatx.wd1.myworkdayjobs.com/M_tx/job/Norwood-Massachusetts/XMLNAME-2026-Co-Op--Supply-Chain--Logistics-Engineering_R18942,remote,"Program Management, Technical Documentation, Presentation Skills, Change Management, SOPs, Legal Technology
Deterministic profile match: 6 profile skills mentioned; title alignment 0.0/3.0; domain signals 6. Title relevance penalty 1.0 applied.",,,,,,,,,https://modernatx.wd1.myworkdayjobs.com/M_tx/job/Norwood-Massachusetts/XMLNAME-2026-Co-Op--Supply-Chain--Logistics-Engineering_R18942,,,,2026-05-14T22:12:00.818278+00:00,not_checked_network_restricted,Not finalized: outbound link checking was blocked in sandbox.,Moved because Moderna already has a stronger kept row: Sr. GxP Product Manager (score 8).,Sr. GxP Product Manager,8
,,,4,"Associate Director, CMC Digital Operations and Strategic Portfolio Lead",,Moderna,https://modernatx.wd1.myworkdayjobs.com/M_tx/job/Cambridge-Massachusetts/Associate-Director--CMC-Digital-Operations-and-Strategic-Portfolio-Lead_R19000-1,onsite,"Software Project Management, Stakeholder Management, Program Management, Change Management, Resource Planning, AI/ML, Risk Management, Legal Technology
Deterministic profile match: 8 profile skills mentioned; title alignment 0.0/3.0; domain signals 10. Title relevance penalty 2.5 applied.",,,,,,,,,https://modernatx.wd1.myworkdayjobs.com/M_tx/job/Cambridge-Massachusetts/Associate-Director--CMC-Digital-Operations-and-Strategic-Portfolio-Lead_R19000-1,,,,2026-05-14T22:02:20.415246+00:00,not_checked_network_restricted,Not finalized: outbound link checking was blocked in sandbox.,Moved because Moderna already has a stronger kept row: Sr. GxP Product Manager (score 8).,Sr. GxP Product Manager,8
,,,4,"Country Head, Regulatory Affairs, Australia and New Zealand",,Moderna,https://modernatx.wd1.myworkdayjobs.com/M_tx/job/Melbourne---Australia/Country-Head--Regulatory-Affairs--Australia-and-New-Zealand_R19039-1,onsite,"Stakeholder Management, Change Management, Legal Technology
Deterministic profile match: 3 profile skills mentioned; title alignment 0.0/3.0; domain signals 6. Title relevance penalty 1.0 applied.",,,,,,,,,https://modernatx.wd1.myworkdayjobs.com/M_tx/job/Melbourne---Australia/Country-Head--Regulatory-Affairs--Australia-and-New-Zealand_R19039-1,,,,2026-05-14T22:12:00.818278+00:00,not_checked_network_restricted,Not finalized: outbound link checking was blocked in sandbox.,Moved because Moderna already has a stronger kept row: Sr. GxP Product Manager (score 8).,Sr. GxP Product Manager,8
,,,4,"Director, Technical Development Operations",,Moderna,https://modernatx.wd1.myworkdayjobs.com/M_tx/job/Norwood-Massachusetts/Director--Technical-Development-Operations_R18676-1,remote,"Stakeholder Management, Program Management, Change Management, SOPs, Risk Management, Deployment Workflows, Data Pipelines, Legal Technology
Deterministic profile match: 8 profile skills mentioned; title alignment 0.0/3.0; domain signals 9. Title relevance penalty 2.5 applied.",,,,,,,,,https://modernatx.wd1.myworkdayjobs.com/M_tx/job/Norwood-Massachusetts/Director--Technical-Development-Operations_R18676-1,,,,2026-05-14T22:12:00.818278+00:00,not_checked_network_restricted,Not finalized: outbound link checking was blocked in sandbox.,Moved because Moderna already has a stronger kept row: Sr. GxP Product Manager (score 8).,Sr. GxP Product Manager,8
,,,4,"Manager, Site Planning",,Moderna,https://modernatx.wd1.myworkdayjobs.com/M_tx/job/Melbourne---Australia/Manager--Site-Planning_R18382,onsite,"Root Cause Analysis, Customer Success, Change Management, Risk Management, Legal Technology
Deterministic profile match: 5 profile skills mentioned; title alignment 0.0/3.0; domain signals 5. Title relevance penalty 1.0 applied.",,,,,,,,,https://modernatx.wd1.myworkdayjobs.com/M_tx/job/Melbourne---Australia/Manager--Site-Planning_R18382,,,,2026-05-14T22:26:35.890133+00:00,not_checked_network_restricted,Not finalized: outbound link checking was blocked in sandbox.,Moved because Moderna already has a stronger kept row: Sr. GxP Product Manager (score 8).,Sr. GxP Product Manager,8
,,,4,"Manager, Treasury",,Moderna,https://modernatx.wd1.myworkdayjobs.com/M_tx/job/Cambridge-Massachusetts/Manager--Treasury_R19034-1,onsite,"Data Governance Frameworks, Program Management, Change Management, Risk Management, System Monitoring, Legal Technology
Deterministic profile match: 6 profile skills mentioned; title alignment 0.0/3.0; domain signals 2. Title relevance penalty 1.0 applied.",,,,,,,,,https://modernatx.wd1.myworkdayjobs.com/M_tx/job/Cambridge-Massachusetts/Manager--Treasury_R19034-1,,,,2026-05-14T22:26:35.890133+00:00,not_checked_network_restricted,Not finalized: outbound link checking was blocked in sandbox.,Moved because Moderna already has a stronger kept row: Sr. GxP Product Manager (score 8).,Sr. GxP Product Manager,8
,,,4,"Principal Research Associate, Analytical Development",,Moderna,https://modernatx.wd1.myworkdayjobs.com/M_tx/job/Norwood-Massachusetts/Principal-Research-Associate--Analytical-Development_R19209-1,remote,"Software Project Management, Program Management, Technical Documentation, Change Management, Legal Technology
Deterministic profile match: 5 profile skills mentioned; title alignment 0.0/3.0; domain signals 6. Title relevance penalty 1.0 applied.",,,,,,,,,https://modernatx.wd1.myworkdayjobs.com/M_tx/job/Norwood-Massachusetts/Principal-Research-Associate--Analytical-Development_R19209-1,,,,2026-05-19T03:50:28.124066+00:00,not_checked_network_restricted,Not finalized: outbound link checking was blocked in sandbox.,Moved because Moderna already has a stronger kept row: Sr. GxP Product Manager (score 8).,Sr. GxP Product Manager,8
,,,4,"Process Technician, Electrical",,Moderna,https://modernatx.wd1.myworkdayjobs.com/M_tx/job/Melbourne---Australia/Process-Technician--Electrical_R17966,remote,"SAFe, Program Management, Technical Documentation, Customer Success, Change Management, Legal Technology
Deterministic profile match: 6 profile skills mentioned; title alignment 0.0/3.0; domain signals 3. Title relevance penalty 1.0 applied.",,,,,,,,,https://modernatx.wd1.myworkdayjobs.com/M_tx/job/Melbourne---Australia/Process-Technician--Electrical_R17966,,,,2026-05-14T22:12:00.818278+00:00,not_checked_network_restricted,Not finalized: outbound link checking was blocked in sandbox.,Moved because Moderna already has a stronger kept row: Sr. GxP Product Manager (score 8).,Sr. GxP Product Manager,8
,,,4,"Quality Assurance for Quality Control, Australia",,Moderna,https://modernatx.wd1.myworkdayjobs.com/M_tx/job/Melbourne---Australia/Quality-Assurance-for-Quality-Control--Australia_R18625-1,onsite,"Technical Documentation, Change Management, QA Coordination, SOPs, Risk Management, Legal Technology
Deterministic profile match: 6 profile skills mentioned; title alignment 0.0/3.0; domain signals 3. Title relevance penalty 1.0 applied.",,,,,,,,,https://modernatx.wd1.myworkdayjobs.com/M_tx/job/Melbourne---Australia/Quality-Assurance-for-Quality-Control--Australia_R18625-1,,,,2026-05-14T22:12:00.818278+00:00,not_checked_network_restricted,Not finalized: outbound link checking was blocked in sandbox.,Moved because Moderna already has a stronger kept row: Sr. GxP Product Manager (score 8).,Sr. GxP Product Manager,8
,,,4,"Regional Account Manager – Baltimore, MD",,Moderna,https://modernatx.wd1.myworkdayjobs.com/M_tx/job/Remote---US/Regional-Account-Manager---Baltimore--MD_R18908-2,remote,"Presentation Skills, Customer Success, Change Management, Risk Management, Legal Technology
Deterministic profile match: 5 profile skills mentioned; title alignment 0.0/3.0; domain signals 4. Title relevance penalty 1.0 applied.",,,,,,,,,https://modernatx.wd1.myworkdayjobs.com/M_tx/job/Remote---US/Regional-Account-Manager---Baltimore--MD_R18908-2,,,,2026-05-14T22:35:44.018180+00:00,not_checked_network_restricted,Not finalized: outbound link checking was blocked in sandbox.,Moved because Moderna already has a stronger kept row: Sr. GxP Product Manager (score 8).,Sr. GxP Product Manager,8
,,,4,"Responsable Environnement, Santé et Sécurité (EHS) du Site / Sr. Manager, Site Environment, Health & Safety (EHS) Lead",,Moderna,https://modernatx.wd1.myworkdayjobs.com/M_tx/job/Laval---Canada/Responsable-Environnement--Sant-et-Scurit--EHS--du-Site---Sr-Manager--Site-Environment--Health---Safety--EHS--Lead_R19103,remote,"Stakeholder Management, Technical Documentation, Change Management, Risk Management, Legal Technology
Deterministic profile match: 5 profile skills mentioned; title alignment 0.0/3.0; domain signals 5. Title relevance penalty 1.0 applied.",,,,,,,,,https://modernatx.wd1.myworkdayjobs.com/M_tx/job/Laval---Canada/Responsable-Environnement--Sant-et-Scurit--EHS--du-Site---Sr-Manager--Site-Environment--Health---Safety--EHS--Lead_R19103,,,,2026-05-14T22:12:00.818278+00:00,not_checked_network_restricted,Not finalized: outbound link checking was blocked in sandbox.,Moved because Moderna already has a stronger kept row: Sr. GxP Product Manager (score 8).,Sr. GxP Product Manager,8
,,,4,"Responsable d’équipe, Production de vaccins à ARNm – Quart de nuit / Team Lead, mRNA Vaccines Production - Night Shift",,Moderna,https://modernatx.wd1.myworkdayjobs.com/M_tx/job/Laval---Canada/Responsable-d-quipe--Production-de-vaccins--ARNm---Quart-de-nuit---Team-Lead--mRNA-Vaccines-Production---Night-Shift_R18731,remote,"Change Management, SOPs, Legal Technology
Deterministic profile match: 3 profile skills mentioned; title alignment 0.0/3.0; domain signals 2.",,,,,,,,,https://modernatx.wd1.myworkdayjobs.com/M_tx/job/Laval---Canada/Responsable-d-quipe--Production-de-vaccins--ARNm---Quart-de-nuit---Team-Lead--mRNA-Vaccines-Production---Night-Shift_R18731,,,,2026-05-14T22:26:35.890133+00:00,not_checked_network_restricted,Not finalized: outbound link checking was blocked in sandbox.,Moved because Moderna already has a stronger kept row: Sr. GxP Product Manager (score 8).,Sr. GxP Product Manager,8
,,,4,"Senior Analyst, Indirect Tax (VAT)",,Moderna,https://modernatx.wd1.myworkdayjobs.com/M_tx/job/Warsaw---Poland/Senior-Analyst--Tax-and-Treasury_R19057,onsite,"Stakeholder Management, Change Management, Legal Technology
Deterministic profile match: 3 profile skills mentioned; title alignment 0.0/3.0; domain signals 6. Title relevance penalty 1.0 applied.",,,,,,,,,https://modernatx.wd1.myworkdayjobs.com/M_tx/job/Warsaw---Poland/Senior-Analyst--Tax-and-Treasury_R19057,,,,2026-05-14T22:12:00.818278+00:00,not_checked_network_restricted,Not finalized: outbound link checking was blocked in sandbox.,Moved because Moderna already has a stronger kept row: Sr. GxP Product Manager (score 8).,Sr. GxP Product Manager,8
,,,4,"Senior Engineer I, Process Engineering",,Moderna,https://modernatx.wd1.myworkdayjobs.com/M_tx/job/Norwood-Massachusetts/Senior-Engineer-I--Process-Engineering_R18834-1,remote,"Root Cause Analysis, Technical Documentation, Legal Technology
Deterministic profile match: 3 profile skills mentioned; title alignment 0.0/3.0; domain signals 6. Title relevance penalty 1.0 applied.",,,,,,,,,https://modernatx.wd1.myworkdayjobs.com/M_tx/job/Norwood-Massachusetts/Senior-Engineer-I--Process-Engineering_R18834-1,,,,2026-05-14T22:12:00.818278+00:00,not_checked_network_restricted,Not finalized: outbound link checking was blocked in sandbox.,Moved because Moderna already has a stronger kept row: Sr. GxP Product Manager (score 8).,Sr. GxP Product Manager,8
,,,4,"Senior Engineer I, Process Engineering",,Moderna,https://modernatx.wd1.myworkdayjobs.com/M_tx/job/Norwood-Massachusetts/Senior-Engineer-I--Process-Engineering_R18845-1,onsite,"Root Cause Analysis, Technical Documentation, Legal Technology
Deterministic profile match: 3 profile skills mentioned; title alignment 0.0/3.0; domain signals 6. Title relevance penalty 1.0 applied.",,,,,,,,,https://modernatx.wd1.myworkdayjobs.com/M_tx/job/Norwood-Massachusetts/Senior-Engineer-I--Process-Engineering_R18845-1,,,,2026-05-14T22:12:00.818278+00:00,not_checked_network_restricted,Not finalized: outbound link checking was blocked in sandbox.,Moved because Moderna already has a stronger kept row: Sr. GxP Product Manager (score 8).,Sr. GxP Product Manager,8
,,,4,"Senior Engineer II, Applied Technologies",,Moderna,https://modernatx.wd1.myworkdayjobs.com/M_tx/job/Norwood-Massachusetts/Senior-Engineer-II--Applied-Technologies_R18643-1,remote,"Python, Lean Product Development, A/B Testing, Change Management, Legal Technology
Deterministic profile match: 5 profile skills mentioned; title alignment 0.0/3.0; domain signals 5. Title relevance penalty 1.0 applied.",,,,,,,,,https://modernatx.wd1.myworkdayjobs.com/M_tx/job/Norwood-Massachusetts/Senior-Engineer-II--Applied-Technologies_R18643-1,,,,2026-05-14T22:12:00.818278+00:00,not_checked_network_restricted,Not finalized: outbound link checking was blocked in sandbox.,Moved because Moderna already has a stronger kept row: Sr. GxP Product Manager (score 8).,Sr. GxP Product Manager,8
,,,4,"Senior GxP Engineer, Endpoint Engineer",,Moderna,https://modernatx.wd1.myworkdayjobs.com/M_tx/job/Cambridge-Massachusetts/GxP-Endpoint-Engineer_R18517-1,onsite,"Technical Documentation, Change Management, SOPs, Deployment Workflows, ServiceNow, Legal Technology
Deterministic profile match: 6 profile skills mentioned; title alignment 0.0/3.0; domain signals 6. Title relevance penalty 1.0 applied.",,,,,,,,,https://modernatx.wd1.myworkdayjobs.com/M_tx/job/Cambridge-Massachusetts/GxP-Endpoint-Engineer_R18517-1,,,,2026-05-14T22:12:00.818278+00:00,not_checked_network_restricted,Not finalized: outbound link checking was blocked in sandbox.,Moved because Moderna already has a stronger kept row: Sr. GxP Product Manager (score 8).,Sr. GxP Product Manager,8
,,,4,Senior Manager - Engineering & Maintenance,,Moderna,https://modernatx.wd1.myworkdayjobs.com/M_tx/job/Oxford---England/Senior-Manager---Engineering---Maintenance_R18990-1,remote,"Stakeholder Management, Program Management, Change Management, Legal Technology
Deterministic profile match: 4 profile skills mentioned; title alignment 0.0/3.0; domain signals 5. Title relevance penalty 1.0 applied.",,,,,,,,,https://modernatx.wd1.myworkdayjobs.com/M_tx/job/Oxford---England/Senior-Manager---Engineering---Maintenance_R18990-1,,,,2026-05-14T22:12:00.818278+00:00,not_checked_network_restricted,Not finalized: outbound link checking was blocked in sandbox.,Moved because Moderna already has a stronger kept row: Sr. GxP Product Manager (score 8).,Sr. GxP Product Manager,8
,,,4,"Senior Manager, Financial Planning & Analysis, CMC",,Moderna,https://modernatx.wd1.myworkdayjobs.com/M_tx/job/Cambridge-Massachusetts/Senior-Manager--Financial-Planning---Analysis--CMC_R19127,onsite,"Software Project Management, Root Cause Analysis, Technical Documentation, Presentation Skills, Change Management, Legal Technology
Deterministic profile match: 6 profile skills mentioned; title alignment 0.0/3.0; domain signals 5. Title relevance penalty 1.0 applied.",,,,,,,,,https://modernatx.wd1.myworkdayjobs.com/M_tx/job/Cambridge-Massachusetts/Senior-Manager--Financial-Planning---Analysis--CMC_R19127,,,,2026-05-14T22:02:20.415246+00:00,not_checked_network_restricted,Not finalized: outbound link checking was blocked in sandbox.,Moved because Moderna already has a stronger kept row: Sr. GxP Product Manager (score 8).,Sr. GxP Product Manager,8
,,,4,"Senior Windows Engineer,  Active Directory and Server Platforms",,Moderna,https://modernatx.wd1.myworkdayjobs.com/M_tx/job/Cambridge-Massachusetts/Windows-Engineer_R18518-1,hybrid,"Root Cause Analysis, Change Management, System Monitoring, Policy Automation, AWS, Legal Technology
Deterministic profile match: 6 profile skills mentioned; title alignment 0.0/3.0; domain signals 6. Title relevance penalty 1.0 applied.",,,,,,,,,https://modernatx.wd1.myworkdayjobs.com/M_tx/job/Cambridge-Massachusetts/Windows-Engineer_R18518-1,,,,2026-05-14T22:12:00.818278+00:00,not_checked_network_restricted,Not finalized: outbound link checking was blocked in sandbox.,Moved because Moderna already has a stronger kept row: Sr. GxP Product Manager (score 8).,Sr. GxP Product Manager,8
,,,4,Software Engineer,,Moderna,https://modernatx.wd1.myworkdayjobs.com/M_tx/job/Warsaw---Poland/Software-Engineer_R19072-1,onsite,"Python, JavaScript, CI/CD Collaboration, Technical Documentation, Deployment Workflows, AWS, GitHub, Legal Technology
Deterministic profile match: 8 profile skills mentioned; title alignment 0.0/3.0; domain signals 6. Title relevance penalty 2.5 applied.",,,,,,,,,https://modernatx.wd1.myworkdayjobs.com/M_tx/job/Warsaw---Poland/Software-Engineer_R19072-1,,,,2026-05-14T22:02:20.415246+00:00,not_checked_network_restricted,Not finalized: outbound link checking was blocked in sandbox.,Moved because Moderna already has a stronger kept row: Sr. GxP Product Manager (score 8).,Sr. GxP Product Manager,8
,,,4,"Specialist, Facilities Management",,Moderna,https://modernatx.wd1.myworkdayjobs.com/M_tx/job/Norwood-Massachusetts/Specialist--Facilities-Management_R19212-1,onsite,"AWS, ERP, SOPs
Deterministic refreshed score: 3 profile skills mentioned
title alignment 0.0/3.0
domain signals 10",,,,,,,,,https://modernatx.wd1.myworkdayjobs.com/M_tx/job/Norwood-Massachusetts/Specialist--Facilities-Management_R19212-1,,,,2026-05-20T23:50:21.178016+00:00,not_checked_network_restricted,Added from ApplyPilot DB; outbound link checking was blocked in sandbox.,Moved because Moderna already has a stronger kept row: Sr. GxP Product Manager (score 8).,Sr. GxP Product Manager,8
,,,4,Sr. Automation Engineer,,Moderna,https://modernatx.wd1.myworkdayjobs.com/M_tx/job/Cambridge-Massachusetts/Sr-Automation-Engineer_R19099-1,unknown,"Software Project Management, Mentoring, Jira, GitHub
Deterministic profile match: 4 profile skills mentioned; title alignment 0.0/3.0; domain signals 7. Title relevance penalty 1.0 applied.",,,,,,,,,https://modernatx.wd1.myworkdayjobs.com/M_tx/job/Cambridge-Massachusetts/Sr-Automation-Engineer_R19099-1,,,,2026-05-14T22:02:20.415246+00:00,not_checked_network_restricted,Not finalized: outbound link checking was blocked in sandbox.,Moved because Moderna already has a stronger kept row: Sr. GxP Product Manager (score 8).,Sr. GxP Product Manager,8
,,,4,Sr. Automation Engineer,,Moderna,https://modernatx.wd1.myworkdayjobs.com/M_tx/job/Norwood-Massachusetts/Sr-Automation-Engineer_R19077,remote,"Technical Documentation, Change Management, Scheduling Management, Deployment Workflows, Legal Technology
Deterministic profile match: 5 profile skills mentioned; title alignment 0.0/3.0; domain signals 6. Title relevance penalty 1.0 applied.",,,,,,,,,https://modernatx.wd1.myworkdayjobs.com/M_tx/job/Norwood-Massachusetts/Sr-Automation-Engineer_R19077,,,,2026-05-14T22:02:20.415246+00:00,not_checked_network_restricted,Not finalized: outbound link checking was blocked in sandbox.,Moved because Moderna already has a stronger kept row: Sr. GxP Product Manager (score 8).,Sr. GxP Product Manager,8
,,,4,"Sr. Engineer, GxP Systems",,Moderna,https://modernatx.wd1.myworkdayjobs.com/M_tx/job/Norwood-Massachusetts/Sr-Engineer-I--GxP-Systems_R19156,unknown,"SDLC, Root Cause Analysis, Change Management, SOPs, Risk Management
Deterministic profile match: 5 profile skills mentioned; title alignment 0.0/3.0; domain signals 5. Title relevance penalty 1.0 applied.",,,,,,,,,https://modernatx.wd1.myworkdayjobs.com/M_tx/job/Norwood-Massachusetts/Sr-Engineer-I--GxP-Systems_R19156,,,,2026-05-14T22:41:16.493511+00:00,not_checked_network_restricted,Not finalized: outbound link checking was blocked in sandbox.,Moved because Moderna already has a stronger kept row: Sr. GxP Product Manager (score 8).,Sr. GxP Product Manager,8
,,,4,"Sr. Manager, CMC Stability",,Moderna,https://modernatx.wd1.myworkdayjobs.com/M_tx/job/Norwood-Massachusetts/Sr-Manager--CMC-Stability_R19050-1,remote,"Program Management, Technical Documentation, Change Management, Risk Management, Legal Technology
Deterministic profile match: 5 profile skills mentioned; title alignment 0.0/3.0; domain signals 5. Title relevance penalty 1.0 applied.",,,,,,,,,https://modernatx.wd1.myworkdayjobs.com/M_tx/job/Norwood-Massachusetts/Sr-Manager--CMC-Stability_R19050-1,,,,2026-05-14T22:12:00.818278+00:00,not_checked_network_restricted,Not finalized: outbound link checking was blocked in sandbox.,Moved because Moderna already has a stronger kept row: Sr. GxP Product Manager (score 8).,Sr. GxP Product Manager,8
,,,4,"Team Lead, Quality Control, Product Testing & Stability",,Moderna,https://modernatx.wd1.myworkdayjobs.com/M_tx/job/Melbourne---Australia/Team-Lead--Quality-Control--Product-Testing---Stability_R19121,remote,"Change Management, SOPs, Legal Technology
Deterministic profile match: 3 profile skills mentioned; title alignment 0.0/3.0; domain signals 4.",,,,,,,,,https://modernatx.wd1.myworkdayjobs.com/M_tx/job/Melbourne---Australia/Team-Lead--Quality-Control--Product-Testing---Stability_R19121,,,,2026-05-14T22:12:00.818278+00:00,not_checked_network_restricted,Not finalized: outbound link checking was blocked in sandbox.,Moved because Moderna already has a stronger kept row: Sr. GxP Product Manager (score 8).,Sr. GxP Product Manager,8
,,,3,"(Fixed Term) Analyst, Quality Control, Chemistry & Stability",,Moderna,https://modernatx.wd1.myworkdayjobs.com/M_tx/job/Oxford---England/XMLNAME--Fixed-Term--Analyst--Quality-Control--Chemistry---Stability_R19085-1,onsite,"SAFe, Program Management, Change Management, SOPs, Legal Technology
Deterministic profile match: 5 profile skills mentioned; title alignment 0.0/3.0; domain signals 3. Title relevance penalty 1.0 applied.",,,,,,,,,https://modernatx.wd1.myworkdayjobs.com/M_tx/job/Oxford---England/XMLNAME--Fixed-Term--Analyst--Quality-Control--Chemistry---Stability_R19085-1,,,,2026-05-14T22:26:35.890133+00:00,not_checked_network_restricted,Not finalized: outbound link checking was blocked in sandbox.,Moved because Moderna already has a stronger kept row: Sr. GxP Product Manager (score 8).,Sr. GxP Product Manager,8
,,,3,(Fixed Term) Manufacturing Associate I,,Moderna,https://modernatx.wd1.myworkdayjobs.com/M_tx/job/Oxford---England/XMLNAME--Fixed-Term--Manufacturing-Associate-I_R19114,remote,"SAFe, Root Cause Analysis, Technical Documentation, Change Management, Legal Technology
Deterministic profile match: 5 profile skills mentioned; title alignment 0.0/3.0; domain signals 3. Title relevance penalty 1.0 applied.",,,,,,,,,https://modernatx.wd1.myworkdayjobs.com/M_tx/job/Oxford---England/XMLNAME--Fixed-Term--Manufacturing-Associate-I_R19114,,,,2026-05-14T22:12:00.818278+00:00,not_checked_network_restricted,Not finalized: outbound link checking was blocked in sandbox.,Moved because Moderna already has a stronger kept row: Sr. GxP Product Manager (score 8).,Sr. GxP Product Manager,8
,,,3,"(Fixed Term) Senior Research Associate, Clinical Biomarker Laboratory, Flow Cytometry",,Moderna,https://modernatx.wd1.myworkdayjobs.com/M_tx/job/Oxford---England/XMLNAME--Fixed-Term--Senior-Research-Associate--Clinical-Biomarker-Laboratory--Flow-Cytometry_R19237,remote,"PHP, Presentation Skills, SAFe
Deterministic refreshed score: 3 profile skills mentioned
title alignment 0.0/3.0
domain signals 7",,,,,,,,,https://modernatx.wd1.myworkdayjobs.com/M_tx/job/Oxford---England/XMLNAME--Fixed-Term--Senior-Research-Associate--Clinical-Biomarker-Laboratory--Flow-Cytometry_R19237,,,,2026-05-20T23:46:02.873249+00:00,not_checked_network_restricted,Added from ApplyPilot DB; outbound link checking was blocked in sandbox.,Moved because Moderna already has a stronger kept row: Sr. GxP Product Manager (score 8).,Sr. GxP Product Manager,8
,,,3,(Fixed-Term) Manufacturing Associate II - Shift Position,,Moderna,https://modernatx.wd1.myworkdayjobs.com/M_tx/job/Oxford---England/XMLNAME--Fixed-Term--Manufacturing-Associate---Shift-Position_R17721-1,remote,"SAFe, Technical Documentation, Change Management, Legal Technology
Deterministic profile match: 4 profile skills mentioned; title alignment 0.0/3.0; domain signals 3. Title relevance penalty 1.0 applied.",,,,,,,,,https://modernatx.wd1.myworkdayjobs.com/M_tx/job/Oxford---England/XMLNAME--Fixed-Term--Manufacturing-Associate---Shift-Position_R17721-1,,,,2026-05-14T22:12:00.818278+00:00,not_checked_network_restricted,Not finalized: outbound link checking was blocked in sandbox.,Moved because Moderna already has a stronger kept row: Sr. GxP Product Manager (score 8).,Sr. GxP Product Manager,8
,,,3,"2026 Co-Op, Mass Spec",,Moderna,https://modernatx.wd1.myworkdayjobs.com/M_tx/job/Norwood-Massachusetts/XMLNAME-2026-Co-Op--Mass-Spec_R18900,onsite,"Program Management, Change Management, Risk Management, Legal Technology
Deterministic profile match: 4 profile skills mentioned; title alignment 0.0/3.0; domain signals 4. Title relevance penalty 1.0 applied.",,,,,,,,,https://modernatx.wd1.myworkdayjobs.com/M_tx/job/Norwood-Massachusetts/XMLNAME-2026-Co-Op--Mass-Spec_R18900,,,,2026-05-14T22:12:00.818278+00:00,not_checked_network_restricted,Not finalized: outbound link checking was blocked in sandbox.,Moved because Moderna already has a stronger kept row: Sr. GxP Product Manager (score 8).,Sr. GxP Product Manager,8
,,,3,"Analyst, US Commercial Contract Operations",,Moderna,https://modernatx.wd1.myworkdayjobs.com/M_tx/job/Warsaw---Poland/Analyst--US-Commercial-Contract-Operations_R18902,onsite,"Presentation Skills, Customer Success, Change Management, Database Access Governance, Legal Technology
Deterministic profile match: 5 profile skills mentioned; title alignment 0.0/3.0; domain signals 2. Title relevance penalty 1.0 applied.",,,,,,,,,https://modernatx.wd1.myworkdayjobs.com/M_tx/job/Warsaw---Poland/Analyst--US-Commercial-Contract-Operations_R18902,,,,2026-05-14T22:26:35.890133+00:00,not_checked_network_restricted,Not finalized: outbound link checking was blocked in sandbox.,Moved because Moderna already has a stronger kept row: Sr. GxP Product Manager (score 8).,Sr. GxP Product Manager,8
,,,3,"Associate Director, Clinical Operations Pricing and Analytics",,Moderna,https://modernatx.wd1.myworkdayjobs.com/M_tx/job/Cambridge-Massachusetts/Associate-Director--Business-Analytics---Insights--Clinical-Operations_R18479-2,onsite,"SQL, Change Management, Database Access Governance, Power BI, Legal Technology
Deterministic profile match: 5 profile skills mentioned; title alignment 0.0/3.0; domain signals 6. Title relevance penalty 2.5 applied.",,,,,,,,,https://modernatx.wd1.myworkdayjobs.com/M_tx/job/Cambridge-Massachusetts/Associate-Director--Business-Analytics---Insights--Clinical-Operations_R18479-2,,,,2026-05-14T22:35:44.018180+00:00,not_checked_network_restricted,Not finalized: outbound link checking was blocked in sandbox.,Moved because Moderna already has a stronger kept row: Sr. GxP Product Manager (score 8).,Sr. GxP Product Manager,8
,,,3,"Associate Director, Clinical Operations, Pricing and Analytics",,Moderna,https://modernatx.wd1.myworkdayjobs.com/M_tx/job/Oxford---England/Associate-Director--Clinical-Operations--Pricing-and-Analytics_R19044,onsite,"SQL, Change Management, Database Access Governance, Power BI, Legal Technology
Deterministic profile match: 5 profile skills mentioned; title alignment 0.0/3.0; domain signals 6. Title relevance penalty 2.5 applied.",,,,,,,,,https://modernatx.wd1.myworkdayjobs.com/M_tx/job/Oxford---England/Associate-Director--Clinical-Operations--Pricing-and-Analytics_R19044,,,,2026-05-14T22:35:44.018180+00:00,not_checked_network_restricted,Not finalized: outbound link checking was blocked in sandbox.,Moved because Moderna already has a stronger kept row: Sr. GxP Product Manager (score 8).,Sr. GxP Product Manager,8
,,,3,"Associate Director, Logistics Operations INT & 3PL Management",,Moderna,https://modernatx.wd1.myworkdayjobs.com/M_tx/job/Norwood-Massachusetts/Associate-Director--Logistics-Operations-INT---3PL-Management_R18951-1,onsite,"Change Management, ERP, AI/ML, System Monitoring, Legal Technology
Deterministic profile match: 5 profile skills mentioned; title alignment 0.0/3.0; domain signals 6. Title relevance penalty 2.5 applied.",,,,,,,,,https://modernatx.wd1.myworkdayjobs.com/M_tx/job/Norwood-Massachusetts/Associate-Director--Logistics-Operations-INT---3PL-Management_R18951-1,,,,2026-05-14T22:02:20.415246+00:00,not_checked_network_restricted,Not finalized: outbound link checking was blocked in sandbox.,Moved because Moderna already has a stronger kept row: Sr. GxP Product Manager (score 8).,Sr. GxP Product Manager,8
,,,3,"Associate Director, Resilience Strategic Partnerships – UK",,Moderna,https://modernatx.wd1.myworkdayjobs.com/M_tx/job/London---England/Associate-Director--Resilience-Strategic-Partnerships---UK_R19054-1,onsite,"Program Management, Technical Documentation, Customer Success, Change Management, Resource Planning, Risk Management, Legal Technology
Deterministic profile match: 7 profile skills mentioned; title alignment 0.0/3.0; domain signals 5. Title relevance penalty 2.5 applied.",,,,,,,,,https://modernatx.wd1.myworkdayjobs.com/M_tx/job/London---England/Associate-Director--Resilience-Strategic-Partnerships---UK_R19054-1,,,,2026-05-14T22:12:00.818278+00:00,not_checked_network_restricted,Not finalized: outbound link checking was blocked in sandbox.,Moved because Moderna already has a stronger kept row: Sr. GxP Product Manager (score 8).,Sr. GxP Product Manager,8
,,,3,"Director, Clinical Pharmacology",,Moderna,https://modernatx.wd1.myworkdayjobs.com/M_tx/job/Cambridge-Massachusetts/Director--Clinical-Pharmacology_R18458-1,onsite,"Software Project Management, Program Management, Change Management, Risk Management, Legal Technology
Deterministic profile match: 5 profile skills mentioned; title alignment 0.0/3.0; domain signals 6. Title relevance penalty 2.5 applied.",,,,,,,,,https://modernatx.wd1.myworkdayjobs.com/M_tx/job/Cambridge-Massachusetts/Director--Clinical-Pharmacology_R18458-1,,,,2026-05-14T22:02:20.415246+00:00,not_checked_network_restricted,Not finalized: outbound link checking was blocked in sandbox.,Moved because Moderna already has a stronger kept row: Sr. GxP Product Manager (score 8).,Sr. GxP Product Manager,8
,,,3,"Engineer III, Electrical",,Moderna,https://modernatx.wd1.myworkdayjobs.com/M_tx/job/Norwood-Massachusetts/Engineer-III--Electrical_R18844-1,remote,"SAFe, Root Cause Analysis, Legal Technology
Deterministic profile match: 3 profile skills mentioned; title alignment 0.0/3.0; domain signals 3. Title relevance penalty 1.0 applied.",,,,,,,,,https://modernatx.wd1.myworkdayjobs.com/M_tx/job/Norwood-Massachusetts/Engineer-III--Electrical_R18844-1,,,,2026-05-14T22:12:00.818278+00:00,not_checked_network_restricted,Not finalized: outbound link checking was blocked in sandbox.,Moved because Moderna already has a stronger kept row: Sr. GxP Product Manager (score 8).,Sr. GxP Product Manager,8
,,,3,"FP&A Principal Analyst, Drug Substance Finance",,Moderna,https://modernatx.wd1.myworkdayjobs.com/M_tx/job/Warsaw---Poland/FP-A-Principal-Analyst--Drug-Substance-Finance_R18707-1,onsite,"Program Management, Presentation Skills, Change Management, ERP, Legal Technology
Deterministic profile match: 5 profile skills mentioned; title alignment 0.0/3.0; domain signals 3. Title relevance penalty 1.0 applied.",,,,,,,,,https://modernatx.wd1.myworkdayjobs.com/M_tx/job/Warsaw---Poland/FP-A-Principal-Analyst--Drug-Substance-Finance_R18707-1,,,,2026-05-14T22:26:35.890133+00:00,not_checked_network_restricted,Not finalized: outbound link checking was blocked in sandbox.,Moved because Moderna already has a stronger kept row: Sr. GxP Product Manager (score 8).,Sr. GxP Product Manager,8
,,,3,Fixed Term Manufacturing Associate II,,Moderna,https://modernatx.wd1.myworkdayjobs.com/M_tx/job/Oxford---England/Fixed-Term-Manufacturing-Associate-II_R19105,remote,"SAFe, Root Cause Analysis, Change Management, Legal Technology
Deterministic profile match: 4 profile skills mentioned; title alignment 0.0/3.0; domain signals 3. Title relevance penalty 1.0 applied.",,,,,,,,,https://modernatx.wd1.myworkdayjobs.com/M_tx/job/Oxford---England/Fixed-Term-Manufacturing-Associate-II_R19105,,,,2026-05-14T22:35:44.018180+00:00,not_checked_network_restricted,Not finalized: outbound link checking was blocked in sandbox.,Moved because Moderna already has a stronger kept row: Sr. GxP Product Manager (score 8).,Sr. GxP Product Manager,8
,,,3,Head of Translational Medicine,,Moderna,https://modernatx.wd1.myworkdayjobs.com/M_tx/job/Cambridge-Massachusetts/Head-of-Translational-Medicine_R19220,onsite,"AWS, ERP
Deterministic refreshed score: 2 profile skills mentioned
title alignment 0.0/3.0
domain signals 7",,,,,,,,,https://modernatx.wd1.myworkdayjobs.com/M_tx/job/Cambridge-Massachusetts/Head-of-Translational-Medicine_R19220,,,,2026-05-20T23:50:21.178016+00:00,not_checked_network_restricted,Added from ApplyPilot DB; outbound link checking was blocked in sandbox.,Moved because Moderna already has a stronger kept row: Sr. GxP Product Manager (score 8).,Sr. GxP Product Manager,8
,,,3,Legal Business Partner,,Moderna,https://modernatx.wd1.myworkdayjobs.com/M_tx/job/Warsaw---Poland/Legal-Business-Partner_R18699-1,onsite,"Requirements Gathering, Change Management, Legal Technology
Deterministic profile match: 3 profile skills mentioned; title alignment 0.0/3.0; domain signals 3. Title relevance penalty 1.0 applied.",,,,,,,,,https://modernatx.wd1.myworkdayjobs.com/M_tx/job/Warsaw---Poland/Legal-Business-Partner_R18699-1,,,,2026-05-14T22:35:44.018180+00:00,not_checked_network_restricted,Not finalized: outbound link checking was blocked in sandbox.,Moved because Moderna already has a stronger kept row: Sr. GxP Product Manager (score 8).,Sr. GxP Product Manager,8
,,,3,"Market Access & Public Affairs Lead, Italy",,Moderna,https://modernatx.wd1.myworkdayjobs.com/M_tx/job/Remote---Italy/Market-Access---Public-Affairs-Lead--Italy_R18740-1,remote,"Stakeholder Management, Change Management, Risk Management, Legal Technology
Deterministic profile match: 4 profile skills mentioned; title alignment 0.0/3.0; domain signals 4. Title relevance penalty 1.0 applied.",,,,,,,,,https://modernatx.wd1.myworkdayjobs.com/M_tx/job/Remote---Italy/Market-Access---Public-Affairs-Lead--Italy_R18740-1,,,,2026-05-14T22:12:00.818278+00:00,not_checked_network_restricted,Not finalized: outbound link checking was blocked in sandbox.,Moved because Moderna already has a stronger kept row: Sr. GxP Product Manager (score 8).,Sr. GxP Product Manager,8
,,,3,National Market Access Lead (m/w/d),,Moderna,https://modernatx.wd1.myworkdayjobs.com/M_tx/job/Munich---Germany/National-Market-Access-Lead--m-w-d-_R18556-1,onsite,"Stakeholder Management, Change Management, Legal Technology
Deterministic profile match: 3 profile skills mentioned; title alignment 0.0/3.0; domain signals 5. Title relevance penalty 1.0 applied.",,,,,,,,,https://modernatx.wd1.myworkdayjobs.com/M_tx/job/Munich---Germany/National-Market-Access-Lead--m-w-d-_R18556-1,,,,2026-05-14T22:26:35.890133+00:00,not_checked_network_restricted,Not finalized: outbound link checking was blocked in sandbox.,Moved because Moderna already has a stronger kept row: Sr. GxP Product Manager (score 8).,Sr. GxP Product Manager,8
,,,3,"Principal Engineer, HVAC, Mechanical, and Sustainability",,Moderna,https://modernatx.wd1.myworkdayjobs.com/M_tx/job/Norwood-Massachusetts/Principal-Engineer--HVAC--Mechanical--and-Sustainability_R18856-1,remote,"Technical Documentation, Change Management, Legal Technology
Deterministic profile match: 3 profile skills mentioned; title alignment 0.0/3.0; domain signals 4. Title relevance penalty 1.0 applied.",,,,,,,,,https://modernatx.wd1.myworkdayjobs.com/M_tx/job/Norwood-Massachusetts/Principal-Engineer--HVAC--Mechanical--and-Sustainability_R18856-1,,,,2026-05-14T22:12:00.818278+00:00,not_checked_network_restricted,Not finalized: outbound link checking was blocked in sandbox.,Moved because Moderna already has a stronger kept row: Sr. GxP Product Manager (score 8).,Sr. GxP Product Manager,8
,,,3,"Principal Research Associate, Analytical Development",,Moderna,https://modernatx.wd1.myworkdayjobs.com/M_tx/job/Norwood-Massachusetts/Principal-Research-Associate--Analytical-Development_R19026-1,remote,"Technical Documentation, Change Management, Legal Technology
Deterministic profile match: 3 profile skills mentioned; title alignment 0.0/3.0; domain signals 5. Title relevance penalty 1.0 applied.",,,,,,,,,https://modernatx.wd1.myworkdayjobs.com/M_tx/job/Norwood-Massachusetts/Principal-Research-Associate--Analytical-Development_R19026-1,,,,2026-05-14T22:12:00.818278+00:00,not_checked_network_restricted,Not finalized: outbound link checking was blocked in sandbox.,Moved because Moderna already has a stronger kept row: Sr. GxP Product Manager (score 8).,Sr. GxP Product Manager,8
,,,3,"Principal Scientist, Process Development (Expression Systems)",,Moderna,https://modernatx.wd1.myworkdayjobs.com/M_tx/job/Norwood-Massachusetts/Principal-Scientist--Process-Development--Expression-Systems-_R19227-1,onsite,"AWS, ERP
Deterministic refreshed score: 2 profile skills mentioned
title alignment 0.0/3.0
domain signals 9",,,,,,,,,https://modernatx.wd1.myworkdayjobs.com/M_tx/job/Norwood-Massachusetts/Principal-Scientist--Process-Development--Expression-Systems-_R19227-1,,,,2026-05-20T23:50:21.178016+00:00,not_checked_network_restricted,Added from ApplyPilot DB; outbound link checking was blocked in sandbox.,Moved because Moderna already has a stronger kept row: Sr. GxP Product Manager (score 8).,Sr. GxP Product Manager,8
,,,3,"Process Technician, Mechanical",,Moderna,https://modernatx.wd1.myworkdayjobs.com/M_tx/job/Melbourne---Australia/Process-Technician--Mechanical_R17945,remote,"Technical Documentation, Customer Success, Deployment Workflows, Legal Technology
Deterministic profile match: 4 profile skills mentioned; title alignment 0.0/3.0; domain signals 3. Title relevance penalty 1.0 applied.",,,,,,,,,https://modernatx.wd1.myworkdayjobs.com/M_tx/job/Melbourne---Australia/Process-Technician--Mechanical_R17945,,,,2026-05-14T22:12:00.818278+00:00,not_checked_network_restricted,Not finalized: outbound link checking was blocked in sandbox.,Moved because Moderna already has a stronger kept row: Sr. GxP Product Manager (score 8).,Sr. GxP Product Manager,8
,,,3,"Scientist, Analytical Development",,Moderna,https://modernatx.wd1.myworkdayjobs.com/M_tx/job/Norwood-Massachusetts/Scientist--Analytical-Development_R19027-1,remote,"Root Cause Analysis, Legal Technology
Deterministic profile match: 2 profile skills mentioned; title alignment 0.0/3.0; domain signals 5. Title relevance penalty 1.0 applied.",,,,,,,,,https://modernatx.wd1.myworkdayjobs.com/M_tx/job/Norwood-Massachusetts/Scientist--Analytical-Development_R19027-1,,,,2026-05-14T22:12:00.818278+00:00,not_checked_network_restricted,Not finalized: outbound link checking was blocked in sandbox.,Moved because Moderna already has a stronger kept row: Sr. GxP Product Manager (score 8).,Sr. GxP Product Manager,8
,,,3,"Scientist, Analytical Development",,Moderna,https://modernatx.wd1.myworkdayjobs.com/M_tx/job/Norwood-Massachusetts/Scientist--Analytical-Development_R19079-1,remote,"Technical Documentation, Legal Technology
Deterministic profile match: 2 profile skills mentioned; title alignment 0.0/3.0; domain signals 6. Title relevance penalty 1.0 applied.",,,,,,,,,https://modernatx.wd1.myworkdayjobs.com/M_tx/job/Norwood-Massachusetts/Scientist--Analytical-Development_R19079-1,,,,2026-05-14T22:02:20.415246+00:00,not_checked_network_restricted,Not finalized: outbound link checking was blocked in sandbox.,Moved because Moderna already has a stronger kept row: Sr. GxP Product Manager (score 8).,Sr. GxP Product Manager,8
,,,3,"Scientist, In Vitro Biology",,Moderna,https://modernatx.wd1.myworkdayjobs.com/M_tx/job/Cambridge-Massachusetts/Scientist--In-Vitro-Biology_R19097,hybrid,"Data Pipelines
Deterministic profile match: 1 profile skills mentioned; title alignment 0.0/3.0; domain signals 6. Title relevance penalty 1.0 applied.",,,,,,,,,https://modernatx.wd1.myworkdayjobs.com/M_tx/job/Cambridge-Massachusetts/Scientist--In-Vitro-Biology_R19097,,,,2026-05-14T23:07:19.186242+00:00,not_checked_network_restricted,Not finalized: outbound link checking was blocked in sandbox.,Moved because Moderna already has a stronger kept row: Sr. GxP Product Manager (score 8).,Sr. GxP Product Manager,8
,,,3,"Scientist, Process Development (Formulation)",,Moderna,https://modernatx.wd1.myworkdayjobs.com/M_tx/job/Norwood-Massachusetts/Scientist--Process-Development--Formulation-_R19218,onsite,"AWS, ERP
Deterministic refreshed score: 2 profile skills mentioned
title alignment 0.0/3.0
domain signals 8",,,,,,,,,https://modernatx.wd1.myworkdayjobs.com/M_tx/job/Norwood-Massachusetts/Scientist--Process-Development--Formulation-_R19218,,,,2026-05-20T23:50:21.178016+00:00,not_checked_network_restricted,Added from ApplyPilot DB; outbound link checking was blocked in sandbox.,Moved because Moderna already has a stronger kept row: Sr. GxP Product Manager (score 8).,Sr. GxP Product Manager,8
,,,3,"Senior Analyst, Global Commercial Finance",,Moderna,https://modernatx.wd1.myworkdayjobs.com/M_tx/job/Warsaw---Poland/Senior-Analyst--Global-Commercial-Finance_R19142,onsite,"ERP, Legal Technology
Deterministic profile match: 2 profile skills mentioned; title alignment 0.0/3.0; domain signals 4. Title relevance penalty 1.0 applied.",,,,,,,,,https://modernatx.wd1.myworkdayjobs.com/M_tx/job/Warsaw---Poland/Senior-Analyst--Global-Commercial-Finance_R19142,,,,2026-05-14T22:26:35.890133+00:00,not_checked_network_restricted,Not finalized: outbound link checking was blocked in sandbox.,Moved because Moderna already has a stronger kept row: Sr. GxP Product Manager (score 8).,Sr. GxP Product Manager,8
,,,3,"Senior Control Systems Automation Engineer, Digital",,Moderna,https://modernatx.wd1.myworkdayjobs.com/M_tx/job/Tokyo---Japan/Senior-Control-Systems-Automation-Engineer--Digital_R18636-1,onsite,"Legal Technology
Deterministic profile match: 1 profile skills mentioned; title alignment 0.0/3.0; domain signals 6. Title relevance penalty 1.0 applied.",,,,,,,,,https://modernatx.wd1.myworkdayjobs.com/M_tx/job/Tokyo---Japan/Senior-Control-Systems-Automation-Engineer--Digital_R18636-1,,,,2026-05-14T22:12:00.818278+00:00,not_checked_network_restricted,Not finalized: outbound link checking was blocked in sandbox.,Moved because Moderna already has a stronger kept row: Sr. GxP Product Manager (score 8).,Sr. GxP Product Manager,8
,,,3,"Senior Director, Clinical Development, Oncology",,Moderna,https://modernatx.wd1.myworkdayjobs.com/M_tx/job/Cambridge-Massachusetts/Senior-Director--Clinical-Development--Oncology_R18582-2,onsite,"Stakeholder Management, Program Management, Change Management, Risk Management, Legal Technology
Deterministic profile match: 5 profile skills mentioned; title alignment 0.0/3.0; domain signals 6. Title relevance penalty 2.5 applied.",,,,,,,,,https://modernatx.wd1.myworkdayjobs.com/M_tx/job/Cambridge-Massachusetts/Senior-Director--Clinical-Development--Oncology_R18582-2,,,,2026-05-14T22:12:00.818278+00:00,not_checked_network_restricted,Not finalized: outbound link checking was blocked in sandbox.,Moved because Moderna already has a stronger kept row: Sr. GxP Product Manager (score 8).,Sr. GxP Product Manager,8
,,,3,"Senior Manager, Analytical Science & Technology (AS&T)",,Moderna,https://modernatx.wd1.myworkdayjobs.com/M_tx/job/MTC-East---Norwood---USA---MA/Senior-Manager--Analytical-Science---Technology--AS-T-_R18346,remote,"Program Management, Technical Documentation, Change Management, Legal Technology
Deterministic profile match: 4 profile skills mentioned; title alignment 0.0/3.0; domain signals 4. Title relevance penalty 1.0 applied.",,,,,,,,,https://modernatx.wd1.myworkdayjobs.com/M_tx/job/MTC-East---Norwood---USA---MA/Senior-Manager--Analytical-Science---Technology--AS-T-_R18346,,,,2026-05-14T22:12:00.818278+00:00,not_checked_network_restricted,Not finalized: outbound link checking was blocked in sandbox.,Moved because Moderna already has a stronger kept row: Sr. GxP Product Manager (score 8).,Sr. GxP Product Manager,8
,,,3,"Senior Manager, MSAT",,Moderna,https://modernatx.wd1.myworkdayjobs.com/M_tx/job/Norwood-Massachusetts/Senior-Manager--MSAT_R18612-1,onsite,"Root Cause Analysis, Technical Documentation, Legal Technology
Deterministic profile match: 3 profile skills mentioned; title alignment 0.0/3.0; domain signals 4. Title relevance penalty 1.0 applied.",,,,,,,,,https://modernatx.wd1.myworkdayjobs.com/M_tx/job/Norwood-Massachusetts/Senior-Manager--MSAT_R18612-1,,,,2026-05-14T22:12:00.818278+00:00,not_checked_network_restricted,Not finalized: outbound link checking was blocked in sandbox.,Moved because Moderna already has a stronger kept row: Sr. GxP Product Manager (score 8).,Sr. GxP Product Manager,8
,,,3,"Senior Specialist, Social Media PV CoE",,Moderna,https://modernatx.wd1.myworkdayjobs.com/M_tx/job/Warsaw---Poland/Senior-Specialist--Social-Media-PV-CoE_R18605-1,onsite,"Technical Documentation, Change Management, Legal Technology
Deterministic profile match: 3 profile skills mentioned; title alignment 0.0/3.0; domain signals 4. Title relevance penalty 1.0 applied.",,,,,,,,,https://modernatx.wd1.myworkdayjobs.com/M_tx/job/Warsaw---Poland/Senior-Specialist--Social-Media-PV-CoE_R18605-1,,,,2026-05-14T22:12:00.818278+00:00,not_checked_network_restricted,Not finalized: outbound link checking was blocked in sandbox.,Moved because Moderna already has a stronger kept row: Sr. GxP Product Manager (score 8).,Sr. GxP Product Manager,8
,,,3,"Sr. Analyst, Contracting Operations, US Commercial",,Moderna,https://modernatx.wd1.myworkdayjobs.com/M_tx/job/Princeton-New-Jersey/Sr-Analyst--Contracting-Operations--US-Commercial_R19112-1,onsite,"Presentation Skills, Customer Success, Change Management, Legal Technology
Deterministic profile match: 4 profile skills mentioned; title alignment 0.0/3.0; domain signals 3. Title relevance penalty 1.0 applied.",,,,,,,,,https://modernatx.wd1.myworkdayjobs.com/M_tx/job/Princeton-New-Jersey/Sr-Analyst--Contracting-Operations--US-Commercial_R19112-1,,,,2026-05-14T22:35:44.018180+00:00,not_checked_network_restricted,Not finalized: outbound link checking was blocked in sandbox.,Moved because Moderna already has a stronger kept row: Sr. GxP Product Manager (score 8).,Sr. GxP Product Manager,8
,,,3,Sr. Bioinformatics Engineer II,,Moderna,https://modernatx.wd1.myworkdayjobs.com/M_tx/job/Warsaw---Poland/Sr-Bioinformatics-Engineer-II_R19163-1,onsite,"Python, Change Management, AWS, Legal Technology
Deterministic profile match: 4 profile skills mentioned; title alignment 0.0/3.0; domain signals 4. Title relevance penalty 1.0 applied.",,,,,,,,,https://modernatx.wd1.myworkdayjobs.com/M_tx/job/Warsaw---Poland/Sr-Bioinformatics-Engineer-II_R19163-1,,,,2026-05-14T22:02:20.415246+00:00,not_checked_network_restricted,Not finalized: outbound link checking was blocked in sandbox.,Moved because Moderna already has a stronger kept row: Sr. GxP Product Manager (score 8).,Sr. GxP Product Manager,8
,,,3,Sr. Litigation Paralegal,,Moderna,https://modernatx.wd1.myworkdayjobs.com/M_tx/job/Cambridge-Massachusetts/Sr-Litigation-Paralegal_R19160,onsite,"Mentoring, Change Management, Legal Technology
Deterministic profile match: 3 profile skills mentioned; title alignment 0.0/3.0; domain signals 3. Title relevance penalty 1.0 applied.",,,,,,,,,https://modernatx.wd1.myworkdayjobs.com/M_tx/job/Cambridge-Massachusetts/Sr-Litigation-Paralegal_R19160,,,,2026-05-14T22:02:20.415246+00:00,not_checked_network_restricted,Not finalized: outbound link checking was blocked in sandbox.,Moved because Moderna already has a stronger kept row: Sr. GxP Product Manager (score 8).,Sr. GxP Product Manager,8
,,,3,"Sr. Research Associate, Analytical Development",,Moderna,https://modernatx.wd1.myworkdayjobs.com/M_tx/job/Norwood-Massachusetts/Sr-Research-Associate--Analytical-Development_R19025,remote,"Technical Documentation, Change Management, Legal Technology
Deterministic profile match: 3 profile skills mentioned; title alignment 0.0/3.0; domain signals 4. Title relevance penalty 1.0 applied.",,,,,,,,,https://modernatx.wd1.myworkdayjobs.com/M_tx/job/Norwood-Massachusetts/Sr-Research-Associate--Analytical-Development_R19025,,,,2026-05-14T22:12:00.818278+00:00,not_checked_network_restricted,Not finalized: outbound link checking was blocked in sandbox.,Moved because Moderna already has a stronger kept row: Sr. GxP Product Manager (score 8).,Sr. GxP Product Manager,8
,,,3,"Sr. Research Associate, Virology",,Moderna,https://modernatx.wd1.myworkdayjobs.com/M_tx/job/Cambridge-Massachusetts/Sr-Research-Associate--Virology_R19232,onsite,"AWS, ERP, SAFe, SOPs
Deterministic refreshed score: 4 profile skills mentioned
title alignment 0.0/3.0
domain signals 4",,,,,,,,,https://modernatx.wd1.myworkdayjobs.com/M_tx/job/Cambridge-Massachusetts/Sr-Research-Associate--Virology_R19232,,,,2026-05-20T23:50:21.178016+00:00,not_checked_network_restricted,Added from ApplyPilot DB; outbound link checking was blocked in sandbox.,Moved because Moderna already has a stronger kept row: Sr. GxP Product Manager (score 8).,Sr. GxP Product Manager,8
,,,3,"Submission Manager, Regulatory Operations",,Moderna,https://modernatx.wd1.myworkdayjobs.com/M_tx/job/Warsaw---Poland/Submission-Manager--Regulatory-Operations_R19104-1,onsite,"Change Management, Legal Technology
Deterministic profile match: 2 profile skills mentioned; title alignment 0.0/3.0; domain signals 5. Title relevance penalty 1.0 applied.",,,,,,,,,https://modernatx.wd1.myworkdayjobs.com/M_tx/job/Warsaw---Poland/Submission-Manager--Regulatory-Operations_R19104-1,,,,2026-05-14T22:12:00.818278+00:00,not_checked_network_restricted,Not finalized: outbound link checking was blocked in sandbox.,Moved because Moderna already has a stronger kept row: Sr. GxP Product Manager (score 8).,Sr. GxP Product Manager,8
,,,3,Tax Operations Support,,Moderna,https://modernatx.wd1.myworkdayjobs.com/M_tx/job/Warsaw---Poland/Tax-Operations-Support_R19056-1,onsite,"Stakeholder Management, Change Management, Legal Technology
Deterministic profile match: 3 profile skills mentioned; title alignment 0.0/3.0; domain signals 5. Title relevance penalty 1.0 applied.",,,,,,,,,https://modernatx.wd1.myworkdayjobs.com/M_tx/job/Warsaw---Poland/Tax-Operations-Support_R19056-1,,,,2026-05-14T22:26:35.890133+00:00,not_checked_network_restricted,Not finalized: outbound link checking was blocked in sandbox.,Moved because Moderna already has a stronger kept row: Sr. GxP Product Manager (score 8).,Sr. GxP Product Manager,8
,,,3,"Team Lead, Quality Control, Raw Materials & Environmental Monitoring",,Moderna,https://modernatx.wd1.myworkdayjobs.com/M_tx/job/Melbourne---Australia/Team-Lead--Quality-Control--Raw-Materials---Environmental-Monitoring_R19120,remote,"Stakeholder Management, Change Management, Scheduling Management, SOPs, Legal Technology
Deterministic profile match: 5 profile skills mentioned; title alignment 0.0/3.0; domain signals 3. Title relevance penalty 1.0 applied.",,,,,,,,,https://modernatx.wd1.myworkdayjobs.com/M_tx/job/Melbourne---Australia/Team-Lead--Quality-Control--Raw-Materials---Environmental-Monitoring_R19120,,,,2026-05-14T22:26:35.890133+00:00,not_checked_network_restricted,Not finalized: outbound link checking was blocked in sandbox.,Moved because Moderna already has a stronger kept row: Sr. GxP Product Manager (score 8).,Sr. GxP Product Manager,8
,,,3,"Technician II, Process Maintenance",,Moderna,https://modernatx.wd1.myworkdayjobs.com/M_tx/job/Norwood-Massachusetts/Technician-II--Process-Maintenance_R18652-1,remote,"SAFe, Technical Documentation, Change Management, Legal Technology
Deterministic profile match: 4 profile skills mentioned; title alignment 0.0/3.0; domain signals 4. Title relevance penalty 1.0 applied.",,,,,,,,,https://modernatx.wd1.myworkdayjobs.com/M_tx/job/Norwood-Massachusetts/Technician-II--Process-Maintenance_R18652-1,,,,2026-05-14T22:12:00.818278+00:00,not_checked_network_restricted,Not finalized: outbound link checking was blocked in sandbox.,Moved because Moderna already has a stronger kept row: Sr. GxP Product Manager (score 8).,Sr. GxP Product Manager,8
,,,3,"Technician II, Utilities Maintenance",,Moderna,https://modernatx.wd1.myworkdayjobs.com/M_tx/job/Norwood-Massachusetts/Technician-II--Utilities-Maintenance_R18846-1,remote,"Technical Documentation, Change Management, Scheduling Management, Legal Technology
Deterministic profile match: 4 profile skills mentioned; title alignment 0.0/3.0; domain signals 3. Title relevance penalty 1.0 applied.",,,,,,,,,https://modernatx.wd1.myworkdayjobs.com/M_tx/job/Norwood-Massachusetts/Technician-II--Utilities-Maintenance_R18846-1,,,,2026-05-14T22:12:00.818278+00:00,not_checked_network_restricted,Not finalized: outbound link checking was blocked in sandbox.,Moved because Moderna already has a stronger kept row: Sr. GxP Product Manager (score 8).,Sr. GxP Product Manager,8
,,,3,"Technician II, Utilities Maintenance",,Moderna,https://modernatx.wd1.myworkdayjobs.com/M_tx/job/Norwood-Massachusetts/Technician-II--Utilities-Maintenance_R18848,remote,"Technical Documentation, Change Management, Scheduling Management, Legal Technology
Deterministic profile match: 4 profile skills mentioned; title alignment 0.0/3.0; domain signals 3. Title relevance penalty 1.0 applied.",,,,,,,,,https://modernatx.wd1.myworkdayjobs.com/M_tx/job/Norwood-Massachusetts/Technician-II--Utilities-Maintenance_R18848,,,,2026-05-14T22:12:00.818278+00:00,not_checked_network_restricted,Not finalized: outbound link checking was blocked in sandbox.,Moved because Moderna already has a stronger kept row: Sr. GxP Product Manager (score 8).,Sr. GxP Product Manager,8
,,,3,"Technician III, Process Maintenance",,Moderna,https://modernatx.wd1.myworkdayjobs.com/M_tx/job/Norwood-Massachusetts/Technician-III--Process-Maintenance_R18649-1,remote,"Technical Documentation, Change Management, Scheduling Management, Legal Technology
Deterministic profile match: 4 profile skills mentioned; title alignment 0.0/3.0; domain signals 3. Title relevance penalty 1.0 applied.",,,,,,,,,https://modernatx.wd1.myworkdayjobs.com/M_tx/job/Norwood-Massachusetts/Technician-III--Process-Maintenance_R18649-1,,,,2026-05-14T22:12:00.818278+00:00,not_checked_network_restricted,Not finalized: outbound link checking was blocked in sandbox.,Moved because Moderna already has a stronger kept row: Sr. GxP Product Manager (score 8).,Sr. GxP Product Manager,8
,,,3,"Technician III, Process Maintenance",,Moderna,https://modernatx.wd1.myworkdayjobs.com/M_tx/job/Norwood-Massachusetts/Technician-III--Process-Maintenance_R18651,remote,"Technical Documentation, Change Management, Scheduling Management, Legal Technology
Deterministic profile match: 4 profile skills mentioned; title alignment 0.0/3.0; domain signals 3. Title relevance penalty 1.0 applied.",,,,,,,,,https://modernatx.wd1.myworkdayjobs.com/M_tx/job/Norwood-Massachusetts/Technician-III--Process-Maintenance_R18651,,,,2026-05-14T22:12:00.818278+00:00,not_checked_network_restricted,Not finalized: outbound link checking was blocked in sandbox.,Moved because Moderna already has a stronger kept row: Sr. GxP Product Manager (score 8).,Sr. GxP Product Manager,8
,,,3,"Technician III, Process/Utility Maintenance",,Moderna,https://modernatx.wd1.myworkdayjobs.com/M_tx/job/Marlborough-Massachusetts/Technician-III--Process-Utility-Maintenance_R19008-1,remote,"Technical Documentation, Change Management, Legal Technology
Deterministic profile match: 3 profile skills mentioned; title alignment 0.0/3.0; domain signals 4. Title relevance penalty 1.0 applied.",,,,,,,,,https://modernatx.wd1.myworkdayjobs.com/M_tx/job/Marlborough-Massachusetts/Technician-III--Process-Utility-Maintenance_R19008-1,,,,2026-05-14T22:12:00.818278+00:00,not_checked_network_restricted,Not finalized: outbound link checking was blocked in sandbox.,Moved because Moderna already has a stronger kept row: Sr. GxP Product Manager (score 8).,Sr. GxP Product Manager,8
,,,3,"Technician IV, Electrical",,Moderna,https://modernatx.wd1.myworkdayjobs.com/M_tx/job/Norwood-Massachusetts/Technician-IV--Electrical_R18841-1,remote,"Root Cause Analysis, Technical Documentation, Legal Technology
Deterministic profile match: 3 profile skills mentioned; title alignment 0.0/3.0; domain signals 3. Title relevance penalty 1.0 applied.",,,,,,,,,https://modernatx.wd1.myworkdayjobs.com/M_tx/job/Norwood-Massachusetts/Technician-IV--Electrical_R18841-1,,,,2026-05-14T22:12:00.818278+00:00,not_checked_network_restricted,Not finalized: outbound link checking was blocked in sandbox.,Moved because Moderna already has a stronger kept row: Sr. GxP Product Manager (score 8).,Sr. GxP Product Manager,8
,,,2,"(Fixed Term) Laboratory Technician, Clinical Biomarker Laboratory, Immunoassay",,Moderna,https://modernatx.wd1.myworkdayjobs.com/M_tx/job/Oxford---England/XMLNAME--Fixed-Term--Laboratory-Technician--Clinical-Biomarker-Laboratory--Immunoassay_R19148-1,remote,"Presentation Skills, SOPs, Legal Technology
Deterministic profile match: 3 profile skills mentioned; title alignment 0.0/3.0; domain signals 2. Title relevance penalty 1.0 applied.",,,,,,,,,https://modernatx.wd1.myworkdayjobs.com/M_tx/job/Oxford---England/XMLNAME--Fixed-Term--Laboratory-Technician--Clinical-Biomarker-Laboratory--Immunoassay_R19148-1,,,,2026-05-14T22:12:00.818278+00:00,not_checked_network_restricted,Not finalized: outbound link checking was blocked in sandbox.,Moved because Moderna already has a stronger kept row: Sr. GxP Product Manager (score 8).,Sr. GxP Product Manager,8
,,,2,"Analyst, US Commercial Contract Operations",,Moderna,https://modernatx.wd1.myworkdayjobs.com/M_tx/job/Warsaw---Poland/Analyst--US-Commercial-Contract-Operations_R19108,onsite,"Deterministic refreshed score: 0 profile skills mentioned
title alignment 0.0/3.0
domain signals 6",,,,,,,,,https://modernatx.wd1.myworkdayjobs.com/M_tx/job/Warsaw---Poland/Analyst--US-Commercial-Contract-Operations_R19108,,,,2026-05-20T23:52:13.640438+00:00,not_checked_network_restricted,Added from ApplyPilot DB; outbound link checking was blocked in sandbox.,Moved because Moderna already has a stronger kept row: Sr. GxP Product Manager (score 8).,Sr. GxP Product Manager,8
,,,2,"Associate Director, Commercial Operations (Trade Operations)",,Moderna,https://modernatx.wd1.myworkdayjobs.com/M_tx/job/USA---New-Jersey---Princeton---5-Vaughn-Drive/Associate-Director--Commercial-Operations--Trade-Operations-_R18925-2,onsite,"Program Management, Customer Success, Change Management, KPI Tracking, Deployment Workflows, Legal Technology
Deterministic profile match: 6 profile skills mentioned; title alignment 0.0/3.0; domain signals 3. Title relevance penalty 2.5 applied.",,,,,,,,,https://modernatx.wd1.myworkdayjobs.com/M_tx/job/USA---New-Jersey---Princeton---5-Vaughn-Drive/Associate-Director--Commercial-Operations--Trade-Operations-_R18925-2,,,,2026-05-14T22:35:44.018180+00:00,not_checked_network_restricted,Not finalized: outbound link checking was blocked in sandbox.,Moved because Moderna already has a stronger kept row: Sr. GxP Product Manager (score 8).,Sr. GxP Product Manager,8
,,,2,"Associate Director, Pharmacovigilance Country Head – Mexico",,Moderna,https://modernatx.wd1.myworkdayjobs.com/M_tx/job/Ciudad-de-Mxico---Mexico/Associate-Director--Pharmacovigilance-Country-Head---Mexico_R18969-1,onsite,"Stakeholder Management, Change Management, Risk Management, System Monitoring, Legal Technology
Deterministic profile match: 5 profile skills mentioned; title alignment 0.0/3.0; domain signals 4. Title relevance penalty 2.5 applied.",,,,,,,,,https://modernatx.wd1.myworkdayjobs.com/M_tx/job/Ciudad-de-Mxico---Mexico/Associate-Director--Pharmacovigilance-Country-Head---Mexico_R18969-1,,,,2026-05-14T22:35:44.018180+00:00,not_checked_network_restricted,Not finalized: outbound link checking was blocked in sandbox.,Moved because Moderna already has a stronger kept row: Sr. GxP Product Manager (score 8).,Sr. GxP Product Manager,8
,,,2,"Associate Director, Stability Lead Development & Clinical",,Moderna,https://modernatx.wd1.myworkdayjobs.com/M_tx/job/Norwood-Massachusetts/Associate-Director--Stability-Lead-Development---Clinical_R19030-1,onsite,"Program Management, Mentoring, Change Management, Risk Management, Legal Technology
Deterministic profile match: 5 profile skills mentioned; title alignment 0.0/3.0; domain signals 5. Title relevance penalty 2.5 applied.",,,,,,,,,https://modernatx.wd1.myworkdayjobs.com/M_tx/job/Norwood-Massachusetts/Associate-Director--Stability-Lead-Development---Clinical_R19030-1,,,,2026-05-14T22:12:00.818278+00:00,not_checked_network_restricted,Not finalized: outbound link checking was blocked in sandbox.,Moved because Moderna already has a stronger kept row: Sr. GxP Product Manager (score 8).,Sr. GxP Product Manager,8
,,,2,"Associate Director, Sterility Assurance",,Moderna,https://modernatx.wd1.myworkdayjobs.com/M_tx/job/Norwood-Massachusetts/Associate-Director--Sterility-Assurance_R18378-1,onsite,"Root Cause Analysis, Technical Documentation, SOPs, System Monitoring, Legal Technology
Deterministic profile match: 5 profile skills mentioned; title alignment 0.0/3.0; domain signals 4. Title relevance penalty 2.5 applied.",,,,,,,,,https://modernatx.wd1.myworkdayjobs.com/M_tx/job/Norwood-Massachusetts/Associate-Director--Sterility-Assurance_R18378-1,,,,2026-05-14T22:12:00.818278+00:00,not_checked_network_restricted,Not finalized: outbound link checking was blocked in sandbox.,Moved because Moderna already has a stronger kept row: Sr. GxP Product Manager (score 8).,Sr. GxP Product Manager,8
,,,2,Country Medical Director - Taiwan,,Moderna,https://modernatx.wd1.myworkdayjobs.com/M_tx/job/TWN---Taipei---Xinyi---101-Tower/Country-Medical-Director---Taiwan_R18981-1,onsite,"Customer Success, Legal Technology
Deterministic profile match: 2 profile skills mentioned; title alignment 0.0/3.0; domain signals 6. Title relevance penalty 2.5 applied.",,,,,,,,,https://modernatx.wd1.myworkdayjobs.com/M_tx/job/TWN---Taipei---Xinyi---101-Tower/Country-Medical-Director---Taiwan_R18981-1,,,,2026-05-14T22:12:00.818278+00:00,not_checked_network_restricted,Not finalized: outbound link checking was blocked in sandbox.,Moved because Moderna already has a stronger kept row: Sr. GxP Product Manager (score 8).,Sr. GxP Product Manager,8
,,,2,Data Scientist,,Moderna,https://modernatx.wd1.myworkdayjobs.com/M_tx/job/Warsaw---Poland/Data-Scientist_R19010-1,remote,"Python, Technical Documentation, Deployment Workflows, PostgreSQL, Legal Technology
Deterministic profile match: 5 profile skills mentioned; title alignment 0.0/3.0; domain signals 5. Title relevance penalty 2.5 applied.",,,,,,,,,https://modernatx.wd1.myworkdayjobs.com/M_tx/job/Warsaw---Poland/Data-Scientist_R19010-1,,,,2026-05-14T22:02:20.415246+00:00,not_checked_network_restricted,Not finalized: outbound link checking was blocked in sandbox.,Moved because Moderna already has a stronger kept row: Sr. GxP Product Manager (score 8).,Sr. GxP Product Manager,8
,,,2,"Director, Analytical Development",,Moderna,https://modernatx.wd1.myworkdayjobs.com/M_tx/job/Norwood-Massachusetts/Director--Analytical-Development_R19024-1,remote,"Program Management, Change Management, Legal Technology
Deterministic profile match: 3 profile skills mentioned; title alignment 0.0/3.0; domain signals 5. Title relevance penalty 2.5 applied.",,,,,,,,,https://modernatx.wd1.myworkdayjobs.com/M_tx/job/Norwood-Massachusetts/Director--Analytical-Development_R19024-1,,,,2026-05-14T22:12:00.818278+00:00,not_checked_network_restricted,Not finalized: outbound link checking was blocked in sandbox.,Moved because Moderna already has a stronger kept row: Sr. GxP Product Manager (score 8).,Sr. GxP Product Manager,8
,,,2,"Director, Trade Operations, US",,Moderna,https://modernatx.wd1.myworkdayjobs.com/M_tx/job/Princeton-New-Jersey/Director--Trade-Operations--US_R19125,onsite,"Customer Success, Change Management, Legal Technology
Deterministic profile match: 3 profile skills mentioned; title alignment 0.0/3.0; domain signals 5. Title relevance penalty 2.5 applied.",,,,,,,,,https://modernatx.wd1.myworkdayjobs.com/M_tx/job/Princeton-New-Jersey/Director--Trade-Operations--US_R19125,,,,2026-05-14T22:35:44.018180+00:00,not_checked_network_restricted,Not finalized: outbound link checking was blocked in sandbox.,Moved because Moderna already has a stronger kept row: Sr. GxP Product Manager (score 8).,Sr. GxP Product Manager,8
,,,2,"Executive Director, Research & Development Quality Assurance (RDQA)",,Moderna,https://modernatx.wd1.myworkdayjobs.com/M_tx/job/Cambridge-Massachusetts/Executive-Director--Research---Development-Quality-Assurance--RDQA-_R18596-1,onsite,"Change Management, Resource Planning, Risk Management, Database Access Governance, Legal Technology
Deterministic profile match: 5 profile skills mentioned; title alignment 0.0/3.0; domain signals 5. Title relevance penalty 2.5 applied.",,,,,,,,,https://modernatx.wd1.myworkdayjobs.com/M_tx/job/Cambridge-Massachusetts/Executive-Director--Research---Development-Quality-Assurance--RDQA-_R18596-1,,,,2026-05-14T22:26:35.890133+00:00,not_checked_network_restricted,Not finalized: outbound link checking was blocked in sandbox.,Moved because Moderna already has a stronger kept row: Sr. GxP Product Manager (score 8).,Sr. GxP Product Manager,8
,,,2,"Senior Associate, Direct Tax",,Moderna,https://modernatx.wd1.myworkdayjobs.com/M_tx/job/Warsaw---Poland/Senior-Associate--Direct-Tax_R19210,onsite,"ERP
Deterministic refreshed score: 1 profile skills mentioned
title alignment 0.0/3.0
domain signals 8",,,,,,,,,https://modernatx.wd1.myworkdayjobs.com/M_tx/job/Warsaw---Poland/Senior-Associate--Direct-Tax_R19210,,,,2026-05-20T23:50:21.178016+00:00,not_checked_network_restricted,Added from ApplyPilot DB; outbound link checking was blocked in sandbox.,Moved because Moderna already has a stronger kept row: Sr. GxP Product Manager (score 8).,Sr. GxP Product Manager,8
,,,2,"Senior Director, Global Payroll",,Moderna,https://modernatx.wd1.myworkdayjobs.com/M_tx/job/Cambridge-Massachusetts/Senior-Director--Global-Payroll_R19219,onsite,"Roadmap Planning, Change Management, Legal Technology
Deterministic profile match: 3 profile skills mentioned; title alignment 0.0/3.0; domain signals 5. Title relevance penalty 2.5 applied.",,,,,,,,,https://modernatx.wd1.myworkdayjobs.com/M_tx/job/Cambridge-Massachusetts/Senior-Director--Global-Payroll_R19219,,,,2026-05-14T22:35:44.018180+00:00,not_checked_network_restricted,Not finalized: outbound link checking was blocked in sandbox.,Moved because Moderna already has a stronger kept row: Sr. GxP Product Manager (score 8).,Sr. GxP Product Manager,8
,,,2,"Senior Director, Nonclinical Safety Evaluation",,Moderna,https://modernatx.wd1.myworkdayjobs.com/M_tx/job/Cambridge-Massachusetts/Senior-Director--Nonclinical-Safety-Evaluation_R18713-1,onsite,"Program Management, Presentation Skills, Mentoring, Change Management, Risk Management, Legal Technology
Deterministic profile match: 6 profile skills mentioned; title alignment 0.0/3.0; domain signals 3. Title relevance penalty 2.5 applied.",,,,,,,,,https://modernatx.wd1.myworkdayjobs.com/M_tx/job/Cambridge-Massachusetts/Senior-Director--Nonclinical-Safety-Evaluation_R18713-1,,,,2026-05-14T22:46:13.005291+00:00,not_checked_network_restricted,Not finalized: outbound link checking was blocked in sandbox.,Moved because Moderna already has a stronger kept row: Sr. GxP Product Manager (score 8).,Sr. GxP Product Manager,8
,,,2,Sr. SAP AP / VIM Engineer,,Moderna,https://modernatx.wd1.myworkdayjobs.com/M_tx/job/Warsaw---Poland/Sr-SAP-AP---VIM-Engineer_R19162-1,onsite,"AI/ML, SOPs
Deterministic refreshed score: 2 profile skills mentioned
title alignment 0.0/3.0
domain signals 9",,,,,,,,,https://modernatx.wd1.myworkdayjobs.com/M_tx/job/Warsaw---Poland/Sr-SAP-AP---VIM-Engineer_R19162-1,,,,2026-05-20T23:50:21.178016+00:00,not_checked_network_restricted,Added from ApplyPilot DB; outbound link checking was blocked in sandbox.,Moved because Moderna already has a stronger kept row: Sr. GxP Product Manager (score 8).,Sr. GxP Product Manager,8
,,,2,Sr. SAP AR & Cash Application Engineer,,Moderna,https://modernatx.wd1.myworkdayjobs.com/M_tx/job/Warsaw---Poland/Sr-SAP-AR---Cash-Application-Engineer_R19161,onsite,"AI/ML
Deterministic refreshed score: 1 profile skills mentioned
title alignment 0.0/3.0
domain signals 8",,,,,,,,,https://modernatx.wd1.myworkdayjobs.com/M_tx/job/Warsaw---Poland/Sr-SAP-AR---Cash-Application-Engineer_R19161,,,,2026-05-20T23:52:13.640438+00:00,not_checked_network_restricted,Added from ApplyPilot DB; outbound link checking was blocked in sandbox.,Moved because Moderna already has a stronger kept row: Sr. GxP Product Manager (score 8).,Sr. GxP Product Manager,8
,,,2,"Vice President, Human Resources Business Partner",,Moderna,https://modernatx.wd1.myworkdayjobs.com/M_tx/job/Cambridge-Massachusetts/Vice-President--Human-Resources-Business-Partner_R19225,onsite,"ERP
Deterministic refreshed score: 1 profile skills mentioned
title alignment 0.0/3.0
domain signals 9",,,,,,,,,https://modernatx.wd1.myworkdayjobs.com/M_tx/job/Cambridge-Massachusetts/Vice-President--Human-Resources-Business-Partner_R19225,,,,2026-05-20T23:52:13.640438+00:00,not_checked_network_restricted,Added from ApplyPilot DB; outbound link checking was blocked in sandbox.,Moved because Moderna already has a stronger kept row: Sr. GxP Product Manager (score 8).,Sr. GxP Product Manager,8
,,,1,"Associate Director, Process Development (Fermentation)",,Moderna,https://modernatx.wd1.myworkdayjobs.com/M_tx/job/Norwood-Massachusetts/Associate-Director--Process-Development--Fermentation-_R19239,onsite,"AWS, ERP
Deterministic refreshed score: 2 profile skills mentioned
title alignment 0.0/3.0
domain signals 8",,,,,,,,,https://modernatx.wd1.myworkdayjobs.com/M_tx/job/Norwood-Massachusetts/Associate-Director--Process-Development--Fermentation-_R19239,,,,2026-05-20T23:50:21.178016+00:00,not_checked_network_restricted,Added from ApplyPilot DB; outbound link checking was blocked in sandbox.,Moved because Moderna already has a stronger kept row: Sr. GxP Product Manager (score 8).,Sr. GxP Product Manager,8
,,,1,"Executive Director, CMC Regulatory Science",,Moderna,https://modernatx.wd1.myworkdayjobs.com/M_tx/job/Norwood-Massachusetts/Executive-Director--CMC-Regulatory-Science_R19075-1,onsite,"Legal Technology
Deterministic profile match: 1 profile skills mentioned; title alignment 0.0/3.0; domain signals 2. Title relevance penalty 2.5 applied.",,,,,,,,,https://modernatx.wd1.myworkdayjobs.com/M_tx/job/Norwood-Massachusetts/Executive-Director--CMC-Regulatory-Science_R19075-1,,,,2026-05-14T22:35:44.018180+00:00,not_checked_network_restricted,Not finalized: outbound link checking was blocked in sandbox.,Moved because Moderna already has a stronger kept row: Sr. GxP Product Manager (score 8).,Sr. GxP Product Manager,8
,,,1,"Senior Director, Global Regulatory Strategy, Oncology",,Moderna,https://modernatx.wd1.myworkdayjobs.com/M_tx/job/Cambridge-Massachusetts/Senior-Director--Global-Regulatory-Strategy--Oncology_R19032-1,onsite,"Program Management, Change Management, Legal Technology
Deterministic profile match: 3 profile skills mentioned; title alignment 0.0/3.0; domain signals 3. Title relevance penalty 2.5 applied.",,,,,,,,,https://modernatx.wd1.myworkdayjobs.com/M_tx/job/Cambridge-Massachusetts/Senior-Director--Global-Regulatory-Strategy--Oncology_R19032-1,,,,2026-05-14T22:26:35.890133+00:00,not_checked_network_restricted,Not finalized: outbound link checking was blocked in sandbox.,Moved because Moderna already has a stronger kept row: Sr. GxP Product Manager (score 8).,Sr. GxP Product Manager,8
,,,1,"Senior Director, Patent Litigation",,Moderna,https://modernatx.wd1.myworkdayjobs.com/M_tx/job/Cambridge-Massachusetts/Senior-Director--Patent-Litigation_R18703,onsite,"Change Management, Legal Technology
Deterministic profile match: 2 profile skills mentioned; title alignment 0.0/3.0; domain signals 4. Title relevance penalty 2.5 applied.",,,,,,,,,https://modernatx.wd1.myworkdayjobs.com/M_tx/job/Cambridge-Massachusetts/Senior-Director--Patent-Litigation_R18703,,,,2026-05-14T22:35:44.018180+00:00,not_checked_network_restricted,Not finalized: outbound link checking was blocked in sandbox.,Moved because Moderna already has a stronger kept row: Sr. GxP Product Manager (score 8).,Sr. GxP Product Manager,8
,,,1,"Vice President, Global Value & Access",,Moderna,https://modernatx.wd1.myworkdayjobs.com/M_tx/job/Cambridge-Massachusetts/Vice-President--Global-Value---Access_R19178,onsite,"Legal Technology
Deterministic profile match: 1 profile skills mentioned; title alignment 0.0/3.0; domain signals 3. Title relevance penalty 2.5 applied.",,,,,,,,,https://modernatx.wd1.myworkdayjobs.com/M_tx/job/Cambridge-Massachusetts/Vice-President--Global-Value---Access_R19178,,,,2026-05-14T22:35:44.018180+00:00,not_checked_network_restricted,Not finalized: outbound link checking was blocked in sandbox.,Moved because Moderna already has a stronger kept row: Sr. GxP Product Manager (score 8).,Sr. GxP Product Manager,8
,,,1,"Vice President, Medical Affairs, Asia & Country Medical Director, Singapore",,Moderna,https://modernatx.wd1.myworkdayjobs.com/M_tx/job/Singapore/Vice-President--Medical-Affairs--Asia---Country-Medical-Director--Singapore_R18714-1,onsite,"Change Management, Legal Technology
Deterministic profile match: 2 profile skills mentioned; title alignment 0.0/3.0; domain signals 4. Title relevance penalty 4.0 applied.",,,,,,,,,https://modernatx.wd1.myworkdayjobs.com/M_tx/job/Singapore/Vice-President--Medical-Affairs--Asia---Country-Medical-Director--Singapore_R18714-1,,,,2026-05-14T22:26:35.890133+00:00,not_checked_network_restricted,Not finalized: outbound link checking was blocked in sandbox.,Moved because Moderna already has a stronger kept row: Sr. GxP Product Manager (score 8).,Sr. GxP Product Manager,8
,,,9,CRM Project Manager - US Remote,1,Motorola Solutions,https://motorolasolutions.wd5.myworkdayjobs.com/Careers/job/Florida-Remote-Work/CRM-Project-Manager---US-Remote_R63944,remote,"Change Management, ERP, Program Management, SAFe, Smartsheet
Deterministic refreshed score: 5 profile skills mentioned
title alignment 2.5/3.0
domain signals 12",,,,,,,,"Florida Remote Work, More...",https://motorolasolutions.wd5.myworkdayjobs.com/Careers/job/Florida-Remote-Work/CRM-Project-Manager---US-Remote_R63944,,,,2026-05-20T23:46:42.550881+00:00,not_checked_network_restricted,Added from ApplyPilot DB; outbound link checking was blocked in sandbox.,Moved because Motorola Solutions already has a stronger kept row: Project Manager (score 9).,Project Manager,9
,,,8,Senior Project Manager,,Motorola Solutions,https://motorolasolutions.wd5.myworkdayjobs.com/Careers/job/Texas-Remote-Work/Senior-Project-Manager_R64245-1,remote,"Software Project Management, Stakeholder Management, Program Management, Change Management, Risk Management, Deployment Workflows
Deterministic profile match: 6 profile skills mentioned; title alignment 2.0/3.0; domain signals 10.",,,,,,,,"Texas Remote Work, More...",https://motorolasolutions.wd5.myworkdayjobs.com/Careers/job/Texas-Remote-Work/Senior-Project-Manager_R64245-1,,,,2026-05-14T21:59:19.671411+00:00,not_checked_network_restricted,Not finalized: outbound link checking was blocked in sandbox.,Moved because Motorola Solutions already has a stronger kept row: Project Manager (score 9).,Project Manager,9
,,,7,Project Manager - Mid-Atlantic Territory Software Deployment,,Motorola Solutions,https://motorolasolutions.wd5.myworkdayjobs.com/Careers/job/Maryland-Remote-Work/Project-Manager---Mid-Atlantic-Territory-Software-Deployment_R64022,remote,"Software Project Management, Program Management, Presentation Skills, Scheduling Management, Risk Management, Legal Technology, Google Cloud
Deterministic profile match: 7 profile skills mentioned; title alignment 2.0/3.0; domain signals 4.",,,,,,,,"Maryland Remote Work, More...",https://motorolasolutions.wd5.myworkdayjobs.com/Careers/job/Maryland-Remote-Work/Project-Manager---Mid-Atlantic-Territory-Software-Deployment_R64022,,,,2026-05-14T21:59:19.671411+00:00,not_checked_network_restricted,Not finalized: outbound link checking was blocked in sandbox.,Moved because Motorola Solutions already has a stronger kept row: Project Manager (score 9).,Project Manager,9
,,,7,Senior Project Manager - Fixed Video Deployments - US Remote,,Motorola Solutions,https://motorolasolutions.wd5.myworkdayjobs.com/Careers/job/Georgia-Remote-Work/Senior-Project-Manager---Fixed-Video-Deployments---US-Remote_R64720,remote,"ERP, Program Management, SAFe, Smartsheet, SOPs, Technical Documentation
Deterministic refreshed score: 6 profile skills mentioned
title alignment 2.5/3.0
domain signals 12",,,,,,,,"Georgia Remote Work, More...",https://motorolasolutions.wd5.myworkdayjobs.com/Careers/job/Georgia-Remote-Work/Senior-Project-Manager---Fixed-Video-Deployments---US-Remote_R64720,,,,2026-05-20T23:50:18.682953+00:00,not_checked_network_restricted,Added from ApplyPilot DB; outbound link checking was blocked in sandbox.,Moved because Motorola Solutions already has a stronger kept row: Project Manager (score 9).,Project Manager,9
,,,7,Washington Metropolitan Area Transit Authority (WMATA) Program Manager Lead,,Motorola Solutions,https://motorolasolutions.wd5.myworkdayjobs.com/Careers/job/Maryland-Remote-Work/Washington-Metropolitan-Area-Transit-Authority--WMATA--Program-Manager-Lead_R64980,remote,"Software Project Management, Program Management, Technical Documentation, Mentoring, Customer Success, Change Management, KPI Tracking, Scheduling Management, Resource Planning, Risk Management
Deterministic profile match: 10 profile skills mentioned; title alignment 1.5/3.0; domain signals 5.
Experience cap applied: job asks for 15 years, more than 3 years above candidate's 4 years; capped score at 7.",,,,,,,,"Maryland Remote Work, More...",https://motorolasolutions.wd5.myworkdayjobs.com/Careers/job/Maryland-Remote-Work/Washington-Metropolitan-Area-Transit-Authority--WMATA--Program-Manager-Lead_R64980,,,,2026-05-14T21:59:19.671411+00:00,not_checked_network_restricted,Not finalized: outbound link checking was blocked in sandbox.,Moved because Motorola Solutions already has a stronger kept row: Project Manager (score 9).,Project Manager,9
,,,6,"Project Manager - ALBERTA, CANADA",,Motorola Solutions,https://motorolasolutions.wd5.myworkdayjobs.com/Careers/job/Alberta-Remote-Work/Project-Manager---REMOTE_R64777,remote,"Software Project Management, Change Management, Risk Management
Deterministic profile match: 3 profile skills mentioned; title alignment 2.0/3.0; domain signals 5.",,,,,,,,Alberta Remote Work,https://motorolasolutions.wd5.myworkdayjobs.com/Careers/job/Alberta-Remote-Work/Project-Manager---REMOTE_R64777,,,,2026-05-14T21:59:19.671411+00:00,not_checked_network_restricted,Not finalized: outbound link checking was blocked in sandbox.,Moved because Motorola Solutions already has a stronger kept row: Project Manager (score 9).,Project Manager,9
,,,6,Project Manager - Mobile Video East Region,,Motorola Solutions,https://motorolasolutions.wd5.myworkdayjobs.com/Careers/job/Alabama-Remote-Work/Project-Manager---Mobile-Video-East-Region_R64743,remote,"Program Management, SAFe
Deterministic refreshed score: 2 profile skills mentioned
title alignment 2.5/3.0
domain signals 11",,,,,,,,"Alabama Remote Work, More...",https://motorolasolutions.wd5.myworkdayjobs.com/Careers/job/Alabama-Remote-Work/Project-Manager---Mobile-Video-East-Region_R64743,,,,2026-05-20T23:46:42.550881+00:00,not_checked_network_restricted,Added from ApplyPilot DB; outbound link checking was blocked in sandbox.,Moved because Motorola Solutions already has a stronger kept row: Project Manager (score 9).,Project Manager,9
,,,6,Quality Automation Engineer (NodeJS/Playwright),,Motorola Solutions,https://motorolasolutions.wd5.myworkdayjobs.com/Careers/job/Brazil-Remote-Work/Quality-Automation-Engineer-NodeJS-Playwright_R62039,remote,"Sprint Planning, CI/CD Collaboration, QA Coordination, Risk Management, Release Coordination, AWS, Playwright, GitHub
Deterministic profile match: 8 profile skills mentioned; title alignment 0.0/3.0; domain signals 8. Title relevance penalty 1.0 applied.",,,,,,,,Brazil Remote Work,https://motorolasolutions.wd5.myworkdayjobs.com/Careers/job/Brazil-Remote-Work/Quality-Automation-Engineer-NodeJS-Playwright_R62039,,,,2026-05-14T21:59:19.671411+00:00,not_checked_network_restricted,Not finalized: outbound link checking was blocked in sandbox.,Moved because Motorola Solutions already has a stronger kept row: Project Manager (score 9).,Project Manager,9
,,,6,Senior Full-Stack Engineer,,Motorola Solutions,https://motorolasolutions.wd5.myworkdayjobs.com/Careers/job/Brazil-Remote-Work/Senior-Full-Stack-Engineer_R63322,remote,"Python, SQL, JavaScript, Technical Documentation, Observability Concepts, System Monitoring, Data Pipelines, Distributed Systems Concepts
Deterministic profile match: 8 profile skills mentioned; title alignment 0.0/3.0; domain signals 10. Title relevance penalty 1.0 applied.",,,,,,,,Brazil Remote Work,https://motorolasolutions.wd5.myworkdayjobs.com/Careers/job/Brazil-Remote-Work/Senior-Full-Stack-Engineer_R63322,,,,2026-05-14T21:59:19.671411+00:00,not_checked_network_restricted,Not finalized: outbound link checking was blocked in sandbox.,Moved because Motorola Solutions already has a stronger kept row: Project Manager (score 9).,Project Manager,9
,,,6,Senior Project Manager West Coast Region - US Remote,,Motorola Solutions,https://motorolasolutions.wd5.myworkdayjobs.com/Careers/job/Colorado-Remote-Work/Senior-Project-Manager-West-Coast-Region---US-Remote_R64745,remote,"ERP, Requirements Gathering, SAFe
Deterministic refreshed score: 3 profile skills mentioned
title alignment 2.5/3.0
domain signals 7",,,,,,,,"Colorado Remote Work, More...",https://motorolasolutions.wd5.myworkdayjobs.com/Careers/job/Colorado-Remote-Work/Senior-Project-Manager-West-Coast-Region---US-Remote_R64745,,,,2026-05-20T23:46:42.550881+00:00,not_checked_network_restricted,Added from ApplyPilot DB; outbound link checking was blocked in sandbox.,Moved because Motorola Solutions already has a stronger kept row: Project Manager (score 9).,Project Manager,9
,,,6,Software Application Specialist,,Motorola Solutions,https://motorolasolutions.wd5.myworkdayjobs.com/Careers/job/Illinois-Remote-Work/Software-Application-Specialist_R63483,remote,"SQL, SAFe, Software Project Management, Stakeholder Management, Program Management, Technical Documentation, Requirements Gathering, Customer Success, Deployment Workflows, Google Sheets, Legal Technology
Deterministic profile match: 11 profile skills mentioned; title alignment 0.0/3.0; domain signals 6. Title relevance penalty 1.0 applied.",,,,,,,,"Illinois Remote Work, More...",https://motorolasolutions.wd5.myworkdayjobs.com/Careers/job/Illinois-Remote-Work/Software-Application-Specialist_R63483,,,,2026-05-14T21:59:19.671411+00:00,not_checked_network_restricted,Not finalized: outbound link checking was blocked in sandbox.,Moved because Motorola Solutions already has a stronger kept row: Project Manager (score 9).,Project Manager,9
,,,5,Application Specialist,,Motorola Solutions,https://motorolasolutions.wd5.myworkdayjobs.com/Careers/job/Texas-Remote-Work/Application-Specialist_R64478,remote,"Software Project Management, Technical Documentation, Customer Success, Deployment Workflows, Jira
Deterministic profile match: 5 profile skills mentioned; title alignment 0.0/3.0; domain signals 8. Title relevance penalty 1.0 applied.",C:\Users\bsing\.applypilot\tailored_resumes\software-pm\050_7_Motorola_Solutions_Application_Specialist.txt,failed_validation,Missing required field: projects,,,,,"Texas Remote Work, More...",https://motorolasolutions.wd5.myworkdayjobs.com/Careers/job/Texas-Remote-Work/Application-Specialist_R64478,,,,2026-05-14T21:59:19.671411+00:00,not_checked_network_restricted,Not finalized: outbound link checking was blocked in sandbox.,Moved because Motorola Solutions already has a stronger kept row: Project Manager (score 9).,Project Manager,9
,,,5,Manager - Software Application Specialists,,Motorola Solutions,https://motorolasolutions.wd5.myworkdayjobs.com/Careers/job/California-Northern-Remote-Work/Manager---Software-Application-Specialists_R62262,remote,"Software Project Management, Stakeholder Management, Program Management, Technical Documentation, Requirements Gathering, Customer Success, Scheduling Management, Deployment Workflows
Deterministic profile match: 8 profile skills mentioned; title alignment 0.0/3.0; domain signals 5. Title relevance penalty 1.0 applied.",,,,,,,,"California Northern Remote Work, More...",https://motorolasolutions.wd5.myworkdayjobs.com/Careers/job/California-Northern-Remote-Work/Manager---Software-Application-Specialists_R62262,,,,2026-05-14T21:59:19.671411+00:00,not_checked_network_restricted,Not finalized: outbound link checking was blocked in sandbox.,Moved because Motorola Solutions already has a stronger kept row: Project Manager (score 9).,Project Manager,9
,,,5,PremierOne CAD Application Specialist,,Motorola Solutions,https://motorolasolutions.wd5.myworkdayjobs.com/Careers/job/Illinois-Remote-Work/PremierOne-CAD-Application-Specialist_R61953-1,remote,"Software Project Management, Stakeholder Management, Program Management, Technical Documentation, Requirements Gathering, Customer Success, Deployment Workflows, Legal Technology
Deterministic profile match: 8 profile skills mentioned; title alignment 0.0/3.0; domain signals 5. Title relevance penalty 1.0 applied.",,,,,,,,"Illinois Remote Work, More...",https://motorolasolutions.wd5.myworkdayjobs.com/Careers/job/Illinois-Remote-Work/PremierOne-CAD-Application-Specialist_R61953-1,,,,2026-05-14T21:59:19.671411+00:00,not_checked_network_restricted,Not finalized: outbound link checking was blocked in sandbox.,Moved because Motorola Solutions already has a stronger kept row: Project Manager (score 9).,Project Manager,9
,,,5,Product Manager - Business Intelligence & Analytics,,Motorola Solutions,https://motorolasolutions.wd5.myworkdayjobs.com/Careers/job/Illinois-Remote-Work/Product-Manager---Business-Intelligence---Analytics_R62892,hybrid,"Presentation Skills, Customer Success
Deterministic profile match: 2 profile skills mentioned; title alignment 1.0/3.0; domain signals 7.",,,,,,"Illinois Remote Work, More...",,"Illinois Remote Work, More...",https://motorolasolutions.wd5.myworkdayjobs.com/Careers/job/Illinois-Remote-Work/Product-Manager---Business-Intelligence---Analytics_R62892,,,,2026-05-19T03:50:50.932682+00:00,not_checked_network_restricted,Not finalized: outbound link checking was blocked in sandbox.,Moved because Motorola Solutions already has a stronger kept row: Project Manager (score 9).,Project Manager,9
,,,5,Services Product Manager,,Motorola Solutions,https://motorolasolutions.wd5.myworkdayjobs.com/Careers/job/Illinois-Remote-Work/Services-Product-Manager_R62043,remote,"Software Project Management, Stakeholder Management
Deterministic profile match: 2 profile skills mentioned; title alignment 1.0/3.0; domain signals 5.",,,,,,,,"Illinois Remote Work, More...",https://motorolasolutions.wd5.myworkdayjobs.com/Careers/job/Illinois-Remote-Work/Services-Product-Manager_R62043,,,,2026-05-14T21:59:19.671411+00:00,not_checked_network_restricted,Not finalized: outbound link checking was blocked in sandbox.,Moved because Motorola Solutions already has a stronger kept row: Project Manager (score 9).,Project Manager,9
,,,5,Software Customer Support Manager (TX Remote),,Motorola Solutions,https://motorolasolutions.wd5.myworkdayjobs.com/Careers/job/Texas-Remote-Work/Software-Customer-Support-Manager--TX-Remote-_R64306-1,remote,"Customer Success, ERP, SAFe, ServiceNow
Deterministic refreshed score: 4 profile skills mentioned
title alignment 1.0/3.0
domain signals 8",,,,,,,,"Texas Remote Work, More...",https://motorolasolutions.wd5.myworkdayjobs.com/Careers/job/Texas-Remote-Work/Software-Customer-Support-Manager--TX-Remote-_R64306-1,,,,2026-05-20T23:46:42.550881+00:00,not_checked_network_restricted,Added from ApplyPilot DB; outbound link checking was blocked in sandbox.,Moved because Motorola Solutions already has a stronger kept row: Project Manager (score 9).,Project Manager,9
,,,5,Solutions System Specialist,,Motorola Solutions,https://motorolasolutions.wd5.myworkdayjobs.com/Careers/job/Illinois-Remote-Work/Solutions-System-Specialist_R63480-1,remote,"SQL, SAFe, Software Project Management, Program Management, Presentation Skills, Change Management, Legal Technology
Deterministic profile match: 7 profile skills mentioned; title alignment 0.0/3.0; domain signals 6. Title relevance penalty 1.0 applied.",,,,,,,,"Illinois Remote Work, More...",https://motorolasolutions.wd5.myworkdayjobs.com/Careers/job/Illinois-Remote-Work/Solutions-System-Specialist_R63480-1,,,,2026-05-14T21:59:19.671411+00:00,not_checked_network_restricted,Not finalized: outbound link checking was blocked in sandbox.,Moved because Motorola Solutions already has a stronger kept row: Project Manager (score 9).,Project Manager,9
,,,4,Business Analyst - SaaS,,Motorola Solutions,https://motorolasolutions.wd5.myworkdayjobs.com/Careers/job/Texas-Remote-Work/Business-Data-Analyst---SaaS_R64689-1,remote,"Program Management, Technical Documentation, Requirements Gathering
Deterministic profile match: 3 profile skills mentioned; title alignment 0.0/3.0; domain signals 6. Title relevance penalty 1.0 applied.",C:\Users\bsing\.applypilot\tailored_resumes\software-pm\056_7_Motorola_Solutions_Business_Analyst_-_SaaS.txt,failed_validation,Missing required field: projects,,,,,"Texas Remote Work, More...",https://motorolasolutions.wd5.myworkdayjobs.com/Careers/job/Texas-Remote-Work/Business-Data-Analyst---SaaS_R64689-1,,,,2026-05-14T21:59:19.671411+00:00,not_checked_network_restricted,Not finalized: outbound link checking was blocked in sandbox.,Moved because Motorola Solutions already has a stronger kept row: Project Manager (score 9).,Project Manager,9
,,,4,CAD Systems Manager - Eastern Region,,Motorola Solutions,https://motorolasolutions.wd5.myworkdayjobs.com/Careers/job/Maryland-Remote-Work/CAD-Systems-Manager---Eastern-Region_R64691,remote,"ERP, JavaScript, SAFe, SQL
Deterministic refreshed score: 4 profile skills mentioned
title alignment 1.0/3.0
domain signals 6",,,,,,,,"Maryland Remote Work, More...",https://motorolasolutions.wd5.myworkdayjobs.com/Careers/job/Maryland-Remote-Work/CAD-Systems-Manager---Eastern-Region_R64691,,,,2026-05-20T23:46:42.550881+00:00,not_checked_network_restricted,Added from ApplyPilot DB; outbound link checking was blocked in sandbox.,Moved because Motorola Solutions already has a stronger kept row: Project Manager (score 9).,Project Manager,9
,,,4,CAD/RMS Technical Co-Op (CO-OP Program),,Motorola Solutions,https://motorolasolutions.wd5.myworkdayjobs.com/Careers/job/Georgia-Remote-Work/CAD-RMS-Technical-Co-Op--CO-OP-Program-_R61563,remote,"SQL, Software Project Management, Program Management, Legal Technology
Deterministic profile match: 4 profile skills mentioned; title alignment 0.0/3.0; domain signals 4.",,,,,,,,"Georgia Remote Work, More...",https://motorolasolutions.wd5.myworkdayjobs.com/Careers/job/Georgia-Remote-Work/CAD-RMS-Technical-Co-Op--CO-OP-Program-_R61563,,,,2026-05-14T21:59:19.671411+00:00,not_checked_network_restricted,Not finalized: outbound link checking was blocked in sandbox.,Moved because Motorola Solutions already has a stronger kept row: Project Manager (score 9).,Project Manager,9
,,,4,Channel Account Manager,,Motorola Solutions,https://motorolasolutions.wd5.myworkdayjobs.com/Careers/job/Louisiana-Remote-Work/Channel-Account-Manager_R64122,remote,"Go-to-market Strategy, Presentation Skills, Customer Success, Training Enablement, Google Sheets, Google Analytics
Deterministic profile match: 6 profile skills mentioned; title alignment 0.0/3.0; domain signals 3. Title relevance penalty 1.0 applied.",,,,,,,,Louisiana Remote Work,https://motorolasolutions.wd5.myworkdayjobs.com/Careers/job/Louisiana-Remote-Work/Channel-Account-Manager_R64122,,,,2026-05-14T21:59:19.671411+00:00,not_checked_network_restricted,Not finalized: outbound link checking was blocked in sandbox.,Moved because Motorola Solutions already has a stronger kept row: Project Manager (score 9).,Project Manager,9
,,,4,Channel Account Manager (IA),,Motorola Solutions,https://motorolasolutions.wd5.myworkdayjobs.com/Careers/job/Iowa-Remote-Work/Channel-Account-Manager--IA-_R64533,remote,"Go-to-market Strategy, Presentation Skills, Customer Success, Training Enablement, Google Sheets, Google Analytics
Deterministic profile match: 6 profile skills mentioned; title alignment 0.0/3.0; domain signals 2. Title relevance penalty 1.0 applied.",,,,,,,,Iowa Remote Work,https://motorolasolutions.wd5.myworkdayjobs.com/Careers/job/Iowa-Remote-Work/Channel-Account-Manager--IA-_R64533,,,,2026-05-14T21:59:19.671411+00:00,not_checked_network_restricted,Not finalized: outbound link checking was blocked in sandbox.,Moved because Motorola Solutions already has a stronger kept row: Project Manager (score 9).,Project Manager,9
,,,4,Channel Account Manager (NY),,Motorola Solutions,https://motorolasolutions.wd5.myworkdayjobs.com/Careers/job/New-York-Remote-Work/Channel-Account-Manager--NY-_R64637,remote,"Go-to-market Strategy, Presentation Skills, Customer Success, Training Enablement, Google Sheets, Legal Technology, Google Analytics
Deterministic profile match: 7 profile skills mentioned; title alignment 0.0/3.0; domain signals 2. Title relevance penalty 1.0 applied.",,,,,,,,"New York Remote Work, More...",https://motorolasolutions.wd5.myworkdayjobs.com/Careers/job/New-York-Remote-Work/Channel-Account-Manager--NY-_R64637,,,,2026-05-14T21:59:19.671411+00:00,not_checked_network_restricted,Not finalized: outbound link checking was blocked in sandbox.,Moved because Motorola Solutions already has a stronger kept row: Project Manager (score 9).,Project Manager,9
,,,4,Channel Manufacture Program Lead - (Central Region),,Motorola Solutions,https://motorolasolutions.wd5.myworkdayjobs.com/Careers/job/Illinois-Remote-Work/Channel-Manufacture-Program-Lead----Central-Region-_R63432,remote,"Software Project Management, Root Cause Analysis, Program Management, Change Management, Training Enablement
Deterministic profile match: 5 profile skills mentioned; title alignment 0.0/3.0; domain signals 2.",,,,,,,,"Illinois Remote Work, More...",https://motorolasolutions.wd5.myworkdayjobs.com/Careers/job/Illinois-Remote-Work/Channel-Manufacture-Program-Lead----Central-Region-_R63432,,,,2026-05-14T21:59:19.671411+00:00,not_checked_network_restricted,Not finalized: outbound link checking was blocked in sandbox.,Moved because Motorola Solutions already has a stronger kept row: Project Manager (score 9).,Project Manager,9
,,,4,Customer Success Advocate - Critical Connect / Wave PTX,,Motorola Solutions,https://motorolasolutions.wd5.myworkdayjobs.com/Careers/job/Illinois-Remote-Work/Customer-Success-Advocate---Critical-Connect---Wave-PTX_R63814,remote,"Software Project Management, Presentation Skills, Customer Success, Change Management, Risk Management, Deployment Workflows
Deterministic profile match: 6 profile skills mentioned; title alignment 0.0/3.0; domain signals 5. Title relevance penalty 1.0 applied.",,,,,,,,"Illinois Remote Work, More...",https://motorolasolutions.wd5.myworkdayjobs.com/Careers/job/Illinois-Remote-Work/Customer-Success-Advocate---Critical-Connect---Wave-PTX_R63814,,,,2026-05-14T21:59:19.671411+00:00,not_checked_network_restricted,Not finalized: outbound link checking was blocked in sandbox.,Moved because Motorola Solutions already has a stronger kept row: Project Manager (score 9).,Project Manager,9
,,,4,Customer Success Advocate - US Remote,,Motorola Solutions,https://motorolasolutions.wd5.myworkdayjobs.com/Careers/job/Arizona-Remote-Work/Customer-Success-Advocate---US-Remote_R64085,hybrid,"Customer Success, Risk Management, Deployment Workflows
Deterministic profile match: 3 profile skills mentioned; title alignment 0.0/3.0; domain signals 6. Title relevance penalty 1.0 applied.",,,,,,"Arizona Remote Work, More...",,"Arizona Remote Work, More...",https://motorolasolutions.wd5.myworkdayjobs.com/Careers/job/Arizona-Remote-Work/Customer-Success-Advocate---US-Remote_R64085,,,,2026-05-14T21:59:19.671411+00:00,not_checked_network_restricted,Not finalized: outbound link checking was blocked in sandbox.,Moved because Motorola Solutions already has a stronger kept row: Project Manager (score 9).,Project Manager,9
,,,4,Customer Success Advocate - US Remote - Eastern Region,,Motorola Solutions,https://motorolasolutions.wd5.myworkdayjobs.com/Careers/job/Virginia-Remote-Work/Customer-Success-Advocate---US-Remote_R63974,hybrid,"Customer Success, Risk Management, Deployment Workflows
Deterministic profile match: 3 profile skills mentioned; title alignment 0.0/3.0; domain signals 6. Title relevance penalty 1.0 applied.",,,,,,"Virginia Remote Work, More...",,"Virginia Remote Work, More...",https://motorolasolutions.wd5.myworkdayjobs.com/Careers/job/Virginia-Remote-Work/Customer-Success-Advocate---US-Remote_R63974,,,,2026-05-14T21:59:19.671411+00:00,not_checked_network_restricted,Not finalized: outbound link checking was blocked in sandbox.,Moved because Motorola Solutions already has a stronger kept row: Project Manager (score 9).,Project Manager,9
,,,4,Customer Success Advocate - West Coast Region,,Motorola Solutions,https://motorolasolutions.wd5.myworkdayjobs.com/Careers/job/California-Southern-Remote-Work/Customer-Success-Advocate---West-Coast-Region_R64082,hybrid,"Customer Success, Risk Management, Deployment Workflows
Deterministic profile match: 3 profile skills mentioned; title alignment 0.0/3.0; domain signals 6. Title relevance penalty 1.0 applied.",,,,,,"California Southern Remote Work, More...",,"California Southern Remote Work, More...",https://motorolasolutions.wd5.myworkdayjobs.com/Careers/job/California-Southern-Remote-Work/Customer-Success-Advocate---West-Coast-Region_R64082,,,,2026-05-14T21:59:19.671411+00:00,not_checked_network_restricted,Not finalized: outbound link checking was blocked in sandbox.,Moved because Motorola Solutions already has a stronger kept row: Project Manager (score 9).,Project Manager,9
,,,4,ECH Application Specialist - US Remote,,Motorola Solutions,https://motorolasolutions.wd5.myworkdayjobs.com/Careers/job/California-Southern-Remote-Work/ECH-Application-Specialist---US-Remote_R64053,remote,"Software Project Management, Technical Documentation, Deployment Workflows, Google Cloud
Deterministic profile match: 4 profile skills mentioned; title alignment 0.0/3.0; domain signals 5. Title relevance penalty 1.0 applied.",,,,,,,,"California Southern Remote Work, More...",https://motorolasolutions.wd5.myworkdayjobs.com/Careers/job/California-Southern-Remote-Work/ECH-Application-Specialist---US-Remote_R64053,,,,2026-05-14T21:59:19.671411+00:00,not_checked_network_restricted,Not finalized: outbound link checking was blocked in sandbox.,Moved because Motorola Solutions already has a stronger kept row: Project Manager (score 9).,Project Manager,9
,,,4,Global Supply Planner,,Motorola Solutions,https://motorolasolutions.wd5.myworkdayjobs.com/Careers/job/Mexico-Remote-Work/Global-Supply-Planner_R60730,remote,"SQL, Resource Planning, ERP, Power BI, Microsoft Planner
Deterministic profile match: 5 profile skills mentioned; title alignment 0.0/3.0; domain signals 5. Title relevance penalty 1.0 applied.",,,,,,,,Mexico Remote Work,https://motorolasolutions.wd5.myworkdayjobs.com/Careers/job/Mexico-Remote-Work/Global-Supply-Planner_R60730,,,,2026-05-14T21:59:19.671411+00:00,not_checked_network_restricted,Not finalized: outbound link checking was blocked in sandbox.,Moved because Motorola Solutions already has a stronger kept row: Project Manager (score 9).,Project Manager,9
,,,4,NG911 On-site System Manager (Federal),,Motorola Solutions,https://motorolasolutions.wd5.myworkdayjobs.com/Careers/job/California-Southern-Remote-Work/NG911-On-site-System-Manager--Federal-_R64994,remote,"SQL, Program Management, AWS, Legal Technology
Deterministic profile match: 4 profile skills mentioned; title alignment 0.0/3.0; domain signals 7. Title relevance penalty 1.0 applied.",,,,,,,,California Southern Remote Work,https://motorolasolutions.wd5.myworkdayjobs.com/Careers/job/California-Southern-Remote-Work/NG911-On-site-System-Manager--Federal-_R64994,,,,2026-05-19T03:50:50.932682+00:00,not_checked_network_restricted,Not finalized: outbound link checking was blocked in sandbox.,Moved because Motorola Solutions already has a stronger kept row: Project Manager (score 9).,Project Manager,9
,,,4,Project Management Manager II,,Motorola Solutions,https://motorolasolutions.wd5.myworkdayjobs.com/Careers/job/Florida-Remote-Work/Project-Management-Manager-II_R64138-1,remote,"Software Project Management, Program Management, Presentation Skills, Change Management, Risk Management
Deterministic profile match: 5 profile skills mentioned; title alignment 0.0/3.0; domain signals 2.",,,,,,,,"Florida Remote Work, More...",https://motorolasolutions.wd5.myworkdayjobs.com/Careers/job/Florida-Remote-Work/Project-Management-Manager-II_R64138-1,,,,2026-05-14T21:59:19.671411+00:00,not_checked_network_restricted,Not finalized: outbound link checking was blocked in sandbox.,Moved because Motorola Solutions already has a stronger kept row: Project Manager (score 9).,Project Manager,9
,,,4,"Sr. Customer Success Manager (NE,ND,IL,IN,MO,PA)",,Motorola Solutions,https://motorolasolutions.wd5.myworkdayjobs.com/Careers/job/Nebraska-Remote-Work/Sr-Customer-Success-Manager--NE-ND-IL-IN-MO--PA-_R63016,remote,"Software Project Management, Customer Success, Change Management, HubSpot
Deterministic profile match: 4 profile skills mentioned; title alignment 0.0/3.0; domain signals 9. Title relevance penalty 1.0 applied.",,,,,,,,"Nebraska Remote Work, More...",https://motorolasolutions.wd5.myworkdayjobs.com/Careers/job/Nebraska-Remote-Work/Sr-Customer-Success-Manager--NE-ND-IL-IN-MO--PA-_R63016,,,,2026-05-14T21:59:19.671411+00:00,not_checked_network_restricted,Not finalized: outbound link checking was blocked in sandbox.,Moved because Motorola Solutions already has a stronger kept row: Project Manager (score 9).,Project Manager,9
,,,4,Sr. Customer Support Manager,,Motorola Solutions,https://motorolasolutions.wd5.myworkdayjobs.com/Careers/job/Pennsylvania-Remote-Work/Sr-Customer-Support-Manager_R65116,remote,"Change Management, SAFe
Deterministic refreshed score: 2 profile skills mentioned
title alignment 1.0/3.0
domain signals 7",,,,,,,,"Pennsylvania Remote Work, More...",https://motorolasolutions.wd5.myworkdayjobs.com/Careers/job/Pennsylvania-Remote-Work/Sr-Customer-Support-Manager_R65116,,,,2026-05-20T23:50:18.682953+00:00,not_checked_network_restricted,Added from ApplyPilot DB; outbound link checking was blocked in sandbox.,Moved because Motorola Solutions already has a stronger kept row: Project Manager (score 9).,Project Manager,9
,,,4,Systems Engineer Design & Implementation - North Carolina OR South Carolina,,Motorola Solutions,https://motorolasolutions.wd5.myworkdayjobs.com/Careers/job/South-Carolina-Remote-Work/Systems-Engineer-Design---Implementation---North-Carolina-OR-South-Carolina_R64874,remote,"Software Project Management, Technical Documentation, Customer Success
Deterministic profile match: 3 profile skills mentioned; title alignment 0.0/3.0; domain signals 5.",,,,,,,,"South Carolina Remote Work, More...",https://motorolasolutions.wd5.myworkdayjobs.com/Careers/job/South-Carolina-Remote-Work/Systems-Engineer-Design---Implementation---North-Carolina-OR-South-Carolina_R64874,,,,2026-05-14T21:59:19.671411+00:00,not_checked_network_restricted,Not finalized: outbound link checking was blocked in sandbox.,Moved because Motorola Solutions already has a stronger kept row: Project Manager (score 9).,Project Manager,9
,,,4,Video System Manager,,Motorola Solutions,https://motorolasolutions.wd5.myworkdayjobs.com/Careers/job/Michigan-Remote-Work/Video-System-Manager_R64019,remote,"Software Project Management, Program Management, Customer Success, Change Management
Deterministic profile match: 4 profile skills mentioned; title alignment 0.0/3.0; domain signals 5. Title relevance penalty 1.0 applied.",,,,,,,,"Michigan Remote Work, More...",https://motorolasolutions.wd5.myworkdayjobs.com/Careers/job/Michigan-Remote-Work/Video-System-Manager_R64019,,,,2026-05-14T21:59:19.671411+00:00,not_checked_network_restricted,Not finalized: outbound link checking was blocked in sandbox.,Moved because Motorola Solutions already has a stronger kept row: Project Manager (score 9).,Project Manager,9
,,,4,Video Systems Manager - US Remote,,Motorola Solutions,https://motorolasolutions.wd5.myworkdayjobs.com/Careers/job/Texas-Remote-Work/Video-Systems-Manager---US-Remote_R64192,remote,"Software Project Management, Program Management, Customer Success, Change Management, Legal Technology
Deterministic profile match: 5 profile skills mentioned; title alignment 0.0/3.0; domain signals 5. Title relevance penalty 1.0 applied.",,,,,,,,"Texas Remote Work, More...",https://motorolasolutions.wd5.myworkdayjobs.com/Careers/job/Texas-Remote-Work/Video-Systems-Manager---US-Remote_R64192,,,,2026-05-14T21:59:19.671411+00:00,not_checked_network_restricted,Not finalized: outbound link checking was blocked in sandbox.,Moved because Motorola Solutions already has a stronger kept row: Project Manager (score 9).,Project Manager,9
,,,3,APX Next Customer Advocate Manager - US Remote,,Motorola Solutions,https://motorolasolutions.wd5.myworkdayjobs.com/Careers/job/Washington-DC-Remote-Work/Software-Customer-Success-Manager_R62074,remote,"Software Project Management, Customer Success
Deterministic profile match: 2 profile skills mentioned; title alignment 0.0/3.0; domain signals 5. Title relevance penalty 1.0 applied.",,,,,,,,"Washington DC Remote Work, More...",https://motorolasolutions.wd5.myworkdayjobs.com/Careers/job/Washington-DC-Remote-Work/Software-Customer-Success-Manager_R62074,,,,2026-05-14T21:59:19.671411+00:00,not_checked_network_restricted,Not finalized: outbound link checking was blocked in sandbox.,Moved because Motorola Solutions already has a stronger kept row: Project Manager (score 9).,Project Manager,9
,,,3,APX Next Customer Success Advocate,,Motorola Solutions,https://motorolasolutions.wd5.myworkdayjobs.com/Careers/job/Illinois-Remote-Work/APX-Next-Customer-Success-Advocate_R61274,remote,"Software Project Management, Customer Success
Deterministic profile match: 2 profile skills mentioned; title alignment 0.0/3.0; domain signals 5. Title relevance penalty 1.0 applied.",,,,,,,,"Illinois Remote Work, More...",https://motorolasolutions.wd5.myworkdayjobs.com/Careers/job/Illinois-Remote-Work/APX-Next-Customer-Success-Advocate_R61274,,,,2026-05-14T21:59:19.671411+00:00,not_checked_network_restricted,Not finalized: outbound link checking was blocked in sandbox.,Moved because Motorola Solutions already has a stronger kept row: Project Manager (score 9).,Project Manager,9
,,,3,Business Development Manager – United States,,Motorola Solutions,https://motorolasolutions.wd5.myworkdayjobs.com/Careers/job/Georgia-Remote-Work/Business-Development-Manager---United-States_R64902,remote,"Go-to-market Strategy, Stakeholder Management, Presentation Skills, System Monitoring
Deterministic profile match: 4 profile skills mentioned; title alignment 0.0/3.0; domain signals 4. Title relevance penalty 1.0 applied.",,,,,,,,Georgia Remote Work,https://motorolasolutions.wd5.myworkdayjobs.com/Careers/job/Georgia-Remote-Work/Business-Development-Manager---United-States_R64902,,,,2026-05-14T21:59:19.671411+00:00,not_checked_network_restricted,Not finalized: outbound link checking was blocked in sandbox.,Moved because Motorola Solutions already has a stronger kept row: Project Manager (score 9).,Project Manager,9
,,,3,Customer Support Manager - North Carolina,,Motorola Solutions,https://motorolasolutions.wd5.myworkdayjobs.com/Careers/job/North-Carolina-Remote-Work/Customer-Support-Manager---North-Carolina_R64013,remote,"Technical Documentation, Change Management, Legal Technology
Deterministic profile match: 3 profile skills mentioned; title alignment 0.0/3.0; domain signals 3. Title relevance penalty 1.0 applied.",,,,,,,,North Carolina Remote Work,https://motorolasolutions.wd5.myworkdayjobs.com/Careers/job/North-Carolina-Remote-Work/Customer-Support-Manager---North-Carolina_R64013,,,,2026-05-14T22:09:56.379824+00:00,not_checked_network_restricted,Not finalized: outbound link checking was blocked in sandbox.,Moved because Motorola Solutions already has a stronger kept row: Project Manager (score 9).,Project Manager,9
,,,3,Director of Hardware Engineering Operations,,Motorola Solutions,https://motorolasolutions.wd5.myworkdayjobs.com/Careers/job/California-Southern-Remote-Work/Director-of-Hardware-Engineering-Operations_R64863,remote,"Software Project Management, Stakeholder Management, Program Management, ERP, Risk Management, Legal Technology
Deterministic profile match: 6 profile skills mentioned; title alignment 0.0/3.0; domain signals 7. Title relevance penalty 2.5 applied.",,,,,,,,"California Southern Remote Work, More...",https://motorolasolutions.wd5.myworkdayjobs.com/Careers/job/California-Southern-Remote-Work/Director-of-Hardware-Engineering-Operations_R64863,,,,2026-05-14T21:59:19.671411+00:00,not_checked_network_restricted,Not finalized: outbound link checking was blocked in sandbox.,Moved because Motorola Solutions already has a stronger kept row: Project Manager (score 9).,Project Manager,9
,,,3,Federal Software Customer Service Manager - Remote,,Motorola Solutions,https://motorolasolutions.wd5.myworkdayjobs.com/Careers/job/Maryland-Remote-Work/Federal-Software-Customer-Service-Manager---Remote_R64004,remote,"Program Management, Roadmap Planning, Requirements Gathering
Deterministic profile match: 3 profile skills mentioned; title alignment 0.0/3.0; domain signals 5. Title relevance penalty 1.0 applied.",,,,,,,,"Maryland Remote Work, More...",https://motorolasolutions.wd5.myworkdayjobs.com/Careers/job/Maryland-Remote-Work/Federal-Software-Customer-Service-Manager---Remote_R64004,,,,2026-05-14T21:59:19.671411+00:00,not_checked_network_restricted,Not finalized: outbound link checking was blocked in sandbox.,Moved because Motorola Solutions already has a stronger kept row: Project Manager (score 9).,Project Manager,9
,,,3,Field Engineer,,Motorola Solutions,https://motorolasolutions.wd5.myworkdayjobs.com/Careers/job/Illinois-Remote-Work/Field-Engineer_R62939,remote,"SQL, Software Project Management, SOPs, Legal Technology
Deterministic profile match: 4 profile skills mentioned; title alignment 0.0/3.0; domain signals 4. Title relevance penalty 1.0 applied.",,,,,,,,"Illinois Remote Work, More...",https://motorolasolutions.wd5.myworkdayjobs.com/Careers/job/Illinois-Remote-Work/Field-Engineer_R62939,,,,2026-05-14T21:59:19.671411+00:00,not_checked_network_restricted,Not finalized: outbound link checking was blocked in sandbox.,Moved because Motorola Solutions already has a stronger kept row: Project Manager (score 9).,Project Manager,9
,,,3,"Field Engineer - Dallas, TX",,Motorola Solutions,https://motorolasolutions.wd5.myworkdayjobs.com/Careers/job/Texas-Remote-Work/Field-Engineer---Dallas--TX_R64304,remote,"Software Project Management, Technical Documentation
Deterministic profile match: 2 profile skills mentioned; title alignment 0.0/3.0; domain signals 4. Title relevance penalty 1.0 applied.",,,,,,,,Texas Remote Work,https://motorolasolutions.wd5.myworkdayjobs.com/Careers/job/Texas-Remote-Work/Field-Engineer---Dallas--TX_R64304,,,,2026-05-14T21:59:19.671411+00:00,not_checked_network_restricted,Not finalized: outbound link checking was blocked in sandbox.,Moved because Motorola Solutions already has a stronger kept row: Project Manager (score 9).,Project Manager,9
,,,3,Field Engineer - Illinois,,Motorola Solutions,https://motorolasolutions.wd5.myworkdayjobs.com/Careers/job/Illinois-Remote-Work/Field-Engineer---Illinois_R63243,remote,"Program Management, Technical Documentation
Deterministic profile match: 2 profile skills mentioned; title alignment 0.0/3.0; domain signals 5. Title relevance penalty 1.0 applied.",,,,,,,,"Illinois Remote Work, More...",https://motorolasolutions.wd5.myworkdayjobs.com/Careers/job/Illinois-Remote-Work/Field-Engineer---Illinois_R63243,,,,2026-05-14T21:59:19.671411+00:00,not_checked_network_restricted,Not finalized: outbound link checking was blocked in sandbox.,Moved because Motorola Solutions already has a stronger kept row: Project Manager (score 9).,Project Manager,9
,,,3,Field Engineer - Missouri,,Motorola Solutions,https://motorolasolutions.wd5.myworkdayjobs.com/Careers/job/Missouri-Remote-Work/Field-Engineer---Missouri_R63244,remote,"Program Management, Technical Documentation
Deterministic profile match: 2 profile skills mentioned; title alignment 0.0/3.0; domain signals 5. Title relevance penalty 1.0 applied.",,,,,,,,"Missouri Remote Work, More...",https://motorolasolutions.wd5.myworkdayjobs.com/Careers/job/Missouri-Remote-Work/Field-Engineer---Missouri_R63244,,,,2026-05-14T21:59:19.671411+00:00,not_checked_network_restricted,Not finalized: outbound link checking was blocked in sandbox.,Moved because Motorola Solutions already has a stronger kept row: Project Manager (score 9).,Project Manager,9
,,,3,Field Engineer - TX & OK,,Motorola Solutions,https://motorolasolutions.wd5.myworkdayjobs.com/Careers/job/Texas-Remote-Work/Field-Engineer---TX---OK_R64076,remote,"Software Project Management, Technical Documentation
Deterministic profile match: 2 profile skills mentioned; title alignment 0.0/3.0; domain signals 4. Title relevance penalty 1.0 applied.",,,,,,,,"Texas Remote Work, More...",https://motorolasolutions.wd5.myworkdayjobs.com/Careers/job/Texas-Remote-Work/Field-Engineer---TX---OK_R64076,,,,2026-05-14T21:59:19.671411+00:00,not_checked_network_restricted,Not finalized: outbound link checking was blocked in sandbox.,Moved because Motorola Solutions already has a stronger kept row: Project Manager (score 9).,Project Manager,9
,,,3,"Field Service Technician - Nassau County, NY",,Motorola Solutions,https://motorolasolutions.wd5.myworkdayjobs.com/Careers/job/New-York-Remote-Work/Field-Service-Technician---Nassau-County--NY_R64078,remote,"Software Project Management, Technical Documentation, Risk Management, Legal Technology
Deterministic profile match: 4 profile skills mentioned; title alignment 0.0/3.0; domain signals 4. Title relevance penalty 1.0 applied.",,,,,,,,New York Remote Work,https://motorolasolutions.wd5.myworkdayjobs.com/Careers/job/New-York-Remote-Work/Field-Service-Technician---Nassau-County--NY_R64078,,,,2026-05-14T21:59:19.671411+00:00,not_checked_network_restricted,Not finalized: outbound link checking was blocked in sandbox.,Moved because Motorola Solutions already has a stronger kept row: Project Manager (score 9).,Project Manager,9
,,,3,Front-End Web & CMS Specialist,,Motorola Solutions,https://motorolasolutions.wd5.myworkdayjobs.com/Careers/job/Illinois-Remote-Work/Front-End-Web---CMS-Specialist_R64229,remote,"Google Analytics, HubSpot, JavaScript, SAFe
Deterministic refreshed score: 4 profile skills mentioned
title alignment 0.0/3.0
domain signals 7",,,,,,,,"Illinois Remote Work, More...",https://motorolasolutions.wd5.myworkdayjobs.com/Careers/job/Illinois-Remote-Work/Front-End-Web---CMS-Specialist_R64229,,,,2026-05-20T23:50:18.682953+00:00,not_checked_network_restricted,Added from ApplyPilot DB; outbound link checking was blocked in sandbox.,Moved because Motorola Solutions already has a stronger kept row: Project Manager (score 9).,Project Manager,9
,,,3,Portfolio Team Lead,,Motorola Solutions,https://motorolasolutions.wd5.myworkdayjobs.com/Careers/job/Illinois-Remote-Work/Portfolio-Team-Lead_R63282,remote,"Software Project Management, Roadmap Planning, Customer Success, ERP
Deterministic profile match: 4 profile skills mentioned; title alignment 0.0/3.0; domain signals 3. Title relevance penalty 1.0 applied.",,,,,,,,"Illinois Remote Work, More...",https://motorolasolutions.wd5.myworkdayjobs.com/Careers/job/Illinois-Remote-Work/Portfolio-Team-Lead_R63282,,,,2026-05-14T21:59:19.671411+00:00,not_checked_network_restricted,Not finalized: outbound link checking was blocked in sandbox.,Moved because Motorola Solutions already has a stronger kept row: Project Manager (score 9).,Project Manager,9
,,,3,PremierOne Records Application Specialist - US Remote,,Motorola Solutions,https://motorolasolutions.wd5.myworkdayjobs.com/Careers/job/Illinois-Remote-Work/PremierOne-Records-Application-Specialist---US-Remote_R63087,hybrid,"Hybrid Project Management, Technical Documentation, Deployment Workflows
Deterministic profile match: 3 profile skills mentioned; title alignment 0.0/3.0; domain signals 3. Title relevance penalty 1.0 applied.",,,,,,"Illinois Remote Work, More...",,"Illinois Remote Work, More...",https://motorolasolutions.wd5.myworkdayjobs.com/Careers/job/Illinois-Remote-Work/PremierOne-Records-Application-Specialist---US-Remote_R63087,,,,2026-05-14T22:09:56.379824+00:00,not_checked_network_restricted,Not finalized: outbound link checking was blocked in sandbox.,Moved because Motorola Solutions already has a stronger kept row: Project Manager (score 9).,Project Manager,9
,,,3,Principal R&D Engineer,,Motorola Solutions,https://motorolasolutions.wd5.myworkdayjobs.com/Careers/job/Illinois-Remote-Work/Principal-R-D-Engineer_R64697,remote,"Python, Software Project Management, Program Management, Presentation Skills
Deterministic profile match: 4 profile skills mentioned; title alignment 0.0/3.0; domain signals 4. Title relevance penalty 1.0 applied.",,,,,,,,"Illinois Remote Work, More...",https://motorolasolutions.wd5.myworkdayjobs.com/Careers/job/Illinois-Remote-Work/Principal-R-D-Engineer_R64697,,,,2026-05-14T21:59:19.671411+00:00,not_checked_network_restricted,Not finalized: outbound link checking was blocked in sandbox.,Moved because Motorola Solutions already has a stronger kept row: Project Manager (score 9).,Project Manager,9
,,,3,Principal/Lead Software Engineer Full-Stack (Typescript/NodeJS),,Motorola Solutions,https://motorolasolutions.wd5.myworkdayjobs.com/Careers/job/Brazil-Remote-Work/Principal-Lead-Software-Engineer-Full-Stack-Typescript-NodeJS_R62034,remote,"JavaScript, SAFe, Sprint Reviews, AWS, GitHub
Deterministic profile match: 5 profile skills mentioned; title alignment 0.0/3.0; domain signals 8. Title relevance penalty 2.5 applied.",,,,,,,,Brazil Remote Work,https://motorolasolutions.wd5.myworkdayjobs.com/Careers/job/Brazil-Remote-Work/Principal-Lead-Software-Engineer-Full-Stack-Typescript-NodeJS_R62034,,,,2026-05-14T21:59:19.671411+00:00,not_checked_network_restricted,Not finalized: outbound link checking was blocked in sandbox.,Moved because Motorola Solutions already has a stronger kept row: Project Manager (score 9).,Project Manager,9
,,,3,Professional Services Specialist - North America,,Motorola Solutions,https://motorolasolutions.wd5.myworkdayjobs.com/Careers/job/Illinois-Remote-Work/Professional-Services-Specialist---North-America_R63969,remote,"Presentation Skills, Customer Success, Legal Technology
Deterministic profile match: 3 profile skills mentioned; title alignment 0.0/3.0; domain signals 3. Title relevance penalty 1.0 applied.",,,,,,,,"Illinois Remote Work, More...",https://motorolasolutions.wd5.myworkdayjobs.com/Careers/job/Illinois-Remote-Work/Professional-Services-Specialist---North-America_R63969,,,,2026-05-14T21:59:19.671411+00:00,not_checked_network_restricted,Not finalized: outbound link checking was blocked in sandbox.,Moved because Motorola Solutions already has a stronger kept row: Project Manager (score 9).,Project Manager,9
,,,3,"Senior Field Service Technician - Austin, TX",,Motorola Solutions,https://motorolasolutions.wd5.myworkdayjobs.com/Careers/job/Texas-Remote-Work/Senior-Field-Service-Technician---Austin--TX_R63311,remote,"Software Project Management, Technical Documentation
Deterministic profile match: 2 profile skills mentioned; title alignment 0.0/3.0; domain signals 4. Title relevance penalty 1.0 applied.",,,,,,,,Texas Remote Work,https://motorolasolutions.wd5.myworkdayjobs.com/Careers/job/Texas-Remote-Work/Senior-Field-Service-Technician---Austin--TX_R63311,,,,2026-05-14T21:59:19.671411+00:00,not_checked_network_restricted,Not finalized: outbound link checking was blocked in sandbox.,Moved because Motorola Solutions already has a stronger kept row: Project Manager (score 9).,Project Manager,9
,,,3,Senior R&D Software Engineer - Networked Electronic Warfare,,Motorola Solutions,https://motorolasolutions.wd5.myworkdayjobs.com/Careers/job/California-Southern-Remote-Work/Senior-R-D-Software-Engineer---Networked-Electronic-Warfare_R61854,remote,"Python, CI/CD Collaboration, Technical Documentation, Data Pipelines, Distributed Systems Concepts, Jira
Deterministic profile match: 6 profile skills mentioned; title alignment 0.0/3.0; domain signals 7. Title relevance penalty 2.5 applied.",,,,,,,,California Southern Remote Work,https://motorolasolutions.wd5.myworkdayjobs.com/Careers/job/California-Southern-Remote-Work/Senior-R-D-Software-Engineer---Networked-Electronic-Warfare_R61854,,,,2026-05-14T21:59:19.671411+00:00,not_checked_network_restricted,Not finalized: outbound link checking was blocked in sandbox.,Moved because Motorola Solutions already has a stronger kept row: Project Manager (score 9).,Project Manager,9
,,,3,Senior Software Engineer Full-Stack (Typescript/NodeJS),,Motorola Solutions,https://motorolasolutions.wd5.myworkdayjobs.com/Careers/job/Brazil-Remote-Work/Senior-Software-Engineer-Full-Stack-Typescript-NodeJS_R62036,remote,"JavaScript, SAFe, AWS, GitHub
Deterministic profile match: 4 profile skills mentioned; title alignment 0.0/3.0; domain signals 7. Title relevance penalty 2.5 applied.",,,,,,,,Brazil Remote Work,https://motorolasolutions.wd5.myworkdayjobs.com/Careers/job/Brazil-Remote-Work/Senior-Software-Engineer-Full-Stack-Typescript-NodeJS_R62036,,,,2026-05-14T21:59:19.671411+00:00,not_checked_network_restricted,Not finalized: outbound link checking was blocked in sandbox.,Moved because Motorola Solutions already has a stronger kept row: Project Manager (score 9).,Project Manager,9
,,,3,Software Service Manager - US Remote,,Motorola Solutions,https://motorolasolutions.wd5.myworkdayjobs.com/Careers/job/Colorado-Remote-Work/Software-Service-Manager---US-Remote_R64147-1,remote,"Customer Success, Change Management
Deterministic profile match: 2 profile skills mentioned; title alignment 0.0/3.0; domain signals 5. Title relevance penalty 1.0 applied.",,,,,,,,"Colorado Remote Work, More...",https://motorolasolutions.wd5.myworkdayjobs.com/Careers/job/Colorado-Remote-Work/Software-Service-Manager---US-Remote_R64147-1,,,,2026-05-14T21:59:19.671411+00:00,not_checked_network_restricted,Not finalized: outbound link checking was blocked in sandbox.,Moved because Motorola Solutions already has a stronger kept row: Project Manager (score 9).,Project Manager,9
,,,3,Sr Engineer - Systems Design & Implementation,,Motorola Solutions,https://motorolasolutions.wd5.myworkdayjobs.com/Careers/job/Florida-Remote-Work/Sr-Engineer---Systems-Design---Implementation_R64366,remote,"Software Project Management, Technical Documentation
Deterministic profile match: 2 profile skills mentioned; title alignment 0.0/3.0; domain signals 3.",,,,,,,,"Florida Remote Work, More...",https://motorolasolutions.wd5.myworkdayjobs.com/Careers/job/Florida-Remote-Work/Sr-Engineer---Systems-Design---Implementation_R64366,,,,2026-05-14T21:59:19.671411+00:00,not_checked_network_restricted,Not finalized: outbound link checking was blocked in sandbox.,Moved because Motorola Solutions already has a stronger kept row: Project Manager (score 9).,Project Manager,9
,,,3,WAVE Systems Engineer,,Motorola Solutions,https://motorolasolutions.wd5.myworkdayjobs.com/Careers/job/Virginia-Remote-Work/WAVE-Systems-Engineer_R64594,remote,"SQL
Deterministic profile match: 1 profile skills mentioned; title alignment 0.0/3.0; domain signals 5. Title relevance penalty 1.0 applied.",,,,,,,,"Virginia Remote Work, More...",https://motorolasolutions.wd5.myworkdayjobs.com/Careers/job/Virginia-Remote-Work/WAVE-Systems-Engineer_R64594,,,,2026-05-14T21:59:19.671411+00:00,not_checked_network_restricted,Not finalized: outbound link checking was blocked in sandbox.,Moved because Motorola Solutions already has a stronger kept row: Project Manager (score 9).,Project Manager,9
,,,2,AI Application Specialist,,Motorola Solutions,https://motorolasolutions.wd5.myworkdayjobs.com/Careers/job/Texas-Remote-Work/AI-Application-Specialist_R64508,remote,"SOPs, AI/ML
Deterministic profile match: 2 profile skills mentioned; title alignment 0.0/3.0; domain signals 3. Title relevance penalty 1.0 applied.",C:\Users\bsing\.applypilot\tailored_resumes\software-pm\047_7_Motorola_Solutions_AI_Application_Specialist.txt,failed_validation,Company 'Sakhi' missing from experience; Company 'The Samaritans of New York' missing from experience,,,,,Texas Remote Work,https://motorolasolutions.wd5.myworkdayjobs.com/Careers/job/Texas-Remote-Work/AI-Application-Specialist_R64508,,,,2026-05-14T22:09:56.379824+00:00,not_checked_network_restricted,Not finalized: outbound link checking was blocked in sandbox.,Moved because Motorola Solutions already has a stronger kept row: Project Manager (score 9).,Project Manager,9
,,,2,Account Manager,,Motorola Solutions,https://motorolasolutions.wd5.myworkdayjobs.com/Careers/job/Idaho-Remote-Work/Account-Manager_R63932,remote,"Software Project Management
Deterministic profile match: 1 profile skills mentioned; title alignment 0.0/3.0; domain signals 2. Title relevance penalty 1.0 applied.",,,,,,,,"Idaho Remote Work, More...",https://motorolasolutions.wd5.myworkdayjobs.com/Careers/job/Idaho-Remote-Work/Account-Manager_R63932,,,,2026-05-14T21:59:19.671411+00:00,not_checked_network_restricted,Not finalized: outbound link checking was blocked in sandbox.,Moved because Motorola Solutions already has a stronger kept row: Project Manager (score 9).,Project Manager,9
,,,2,Business Development Manager,,Motorola Solutions,https://motorolasolutions.wd5.myworkdayjobs.com/Careers/job/California-Northern-Remote-Work/Business-Development-Manager_R63773,remote,"Go-to-market Strategy, Customer Success, Training Enablement
Deterministic profile match: 3 profile skills mentioned; title alignment 0.0/3.0; domain signals 2. Title relevance penalty 1.0 applied.",,,,,,,,California Northern Remote Work,https://motorolasolutions.wd5.myworkdayjobs.com/Careers/job/California-Northern-Remote-Work/Business-Development-Manager_R63773,,,,2026-05-14T21:59:19.671411+00:00,not_checked_network_restricted,Not finalized: outbound link checking was blocked in sandbox.,Moved because Motorola Solutions already has a stronger kept row: Project Manager (score 9).,Project Manager,9
,,,2,CAD (Computer Aided Dispatch) & RMS System Manager,,Motorola Solutions,https://motorolasolutions.wd5.myworkdayjobs.com/Careers/job/Virginia-Remote-Work/CAD--Computer-Aided-Dispatch--RMS-System-Manager_R62166,remote,"SQL
Deterministic profile match: 1 profile skills mentioned; title alignment 0.0/3.0; domain signals 4. Title relevance penalty 1.0 applied.",,,,,,,,Virginia Remote Work,https://motorolasolutions.wd5.myworkdayjobs.com/Careers/job/Virginia-Remote-Work/CAD--Computer-Aided-Dispatch--RMS-System-Manager_R62166,,,,2026-05-14T21:59:19.671411+00:00,not_checked_network_restricted,Not finalized: outbound link checking was blocked in sandbox.,Moved because Motorola Solutions already has a stronger kept row: Project Manager (score 9).,Project Manager,9
,,,2,Channel Sales Executive,,Motorola Solutions,https://motorolasolutions.wd5.myworkdayjobs.com/Careers/job/Missouri-Remote-Work/Channel-Sales-Executive_R64686,remote,"Go-to-market Strategy, Presentation Skills, SAFe
Deterministic refreshed score: 3 profile skills mentioned
title alignment 0.0/3.0
domain signals 7",,,,,,,,"Missouri Remote Work, More...",https://motorolasolutions.wd5.myworkdayjobs.com/Careers/job/Missouri-Remote-Work/Channel-Sales-Executive_R64686,,,,2026-05-20T23:46:42.550881+00:00,not_checked_network_restricted,Added from ApplyPilot DB; outbound link checking was blocked in sandbox.,Moved because Motorola Solutions already has a stronger kept row: Project Manager (score 9).,Project Manager,9
,,,2,Channel Sales Executive,,Motorola Solutions,https://motorolasolutions.wd5.myworkdayjobs.com/Careers/job/Mississippi-Remote-Work/Channel-Sales-Executive_R64252,remote,"Go-to-market Strategy, Software Project Management, Presentation Skills, Customer Success, Google Sheets, Google Analytics
Deterministic profile match: 6 profile skills mentioned; title alignment 0.0/3.0; domain signals 3. Title relevance penalty 2.5 applied.",,,,,,,,"Mississippi Remote Work, More...",https://motorolasolutions.wd5.myworkdayjobs.com/Careers/job/Mississippi-Remote-Work/Channel-Sales-Executive_R64252,,,,2026-05-14T21:59:19.671411+00:00,not_checked_network_restricted,Not finalized: outbound link checking was blocked in sandbox.,Moved because Motorola Solutions already has a stronger kept row: Project Manager (score 9).,Project Manager,9
,,,2,Channel Sales Executive,,Motorola Solutions,https://motorolasolutions.wd5.myworkdayjobs.com/Careers/job/Louisiana-Remote-Work/Channel-Sales-Executive_R64272,remote,"Go-to-market Strategy, Software Project Management, Presentation Skills, Customer Success, Google Sheets, Google Analytics
Deterministic profile match: 6 profile skills mentioned; title alignment 0.0/3.0; domain signals 3. Title relevance penalty 2.5 applied.",,,,,,,,Louisiana Remote Work,https://motorolasolutions.wd5.myworkdayjobs.com/Careers/job/Louisiana-Remote-Work/Channel-Sales-Executive_R64272,,,,2026-05-14T21:59:19.671411+00:00,not_checked_network_restricted,Not finalized: outbound link checking was blocked in sandbox.,Moved because Motorola Solutions already has a stronger kept row: Project Manager (score 9).,Project Manager,9
,,,2,Channel Sales Executive,,Motorola Solutions,https://motorolasolutions.wd5.myworkdayjobs.com/Careers/job/Kansas-Remote-Work/Channel-Sales-Executive_R64515,remote,"Go-to-market Strategy, Software Project Management, Presentation Skills, Customer Success, Google Sheets, Google Analytics
Deterministic profile match: 6 profile skills mentioned; title alignment 0.0/3.0; domain signals 3. Title relevance penalty 2.5 applied.",,,,,,,,"Kansas Remote Work, More...",https://motorolasolutions.wd5.myworkdayjobs.com/Careers/job/Kansas-Remote-Work/Channel-Sales-Executive_R64515,,,,2026-05-14T21:59:19.671411+00:00,not_checked_network_restricted,Not finalized: outbound link checking was blocked in sandbox.,Moved because Motorola Solutions already has a stronger kept row: Project Manager (score 9).,Project Manager,9
,,,2,Channel Sales Executive - Pelco Southeast,,Motorola Solutions,https://motorolasolutions.wd5.myworkdayjobs.com/Careers/job/North-Carolina-Remote-Work/Channel-Sales-Executive---Pelco-Southeast_R64927,remote,"Go-to-market Strategy, Presentation Skills, SAFe
Deterministic refreshed score: 3 profile skills mentioned
title alignment 0.0/3.0
domain signals 7",,,,,,,,"North Carolina Remote Work, More...",https://motorolasolutions.wd5.myworkdayjobs.com/Careers/job/North-Carolina-Remote-Work/Channel-Sales-Executive---Pelco-Southeast_R64927,,,,2026-05-20T23:46:42.550881+00:00,not_checked_network_restricted,Added from ApplyPilot DB; outbound link checking was blocked in sandbox.,Moved because Motorola Solutions already has a stronger kept row: Project Manager (score 9).,Project Manager,9
,,,2,Channel Sales Executive - Video (West Texas),,Motorola Solutions,https://motorolasolutions.wd5.myworkdayjobs.com/Careers/job/Texas-Remote-Work/Channel-Sales-Executive---Video--West-Texas-_R62842-1,remote,"Go-to-market Strategy, Software Project Management, Presentation Skills, Customer Success, Google Sheets, Google Analytics
Deterministic profile match: 6 profile skills mentioned; title alignment 0.0/3.0; domain signals 3. Title relevance penalty 2.5 applied.",,,,,,,,Texas Remote Work,https://motorolasolutions.wd5.myworkdayjobs.com/Careers/job/Texas-Remote-Work/Channel-Sales-Executive---Video--West-Texas-_R62842-1,,,,2026-05-14T21:59:19.671411+00:00,not_checked_network_restricted,Not finalized: outbound link checking was blocked in sandbox.,Moved because Motorola Solutions already has a stronger kept row: Project Manager (score 9).,Project Manager,9
,,,2,Ecosystem Demonstration Specialist,,Motorola Solutions,https://motorolasolutions.wd5.myworkdayjobs.com/Careers/job/Texas-Remote-Work/Ecosystem-Demonstration-Specialist_R62864,remote,"Presentation Skills
Deterministic profile match: 1 profile skills mentioned; title alignment 0.0/3.0; domain signals 4. Title relevance penalty 1.0 applied.",,,,,,,,"Texas Remote Work, More...",https://motorolasolutions.wd5.myworkdayjobs.com/Careers/job/Texas-Remote-Work/Ecosystem-Demonstration-Specialist_R62864,,,,2026-05-14T21:59:19.671411+00:00,not_checked_network_restricted,Not finalized: outbound link checking was blocked in sandbox.,Moved because Motorola Solutions already has a stronger kept row: Project Manager (score 9).,Project Manager,9
,,,2,Federal DoD Customer Support Manager - Remote,,Motorola Solutions,https://motorolasolutions.wd5.myworkdayjobs.com/Careers/job/Kansas-Remote-Work/Federal-DoD-Customer-Support-Manager---Remote_R64587,remote,"Software Project Management, Program Management
Deterministic profile match: 2 profile skills mentioned; title alignment 0.0/3.0; domain signals 3. Title relevance penalty 1.0 applied.",,,,,,,,"Kansas Remote Work, More...",https://motorolasolutions.wd5.myworkdayjobs.com/Careers/job/Kansas-Remote-Work/Federal-DoD-Customer-Support-Manager---Remote_R64587,,,,2026-05-14T21:59:19.671411+00:00,not_checked_network_restricted,Not finalized: outbound link checking was blocked in sandbox.,Moved because Motorola Solutions already has a stronger kept row: Project Manager (score 9).,Project Manager,9
,,,2,Field Service Engineer - US Remote,,Motorola Solutions,https://motorolasolutions.wd5.myworkdayjobs.com/Careers/job/Texas-Remote-Work/Field-Service-Engineer---US-Remote_R63226,remote,Deterministic profile match: 0 profile skills mentioned; title alignment 0.0/3.0; domain signals 3. Title relevance penalty 1.0 applied.,,,,,,,,"Texas Remote Work, More...",https://motorolasolutions.wd5.myworkdayjobs.com/Careers/job/Texas-Remote-Work/Field-Service-Engineer---US-Remote_R63226,,,,2026-05-14T22:09:56.379824+00:00,not_checked_network_restricted,Not finalized: outbound link checking was blocked in sandbox.,Moved because Motorola Solutions already has a stronger kept row: Project Manager (score 9).,Project Manager,9
,,,2,Field Service Technician - Midwest Region,,Motorola Solutions,https://motorolasolutions.wd5.myworkdayjobs.com/Careers/job/Minnesota-Remote-Work/Field-Service-Technician---Midwest-Region_R64119,remote,"Software Project Management, Technical Documentation
Deterministic profile match: 2 profile skills mentioned; title alignment 0.0/3.0; domain signals 3. Title relevance penalty 1.0 applied.",,,,,,,,"Minnesota Remote Work, More...",https://motorolasolutions.wd5.myworkdayjobs.com/Careers/job/Minnesota-Remote-Work/Field-Service-Technician---Midwest-Region_R64119,,,,2026-05-19T03:50:50.932682+00:00,not_checked_network_restricted,Not finalized: outbound link checking was blocked in sandbox.,Moved because Motorola Solutions already has a stronger kept row: Project Manager (score 9).,Project Manager,9
,,,2,Field Service Technician - Northern Illinois,,Motorola Solutions,https://motorolasolutions.wd5.myworkdayjobs.com/Careers/job/Illinois-Remote-Work/Field-Service-Technician---Northern-Illinois_R64970,remote,Deterministic profile match: 0 profile skills mentioned; title alignment 0.0/3.0; domain signals 4. Title relevance penalty 1.0 applied.,,,,,,,,Illinois Remote Work,https://motorolasolutions.wd5.myworkdayjobs.com/Careers/job/Illinois-Remote-Work/Field-Service-Technician---Northern-Illinois_R64970,,,,2026-05-19T03:50:50.932682+00:00,not_checked_network_restricted,Not finalized: outbound link checking was blocked in sandbox.,Moved because Motorola Solutions already has a stronger kept row: Project Manager (score 9).,Project Manager,9
,,,2,Field Service Technician - Northern Illinois,,Motorola Solutions,https://motorolasolutions.wd5.myworkdayjobs.com/Careers/job/Illinois-Remote-Work/Field-Service-Technician---Northern-Illinois_R63404,remote,Deterministic profile match: 0 profile skills mentioned; title alignment 0.0/3.0; domain signals 4. Title relevance penalty 1.0 applied.,,,,,,,,Illinois Remote Work,https://motorolasolutions.wd5.myworkdayjobs.com/Careers/job/Illinois-Remote-Work/Field-Service-Technician---Northern-Illinois_R63404,,,,2026-05-14T21:59:19.671411+00:00,not_checked_network_restricted,Not finalized: outbound link checking was blocked in sandbox.,Moved because Motorola Solutions already has a stronger kept row: Project Manager (score 9).,Project Manager,9
,,,2,Field Service Technician III,,Motorola Solutions,https://motorolasolutions.wd5.myworkdayjobs.com/Careers/job/Virginia-Remote-Work/Field-Service-Technician-III_R64531,remote,"Program Management, Legal Technology
Deterministic profile match: 2 profile skills mentioned; title alignment 0.0/3.0; domain signals 1. Title relevance penalty 1.0 applied.",,,,,,,,"Virginia Remote Work, More...",https://motorolasolutions.wd5.myworkdayjobs.com/Careers/job/Virginia-Remote-Work/Field-Service-Technician-III_R64531,,,,2026-05-14T22:09:56.379824+00:00,not_checked_network_restricted,Not finalized: outbound link checking was blocked in sandbox.,Moved because Motorola Solutions already has a stronger kept row: Project Manager (score 9).,Project Manager,9
,,,2,Instructional Designer and Developer,,Motorola Solutions,https://motorolasolutions.wd5.myworkdayjobs.com/Careers/job/British-Columbia-Remote-Work/Instructional-Designer-and-Developer_R64030,remote,"Technical Documentation
Deterministic profile match: 1 profile skills mentioned; title alignment 0.0/3.0; domain signals 3. Title relevance penalty 1.0 applied.",,,,,,,,"British Columbia Remote Work, More...",https://motorolasolutions.wd5.myworkdayjobs.com/Careers/job/British-Columbia-Remote-Work/Instructional-Designer-and-Developer_R64030,,,,2026-05-14T21:59:19.671411+00:00,not_checked_network_restricted,Not finalized: outbound link checking was blocked in sandbox.,Moved because Motorola Solutions already has a stronger kept row: Project Manager (score 9).,Project Manager,9
,,,2,LMR Technician,,Motorola Solutions,https://motorolasolutions.wd5.myworkdayjobs.com/Careers/job/California-Southern-Remote-Work/LMR-Technician_R60024,remote,Deterministic profile match: 0 profile skills mentioned; title alignment 0.0/3.0; domain signals 3. Title relevance penalty 1.0 applied.,,,,,,,,California Southern Remote Work,https://motorolasolutions.wd5.myworkdayjobs.com/Careers/job/California-Southern-Remote-Work/LMR-Technician_R60024,,,,2026-05-14T21:59:19.671411+00:00,not_checked_network_restricted,Not finalized: outbound link checking was blocked in sandbox.,Moved because Motorola Solutions already has a stronger kept row: Project Manager (score 9).,Project Manager,9
,,,2,"Market Development Executive, U.S. Navy",,Motorola Solutions,https://motorolasolutions.wd5.myworkdayjobs.com/Careers/job/California-Southern-Remote-Work/Market-Development-Executive--US-Navy_R60979,remote,"Program Management, Presentation Skills
Deterministic profile match: 2 profile skills mentioned; title alignment 0.0/3.0; domain signals 1. Title relevance penalty 1.0 applied.",,,,,,,,"California Southern Remote Work, More...",https://motorolasolutions.wd5.myworkdayjobs.com/Careers/job/California-Southern-Remote-Work/Market-Development-Executive--US-Navy_R60979,,,,2026-05-14T22:22:43.289579+00:00,not_checked_network_restricted,Not finalized: outbound link checking was blocked in sandbox.,Moved because Motorola Solutions already has a stronger kept row: Project Manager (score 9).,Project Manager,9
,,,2,"Market Development Executive, United States Air Force & Space Force",,Motorola Solutions,https://motorolasolutions.wd5.myworkdayjobs.com/Careers/job/California-Southern-Remote-Work/Market-Development-Executive--United-States-Air-Force---Space-Force_R61169,remote,"Program Management
Deterministic profile match: 1 profile skills mentioned; title alignment 0.0/3.0; domain signals 1. Title relevance penalty 1.0 applied.",,,,,,,,"California Southern Remote Work, More...",https://motorolasolutions.wd5.myworkdayjobs.com/Careers/job/California-Southern-Remote-Work/Market-Development-Executive--United-States-Air-Force---Space-Force_R61169,,,,2026-05-14T22:22:43.289579+00:00,not_checked_network_restricted,Not finalized: outbound link checking was blocked in sandbox.,Moved because Motorola Solutions already has a stronger kept row: Project Manager (score 9).,Project Manager,9
,,,2,Onsite Senior Federal Field Services Manager,,Motorola Solutions,https://motorolasolutions.wd5.myworkdayjobs.com/Careers/job/Washington-DC-Remote-Work/Onsite-Senior-Federal-Field-Services-Manager_R64566,remote,"Technical Documentation, Legal Technology
Deterministic profile match: 2 profile skills mentioned; title alignment 0.0/3.0; domain signals 3. Title relevance penalty 1.0 applied.",,,,,,,,"Washington DC Remote Work, More...",https://motorolasolutions.wd5.myworkdayjobs.com/Careers/job/Washington-DC-Remote-Work/Onsite-Senior-Federal-Field-Services-Manager_R64566,,,,2026-05-14T22:09:56.379824+00:00,not_checked_network_restricted,Not finalized: outbound link checking was blocked in sandbox.,Moved because Motorola Solutions already has a stronger kept row: Project Manager (score 9).,Project Manager,9
,,,2,RF / Microwave Practice Office Engineer,,Motorola Solutions,https://motorolasolutions.wd5.myworkdayjobs.com/Careers/job/Maryland-Remote-Work/RF---Microwave-Practice-Office-Engineer_R63337,remote,"Technical Documentation
Deterministic profile match: 1 profile skills mentioned; title alignment 0.0/3.0; domain signals 2. Title relevance penalty 1.0 applied.",,,,,,,,"Maryland Remote Work, More...",https://motorolasolutions.wd5.myworkdayjobs.com/Careers/job/Maryland-Remote-Work/RF---Microwave-Practice-Office-Engineer_R63337,,,,2026-05-14T22:09:56.379824+00:00,not_checked_network_restricted,Not finalized: outbound link checking was blocked in sandbox.,Moved because Motorola Solutions already has a stronger kept row: Project Manager (score 9).,Project Manager,9
,,,2,Scaled Customer Success Associate - US Remote,,Motorola Solutions,https://motorolasolutions.wd5.myworkdayjobs.com/Careers/job/Illinois-Remote-Work/Scaled-Customer-Success-Associate---US-Remote_R64096,remote,"Customer Success, ERP, SAFe
Deterministic refreshed score: 3 profile skills mentioned
title alignment 0.0/3.0
domain signals 11",,,,,,,,"Illinois Remote Work, More...",https://motorolasolutions.wd5.myworkdayjobs.com/Careers/job/Illinois-Remote-Work/Scaled-Customer-Success-Associate---US-Remote_R64096,,,,2026-05-20T23:46:42.550881+00:00,not_checked_network_restricted,Added from ApplyPilot DB; outbound link checking was blocked in sandbox.,Moved because Motorola Solutions already has a stronger kept row: Project Manager (score 9).,Project Manager,9
,,,2,Senior Account Manager - Manitoba / Saskatchewan,,Motorola Solutions,https://motorolasolutions.wd5.myworkdayjobs.com/Careers/job/Manitoba-Remote-Work/Senior-Account-Manager---Manitoba---Saskatchewan_R63487,remote,"Software Project Management
Deterministic profile match: 1 profile skills mentioned; title alignment 0.0/3.0; domain signals 2. Title relevance penalty 1.0 applied.",,,,,,,,"Manitoba Remote Work, More...",https://motorolasolutions.wd5.myworkdayjobs.com/Careers/job/Manitoba-Remote-Work/Senior-Account-Manager---Manitoba---Saskatchewan_R63487,,,,2026-05-14T21:59:19.671411+00:00,not_checked_network_restricted,Not finalized: outbound link checking was blocked in sandbox.,Moved because Motorola Solutions already has a stronger kept row: Project Manager (score 9).,Project Manager,9
,,,2,Senior Field Service Technician - State of Louisiana,,Motorola Solutions,https://motorolasolutions.wd5.myworkdayjobs.com/Careers/job/Louisiana-Remote-Work/Senior-Field-Service-Technician---State-of-Louisiana_R64133,remote,"Software Project Management, Technical Documentation
Deterministic profile match: 2 profile skills mentioned; title alignment 0.0/3.0; domain signals 3. Title relevance penalty 1.0 applied.",,,,,,,,Louisiana Remote Work,https://motorolasolutions.wd5.myworkdayjobs.com/Careers/job/Louisiana-Remote-Work/Senior-Field-Service-Technician---State-of-Louisiana_R64133,,,,2026-05-14T21:59:19.671411+00:00,not_checked_network_restricted,Not finalized: outbound link checking was blocked in sandbox.,Moved because Motorola Solutions already has a stronger kept row: Project Manager (score 9).,Project Manager,9
,,,2,Service Delivery Manager - Greater Los Angeles,,Motorola Solutions,https://motorolasolutions.wd5.myworkdayjobs.com/Careers/job/California-Southern-Remote-Work/Service-Delivery-Manager---Greater-Los-Angeles_R62399,hybrid,"Hybrid Project Management, Risk Management, Legal Technology
Deterministic profile match: 3 profile skills mentioned; title alignment 0.0/3.0; domain signals 2. Title relevance penalty 1.0 applied.",,,,,,California Southern Remote Work,,California Southern Remote Work,https://motorolasolutions.wd5.myworkdayjobs.com/Careers/job/California-Southern-Remote-Work/Service-Delivery-Manager---Greater-Los-Angeles_R62399,,,,2026-05-14T22:09:56.379824+00:00,not_checked_network_restricted,Not finalized: outbound link checking was blocked in sandbox.,Moved because Motorola Solutions already has a stronger kept row: Project Manager (score 9).,Project Manager,9
,,,2,Site Reliability Engineer,,Motorola Solutions,https://motorolasolutions.wd5.myworkdayjobs.com/Careers/job/Brazil-Remote-Work/Site-Reliability-Engineer_R62251,remote,Deterministic profile match: 0 profile skills mentioned; title alignment 0.0/3.0; domain signals 5. Title relevance penalty 1.0 applied.,,,,,,,,Brazil Remote Work,https://motorolasolutions.wd5.myworkdayjobs.com/Careers/job/Brazil-Remote-Work/Site-Reliability-Engineer_R62251,,,,2026-05-14T21:59:19.671411+00:00,not_checked_network_restricted,Not finalized: outbound link checking was blocked in sandbox.,Moved because Motorola Solutions already has a stronger kept row: Project Manager (score 9).,Project Manager,9
,,,2,Software Customer Service Manager - VESTA,,Motorola Solutions,https://motorolasolutions.wd5.myworkdayjobs.com/Careers/job/Idaho-Remote-Work/Software-Customer-Service-Manager---VESTA_R62297,remote,"Customer Success, ServiceNow
Deterministic profile match: 2 profile skills mentioned; title alignment 0.0/3.0; domain signals 2. Title relevance penalty 1.0 applied.",,,,,,,,"Idaho Remote Work, More...",https://motorolasolutions.wd5.myworkdayjobs.com/Careers/job/Idaho-Remote-Work/Software-Customer-Service-Manager---VESTA_R62297,,,,2026-05-14T21:59:19.671411+00:00,not_checked_network_restricted,Not finalized: outbound link checking was blocked in sandbox.,Moved because Motorola Solutions already has a stronger kept row: Project Manager (score 9).,Project Manager,9
,,,2,Sr. Account Manager (Central Louisiana),,Motorola Solutions,https://motorolasolutions.wd5.myworkdayjobs.com/Careers/job/Louisiana-Remote-Work/Sr-Account-Manager--Central-Louisiana-_R63362,remote,"Software Project Management
Deterministic profile match: 1 profile skills mentioned; title alignment 0.0/3.0; domain signals 2. Title relevance penalty 1.0 applied.",,,,,,,,Louisiana Remote Work,https://motorolasolutions.wd5.myworkdayjobs.com/Careers/job/Louisiana-Remote-Work/Sr-Account-Manager--Central-Louisiana-_R63362,,,,2026-05-14T21:59:19.671411+00:00,not_checked_network_restricted,Not finalized: outbound link checking was blocked in sandbox.,Moved because Motorola Solutions already has a stronger kept row: Project Manager (score 9).,Project Manager,9
,,,2,Sr. Account Manager (Louisiana),,Motorola Solutions,https://motorolasolutions.wd5.myworkdayjobs.com/Careers/job/Louisiana-Remote-Work/Sr-Account-Manager--Louisiana-_R64924,remote,"Software Project Management
Deterministic profile match: 1 profile skills mentioned; title alignment 0.0/3.0; domain signals 2. Title relevance penalty 1.0 applied.",,,,,,,,Louisiana Remote Work,https://motorolasolutions.wd5.myworkdayjobs.com/Careers/job/Louisiana-Remote-Work/Sr-Account-Manager--Louisiana-_R64924,,,,2026-05-19T03:50:50.932682+00:00,not_checked_network_restricted,Not finalized: outbound link checking was blocked in sandbox.,Moved because Motorola Solutions already has a stronger kept row: Project Manager (score 9).,Project Manager,9
,,,2,Sr. Account Manager (Utilities),,Motorola Solutions,https://motorolasolutions.wd5.myworkdayjobs.com/Careers/job/Illinois-Remote-Work/Sr-Account-Manager--Utilities-_R64001,remote,"Customer Success, Resource Planning
Deterministic profile match: 2 profile skills mentioned; title alignment 0.0/3.0; domain signals 2. Title relevance penalty 1.0 applied.",,,,,,,,"Illinois Remote Work, More...",https://motorolasolutions.wd5.myworkdayjobs.com/Careers/job/Illinois-Remote-Work/Sr-Account-Manager--Utilities-_R64001,,,,2026-05-14T21:59:19.671411+00:00,not_checked_network_restricted,Not finalized: outbound link checking was blocked in sandbox.,Moved because Motorola Solutions already has a stronger kept row: Project Manager (score 9).,Project Manager,9
,,,2,Sr. Account Manager - New Mexico,,Motorola Solutions,https://motorolasolutions.wd5.myworkdayjobs.com/Careers/job/New-Mexico-Remote-Work/Sr-Account-Manager---New-Mexico_R63348,remote,"Software Project Management
Deterministic profile match: 1 profile skills mentioned; title alignment 0.0/3.0; domain signals 2. Title relevance penalty 1.0 applied.",,,,,,,,"New Mexico Remote Work, More...",https://motorolasolutions.wd5.myworkdayjobs.com/Careers/job/New-Mexico-Remote-Work/Sr-Account-Manager---New-Mexico_R63348,,,,2026-05-14T21:59:19.671411+00:00,not_checked_network_restricted,Not finalized: outbound link checking was blocked in sandbox.,Moved because Motorola Solutions already has a stronger kept row: Project Manager (score 9).,Project Manager,9
,,,2,Staff Network Engineer,,Motorola Solutions,https://motorolasolutions.wd5.myworkdayjobs.com/Careers/job/California-Southern-Remote-Work/Staff-Network-Engineer_R64636-1,remote,"Change Management, ERP, SAFe
Deterministic refreshed score: 3 profile skills mentioned
title alignment 0.0/3.0
domain signals 7",,,,,,,,California Southern Remote Work,https://motorolasolutions.wd5.myworkdayjobs.com/Careers/job/California-Southern-Remote-Work/Staff-Network-Engineer_R64636-1,,,,2026-05-20T23:55:21.075047+00:00,not_checked_network_restricted,Added from ApplyPilot DB; outbound link checking was blocked in sandbox.,Moved because Motorola Solutions already has a stronger kept row: Project Manager (score 9).,Project Manager,9
,,,2,Strategic Account Manager - Software (East),,Motorola Solutions,https://motorolasolutions.wd5.myworkdayjobs.com/Careers/job/North-Carolina-Remote-Work/Strategic-Account-Manager---Software--East-_R64538,remote,"Software Project Management
Deterministic profile match: 1 profile skills mentioned; title alignment 0.0/3.0; domain signals 4. Title relevance penalty 1.0 applied.",,,,,,,,"North Carolina Remote Work, More...",https://motorolasolutions.wd5.myworkdayjobs.com/Careers/job/North-Carolina-Remote-Work/Strategic-Account-Manager---Software--East-_R64538,,,,2026-05-14T21:59:19.671411+00:00,not_checked_network_restricted,Not finalized: outbound link checking was blocked in sandbox.,Moved because Motorola Solutions already has a stronger kept row: Project Manager (score 9).,Project Manager,9
,,,2,Systems Engineer/Technician - Ingénieur/Technicien en systèmes,,Motorola Solutions,https://motorolasolutions.wd5.myworkdayjobs.com/Careers/job/Quebec-Remote-Work/Systems-Engineer-Technician---Ingnieur-Technicien-en-systmes_R64094,remote,"Technical Documentation, Customer Success
Deterministic profile match: 2 profile skills mentioned; title alignment 0.0/3.0; domain signals 3. Title relevance penalty 1.0 applied.",,,,,,,,Quebec Remote Work,https://motorolasolutions.wd5.myworkdayjobs.com/Careers/job/Quebec-Remote-Work/Systems-Engineer-Technician---Ingnieur-Technicien-en-systmes_R64094,,,,2026-05-14T22:09:56.379824+00:00,not_checked_network_restricted,Not finalized: outbound link checking was blocked in sandbox.,Moved because Motorola Solutions already has a stronger kept row: Project Manager (score 9).,Project Manager,9
,,,2,VS&A North America Business Development Manager - Strategic Partners,,Motorola Solutions,https://motorolasolutions.wd5.myworkdayjobs.com/Careers/job/Illinois-Remote-Work/VS-A-North-America-Business-Development-Manager---Strategic-Partners_R62732,remote,"Go-to-market Strategy, Customer Success
Deterministic profile match: 2 profile skills mentioned; title alignment 0.0/3.0; domain signals 2. Title relevance penalty 1.0 applied.",,,,,,,,"Illinois Remote Work, More...",https://motorolasolutions.wd5.myworkdayjobs.com/Careers/job/Illinois-Remote-Work/VS-A-North-America-Business-Development-Manager---Strategic-Partners_R62732,,,,2026-05-14T21:59:19.671411+00:00,not_checked_network_restricted,Not finalized: outbound link checking was blocked in sandbox.,Moved because Motorola Solutions already has a stronger kept row: Project Manager (score 9).,Project Manager,9
,,,2,Vertical Strategy Manager - Video (Data Center Vertical - NA),,Motorola Solutions,https://motorolasolutions.wd5.myworkdayjobs.com/Careers/job/Texas-Remote-Work/Vertical-Strategy-Manager---Video--Data-Center-Vertical---NA-_R63723,remote,"Go-to-market Strategy
Deterministic profile match: 1 profile skills mentioned; title alignment 0.0/3.0; domain signals 3. Title relevance penalty 1.0 applied.",,,,,,,,"Texas Remote Work, More...",https://motorolasolutions.wd5.myworkdayjobs.com/Careers/job/Texas-Remote-Work/Vertical-Strategy-Manager---Video--Data-Center-Vertical---NA-_R63723,,,,2026-05-14T21:59:19.671411+00:00,not_checked_network_restricted,Not finalized: outbound link checking was blocked in sandbox.,Moved because Motorola Solutions already has a stronger kept row: Project Manager (score 9).,Project Manager,9
,,,1,Associate Inside Sales Representative (ISR) - Unmanned Systems,,Motorola Solutions,https://motorolasolutions.wd5.myworkdayjobs.com/Careers/job/California-Southern-Remote-Work/Associate-Inside-Sales-Representative--ISR----Unmanned-Systems_R63635,remote,"AWS, ERP, SAFe
Deterministic refreshed score: 3 profile skills mentioned
title alignment 0.0/3.0
domain signals 6",,,,,,,,California Southern Remote Work,https://motorolasolutions.wd5.myworkdayjobs.com/Careers/job/California-Southern-Remote-Work/Associate-Inside-Sales-Representative--ISR----Unmanned-Systems_R63635,,,,2026-05-20T23:51:52.354317+00:00,not_checked_network_restricted,Added from ApplyPilot DB; outbound link checking was blocked in sandbox.,Moved because Motorola Solutions already has a stronger kept row: Project Manager (score 9).,Project Manager,9
,,,1,CAD/RMS Technical Co-op Program,,Motorola Solutions,https://motorolasolutions.wd5.myworkdayjobs.com/Careers/job/Washington-DC-Remote-Work/CAD-RMS-Technical-Co-op-Program_R64127,remote,"ERP, SAFe, SQL
Deterministic refreshed score: 3 profile skills mentioned
title alignment 0.0/3.0
domain signals 6",,,,,,,,"Washington DC Remote Work, More...",https://motorolasolutions.wd5.myworkdayjobs.com/Careers/job/Washington-DC-Remote-Work/CAD-RMS-Technical-Co-op-Program_R64127,,,,2026-05-20T23:46:42.550881+00:00,not_checked_network_restricted,Added from ApplyPilot DB; outbound link checking was blocked in sandbox.,Moved because Motorola Solutions already has a stronger kept row: Project Manager (score 9).,Project Manager,9
,,,1,"Channel Sales Executive - New York, New Jersey",,Motorola Solutions,https://motorolasolutions.wd5.myworkdayjobs.com/Careers/job/New-York-Remote-Work/Channel-Sales-Executive---New-York--New-Jersey_R64953,remote,"Software Project Management, Customer Success, Training Enablement
Deterministic profile match: 3 profile skills mentioned; title alignment 0.0/3.0; domain signals 2. Title relevance penalty 2.5 applied.",,,,,,,,"New York Remote Work, More...",https://motorolasolutions.wd5.myworkdayjobs.com/Careers/job/New-York-Remote-Work/Channel-Sales-Executive---New-York--New-Jersey_R64953,,,,2026-05-14T21:59:19.671411+00:00,not_checked_network_restricted,Not finalized: outbound link checking was blocked in sandbox.,Moved because Motorola Solutions already has a stronger kept row: Project Manager (score 9).,Project Manager,9
,,,1,"Director of Business Development, US Navy",,Motorola Solutions,https://motorolasolutions.wd5.myworkdayjobs.com/Careers/job/California-Southern-Remote-Work/Director-of-Business-Development--US-Navy_R60607,remote,"Program Management
Deterministic profile match: 1 profile skills mentioned; title alignment 0.0/3.0; domain signals 3. Title relevance penalty 2.5 applied.",,,,,,,,"California Southern Remote Work, More...",https://motorolasolutions.wd5.myworkdayjobs.com/Careers/job/California-Southern-Remote-Work/Director-of-Business-Development--US-Navy_R60607,,,,2026-05-14T22:09:56.379824+00:00,not_checked_network_restricted,Not finalized: outbound link checking was blocked in sandbox.,Moved because Motorola Solutions already has a stronger kept row: Project Manager (score 9).,Project Manager,9
,,,1,"Director of Business Development, USSOCOM",,Motorola Solutions,https://motorolasolutions.wd5.myworkdayjobs.com/Careers/job/California-Southern-Remote-Work/Director-of-Business-Development--USSOCOM_R63975,remote,"Program Management
Deterministic profile match: 1 profile skills mentioned; title alignment 0.0/3.0; domain signals 3. Title relevance penalty 2.5 applied.",,,,,,,,"California Southern Remote Work, More...",https://motorolasolutions.wd5.myworkdayjobs.com/Careers/job/California-Southern-Remote-Work/Director-of-Business-Development--USSOCOM_R63975,,,,2026-05-14T22:09:56.379824+00:00,not_checked_network_restricted,Not finalized: outbound link checking was blocked in sandbox.,Moved because Motorola Solutions already has a stronger kept row: Project Manager (score 9).,Project Manager,9
,,,1,Director of Hardware Engineering - Video Devices,,Motorola Solutions,https://motorolasolutions.wd5.myworkdayjobs.com/Careers/job/Texas-Remote-Work/Director-of-Hardware-Engineering---Video-Devices_R64889,remote,"Legal Technology
Deterministic profile match: 1 profile skills mentioned; title alignment 0.0/3.0; domain signals 4. Title relevance penalty 2.5 applied.",,,,,,,,"Texas Remote Work, More...",https://motorolasolutions.wd5.myworkdayjobs.com/Careers/job/Texas-Remote-Work/Director-of-Hardware-Engineering---Video-Devices_R64889,,,,2026-05-14T21:59:19.671411+00:00,not_checked_network_restricted,Not finalized: outbound link checking was blocked in sandbox.,Moved because Motorola Solutions already has a stronger kept row: Project Manager (score 9).,Project Manager,9
,,,1,Field Sales Account Manager (Metro Philadelphia),,Motorola Solutions,https://motorolasolutions.wd5.myworkdayjobs.com/Careers/job/Pennsylvania-Remote-Work/Field-Sales-Account-Manager--Philadelphia-Metro--_R63136,remote,"Software Project Management
Deterministic profile match: 1 profile skills mentioned; title alignment 0.0/3.0; domain signals 1. Title relevance penalty 2.5 applied.",,,,,,,,Pennsylvania Remote Work,https://motorolasolutions.wd5.myworkdayjobs.com/Careers/job/Pennsylvania-Remote-Work/Field-Sales-Account-Manager--Philadelphia-Metro--_R63136,,,,2026-05-14T21:59:19.671411+00:00,not_checked_network_restricted,Not finalized: outbound link checking was blocked in sandbox.,Moved because Motorola Solutions already has a stronger kept row: Project Manager (score 9).,Project Manager,9
,,,1,Impounds Supervisor - MVTrac - REMOTE,,Motorola Solutions,https://motorolasolutions.wd5.myworkdayjobs.com/Careers/job/Texas-Remote-Work/Impounds-Supervisor---MVTrac---REMOTE_R63574,remote,"Legal Technology
Deterministic profile match: 1 profile skills mentioned; title alignment 0.0/3.0; domain signals 0. Title relevance penalty 1.0 applied.",,,,,,,,"Texas Remote Work, More...",https://motorolasolutions.wd5.myworkdayjobs.com/Careers/job/Texas-Remote-Work/Impounds-Supervisor---MVTrac---REMOTE_R63574,,,,2026-05-14T22:22:43.289579+00:00,not_checked_network_restricted,Not finalized: outbound link checking was blocked in sandbox.,Moved because Motorola Solutions already has a stronger kept row: Project Manager (score 9).,Project Manager,9
,,,1,"Market Development Executive, U.S. Navy",,Motorola Solutions,https://motorolasolutions.wd5.myworkdayjobs.com/Careers/job/California-Southern-Remote-Work/Market-Development-Executive--US-Navy_R64883,remote,"ERP, SAFe
Deterministic refreshed score: 2 profile skills mentioned
title alignment 0.0/3.0
domain signals 5",,,,,,,,"California Southern Remote Work, More...",https://motorolasolutions.wd5.myworkdayjobs.com/Careers/job/California-Southern-Remote-Work/Market-Development-Executive--US-Navy_R64883,,,,2026-05-20T23:51:52.354317+00:00,not_checked_network_restricted,Added from ApplyPilot DB; outbound link checking was blocked in sandbox.,Moved because Motorola Solutions already has a stronger kept row: Project Manager (score 9).,Project Manager,9
,,,1,"Market Development Executive, United States Air Force & Space Force",,Motorola Solutions,https://motorolasolutions.wd5.myworkdayjobs.com/Careers/job/California-Southern-Remote-Work/Market-Development-Executive--United-States-Air-Force---Space-Force_R64884,remote,"ERP, SAFe
Deterministic refreshed score: 2 profile skills mentioned
title alignment 0.0/3.0
domain signals 5",,,,,,,,"California Southern Remote Work, More...",https://motorolasolutions.wd5.myworkdayjobs.com/Careers/job/California-Southern-Remote-Work/Market-Development-Executive--United-States-Air-Force---Space-Force_R64884,,,,2026-05-20T23:51:52.354317+00:00,not_checked_network_restricted,Added from ApplyPilot DB; outbound link checking was blocked in sandbox.,Moved because Motorola Solutions already has a stronger kept row: Project Manager (score 9).,Project Manager,9
,,,1,Mobile Video Area Sales Manager (Southeast US),,Motorola Solutions,https://motorolasolutions.wd5.myworkdayjobs.com/Careers/job/Georgia-Remote-Work/Mobile-Video-Area-Sales-Manager--Southeast-US-_R61160-1,remote,"Change Management
Deterministic profile match: 1 profile skills mentioned; title alignment 0.0/3.0; domain signals 2. Title relevance penalty 2.5 applied.",,,,,,,,"Georgia Remote Work, More...",https://motorolasolutions.wd5.myworkdayjobs.com/Careers/job/Georgia-Remote-Work/Mobile-Video-Area-Sales-Manager--Southeast-US-_R61160-1,,,,2026-05-14T21:59:19.671411+00:00,not_checked_network_restricted,Not finalized: outbound link checking was blocked in sandbox.,Moved because Motorola Solutions already has a stronger kept row: Project Manager (score 9).,Project Manager,9
,,,1,"Regional Sales Manager, Avtec - Northwest",,Motorola Solutions,https://motorolasolutions.wd5.myworkdayjobs.com/Careers/job/Colorado-Remote-Work/Regional-Sales-Manager--Avtec---Northwest_R63600,remote,"Customer Success
Deterministic profile match: 1 profile skills mentioned; title alignment 0.0/3.0; domain signals 2. Title relevance penalty 2.5 applied.",,,,,,,,"Colorado Remote Work, More...",https://motorolasolutions.wd5.myworkdayjobs.com/Careers/job/Colorado-Remote-Work/Regional-Sales-Manager--Avtec---Northwest_R63600,,,,2026-05-14T21:59:19.671411+00:00,not_checked_network_restricted,Not finalized: outbound link checking was blocked in sandbox.,Moved because Motorola Solutions already has a stronger kept row: Project Manager (score 9).,Project Manager,9
,,,1,"Sales Engineer - Electronic Warfare, United States (Remote)",,Motorola Solutions,https://motorolasolutions.wd5.myworkdayjobs.com/Careers/job/California-Southern-Remote-Work/Sales-Engineer---Electronic-Warfare--United-States--Remote-_R63982-1,remote,"Resource Planning
Deterministic profile match: 1 profile skills mentioned; title alignment 0.0/3.0; domain signals 2. Title relevance penalty 2.5 applied.",,,,,,,,"California Southern Remote Work, More...",https://motorolasolutions.wd5.myworkdayjobs.com/Careers/job/California-Southern-Remote-Work/Sales-Engineer---Electronic-Warfare--United-States--Remote-_R63982-1,,,,2026-05-14T22:09:56.379824+00:00,not_checked_network_restricted,Not finalized: outbound link checking was blocked in sandbox.,Moved because Motorola Solutions already has a stronger kept row: Project Manager (score 9).,Project Manager,9
,,,1,Sales Engineer - Unmanned Systems - United States (Remote),,Motorola Solutions,https://motorolasolutions.wd5.myworkdayjobs.com/Careers/job/California-Southern-Remote-Work/Sales-Engineer---Unmanned-Systems---United-States--Remote-_R63983,remote,"Resource Planning
Deterministic profile match: 1 profile skills mentioned; title alignment 0.0/3.0; domain signals 2. Title relevance penalty 2.5 applied.",,,,,,,,"California Southern Remote Work, More...",https://motorolasolutions.wd5.myworkdayjobs.com/Careers/job/California-Southern-Remote-Work/Sales-Engineer---Unmanned-Systems---United-States--Remote-_R63983,,,,2026-05-14T22:09:56.379824+00:00,not_checked_network_restricted,Not finalized: outbound link checking was blocked in sandbox.,Moved because Motorola Solutions already has a stronger kept row: Project Manager (score 9).,Project Manager,9
,,,1,Sales Engineer – Department of Defense (DoD) - United States (Remote),,Motorola Solutions,https://motorolasolutions.wd5.myworkdayjobs.com/Careers/job/California-Southern-Remote-Work/Sales-Engineer---Department-of-Defense--DoD----United-States--Remote-_R63981,remote,"Resource Planning
Deterministic profile match: 1 profile skills mentioned; title alignment 0.0/3.0; domain signals 2. Title relevance penalty 2.5 applied.",,,,,,,,"California Southern Remote Work, More...",https://motorolasolutions.wd5.myworkdayjobs.com/Careers/job/California-Southern-Remote-Work/Sales-Engineer---Department-of-Defense--DoD----United-States--Remote-_R63981,,,,2026-05-14T22:09:56.379824+00:00,not_checked_network_restricted,Not finalized: outbound link checking was blocked in sandbox.,Moved because Motorola Solutions already has a stronger kept row: Project Manager (score 9).,Project Manager,9
,,,1,"Sales Engineer – Public Safety - Washington, DC",,Motorola Solutions,https://motorolasolutions.wd5.myworkdayjobs.com/Careers/job/Washington-DC-Remote-Work/Sales-Engineer---Public-Safety---Washington--DC_R63980,remote,"Resource Planning
Deterministic profile match: 1 profile skills mentioned; title alignment 0.0/3.0; domain signals 2. Title relevance penalty 2.5 applied.",,,,,,,,Washington DC Remote Work,https://motorolasolutions.wd5.myworkdayjobs.com/Careers/job/Washington-DC-Remote-Work/Sales-Engineer---Public-Safety---Washington--DC_R63980,,,,2026-05-14T22:09:56.379824+00:00,not_checked_network_restricted,Not finalized: outbound link checking was blocked in sandbox.,Moved because Motorola Solutions already has a stronger kept row: Project Manager (score 9).,Project Manager,9
,,,1,Senior Account Executive (SE Florida),,Motorola Solutions,https://motorolasolutions.wd5.myworkdayjobs.com/Careers/job/Florida-Remote-Work/Senior-Account-Executive_R63285,remote,Deterministic profile match: 0 profile skills mentioned; title alignment 0.0/3.0; domain signals 1. Title relevance penalty 2.5 applied.,,,,,,,,Florida Remote Work,https://motorolasolutions.wd5.myworkdayjobs.com/Careers/job/Florida-Remote-Work/Senior-Account-Executive_R63285,,,,2026-05-14T22:34:19.241190+00:00,not_checked_network_restricted,Not finalized: outbound link checking was blocked in sandbox.,Moved because Motorola Solutions already has a stronger kept row: Project Manager (score 9).,Project Manager,9
,,,1,Silvus International Inside Sales Representative- Singapore,,Motorola Solutions,https://motorolasolutions.wd5.myworkdayjobs.com/Careers/job/Silvus-International-Inside-Sales-Representative--Singapore_R63916,remote,"SAFe, Program Management, Presentation Skills, Legal Technology
Deterministic profile match: 4 profile skills mentioned; title alignment 0.0/3.0; domain signals 2. Title relevance penalty 2.5 applied.",,,,,,,,,https://motorolasolutions.wd5.myworkdayjobs.com/Careers/job/Silvus-International-Inside-Sales-Representative--Singapore_R63916,,,,2026-05-14T22:09:56.379824+00:00,not_checked_network_restricted,Not finalized: outbound link checking was blocked in sandbox.,Moved because Motorola Solutions already has a stronger kept row: Project Manager (score 9).,Project Manager,9
,,,1,Software Account Executive (Command Center),,Motorola Solutions,https://motorolasolutions.wd5.myworkdayjobs.com/Careers/job/Nebraska-Remote-Work/Software-Account-Executive--Command-Center-_R63449,remote,"Software Project Management, Legal Technology
Deterministic profile match: 2 profile skills mentioned; title alignment 0.0/3.0; domain signals 3. Title relevance penalty 2.5 applied.",,,,,,,,"Nebraska Remote Work, More...",https://motorolasolutions.wd5.myworkdayjobs.com/Careers/job/Nebraska-Remote-Work/Software-Account-Executive--Command-Center-_R63449,,,,2026-05-14T21:59:19.671411+00:00,not_checked_network_restricted,Not finalized: outbound link checking was blocked in sandbox.,Moved because Motorola Solutions already has a stronger kept row: Project Manager (score 9).,Project Manager,9
,,,4,Information Services Manager (ISM),,Mutual of Omaha,https://www.indeed.com/viewjob?jk=65f364fdd6eb9300,hybrid,"Hybrid Project Management, SAFe, SDLC, Customer Success, Change Management, Data Pipelines
Deterministic profile match: 6 profile skills mentioned; title alignment 0.0/3.0; domain signals 5. Title relevance penalty 1.0 applied.",C:\Users\bsing\.applypilot\tailored_resumes\software-pm\087_7_Mutual_of_Omaha_Information_Services_Manager_ISM.txt,failed_validation,Company 'Sakhi' missing from experience; Company 'The Samaritans of New York' missing from experience,Banned words: proven track record,,"Remote, US (Remote)",,"Remote, US (Remote)",https://www.mutualofomaha.com/careers/jobs/detail/504764,,,,2026-05-14T21:40:03.505024+00:00,not_checked_network_restricted,Not finalized: outbound link checking was blocked in sandbox.,Moved because Mutual of Omaha already has a stronger kept row: Product Owner (score 6).,Product Owner,6
,,,3,Lead Network Engineer,,NASCO,https://www.indeed.com/viewjob?jk=190c810878e4b689,hybrid,"AWS, ERP, Python
Deterministic refreshed score: 3 profile skills mentioned
title alignment 0.0/3.0
domain signals 11",,,,,,,,"Remote, US (Remote)",https://careers-nasco.icims.com/jobs/4320/job?utm_source=indeed_integration&iis=Job%20Board&iisn=Indeed&indeed-apply-token=73a2d2b2a8d6d5c0a62696875eaebd669103652d3f0c2cd5445d3e66b1592b0f,,,,2026-05-20T23:30:56.351886+00:00,not_checked_network_restricted,Added from ApplyPilot DB; outbound link checking was blocked in sandbox.,"Moved because NASCO already has a stronger kept row: Dir, Solution Delivery (score 7).","Dir, Solution Delivery",7
,,,2,Senior Client Sales Executive,,Net at Work,https://www.indeed.com/viewjob?jk=bfb3570f6a72a1de,remote,"Program Management, Customer Success, ERP, Legal Technology
Deterministic profile match: 4 profile skills mentioned; title alignment 0.0/3.0; domain signals 5. Title relevance penalty 2.5 applied.",,,,,,,,"Remote, US (Remote)",https://ats.rippling.com/netatwork/jobs/f4c2e958-bcd9-4e04-966a-420a2ebc8ee9?jobSite=Indeed,,,,2026-05-19T03:39:44.477961+00:00,not_checked_network_restricted,Not finalized: outbound link checking was blocked in sandbox.,Moved because Net at Work already has a stronger kept row: Frontline Technical Services Manager - Bilingual (Spanish/English) (score 7).,Frontline Technical Services Manager - Bilingual (Spanish/English),7
,,,8,Senior Project Manager,,Net2Source (N2S),https://www.linkedin.com/jobs/view/4413973918,hybrid,"Hybrid Project Management, Data Governance Frameworks, Stakeholder Management, Program Management, Change Management, ERP, Risk Management
Deterministic profile match: 7 profile skills mentioned; title alignment 2.0/3.0; domain signals 5.",,,,,,Remote,,Remote,,,,,2026-05-14T21:31:37.952938+00:00,not_checked_network_restricted,Not finalized: outbound link checking was blocked in sandbox.,Moved because Net2Source (N2S) already has a stronger kept row: Sr. Project Manager (score 9).,Sr. Project Manager,9
,,,7,Information Technology Project Manager,,Net2Source (N2S),https://www.linkedin.com/jobs/view/4413968413,remote,"SAFe, Mentoring, Resource Planning, Release Coordination, Jira, ServiceNow
Deterministic profile match: 6 profile skills mentioned; title alignment 2.0/3.0; domain signals 4.",,,,,,,,Remote,,,,,2026-05-14T21:29:36.448824+00:00,not_checked_network_restricted,Not finalized: outbound link checking was blocked in sandbox.,Moved because Net2Source (N2S) already has a stronger kept row: Sr. Project Manager (score 9).,Sr. Project Manager,9
,,,7,Senior project manager,,Net2Source (N2S),https://www.linkedin.com/jobs/view/4412973090,unknown,"AWS
Deterministic refreshed score: 1 profile skills mentioned
title alignment 2.5/3.0
domain signals 6",,,,,,,,,,,,,2026-05-20T23:29:02.788372+00:00,not_checked_network_restricted,Added from ApplyPilot DB; outbound link checking was blocked in sandbox.,Moved because Net2Source (N2S) already has a stronger kept row: Sr. Project Manager (score 9).,Sr. Project Manager,9
,,,6,Senior Project Manager,,Net2Source (N2S),https://www.linkedin.com/jobs/view/4413480026,remote,"Stakeholder Management, Program Management, Training Enablement, Resource Planning, Risk Management
Deterministic profile match: 5 profile skills mentioned; title alignment 2.0/3.0; domain signals 3.",,,,,,,,Remote,,,,,2026-05-14T21:36:03.741595+00:00,not_checked_network_restricted,Not finalized: outbound link checking was blocked in sandbox.,Moved because Net2Source (N2S) already has a stronger kept row: Sr. Project Manager (score 9).,Sr. Project Manager,9
,,,6,"Senior Applied AI Lead, Talent",1,Netflix,https://www.indeed.com/viewjob?jk=e3499e99845a1d26,remote,"ERP, Workflow Automation
Deterministic refreshed score: 2 profile skills mentioned
title alignment 1.0/3.0
domain signals 8",,,,,,,,"Remote, US (Remote)",https://explore.jobs.netflix.net/careers/job/790315961316,,,,2026-05-20T23:38:50.206073+00:00,not_checked_network_restricted,Added from ApplyPilot DB; outbound link checking was blocked in sandbox.,Moved because Netflix already has a stronger kept row: Technical Program Manager - Infrastructure Engineering (score 7).,Technical Program Manager - Infrastructure Engineering,7
,,,6,"Technical Program Manager (L6), Identity and Access Management",,Netflix,https://www.linkedin.com/jobs/view/4401678691,unknown,"OKRs, Stakeholder Management, Program Management, Change Management
Deterministic profile match: 4 profile skills mentioned; title alignment 2.0/3.0; domain signals 4.",,,,,,,,,https://www.linkedin.com/signup/cold-join?source=jobs_registration&session_redirect=https%3A%2F%2Fwww.linkedin.com%2Fjobs%2Fview%2Ftechnical-program-manager-l6-identity-and-access-management-at-netflix-4401678691&trk=public_jobs_apply-link-offsite_contextual-sign-in-modal_join-link,,,,2026-05-14T21:46:30.549281+00:00,not_checked_network_restricted,Not finalized: outbound link checking was blocked in sandbox.,Moved because Netflix already has a stronger kept row: Technical Program Manager - Infrastructure Engineering (score 7).,Technical Program Manager - Infrastructure Engineering,7
,,,2,"Localization Senior Producer, Games",,Netflix,https://www.indeed.com/viewjob?jk=4364ff5e182ee1ef,remote,"Program Management
Deterministic refreshed score: 1 profile skills mentioned
title alignment 0.0/3.0
domain signals 6",,,,,,,,"Remote, US (Remote)",https://explore.jobs.netflix.net/careers/job/790315987457,,,,2026-05-20T23:30:56.351886+00:00,not_checked_network_restricted,Added from ApplyPilot DB; outbound link checking was blocked in sandbox.,Moved because Netflix already has a stronger kept row: Technical Program Manager - Infrastructure Engineering (score 7).,Technical Program Manager - Infrastructure Engineering,7
,,,7,Middle Project Manager,,NineTwoThree AI Studio,https://www.linkedin.com/jobs/view/4414609807,remote,"Software Project Management, Presentation Skills, Mentoring, AI/ML, System Monitoring
Deterministic profile match: 5 profile skills mentioned; title alignment 2.0/3.0; domain signals 4.",C:\Users\bsing\.applypilot\tailored_resumes\software-pm\012_8_NineTwoThree_AI_Stud_Middle_Project_Manager.txt,failed_validation,Company 'Sakhi' missing from experience; Company 'The Samaritans of New York' missing from experience,,,,,Remote,,,,,2026-05-14T21:40:03.505024+00:00,not_checked_network_restricted,Not finalized: outbound link checking was blocked in sandbox.,Moved because NineTwoThree AI Studio already has a stronger kept row: Junior Project Manager (score 7).,Junior Project Manager,7
,,,6,Junior Project Manager,,NineTwoThree AI Studio,https://www.linkedin.com/jobs/view/4413471203,remote,"Agile Scrum, Kanban
Deterministic profile match: 2 profile skills mentioned; title alignment 2.0/3.0; domain signals 4.",C:\Users\bsing\.applypilot\tailored_resumes\software-pm\010_8_NineTwoThree_AI_Stud_Junior_Project_Manager.txt,failed_validation,Company 'Sakhi' missing from experience; Company 'The Samaritans of New York' missing from experience,Banned words: detail-oriented,,,,Remote,,,,,2026-05-14T21:40:03.505024+00:00,not_checked_network_restricted,Not finalized: outbound link checking was blocked in sandbox.,Moved because NineTwoThree AI Studio already has a stronger kept row: Junior Project Manager (score 7).,Junior Project Manager,7
,,,7,"Principal Product Manager, Data Science",,Norstella,https://www.indeed.com/viewjob?jk=d6e53bdd9cd1f7e0,remote,"AWS, Mentoring, Python, Snowflake
Deterministic refreshed score: 4 profile skills mentioned
title alignment 1.5/3.0
domain signals 9",,,,,,,,"Remote, US (Remote)",https://careers.norstella.com/jobs/17757357-principal-product-manager-data-science?tm_job=R-1967&tm_event=view&tm_company=90918,,,,2026-05-20T23:32:56.497262+00:00,not_checked_network_restricted,Added from ApplyPilot DB; outbound link checking was blocked in sandbox.,Moved because Norstella already has a stronger kept row: Technical Project Manager (score 9).,Technical Project Manager,9
,,,6,Project Manager,,Northrop Grumman,https://www.indeed.com/viewjob?jk=eeba9ab9a141b9a2,remote,"Program Management, Change Management, Risk Management
Deterministic profile match: 3 profile skills mentioned; title alignment 2.0/3.0; domain signals 3.",,,,,,,,"Remote, US (Remote)",https://jsv3.recruitics.com/redirect?rx_cid=3658&rx_jobId=R10232918&rx_url=https%3A%2F%2Fjobs.northropgrumman.com%2Fcareers%2Fjob%2F1340071723229%3Fcode%3DJB-17946%26domain%3Dngc.com%26rx_a%3D0%26rx_c%3D%26rx_ch%3Djobp4p%26rx_group%3D288254%26rx_id%3De52b4e0d-4fa3-11f1-b6e7-ddbee8415385%26rx_job%3DR10232918%26rx_medium%3Dcpc%26rx_r%3Dnone%26rx_source%3Dindeed%26rx_ts%3D20260514T200413Z%26rx_vp%3Dcpc%26source%3DJB-17946%26utm_audience%3Dprospectivetalentemployees%26utm_campaign%3Dta-general%26utm_content%3Djobfeed%26utm_format%3Dcpl%26utm_medium%3Djobboard%26utm_source%3Dindeed,,,,2026-05-14T21:36:03.741595+00:00,not_checked_network_restricted,Not finalized: outbound link checking was blocked in sandbox.,Moved because Northrop Grumman already has a stronger kept row: Information Systems Project Manager (score 8).,Information Systems Project Manager,8
,,,5,Manager Process Improvement 2,,Northrop Grumman,https://www.indeed.com/viewjob?jk=eb165ac04c832f43,remote,"Change Management, ERP, Kanban, Root Cause Analysis
Deterministic refreshed score: 4 profile skills mentioned
title alignment 1.0/3.0
domain signals 8",,,,,,,,"Remote, US (Remote)",https://jsv3.recruitics.com/redirect?rx_cid=3658&rx_jobId=R10231858&rx_url=https%3A%2F%2Fjobs.northropgrumman.com%2Fcareers%2Fjob%2F1340071611825%3Fcode%3DJB-17946%26domain%3Dngc.com%26rx_a%3D0%26rx_c%3D%26rx_ch%3Djobp4p%26rx_group%3D288254%26rx_id%3D8836ec62-544f-11f1-ad0e-5fd7ff479d28%26rx_job%3DR10231858%26rx_medium%3Dcpc%26rx_r%3Dnone%26rx_source%3Dindeed%26rx_ts%3D20260520T220409Z%26rx_vp%3Dcpc%26source%3DJB-17946%26utm_audience%3Dprospectivetalentemployees%26utm_campaign%3Dta-general%26utm_content%3Djobfeed%26utm_format%3Dcpl%26utm_medium%3Djobboard%26utm_source%3Dindeed,,,,2026-05-20T23:32:56.497262+00:00,not_checked_network_restricted,Added from ApplyPilot DB; outbound link checking was blocked in sandbox.,Moved because Northrop Grumman already has a stronger kept row: Information Systems Project Manager (score 8).,Information Systems Project Manager,8
,,,4,Manager Operations Research 2,,Northrop Grumman,https://www.indeed.com/viewjob?jk=0cfef4705b8e5746,remote,"Software Project Management, Program Management, Presentation Skills
Deterministic profile match: 3 profile skills mentioned; title alignment 0.0/3.0; domain signals 6. Title relevance penalty 1.0 applied.",,,,,,,,"Remote, US (Remote)",https://jsv3.recruitics.com/redirect?rx_cid=3658&rx_jobId=R10232846&rx_url=https%3A%2F%2Fjobs.northropgrumman.com%2Fcareers%2Fjob%2F1340071720278%3Fcode%3DJB-17946%26domain%3Dngc.com%26rx_a%3D0%26rx_c%3D%26rx_ch%3Djobp4p%26rx_group%3D288254%26rx_id%3De2f052b5-4fa3-11f1-b6e7-450a7bbceede%26rx_job%3DR10232846%26rx_medium%3Dcpc%26rx_r%3Dnone%26rx_source%3Dindeed%26rx_ts%3D20260514T200413Z%26rx_vp%3Dcpc%26source%3DJB-17946%26utm_audience%3Dprospectivetalentemployees%26utm_campaign%3Dta-general%26utm_content%3Djobfeed%26utm_format%3Dcpl%26utm_medium%3Djobboard%26utm_source%3Dindeed,,,,2026-05-14T21:29:36.448824+00:00,not_checked_network_restricted,Not finalized: outbound link checking was blocked in sandbox.,Moved because Northrop Grumman already has a stronger kept row: Information Systems Project Manager (score 8).,Information Systems Project Manager,8
,,,7,North America Logistics Execution Program Manager,,NVIDIA,https://nvidia.wd5.myworkdayjobs.com/NVIDIAExternalCareerSite/job/US-TX-Remote/North-America-Logistics-Execution-Program-Manager_JR1999876,remote,"Customer Success, ERP, SOPs
Deterministic refreshed score: 3 profile skills mentioned
title alignment 2.5/3.0
domain signals 8
Experience cap applied: job asks for 8 years, more than 3 years above candidate's 4 years",,,,,,,,"US, TX, Remote",https://nvidia.wd5.myworkdayjobs.com/NVIDIAExternalCareerSite/job/US-TX-Remote/North-America-Logistics-Execution-Program-Manager_JR1999876,,,,2026-05-20T23:49:42.443907+00:00,not_checked_network_restricted,Added from ApplyPilot DB; outbound link checking was blocked in sandbox.,Moved because NVIDIA already has a stronger kept row: Senior Customer Technical Program Manager - Data Center (score 8).,Senior Customer Technical Program Manager - Data Center,8
,,,7,"Senior Technical Program Manager, Chip Tools",1,NVIDIA,https://nvidia.wd5.myworkdayjobs.com/NVIDIAExternalCareerSite/job/US-CA-Remote/Senior-Technical-Program-Manager--Chip-Tools_JR2018247,hybrid,"Root Cause Analysis, Stakeholder Management, Program Management, Change Management, Risk Management
Deterministic profile match: 5 profile skills mentioned; title alignment 2.0/3.0; domain signals 7.",,,,,,"US, CA, Remote",,"US, CA, Remote",https://nvidia.wd5.myworkdayjobs.com/NVIDIAExternalCareerSite/job/US-CA-Remote/Senior-Technical-Program-Manager--Chip-Tools_JR2018247,,,,2026-05-19T03:50:13.793393+00:00,not_checked_network_restricted,Not finalized: outbound link checking was blocked in sandbox.,Moved because NVIDIA already has a stronger kept row: Senior Customer Technical Program Manager - Data Center (score 8).,Senior Customer Technical Program Manager - Data Center,8
,,,7,"Technical Project Manager, Data Analytics - Data Center Operations",1,NVIDIA,https://nvidia.wd5.myworkdayjobs.com/NVIDIAExternalCareerSite/job/US-CA-Remote/Technical-Project-Manager--Data-Analytics---Data-Center-Operations_JR2018069-1,remote,"SQL, Software Project Management, Requirements Gathering, Data Pipelines, Databricks
Deterministic profile match: 5 profile skills mentioned; title alignment 3.0/3.0; domain signals 5.
Experience cap applied: job asks for 8 years, more than 3 years above candidate's 4 years; capped score at 7.",,,,,,,,"US, CA, Remote",https://nvidia.wd5.myworkdayjobs.com/NVIDIAExternalCareerSite/job/US-CA-Remote/Technical-Project-Manager--Data-Analytics---Data-Center-Operations_JR2018069-1,,,,2026-05-19T03:50:13.793393+00:00,not_checked_network_restricted,Not finalized: outbound link checking was blocked in sandbox.,Moved because NVIDIA already has a stronger kept row: Senior Customer Technical Program Manager - Data Center (score 8).,Senior Customer Technical Program Manager - Data Center,8
,,,6,Senior AI Product Manager - Data Center Engineering and Operations,,NVIDIA,https://nvidia.wd5.myworkdayjobs.com/NVIDIAExternalCareerSite/job/US-CA-Remote/Senior-AI-Product-Manager---Data-Center-Engineering-and-Operations_JR2017959,remote,"Roadmap Planning, ERP, AI/ML, Deployment Workflows, Data Pipelines
Deterministic profile match: 5 profile skills mentioned; title alignment 1.0/3.0; domain signals 5.",,,,,,,,"US, CA, Remote",https://nvidia.wd5.myworkdayjobs.com/NVIDIAExternalCareerSite/job/US-CA-Remote/Senior-AI-Product-Manager---Data-Center-Engineering-and-Operations_JR2017959,,,,2026-05-19T03:50:13.793393+00:00,not_checked_network_restricted,Not finalized: outbound link checking was blocked in sandbox.,Moved because NVIDIA already has a stronger kept row: Senior Customer Technical Program Manager - Data Center (score 8).,Senior Customer Technical Program Manager - Data Center,8
,,,6,"Senior Technical Program Manager, Pre-Silicon Software Enablement and Workload Studies",,NVIDIA,https://nvidia.wd5.myworkdayjobs.com/NVIDIAExternalCareerSite/job/US-CA-Remote/Senior-Technical-Program-Manager--Pre-Silicon-Software-Enablement-and-Workload-Studies_JR2018176,remote,"Program Management
Deterministic profile match: 1 profile skills mentioned; title alignment 2.0/3.0; domain signals 6.",,,,,,,,"US, CA, Remote",https://nvidia.wd5.myworkdayjobs.com/NVIDIAExternalCareerSite/job/US-CA-Remote/Senior-Technical-Program-Manager--Pre-Silicon-Software-Enablement-and-Workload-Studies_JR2018176,,,,2026-05-14T22:32:17.257383+00:00,not_checked_network_restricted,Not finalized: outbound link checking was blocked in sandbox.,Moved because NVIDIA already has a stronger kept row: Senior Customer Technical Program Manager - Data Center (score 8).,Senior Customer Technical Program Manager - Data Center,8
,,,5,Hackathon Program Manager - APAC,,NVIDIA,https://nvidia.wd5.myworkdayjobs.com/NVIDIAExternalCareerSite/job/Singapore-Remote/Hackathon-Program-Manager---APAC_JR2002853,remote,"Python, Program Management
Deterministic profile match: 2 profile skills mentioned; title alignment 1.5/3.0; domain signals 3.",,,,,,,,"Singapore, Remote",https://nvidia.wd5.myworkdayjobs.com/NVIDIAExternalCareerSite/job/Singapore-Remote/Hackathon-Program-Manager---APAC_JR2002853,,,,2026-05-14T22:07:43.149559+00:00,not_checked_network_restricted,Not finalized: outbound link checking was blocked in sandbox.,Moved because NVIDIA already has a stronger kept row: Senior Customer Technical Program Manager - Data Center (score 8).,Senior Customer Technical Program Manager - Data Center,8
,,,5,OEM Enterprise Manager,,NVIDIA,https://nvidia.wd5.myworkdayjobs.com/NVIDIAExternalCareerSite/job/Spain-Remote/OEM-Enterprise-Manager_JR2018017,remote,"ERP, Presentation Skills
Deterministic refreshed score: 2 profile skills mentioned
title alignment 1.0/3.0
domain signals 3",,,,,,,,"Spain, Remote",https://nvidia.wd5.myworkdayjobs.com/NVIDIAExternalCareerSite/job/Spain-Remote/OEM-Enterprise-Manager_JR2018017,,,,2026-05-20T23:58:49.223947+00:00,not_checked_network_restricted,Added from ApplyPilot DB; outbound link checking was blocked in sandbox.,Moved because NVIDIA already has a stronger kept row: Senior Customer Technical Program Manager - Data Center (score 8).,Senior Customer Technical Program Manager - Data Center,8
,,,5,"Senior Product Manager, Developer Infrastructure",,NVIDIA,https://nvidia.wd5.myworkdayjobs.com/NVIDIAExternalCareerSite/job/US-CA-Remote/Senior-Product-Manager--Developer-Infrastructure_JR2015195-1,hybrid,"Risk Management
Deterministic profile match: 1 profile skills mentioned; title alignment 1.0/3.0; domain signals 7.",,,,,,"US, CA, Remote",,"US, CA, Remote",https://nvidia.wd5.myworkdayjobs.com/NVIDIAExternalCareerSite/job/US-CA-Remote/Senior-Product-Manager--Developer-Infrastructure_JR2015195-1,,,,2026-05-14T21:57:02.905092+00:00,not_checked_network_restricted,Not finalized: outbound link checking was blocked in sandbox.,Moved because NVIDIA already has a stronger kept row: Senior Customer Technical Program Manager - Data Center (score 8).,Senior Customer Technical Program Manager - Data Center,8
,,,4,Project Technical Delivery Manager,,NVIDIA,https://nvidia.wd5.myworkdayjobs.com/NVIDIAExternalCareerSite/job/France-Remote/Project-Technical-Delivery-Manager_JR2016237-1,remote,"Software Project Management, Presentation Skills
Deterministic profile match: 2 profile skills mentioned; title alignment 0.0/3.0; domain signals 5.",,,,,,,,"France, Remote",https://nvidia.wd5.myworkdayjobs.com/NVIDIAExternalCareerSite/job/France-Remote/Project-Technical-Delivery-Manager_JR2016237-1,,,,2026-05-14T21:57:02.905092+00:00,not_checked_network_restricted,Not finalized: outbound link checking was blocked in sandbox.,Moved because NVIDIA already has a stronger kept row: Senior Customer Technical Program Manager - Data Center (score 8).,Senior Customer Technical Program Manager - Data Center,8
,,,4,Senior Developer Relations Manager - Digital Biology Partnerships,,NVIDIA,https://nvidia.wd5.myworkdayjobs.com/NVIDIAExternalCareerSite/job/US-CA-Remote/Senior-Developer-Relations-Manager---Digital-Biology-Partnerships_JR2016801,remote,"AI/ML, Data Pipelines, Legal Technology
Deterministic profile match: 3 profile skills mentioned; title alignment 0.0/3.0; domain signals 7. Title relevance penalty 1.0 applied.",,,,,,,,"US, CA, Remote",https://nvidia.wd5.myworkdayjobs.com/NVIDIAExternalCareerSite/job/US-CA-Remote/Senior-Developer-Relations-Manager---Digital-Biology-Partnerships_JR2016801,,,,2026-05-14T21:57:02.905092+00:00,not_checked_network_restricted,Not finalized: outbound link checking was blocked in sandbox.,Moved because NVIDIA already has a stronger kept row: Senior Customer Technical Program Manager - Data Center (score 8).,Senior Customer Technical Program Manager - Data Center,8
,,,4,Senior Developer Relations Manager – Capital Markets,,NVIDIA,https://nvidia.wd5.myworkdayjobs.com/NVIDIAExternalCareerSite/job/UK-Remote/Senior-Developer-Relations-Manager---Capital-Markets_JR2016616-1,remote,"Requirements Gathering, AI/ML, Legal Technology
Deterministic profile match: 3 profile skills mentioned; title alignment 0.0/3.0; domain signals 6. Title relevance penalty 1.0 applied.",,,,,,,,"UK, Remote",https://nvidia.wd5.myworkdayjobs.com/NVIDIAExternalCareerSite/job/UK-Remote/Senior-Developer-Relations-Manager---Capital-Markets_JR2016616-1,,,,2026-05-14T22:39:14.264800+00:00,not_checked_network_restricted,Not finalized: outbound link checking was blocked in sandbox.,Moved because NVIDIA already has a stronger kept row: Senior Customer Technical Program Manager - Data Center (score 8).,Senior Customer Technical Program Manager - Data Center,8
,,,4,"Senior Manager, Technical Training Programs",,NVIDIA,https://nvidia.wd5.myworkdayjobs.com/NVIDIAExternalCareerSite/job/US-CA-Remote/Senior-Manager--Technical-Training-Programs_JR2017583,remote,"Program Management, Training Enablement
Deterministic profile match: 2 profile skills mentioned; title alignment 0.0/3.0; domain signals 4.",,,,,,,,"US, CA, Remote",https://nvidia.wd5.myworkdayjobs.com/NVIDIAExternalCareerSite/job/US-CA-Remote/Senior-Manager--Technical-Training-Programs_JR2017583,,,,2026-05-14T22:07:43.149559+00:00,not_checked_network_restricted,Not finalized: outbound link checking was blocked in sandbox.,Moved because NVIDIA already has a stronger kept row: Senior Customer Technical Program Manager - Data Center (score 8).,Senior Customer Technical Program Manager - Data Center,8
,,,4,Senior Product Engineer - Board Products,,NVIDIA,https://nvidia.wd5.myworkdayjobs.com/NVIDIAExternalCareerSite/job/Vietnam-Remote/Senior-Product-Engineer---Board-Products_JR2014212,remote,"Python, Change Management
Deterministic profile match: 2 profile skills mentioned; title alignment 0.0/3.0; domain signals 4.",,,,,,,,"Vietnam, Remote",https://nvidia.wd5.myworkdayjobs.com/NVIDIAExternalCareerSite/job/Vietnam-Remote/Senior-Product-Engineer---Board-Products_JR2014212,,,,2026-05-14T22:32:17.257383+00:00,not_checked_network_restricted,Not finalized: outbound link checking was blocked in sandbox.,Moved because NVIDIA already has a stronger kept row: Senior Customer Technical Program Manager - Data Center (score 8).,Senior Customer Technical Program Manager - Data Center,8
,,,4,Senior Product Engineer - Board Products,,NVIDIA,https://nvidia.wd5.myworkdayjobs.com/NVIDIAExternalCareerSite/job/Vietnam-Remote/Senior-Product-Engineer---Board-Products_JR2015843,remote,"Python, Change Management
Deterministic profile match: 2 profile skills mentioned; title alignment 0.0/3.0; domain signals 4.",,,,,,,,"Vietnam, Remote",https://nvidia.wd5.myworkdayjobs.com/NVIDIAExternalCareerSite/job/Vietnam-Remote/Senior-Product-Engineer---Board-Products_JR2015843,,,,2026-05-14T22:32:17.257383+00:00,not_checked_network_restricted,Not finalized: outbound link checking was blocked in sandbox.,Moved because NVIDIA already has a stronger kept row: Senior Customer Technical Program Manager - Data Center (score 8).,Senior Customer Technical Program Manager - Data Center,8
,,,4,Senior Software Adoption Manager,,NVIDIA,https://nvidia.wd5.myworkdayjobs.com/NVIDIAExternalCareerSite/job/US-CA-Remote/Senior-Software-Adoption-Manager_JR2017173,hybrid,"Hybrid Project Management, Software Project Management, Stakeholder Management, AI/ML
Deterministic profile match: 4 profile skills mentioned; title alignment 0.0/3.0; domain signals 5. Title relevance penalty 1.0 applied.",,,,,,"US, CA, Remote",,"US, CA, Remote",https://nvidia.wd5.myworkdayjobs.com/NVIDIAExternalCareerSite/job/US-CA-Remote/Senior-Software-Adoption-Manager_JR2017173,,,,2026-05-14T21:57:02.905092+00:00,not_checked_network_restricted,Not finalized: outbound link checking was blocked in sandbox.,Moved because NVIDIA already has a stronger kept row: Senior Customer Technical Program Manager - Data Center (score 8).,Senior Customer Technical Program Manager - Data Center,8
,,,4,"Senior Solutions Architect, NVIDIA Cloud Partners - Mexico",,NVIDIA,https://nvidia.wd5.myworkdayjobs.com/NVIDIAExternalCareerSite/job/Mexico-Remote/Senior-Solutions-Architect--NVIDIA-Cloud-Partners---Mexico_JR2016689,hybrid,"Python, Hybrid Project Management, Software Project Management, Presentation Skills, AI/ML, AWS
Deterministic profile match: 6 profile skills mentioned; title alignment 0.0/3.0; domain signals 4. Title relevance penalty 1.0 applied.",,,,,,"Mexico, Remote",,"Mexico, Remote",https://nvidia.wd5.myworkdayjobs.com/NVIDIAExternalCareerSite/job/Mexico-Remote/Senior-Solutions-Architect--NVIDIA-Cloud-Partners---Mexico_JR2016689,,,,2026-05-14T22:07:43.149559+00:00,not_checked_network_restricted,Not finalized: outbound link checking was blocked in sandbox.,Moved because NVIDIA already has a stronger kept row: Senior Customer Technical Program Manager - Data Center (score 8).,Senior Customer Technical Program Manager - Data Center,8
,,,4,Solutions Architect - DevOps,,NVIDIA,https://nvidia.wd5.myworkdayjobs.com/NVIDIAExternalCareerSite/job/Australia-Remote/Solutions-Architect---DevOps_JR2015236,remote,"Python, Technical Documentation, Scheduling Management, AI/ML, System Monitoring, Data Pipelines
Deterministic profile match: 6 profile skills mentioned; title alignment 0.0/3.0; domain signals 6. Title relevance penalty 1.0 applied.",,,,,,,,"Australia, Remote",https://nvidia.wd5.myworkdayjobs.com/NVIDIAExternalCareerSite/job/Australia-Remote/Solutions-Architect---DevOps_JR2015236,,,,2026-05-14T21:57:02.905092+00:00,not_checked_network_restricted,Not finalized: outbound link checking was blocked in sandbox.,Moved because NVIDIA already has a stronger kept row: Senior Customer Technical Program Manager - Data Center (score 8).,Senior Customer Technical Program Manager - Data Center,8
,,,3,"Account Manager, Capital Markets",,NVIDIA,https://nvidia.wd5.myworkdayjobs.com/NVIDIAExternalCareerSite/job/US-NC-Remote/Account-Manager--Capital-Markets_JR2017747,remote,"Machine Learning Frameworks, Risk Management
Deterministic profile match: 2 profile skills mentioned; title alignment 0.0/3.0; domain signals 4. Title relevance penalty 1.0 applied.",,,,,,,,"US, NC, Remote",https://nvidia.wd5.myworkdayjobs.com/NVIDIAExternalCareerSite/job/US-NC-Remote/Account-Manager--Capital-Markets_JR2017747,,,,2026-05-14T21:57:02.905092+00:00,not_checked_network_restricted,Not finalized: outbound link checking was blocked in sandbox.,Moved because NVIDIA already has a stronger kept row: Senior Customer Technical Program Manager - Data Center (score 8).,Senior Customer Technical Program Manager - Data Center,8
,,,3,Developer Relations Manager - ANZ,,NVIDIA,https://nvidia.wd5.myworkdayjobs.com/NVIDIAExternalCareerSite/job/Australia-Remote/Developer-Relations-Manager---ANZ_JR2006800-1,remote,"Software Project Management, AI/ML
Deterministic profile match: 2 profile skills mentioned; title alignment 0.0/3.0; domain signals 7. Title relevance penalty 1.0 applied.",,,,,,,,"Australia, Remote",https://nvidia.wd5.myworkdayjobs.com/NVIDIAExternalCareerSite/job/Australia-Remote/Developer-Relations-Manager---ANZ_JR2006800-1,,,,2026-05-14T21:57:02.905092+00:00,not_checked_network_restricted,Not finalized: outbound link checking was blocked in sandbox.,Moved because NVIDIA already has a stronger kept row: Senior Customer Technical Program Manager - Data Center (score 8).,Senior Customer Technical Program Manager - Data Center,8
,,,3,Developer Relations Manager - Robotics and Generative AI,,NVIDIA,https://nvidia.wd5.myworkdayjobs.com/NVIDIAExternalCareerSite/job/Singapore-Remote/Developer-Relations-Manager---Robotics-and-Generative-AI_JR2003346,remote,"Software Project Management, AI/ML
Deterministic profile match: 2 profile skills mentioned; title alignment 0.0/3.0; domain signals 7. Title relevance penalty 1.0 applied.",,,,,,,,"Singapore, Remote",https://nvidia.wd5.myworkdayjobs.com/NVIDIAExternalCareerSite/job/Singapore-Remote/Developer-Relations-Manager---Robotics-and-Generative-AI_JR2003346,,,,2026-05-14T21:57:02.905092+00:00,not_checked_network_restricted,Not finalized: outbound link checking was blocked in sandbox.,Moved because NVIDIA already has a stronger kept row: Senior Customer Technical Program Manager - Data Center (score 8).,Senior Customer Technical Program Manager - Data Center,8
,,,3,General Account Manager,,NVIDIA,https://nvidia.wd5.myworkdayjobs.com/NVIDIAExternalCareerSite/job/Sweden-Remote/General-Account-Manager_JR2013555,remote,"Presentation Skills, Customer Success
Deterministic profile match: 2 profile skills mentioned; title alignment 0.0/3.0; domain signals 4. Title relevance penalty 1.0 applied.",,,,,,,,"Sweden, Remote",https://nvidia.wd5.myworkdayjobs.com/NVIDIAExternalCareerSite/job/Sweden-Remote/General-Account-Manager_JR2013555,,,,2026-05-14T21:57:02.905092+00:00,not_checked_network_restricted,Not finalized: outbound link checking was blocked in sandbox.,Moved because NVIDIA already has a stronger kept row: Senior Customer Technical Program Manager - Data Center (score 8).,Senior Customer Technical Program Manager - Data Center,8
,,,3,Product System Engineer,,NVIDIA,https://nvidia.wd5.myworkdayjobs.com/NVIDIAExternalCareerSite/job/Mexico-Remote/Product-System-Engineer_JR2005819,remote,"Python, Root Cause Analysis
Deterministic profile match: 2 profile skills mentioned; title alignment 0.0/3.0; domain signals 3.",,,,,,,,"Mexico, Remote",https://nvidia.wd5.myworkdayjobs.com/NVIDIAExternalCareerSite/job/Mexico-Remote/Product-System-Engineer_JR2005819,,,,2026-05-14T22:52:11.948793+00:00,not_checked_network_restricted,Not finalized: outbound link checking was blocked in sandbox.,Moved because NVIDIA already has a stronger kept row: Senior Customer Technical Program Manager - Data Center (score 8).,Senior Customer Technical Program Manager - Data Center,8
,,,3,"Senior Content Workflow Specialist, Digital Twins",,NVIDIA,https://nvidia.wd5.myworkdayjobs.com/NVIDIAExternalCareerSite/job/US-CA-Remote/Senior-Content-Workflow-Specialist--Digital-Twins_JR2017859,hybrid,"Program Management, Technical Documentation, Change Management, Data Pipelines
Deterministic profile match: 4 profile skills mentioned; title alignment 0.0/3.0; domain signals 2. Title relevance penalty 1.0 applied.",,,,,,,,"US, CA, Remote",https://nvidia.wd5.myworkdayjobs.com/NVIDIAExternalCareerSite/job/US-CA-Remote/Senior-Content-Workflow-Specialist--Digital-Twins_JR2017859,,,,2026-05-19T03:53:44.652650+00:00,not_checked_network_restricted,Not finalized: outbound link checking was blocked in sandbox.,Moved because NVIDIA already has a stronger kept row: Senior Customer Technical Program Manager - Data Center (score 8).,Senior Customer Technical Program Manager - Data Center,8
,,,3,"Senior Manager, OpenShell Engineering",,NVIDIA,https://nvidia.wd5.myworkdayjobs.com/NVIDIAExternalCareerSite/job/US-CA-Remote/Senior-Manager--OpenShell-Engineering_JR2017678,remote,"Mentoring, AI/ML
Deterministic profile match: 2 profile skills mentioned; title alignment 0.0/3.0; domain signals 5. Title relevance penalty 1.0 applied.",,,,,,,,"US, CA, Remote",https://nvidia.wd5.myworkdayjobs.com/NVIDIAExternalCareerSite/job/US-CA-Remote/Senior-Manager--OpenShell-Engineering_JR2017678,,,,2026-05-19T03:50:13.793393+00:00,not_checked_network_restricted,Not finalized: outbound link checking was blocked in sandbox.,Moved because NVIDIA already has a stronger kept row: Senior Customer Technical Program Manager - Data Center (score 8).,Senior Customer Technical Program Manager - Data Center,8
,,,3,Senior Mass Production Infrastructure Manufacture Engineer,,NVIDIA,https://nvidia.wd5.myworkdayjobs.com/NVIDIAExternalCareerSite/job/Vietnam-Remote/Senior-Mass-Production-Infrastructure-Manufacture-Engineer_JR2016305,remote,"A/B Testing, Risk Management
Deterministic profile match: 2 profile skills mentioned; title alignment 0.0/3.0; domain signals 3.",,,,,,,,"Vietnam, Remote",https://nvidia.wd5.myworkdayjobs.com/NVIDIAExternalCareerSite/job/Vietnam-Remote/Senior-Mass-Production-Infrastructure-Manufacture-Engineer_JR2016305,,,,2026-05-14T22:20:37.331030+00:00,not_checked_network_restricted,Not finalized: outbound link checking was blocked in sandbox.,Moved because NVIDIA already has a stronger kept row: Senior Customer Technical Program Manager - Data Center (score 8).,Senior Customer Technical Program Manager - Data Center,8
,,,3,Senior Mass Production Infrastructure Manufacture Engineer,,NVIDIA,https://nvidia.wd5.myworkdayjobs.com/NVIDIAExternalCareerSite/job/Vietnam-Remote/Senior-Mass-Production-Infrastructure-Manufacture-Engineer_JR2017155,remote,"A/B Testing, Risk Management
Deterministic profile match: 2 profile skills mentioned; title alignment 0.0/3.0; domain signals 3.",,,,,,,,"Vietnam, Remote",https://nvidia.wd5.myworkdayjobs.com/NVIDIAExternalCareerSite/job/Vietnam-Remote/Senior-Mass-Production-Infrastructure-Manufacture-Engineer_JR2017155,,,,2026-05-14T22:20:37.331030+00:00,not_checked_network_restricted,Not finalized: outbound link checking was blocked in sandbox.,Moved because NVIDIA already has a stronger kept row: Senior Customer Technical Program Manager - Data Center (score 8).,Senior Customer Technical Program Manager - Data Center,8
,,,3,Senior Network Solution Architect,,NVIDIA,https://nvidia.wd5.myworkdayjobs.com/NVIDIAExternalCareerSite/job/France-Remote/Senior-Network-Solution-Architect_JR2014420,remote,"Presentation Skills, Roadmap Planning
Deterministic profile match: 2 profile skills mentioned; title alignment 0.0/3.0; domain signals 4. Title relevance penalty 1.0 applied.",,,,,,,,"France, Remote",https://nvidia.wd5.myworkdayjobs.com/NVIDIAExternalCareerSite/job/France-Remote/Senior-Network-Solution-Architect_JR2014420,,,,2026-05-14T22:07:43.149559+00:00,not_checked_network_restricted,Not finalized: outbound link checking was blocked in sandbox.,Moved because NVIDIA already has a stronger kept row: Senior Customer Technical Program Manager - Data Center (score 8).,Senior Customer Technical Program Manager - Data Center,8
,,,3,"Senior Solution Architect, AI Compute Engineer - NVIS",,NVIDIA,https://nvidia.wd5.myworkdayjobs.com/NVIDIAExternalCareerSite/job/Australia-Remote/Senior-Solution-Architect--AI-Compute-Engineer---NVIS_JR2014367,remote,"Scheduling Management, Resource Planning, AI/ML, System Monitoring
Deterministic profile match: 4 profile skills mentioned; title alignment 0.0/3.0; domain signals 4. Title relevance penalty 1.0 applied.",,,,,,,,"Australia, Remote",https://nvidia.wd5.myworkdayjobs.com/NVIDIAExternalCareerSite/job/Australia-Remote/Senior-Solution-Architect--AI-Compute-Engineer---NVIS_JR2014367,,,,2026-05-14T22:20:37.331030+00:00,not_checked_network_restricted,Not finalized: outbound link checking was blocked in sandbox.,Moved because NVIDIA already has a stronger kept row: Senior Customer Technical Program Manager - Data Center (score 8).,Senior Customer Technical Program Manager - Data Center,8
,,,3,"Senior Solution Architect, AI Infrastructure",,NVIDIA,https://nvidia.wd5.myworkdayjobs.com/NVIDIAExternalCareerSite/job/US-DC-Remote/Senior-Solution-Architect--AI-Infrastructure_JR2017660-1,remote,"Technical Documentation, Customer Success
Deterministic profile match: 2 profile skills mentioned; title alignment 0.0/3.0; domain signals 5. Title relevance penalty 1.0 applied.",,,,,,,,"US, DC, Remote",https://nvidia.wd5.myworkdayjobs.com/NVIDIAExternalCareerSite/job/US-DC-Remote/Senior-Solution-Architect--AI-Infrastructure_JR2017660-1,,,,2026-05-14T23:03:36.733136+00:00,not_checked_network_restricted,Not finalized: outbound link checking was blocked in sandbox.,Moved because NVIDIA already has a stronger kept row: Senior Customer Technical Program Manager - Data Center (score 8).,Senior Customer Technical Program Manager - Data Center,8
,,,3,Senior Solutions Architect Networking Ethernet - NVIS,,NVIDIA,https://nvidia.wd5.myworkdayjobs.com/NVIDIAExternalCareerSite/job/Australia-Remote/Senior-Solutions-Architect-Networking-Ethernet---NVIS_JR2014366,hybrid,"Python, System Monitoring, Data Pipelines, AWS
Deterministic profile match: 4 profile skills mentioned; title alignment 0.0/3.0; domain signals 4. Title relevance penalty 1.0 applied.",,,,,,"Australia, Remote",,"Australia, Remote",https://nvidia.wd5.myworkdayjobs.com/NVIDIAExternalCareerSite/job/Australia-Remote/Senior-Solutions-Architect-Networking-Ethernet---NVIS_JR2014366,,,,2026-05-14T22:32:17.257383+00:00,not_checked_network_restricted,Not finalized: outbound link checking was blocked in sandbox.,Moved because NVIDIA already has a stronger kept row: Senior Customer Technical Program Manager - Data Center (score 8).,Senior Customer Technical Program Manager - Data Center,8
,,,3,"Senior Solutions Architect, Networking - Public Sector",,NVIDIA,https://nvidia.wd5.myworkdayjobs.com/NVIDIAExternalCareerSite/job/US-DC-Remote/Senior-Solutions-Architect--Networking---Public-Sector_JR2017664-1,remote,"Technical Documentation, Customer Success
Deterministic profile match: 2 profile skills mentioned; title alignment 0.0/3.0; domain signals 5. Title relevance penalty 1.0 applied.",,,,,,,,"US, DC, Remote",https://nvidia.wd5.myworkdayjobs.com/NVIDIAExternalCareerSite/job/US-DC-Remote/Senior-Solutions-Architect--Networking---Public-Sector_JR2017664-1,,,,2026-05-14T23:03:36.733136+00:00,not_checked_network_restricted,Not finalized: outbound link checking was blocked in sandbox.,Moved because NVIDIA already has a stronger kept row: Senior Customer Technical Program Manager - Data Center (score 8).,Senior Customer Technical Program Manager - Data Center,8
,,,3,Senior Systems Software Security Engineer – Data Center Systems,,NVIDIA,https://nvidia.wd5.myworkdayjobs.com/NVIDIAExternalCareerSite/job/US-CO-Remote/Senior-Systems-Software-Security-Engineer---Data-Center-Systems_JR2004966-1,remote,"Python, Customer Success
Deterministic profile match: 2 profile skills mentioned; title alignment 0.0/3.0; domain signals 4. Title relevance penalty 1.0 applied.",,,,,,,,"US, CO, Remote",https://nvidia.wd5.myworkdayjobs.com/NVIDIAExternalCareerSite/job/US-CO-Remote/Senior-Systems-Software-Security-Engineer---Data-Center-Systems_JR2004966-1,,,,2026-05-14T21:57:02.905092+00:00,not_checked_network_restricted,Not finalized: outbound link checking was blocked in sandbox.,Moved because NVIDIA already has a stronger kept row: Senior Customer Technical Program Manager - Data Center (score 8).,Senior Customer Technical Program Manager - Data Center,8
,,,3,Senior Test Engineer,,NVIDIA,https://nvidia.wd5.myworkdayjobs.com/NVIDIAExternalCareerSite/job/Vietnam-Remote/Senior-Test-Engineer_JR1992191,remote,"Python, Software Project Management, Workflow Automation
Deterministic profile match: 3 profile skills mentioned; title alignment 0.0/3.0; domain signals 3. Title relevance penalty 1.0 applied.",,,,,,,,"Vietnam, Remote",https://nvidia.wd5.myworkdayjobs.com/NVIDIAExternalCareerSite/job/Vietnam-Remote/Senior-Test-Engineer_JR1992191,,,,2026-05-14T21:57:02.905092+00:00,not_checked_network_restricted,Not finalized: outbound link checking was blocked in sandbox.,Moved because NVIDIA already has a stronger kept row: Senior Customer Technical Program Manager - Data Center (score 8).,Senior Customer Technical Program Manager - Data Center,8
,,,3,Software Engineering Manager - Image and Data Compression Libraries,,NVIDIA,https://nvidia.wd5.myworkdayjobs.com/NVIDIAExternalCareerSite/job/US-CA-Remote/Software-Engineering-Manager---Image-and-Data-Compression-Libraries_JR1990877,hybrid,"Python, Hybrid Project Management, Software Project Management
Deterministic profile match: 3 profile skills mentioned; title alignment 0.0/3.0; domain signals 5. Title relevance penalty 1.0 applied.",,,,,,"US, CA, Remote",,"US, CA, Remote",https://nvidia.wd5.myworkdayjobs.com/NVIDIAExternalCareerSite/job/US-CA-Remote/Software-Engineering-Manager---Image-and-Data-Compression-Libraries_JR1990877,,,,2026-05-14T21:57:02.905092+00:00,not_checked_network_restricted,Not finalized: outbound link checking was blocked in sandbox.,Moved because NVIDIA already has a stronger kept row: Senior Customer Technical Program Manager - Data Center (score 8).,Senior Customer Technical Program Manager - Data Center,8
,,,3,"Solution Architect, Urban AI",,NVIDIA,https://nvidia.wd5.myworkdayjobs.com/NVIDIAExternalCareerSite/job/UK-Remote/Solution-Architect--Urban-AI_JR2012722,remote,"Python, Presentation Skills, Customer Success, GitHub
Deterministic profile match: 4 profile skills mentioned; title alignment 0.0/3.0; domain signals 4. Title relevance penalty 1.0 applied.",,,,,,,,"UK, Remote",https://nvidia.wd5.myworkdayjobs.com/NVIDIAExternalCareerSite/job/UK-Remote/Solution-Architect--Urban-AI_JR2012722,,,,2026-05-14T22:39:14.264800+00:00,not_checked_network_restricted,Not finalized: outbound link checking was blocked in sandbox.,Moved because NVIDIA already has a stronger kept row: Senior Customer Technical Program Manager - Data Center (score 8).,Senior Customer Technical Program Manager - Data Center,8
,,,3,Solutions Architect - AI Development,,NVIDIA,https://nvidia.wd5.myworkdayjobs.com/NVIDIAExternalCareerSite/job/Singapore-Remote/Solutions-Architect---AI-Development_JR2016896,remote,"Python, Mentoring, AI/ML
Deterministic profile match: 3 profile skills mentioned; title alignment 0.0/3.0; domain signals 4. Title relevance penalty 1.0 applied.",,,,,,,,"Singapore, Remote",https://nvidia.wd5.myworkdayjobs.com/NVIDIAExternalCareerSite/job/Singapore-Remote/Solutions-Architect---AI-Development_JR2016896,,,,2026-05-14T22:07:43.149559+00:00,not_checked_network_restricted,Not finalized: outbound link checking was blocked in sandbox.,Moved because NVIDIA already has a stronger kept row: Senior Customer Technical Program Manager - Data Center (score 8).,Senior Customer Technical Program Manager - Data Center,8
,,,3,Solutions Architect - AI Technology Centre,,NVIDIA,https://nvidia.wd5.myworkdayjobs.com/NVIDIAExternalCareerSite/job/Singapore-Remote/Solutions-Architect---AI-Technology-Centre_JR2017134,remote,"Python, Mentoring, AI/ML
Deterministic profile match: 3 profile skills mentioned; title alignment 0.0/3.0; domain signals 3. Title relevance penalty 1.0 applied.",,,,,,,,"Singapore, Remote",https://nvidia.wd5.myworkdayjobs.com/NVIDIAExternalCareerSite/job/Singapore-Remote/Solutions-Architect---AI-Technology-Centre_JR2017134,,,,2026-05-14T22:07:43.149559+00:00,not_checked_network_restricted,Not finalized: outbound link checking was blocked in sandbox.,Moved because NVIDIA already has a stronger kept row: Senior Customer Technical Program Manager - Data Center (score 8).,Senior Customer Technical Program Manager - Data Center,8
,,,3,"Solutions Architect, Networking Ethernet",,NVIDIA,https://nvidia.wd5.myworkdayjobs.com/NVIDIAExternalCareerSite/job/Australia-Remote/Solutions-Architect--Networking-Ethernet_JR2015237,remote,"Python, System Monitoring, Data Pipelines, AWS
Deterministic profile match: 4 profile skills mentioned; title alignment 0.0/3.0; domain signals 4. Title relevance penalty 1.0 applied.",,,,,,,,"Australia, Remote",https://nvidia.wd5.myworkdayjobs.com/NVIDIAExternalCareerSite/job/Australia-Remote/Solutions-Architect--Networking-Ethernet_JR2015237,,,,2026-05-14T22:32:17.257383+00:00,not_checked_network_restricted,Not finalized: outbound link checking was blocked in sandbox.,Moved because NVIDIA already has a stronger kept row: Senior Customer Technical Program Manager - Data Center (score 8).,Senior Customer Technical Program Manager - Data Center,8
,,,3,"Technical Training Lead, NVIS",,NVIDIA,https://nvidia.wd5.myworkdayjobs.com/NVIDIAExternalCareerSite/job/US-CA-Remote/Technical-Training-Lead--NVIS_JR2017676,remote,"Program Management, Technical Documentation, Presentation Skills, Change Management, Training Enablement
Deterministic profile match: 5 profile skills mentioned; title alignment 0.0/3.0; domain signals 3. Title relevance penalty 1.0 applied.",,,,,,,,"US, CA, Remote",https://nvidia.wd5.myworkdayjobs.com/NVIDIAExternalCareerSite/job/US-CA-Remote/Technical-Training-Lead--NVIS_JR2017676,,,,2026-05-14T22:07:43.149559+00:00,not_checked_network_restricted,Not finalized: outbound link checking was blocked in sandbox.,Moved because NVIDIA already has a stronger kept row: Senior Customer Technical Program Manager - Data Center (score 8).,Senior Customer Technical Program Manager - Data Center,8
,,,2,"Developer Relations Manager, Mexico",,NVIDIA,https://nvidia.wd5.myworkdayjobs.com/NVIDIAExternalCareerSite/job/Mexico-Remote/Developer-Relations-Manager--Mexico_JR2015203-1,remote,Deterministic profile match: 0 profile skills mentioned; title alignment 0.0/3.0; domain signals 3. Title relevance penalty 1.0 applied.,,,,,,,,"Mexico, Remote",https://nvidia.wd5.myworkdayjobs.com/NVIDIAExternalCareerSite/job/Mexico-Remote/Developer-Relations-Manager--Mexico_JR2015203-1,,,,2026-05-14T22:52:11.948793+00:00,not_checked_network_restricted,Not finalized: outbound link checking was blocked in sandbox.,Moved because NVIDIA already has a stronger kept row: Senior Customer Technical Program Manager - Data Center (score 8).,Senior Customer Technical Program Manager - Data Center,8
,,,2,GSI Client Manager,,NVIDIA,https://nvidia.wd5.myworkdayjobs.com/NVIDIAExternalCareerSite/job/UK-Remote/GSI-Client-Manager_JR2014412,remote,"Program Management
Deterministic profile match: 1 profile skills mentioned; title alignment 0.0/3.0; domain signals 2. Title relevance penalty 1.0 applied.",,,,,,,,"UK, Remote",https://nvidia.wd5.myworkdayjobs.com/NVIDIAExternalCareerSite/job/UK-Remote/GSI-Client-Manager_JR2014412,,,,2026-05-14T23:03:36.733136+00:00,not_checked_network_restricted,Not finalized: outbound link checking was blocked in sandbox.,Moved because NVIDIA already has a stronger kept row: Senior Customer Technical Program Manager - Data Center (score 8).,Senior Customer Technical Program Manager - Data Center,8
,,,2,GSI Client Manager,,NVIDIA,https://nvidia.wd5.myworkdayjobs.com/NVIDIAExternalCareerSite/job/UK-Remote/GSI-Client-Manager_JR2015716,remote,"Program Management
Deterministic profile match: 1 profile skills mentioned; title alignment 0.0/3.0; domain signals 2. Title relevance penalty 1.0 applied.",,,,,,,,"UK, Remote",https://nvidia.wd5.myworkdayjobs.com/NVIDIAExternalCareerSite/job/UK-Remote/GSI-Client-Manager_JR2015716,,,,2026-05-14T23:03:36.733136+00:00,not_checked_network_restricted,Not finalized: outbound link checking was blocked in sandbox.,Moved because NVIDIA already has a stronger kept row: Senior Customer Technical Program Manager - Data Center (score 8).,Senior Customer Technical Program Manager - Data Center,8
,,,2,"Global GSI Lead, Healthcare and Life Sciences Ecosystem",,NVIDIA,https://nvidia.wd5.myworkdayjobs.com/NVIDIAExternalCareerSite/job/US-CA-Remote/Global-GSI-Lead--Healthcare-and-Life-Sciences-Ecosystem_JR2003681,remote,Deterministic profile match: 0 profile skills mentioned; title alignment 0.0/3.0; domain signals 4. Title relevance penalty 1.0 applied.,,,,,,,,"US, CA, Remote",https://nvidia.wd5.myworkdayjobs.com/NVIDIAExternalCareerSite/job/US-CA-Remote/Global-GSI-Lead--Healthcare-and-Life-Sciences-Ecosystem_JR2003681,,,,2026-05-14T22:32:17.257383+00:00,not_checked_network_restricted,Not finalized: outbound link checking was blocked in sandbox.,Moved because NVIDIA already has a stronger kept row: Senior Customer Technical Program Manager - Data Center (score 8).,Senior Customer Technical Program Manager - Data Center,8
,,,2,"Head of Strategic Contracts and M&A, Public Sector",,NVIDIA,https://nvidia.wd5.myworkdayjobs.com/NVIDIAExternalCareerSite/job/US-VA-Remote/Head-of-Strategic-Contracts-and-M-A--Public-Sector_JR2013188,hybrid,"Legal Technology
Deterministic profile match: 1 profile skills mentioned; title alignment 0.0/3.0; domain signals 1. Title relevance penalty 1.0 applied.",,,,,,"US, VA, Remote",,"US, VA, Remote",https://nvidia.wd5.myworkdayjobs.com/NVIDIAExternalCareerSite/job/US-VA-Remote/Head-of-Strategic-Contracts-and-M-A--Public-Sector_JR2013188,,,,2026-05-14T22:07:43.149559+00:00,not_checked_network_restricted,Not finalized: outbound link checking was blocked in sandbox.,Moved because NVIDIA already has a stronger kept row: Senior Customer Technical Program Manager - Data Center (score 8).,Senior Customer Technical Program Manager - Data Center,8
,,,2,"Manager, Data Center Infrastructure Materials",,NVIDIA,https://nvidia.wd5.myworkdayjobs.com/NVIDIAExternalCareerSite/job/US-CA-Remote/Manager--Data-Center-Infrastructure-Materials_JR2016661,remote,Deterministic profile match: 0 profile skills mentioned; title alignment 0.0/3.0; domain signals 2. Title relevance penalty 1.0 applied.,,,,,,,,"US, CA, Remote",https://nvidia.wd5.myworkdayjobs.com/NVIDIAExternalCareerSite/job/US-CA-Remote/Manager--Data-Center-Infrastructure-Materials_JR2016661,,,,2026-05-14T22:07:43.149559+00:00,not_checked_network_restricted,Not finalized: outbound link checking was blocked in sandbox.,Moved because NVIDIA already has a stronger kept row: Senior Customer Technical Program Manager - Data Center (score 8).,Senior Customer Technical Program Manager - Data Center,8
,,,2,"Product Marketing Manager, Quantum Computing Platform",,NVIDIA,https://nvidia.wd5.myworkdayjobs.com/NVIDIAExternalCareerSite/job/US-Remote/Product-Marketing-Manager--Quantum-Computing-Platform_JR2001303,remote,"Presentation Skills, Customer Success
Deterministic profile match: 2 profile skills mentioned; title alignment 0.0/3.0; domain signals 4. Title relevance penalty 1.5 applied.",,,,,,,,"US, Remote",https://nvidia.wd5.myworkdayjobs.com/NVIDIAExternalCareerSite/job/US-Remote/Product-Marketing-Manager--Quantum-Computing-Platform_JR2001303,,,,2026-05-14T21:57:02.905092+00:00,not_checked_network_restricted,Not finalized: outbound link checking was blocked in sandbox.,Moved because NVIDIA already has a stronger kept row: Senior Customer Technical Program Manager - Data Center (score 8).,Senior Customer Technical Program Manager - Data Center,8
,,,2,"Senior Account Manager, Canada - WWFO",,NVIDIA,https://nvidia.wd5.myworkdayjobs.com/NVIDIAExternalCareerSite/job/Canada-Remote/Senior-Account-Manager--Canada---WWFO_JR2014477,remote,Deterministic profile match: 0 profile skills mentioned; title alignment 0.0/3.0; domain signals 3. Title relevance penalty 1.0 applied.,,,,,,,,"Canada, Remote",https://nvidia.wd5.myworkdayjobs.com/NVIDIAExternalCareerSite/job/Canada-Remote/Senior-Account-Manager--Canada---WWFO_JR2014477,,,,2026-05-14T22:52:11.948793+00:00,not_checked_network_restricted,Not finalized: outbound link checking was blocked in sandbox.,Moved because NVIDIA already has a stronger kept row: Senior Customer Technical Program Manager - Data Center (score 8).,Senior Customer Technical Program Manager - Data Center,8
,,,2,"Senior Manager, Abstraction Layer Engineering – Autonomous Platform",,NVIDIA,https://nvidia.wd5.myworkdayjobs.com/NVIDIAExternalCareerSite/job/US-CA-Remote/Senior-Manager--Abstraction-Layer-Engineering---Autonomous-Platform_JR2002272,remote,"Presentation Skills
Deterministic profile match: 1 profile skills mentioned; title alignment 0.0/3.0; domain signals 3. Title relevance penalty 1.0 applied.",,,,,,,,"US, CA, Remote",https://nvidia.wd5.myworkdayjobs.com/NVIDIAExternalCareerSite/job/US-CA-Remote/Senior-Manager--Abstraction-Layer-Engineering---Autonomous-Platform_JR2002272,,,,2026-05-14T21:57:02.905092+00:00,not_checked_network_restricted,Not finalized: outbound link checking was blocked in sandbox.,Moved because NVIDIA already has a stronger kept row: Senior Customer Technical Program Manager - Data Center (score 8).,Senior Customer Technical Program Manager - Data Center,8
,,,2,"Senior Manager, Test Engineering",,NVIDIA,https://nvidia.wd5.myworkdayjobs.com/NVIDIAExternalCareerSite/job/Vietnam-Remote/Senior-Manager--Test-Engineering_JR1992195,remote,Deterministic profile match: 0 profile skills mentioned; title alignment 0.0/3.0; domain signals 5. Title relevance penalty 1.0 applied.,,,,,,,,"Vietnam, Remote",https://nvidia.wd5.myworkdayjobs.com/NVIDIAExternalCareerSite/job/Vietnam-Remote/Senior-Manager--Test-Engineering_JR1992195,,,,2026-05-14T21:57:02.905092+00:00,not_checked_network_restricted,Not finalized: outbound link checking was blocked in sandbox.,Moved because NVIDIA already has a stronger kept row: Senior Customer Technical Program Manager - Data Center (score 8).,Senior Customer Technical Program Manager - Data Center,8
,,,2,Senior Packaging Technical Engineer - Hardware,,NVIDIA,https://nvidia.wd5.myworkdayjobs.com/NVIDIAExternalCareerSite/job/US-CA-Remote/Senior-Packaging-Technical-Engineer---Hardware_JR2014629,remote,"Python
Deterministic profile match: 1 profile skills mentioned; title alignment 0.0/3.0; domain signals 2. Title relevance penalty 1.0 applied.",,,,,,,,"US, CA, Remote",https://nvidia.wd5.myworkdayjobs.com/NVIDIAExternalCareerSite/job/US-CA-Remote/Senior-Packaging-Technical-Engineer---Hardware_JR2014629,,,,2026-05-14T22:07:43.149559+00:00,not_checked_network_restricted,Not finalized: outbound link checking was blocked in sandbox.,Moved because NVIDIA already has a stronger kept row: Senior Customer Technical Program Manager - Data Center (score 8).,Senior Customer Technical Program Manager - Data Center,8
,,,2,Senior Product Engineer,,NVIDIA,https://nvidia.wd5.myworkdayjobs.com/NVIDIAExternalCareerSite/job/Thailand-Remote/Senior-Product-Engineer_JR2018270,remote,"ERP, Python
Deterministic refreshed score: 2 profile skills mentioned
title alignment 0.0/3.0
domain signals 6",,,,,,,,"Thailand, Remote",https://nvidia.wd5.myworkdayjobs.com/NVIDIAExternalCareerSite/job/Thailand-Remote/Senior-Product-Engineer_JR2018270,,,,2026-05-20T23:58:49.223947+00:00,not_checked_network_restricted,Added from ApplyPilot DB; outbound link checking was blocked in sandbox.,Moved because NVIDIA already has a stronger kept row: Senior Customer Technical Program Manager - Data Center (score 8).,Senior Customer Technical Program Manager - Data Center,8
,,,2,"Senior Solutions Architect, NPN",,NVIDIA,https://nvidia.wd5.myworkdayjobs.com/NVIDIAExternalCareerSite/job/US-VA-Remote/Senior-Solutions-Architect--NPN_JR2014278,hybrid,"Python
Deterministic profile match: 1 profile skills mentioned; title alignment 0.0/3.0; domain signals 3. Title relevance penalty 1.0 applied.",,,,,,"US, VA, Remote",,"US, VA, Remote",https://nvidia.wd5.myworkdayjobs.com/NVIDIAExternalCareerSite/job/US-VA-Remote/Senior-Solutions-Architect--NPN_JR2014278,,,,2026-05-14T22:20:37.331030+00:00,not_checked_network_restricted,Not finalized: outbound link checking was blocked in sandbox.,Moved because NVIDIA already has a stronger kept row: Senior Customer Technical Program Manager - Data Center (score 8).,Senior Customer Technical Program Manager - Data Center,8
,,,2,"Senior Solutions Architect, Networking",,NVIDIA,https://nvidia.wd5.myworkdayjobs.com/NVIDIAExternalCareerSite/job/US-CA-Remote/Senior-Solutions-Architect--Networking_JR2015507,hybrid,"AI/ML
Deterministic profile match: 1 profile skills mentioned; title alignment 0.0/3.0; domain signals 2. Title relevance penalty 1.0 applied.",,,,,,"US, CA, Remote",,"US, CA, Remote",https://nvidia.wd5.myworkdayjobs.com/NVIDIAExternalCareerSite/job/US-CA-Remote/Senior-Solutions-Architect--Networking_JR2015507,,,,2026-05-14T22:32:17.257383+00:00,not_checked_network_restricted,Not finalized: outbound link checking was blocked in sandbox.,Moved because NVIDIA already has a stronger kept row: Senior Customer Technical Program Manager - Data Center (score 8).,Senior Customer Technical Program Manager - Data Center,8
,,,2,"Software Engineer, Build and Release - NVIDIA OpenShell",,NVIDIA,https://nvidia.wd5.myworkdayjobs.com/NVIDIAExternalCareerSite/job/US-CA-Remote/Software-Engineer--Build-and-Release---NVIDIA-OpenShell_JR2017889-1,remote,"Python, SAFe, Risk Management, Deployment Workflows, GitHub
Deterministic profile match: 5 profile skills mentioned; title alignment 0.0/3.0; domain signals 4. Title relevance penalty 2.5 applied.",,,,,,,,"US, CA, Remote",https://nvidia.wd5.myworkdayjobs.com/NVIDIAExternalCareerSite/job/US-CA-Remote/Software-Engineer--Build-and-Release---NVIDIA-OpenShell_JR2017889-1,,,,2026-05-14T21:57:02.905092+00:00,not_checked_network_restricted,Not finalized: outbound link checking was blocked in sandbox.,Moved because NVIDIA already has a stronger kept row: Senior Customer Technical Program Manager - Data Center (score 8).,Senior Customer Technical Program Manager - Data Center,8
,,,2,"Software Engineer, NVIDIA OpenShell",,NVIDIA,https://nvidia.wd5.myworkdayjobs.com/NVIDIAExternalCareerSite/job/US-CA-Remote/Software-Engineer--NVIDIA-OpenShell_JR2017604,remote,"Python, SAFe, Policy Automation
Deterministic profile match: 3 profile skills mentioned; title alignment 0.0/3.0; domain signals 6. Title relevance penalty 2.5 applied.",,,,,,,,"US, CA, Remote",https://nvidia.wd5.myworkdayjobs.com/NVIDIAExternalCareerSite/job/US-CA-Remote/Software-Engineer--NVIDIA-OpenShell_JR2017604,,,,2026-05-14T21:57:02.905092+00:00,not_checked_network_restricted,Not finalized: outbound link checking was blocked in sandbox.,Moved because NVIDIA already has a stronger kept row: Senior Customer Technical Program Manager - Data Center (score 8).,Senior Customer Technical Program Manager - Data Center,8
,,,1,Senior Package Engineer,,NVIDIA,https://nvidia.wd5.myworkdayjobs.com/NVIDIAExternalCareerSite/job/Thailand-Remote/Senior-Package-Engineer_JR1999848,remote,"Program Management
Deterministic profile match: 1 profile skills mentioned; title alignment 0.0/3.0; domain signals 0. Title relevance penalty 1.0 applied.",,,,,,,,"Thailand, Remote",https://nvidia.wd5.myworkdayjobs.com/NVIDIAExternalCareerSite/job/Thailand-Remote/Senior-Package-Engineer_JR1999848,,,,2026-05-14T22:20:37.331030+00:00,not_checked_network_restricted,Not finalized: outbound link checking was blocked in sandbox.,Moved because NVIDIA already has a stronger kept row: Senior Customer Technical Program Manager - Data Center (score 8).,Senior Customer Technical Program Manager - Data Center,8
,,,1,"Senior Software Engineer, SPE",,NVIDIA,https://nvidia.wd5.myworkdayjobs.com/NVIDIAExternalCareerSite/job/Vietnam-Remote/Senior-Software-Engineer--SPE_JR2015596,remote,"Python, Software Project Management
Deterministic profile match: 2 profile skills mentioned; title alignment 0.0/3.0; domain signals 4. Title relevance penalty 2.5 applied.",,,,,,,,"Vietnam, Remote",https://nvidia.wd5.myworkdayjobs.com/NVIDIAExternalCareerSite/job/Vietnam-Remote/Senior-Software-Engineer--SPE_JR2015596,,,,2026-05-14T21:57:02.905092+00:00,not_checked_network_restricted,Not finalized: outbound link checking was blocked in sandbox.,Moved because NVIDIA already has a stronger kept row: Senior Customer Technical Program Manager - Data Center (score 8).,Senior Customer Technical Program Manager - Data Center,8
,,,1,Senior Supplier Quality Engineer,,NVIDIA,https://nvidia.wd5.myworkdayjobs.com/NVIDIAExternalCareerSite/job/China-Remote/Senior-Supplier-Quality-Engineer_JR2017040,remote,"Root Cause Analysis
Deterministic profile match: 1 profile skills mentioned; title alignment 0.0/3.0; domain signals 0. Title relevance penalty 1.0 applied.",,,,,,,,"China, Remote",https://nvidia.wd5.myworkdayjobs.com/NVIDIAExternalCareerSite/job/China-Remote/Senior-Supplier-Quality-Engineer_JR2017040,,,,2026-05-14T22:20:37.331030+00:00,not_checked_network_restricted,Not finalized: outbound link checking was blocked in sandbox.,Moved because NVIDIA already has a stronger kept row: Senior Customer Technical Program Manager - Data Center (score 8).,Senior Customer Technical Program Manager - Data Center,8
,,,1,Senior Supplier Quality Engineer - PCB,,NVIDIA,https://nvidia.wd5.myworkdayjobs.com/NVIDIAExternalCareerSite/job/Thailand-Remote/Senior-Supplier-Quality-Engineer---PCB_JR2017062,remote,"Root Cause Analysis
Deterministic profile match: 1 profile skills mentioned; title alignment 0.0/3.0; domain signals 0. Title relevance penalty 1.0 applied.",,,,,,,,"Thailand, Remote",https://nvidia.wd5.myworkdayjobs.com/NVIDIAExternalCareerSite/job/Thailand-Remote/Senior-Supplier-Quality-Engineer---PCB_JR2017062,,,,2026-05-14T22:32:17.257383+00:00,not_checked_network_restricted,Not finalized: outbound link checking was blocked in sandbox.,Moved because NVIDIA already has a stronger kept row: Senior Customer Technical Program Manager - Data Center (score 8).,Senior Customer Technical Program Manager - Data Center,8
,,,1,Senior System Software Engineer - Slurm,,NVIDIA,https://nvidia.wd5.myworkdayjobs.com/NVIDIAExternalCareerSite/job/US-UT-Remote/Senior-System-Software-Engineer---Slurm_JR2016543,hybrid,"Scheduling Management
Deterministic profile match: 1 profile skills mentioned; title alignment 0.0/3.0; domain signals 5. Title relevance penalty 2.5 applied.",,,,,,"US, UT, Remote",,"US, UT, Remote",https://nvidia.wd5.myworkdayjobs.com/NVIDIAExternalCareerSite/job/US-UT-Remote/Senior-System-Software-Engineer---Slurm_JR2016543,,,,2026-05-14T21:57:02.905092+00:00,not_checked_network_restricted,Not finalized: outbound link checking was blocked in sandbox.,Moved because NVIDIA already has a stronger kept row: Senior Customer Technical Program Manager - Data Center (score 8).,Senior Customer Technical Program Manager - Data Center,8
,,,1,"Senior Systems Software Engineer, Base OS - Kernel",,NVIDIA,https://nvidia.wd5.myworkdayjobs.com/NVIDIAExternalCareerSite/job/US-CA-Remote/Senior-Systems-Software-Engineer--Base-OS---Kernel_JR2013791,remote,"CI/CD Collaboration, Scheduling Management
Deterministic profile match: 2 profile skills mentioned; title alignment 0.0/3.0; domain signals 4. Title relevance penalty 2.5 applied.",,,,,,,,"US, CA, Remote",https://nvidia.wd5.myworkdayjobs.com/NVIDIAExternalCareerSite/job/US-CA-Remote/Senior-Systems-Software-Engineer--Base-OS---Kernel_JR2013791,,,,2026-05-14T21:57:02.905092+00:00,not_checked_network_restricted,Not finalized: outbound link checking was blocked in sandbox.,Moved because NVIDIA already has a stronger kept row: Senior Customer Technical Program Manager - Data Center (score 8).,Senior Customer Technical Program Manager - Data Center,8
,,,4,"Product Owner - Hybrid in Alpharetta, GA",,OEConnection,https://www.indeed.com/viewjob?jk=498922f7c0a92ed9,hybrid,"Roadmap Planning, Customer Success, Resource Planning
Deterministic profile match: 3 profile skills mentioned; title alignment 0.0/3.0; domain signals 6.",,,,,,"Remote, US (Remote)",,"Remote, US (Remote)",https://jobs.dayforcehcm.com/en-US/oec/USCANDIDATEPORTAL/jobs/7786,,,,2026-05-19T03:39:44.477961+00:00,not_checked_network_restricted,Not finalized: outbound link checking was blocked in sandbox.,Moved because OEConnection already has a stronger kept row: Senior Product Manager - PartsTech Search Experience (score 6).,Senior Product Manager - PartsTech Search Experience,6
,,,6,Staff Technical Program Manager,,OpenLoop,https://www.linkedin.com/jobs/view/4405359739,unknown,"OKRs, Program Management, Jira
Deterministic profile match: 3 profile skills mentioned; title alignment 2.0/3.0; domain signals 5.",,,,,,,,,,,,,2026-05-19T03:26:29.194443+00:00,not_checked_network_restricted,Not finalized: outbound link checking was blocked in sandbox.,Moved because OpenLoop already has a stronger kept row: IT Project Manager (score 8).,IT Project Manager,8
,,,4,"Product Manager, New Products",,OrderlyMeds,https://www.indeed.com/viewjob?jk=214cc1f1f72f4f22,remote,"Stakeholder Management
Deterministic profile match: 1 profile skills mentioned; title alignment 1.0/3.0; domain signals 4.",,,,,,,,"Remote, US (Remote)",https://ats.rippling.com/orderly-wellness/jobs/52989a59-2318-4330-bfba-ce33f92586ff?jobSite=Indeed,,,,2026-05-14T21:52:47.996850+00:00,not_checked_network_restricted,Not finalized: outbound link checking was blocked in sandbox.,"Moved because OrderlyMeds already has a stronger kept row: Senior Product Manager, New Products (score 5).","Senior Product Manager, New Products",5
,,,3,"Medical Science Liaison, CNS (MN, ND, NE, SD, WI)",,Otsuka,https://www.indeed.com/viewjob?jk=e27f4b40d3e6e526,remote,"Software Project Management, Program Management, Mentoring, Change Management
Deterministic profile match: 4 profile skills mentioned; title alignment 0.0/3.0; domain signals 4. Title relevance penalty 1.0 applied.",,,,,,,,"Remote, US (Remote)",https://vhr-otsuka.wd1.myworkdayjobs.com/en-US/External/job/Remote/Medical-Science-Liaison--CNS--MN--ND--NE--SD--WI-_R12013-1,,,,2026-05-19T03:33:24.221345+00:00,not_checked_network_restricted,Not finalized: outbound link checking was blocked in sandbox.,"Moved because Otsuka already has a stronger kept row: Medical Science Liaison, CNS - Northeast Texas/Oklahoma (score 3).","Medical Science Liaison, CNS - Northeast Texas/Oklahoma",3
,,,3,"Medical Science Liaison, CNS (West - AZ, NM)",,Otsuka,https://www.indeed.com/viewjob?jk=ec6325beeb5bea12,remote,"Software Project Management, Program Management, Mentoring, Change Management
Deterministic profile match: 4 profile skills mentioned; title alignment 0.0/3.0; domain signals 4. Title relevance penalty 1.0 applied.",,,,,,,,"Remote, US (Remote)",https://vhr-otsuka.wd1.myworkdayjobs.com/en-US/External/job/Remote/Medical-Science-Liaison--CNS--West---AZ--NM-_R12011,,,,2026-05-19T03:33:24.221345+00:00,not_checked_network_restricted,Not finalized: outbound link checking was blocked in sandbox.,"Moved because Otsuka already has a stronger kept row: Medical Science Liaison, CNS - Northeast Texas/Oklahoma (score 3).","Medical Science Liaison, CNS - Northeast Texas/Oklahoma",3
,,,6,Technical Program Manager,,Penta Consulting,https://www.linkedin.com/jobs/view/4413472610,unknown,"Technical Documentation
Deterministic profile match: 1 profile skills mentioned; title alignment 2.0/3.0; domain signals 5.",,,,,,,,,,,,,2026-05-14T21:50:40.094592+00:00,not_checked_network_restricted,Not finalized: outbound link checking was blocked in sandbox.,Moved because Penta Consulting already has a stronger kept row: Technical Project Manager (score 8).,Technical Project Manager,8
,,,8,Digital Project Manager (Remote),,Pinnacle Method Consulting,https://www.linkedin.com/jobs/view/4415660869,remote,"Agile Scrum, Software Project Management, Kanban, Risk Management, Jira, Confluence
Deterministic profile match: 6 profile skills mentioned; title alignment 2.0/3.0; domain signals 7.",,,,,,,,Remote,,,,,2026-05-19T03:47:58.625216+00:00,not_checked_network_restricted,Not finalized: outbound link checking was blocked in sandbox.,Moved because Pinnacle Method Consulting already has a stronger kept row: Agile Project Manager (score 9).,Agile Project Manager,9
,,,8,IT Project Manager,,Pinnacle Method Consulting,https://www.linkedin.com/jobs/view/4415444017,hybrid,"Agile Scrum, Hybrid Project Management, Technical Documentation, Resource Planning, Risk Management, Jira, Smartsheet
Deterministic profile match: 7 profile skills mentioned; title alignment 2.5/3.0; domain signals 6.",,,,,,Remote,,Remote,,,,,2026-05-19T03:28:48.056786+00:00,not_checked_network_restricted,Not finalized: outbound link checking was blocked in sandbox.,Moved because Pinnacle Method Consulting already has a stronger kept row: Agile Project Manager (score 9).,Agile Project Manager,9
,,,8,Scrum Master,,Pinnacle Method Consulting,https://www.linkedin.com/jobs/view/4415176898,hybrid,"Agile Scrum, Sprint Planning, Milestone Tracking, Retrospectives, CI/CD Collaboration, Sprint Reviews, Jira, Confluence
Deterministic profile match: 8 profile skills mentioned; title alignment 1.5/3.0; domain signals 8.",,,,,,,,,,,,,2026-05-19T03:35:32.190761+00:00,not_checked_network_restricted,Not finalized: outbound link checking was blocked in sandbox.,Moved because Pinnacle Method Consulting already has a stronger kept row: Agile Project Manager (score 9).,Agile Project Manager,9
,,,8,Scrum Master / ServiceNow Project Manager - Healthcare Platform (Remote),,Pinnacle Method Consulting,https://www.linkedin.com/jobs/view/4415664834,remote,"ERP, Retrospectives, ServiceNow, Sprint Planning
Deterministic refreshed score: 4 profile skills mentioned
title alignment 2.5/3.0
domain signals 8",,,,,,,,Remote,,,,,2026-05-20T23:32:56.497262+00:00,not_checked_network_restricted,Added from ApplyPilot DB; outbound link checking was blocked in sandbox.,Moved because Pinnacle Method Consulting already has a stronger kept row: Agile Project Manager (score 9).,Agile Project Manager,9
,,,7,Project Manager - Healthcare IT,,Pinnacle Method Consulting,https://www.linkedin.com/jobs/view/4415440089,unknown,"Agile Scrum, SAFe, Software Project Management
Deterministic profile match: 3 profile skills mentioned; title alignment 2.0/3.0; domain signals 7.",,,,,,,,,,,,,2026-05-19T03:26:29.194443+00:00,not_checked_network_restricted,Not finalized: outbound link checking was blocked in sandbox.,Moved because Pinnacle Method Consulting already has a stronger kept row: Agile Project Manager (score 9).,Agile Project Manager,9
,,,7,Project Manager With Active PMP (Remote US),,Pinnacle Method Consulting,https://www.linkedin.com/jobs/view/4415428321,hybrid,"Hybrid Project Management, Stakeholder Management, Resource Planning, Jira, Smartsheet
Deterministic profile match: 5 profile skills mentioned; title alignment 2.0/3.0; domain signals 4.",,,,,,Remote,,Remote,,,,,2026-05-19T03:35:32.190761+00:00,not_checked_network_restricted,Not finalized: outbound link checking was blocked in sandbox.,Moved because Pinnacle Method Consulting already has a stronger kept row: Agile Project Manager (score 9).,Agile Project Manager,9
,,,7,Salesforce Scrum Master & Project Manager,,Pinnacle Method Consulting,https://www.linkedin.com/jobs/view/4415671038,remote,"Jira, Retrospectives, Sprint Planning, Sprint Reviews
Deterministic refreshed score: 4 profile skills mentioned
title alignment 1.5/3.0
domain signals 13",,,,,,,,Remote,,,,,2026-05-20T23:34:51.899289+00:00,not_checked_network_restricted,Added from ApplyPilot DB; outbound link checking was blocked in sandbox.,Moved because Pinnacle Method Consulting already has a stronger kept row: Agile Project Manager (score 9).,Agile Project Manager,9
,,,7,Scrum Master/Project Manager,,Pinnacle Method Consulting,https://www.linkedin.com/jobs/view/4414438978,remote,"Agile Scrum, Software Project Management, SDLC, Risk Management
Deterministic profile match: 4 profile skills mentioned; title alignment 2.0/3.0; domain signals 5.",,,,,,,,Remote,,,,,2026-05-14T21:42:01.891331+00:00,not_checked_network_restricted,Not finalized: outbound link checking was blocked in sandbox.,Moved because Pinnacle Method Consulting already has a stronger kept row: Agile Project Manager (score 9).,Agile Project Manager,9
,,,6,AWS Project Manager,,Pinnacle Method Consulting,https://www.linkedin.com/jobs/view/4415658932,remote,"Agile Scrum, SAFe, AWS
Deterministic profile match: 3 profile skills mentioned; title alignment 2.0/3.0; domain signals 4.",,,,,,,,Remote,,,,,2026-05-19T03:45:43.877251+00:00,not_checked_network_restricted,Not finalized: outbound link checking was blocked in sandbox.,Moved because Pinnacle Method Consulting already has a stronger kept row: Agile Project Manager (score 9).,Agile Project Manager,9
,,,6,Scrum Master (Payer-Provider Integration),,Pinnacle Method Consulting,https://www.linkedin.com/jobs/view/4413536220,remote,"Agile Scrum, SAFe, Kanban, Stakeholder Management
Deterministic profile match: 4 profile skills mentioned; title alignment 1.5/3.0; domain signals 6.",,,,,,,,Remote,,,,,2026-05-14T21:42:01.891331+00:00,not_checked_network_restricted,Not finalized: outbound link checking was blocked in sandbox.,Moved because Pinnacle Method Consulting already has a stronger kept row: Agile Project Manager (score 9).,Agile Project Manager,9
,,,6,Scrum Master - Remote,,Pinnacle Method Consulting,https://www.linkedin.com/jobs/view/4413862908,remote,"Agile Scrum, Kanban, Mentoring
Deterministic profile match: 3 profile skills mentioned; title alignment 1.5/3.0; domain signals 4.",,,,,,,,Remote,,,,,2026-05-14T21:29:36.448824+00:00,not_checked_network_restricted,Not finalized: outbound link checking was blocked in sandbox.,Moved because Pinnacle Method Consulting already has a stronger kept row: Agile Project Manager (score 9).,Agile Project Manager,9
,,,6,Senior Project Manager,,Pinnacle Method Consulting,https://www.linkedin.com/jobs/view/4415444014,hybrid,"Hybrid Project Management, Software Project Management, SDLC, Program Management
Deterministic profile match: 4 profile skills mentioned; title alignment 2.0/3.0; domain signals 3.",,,,,,Remote,,Remote,,,,,2026-05-19T03:33:24.221345+00:00,not_checked_network_restricted,Not finalized: outbound link checking was blocked in sandbox.,Moved because Pinnacle Method Consulting already has a stronger kept row: Agile Project Manager (score 9).,Agile Project Manager,9
,,,6,Senior Project Manager,,Pinnacle Method Consulting,https://www.linkedin.com/jobs/view/4415169911,unknown,"Acceptance Criteria Frameworks, Program Management, Presentation Skills, Resource Planning, ERP
Deterministic profile match: 5 profile skills mentioned; title alignment 2.0/3.0; domain signals 2.",,,,,,,,,,,,,2026-05-19T03:33:24.221345+00:00,not_checked_network_restricted,Not finalized: outbound link checking was blocked in sandbox.,Moved because Pinnacle Method Consulting already has a stronger kept row: Agile Project Manager (score 9).,Agile Project Manager,9
,,,6,Senior Project Manager (Merger & Acquisition) - Remote,,Pinnacle Method Consulting,https://www.linkedin.com/jobs/view/4415438221,hybrid,"Hybrid Project Management, Program Management, Change Management, Jira
Deterministic profile match: 4 profile skills mentioned; title alignment 2.0/3.0; domain signals 3.",,,,,,Remote,,Remote,,,,,2026-05-19T03:30:57.247300+00:00,not_checked_network_restricted,Not finalized: outbound link checking was blocked in sandbox.,Moved because Pinnacle Method Consulting already has a stronger kept row: Agile Project Manager (score 9).,Agile Project Manager,9
,,,6,Sr. Project Manager,,Pinnacle Method Consulting,https://www.linkedin.com/jobs/view/4415649998,remote,"Program Management, Technical Documentation, Change Management, Jira, Smartsheet
Deterministic profile match: 5 profile skills mentioned; title alignment 2.0/3.0; domain signals 3.",,,,,,,,Remote,,,,,2026-05-19T03:26:29.194443+00:00,not_checked_network_restricted,Not finalized: outbound link checking was blocked in sandbox.,Moved because Pinnacle Method Consulting already has a stronger kept row: Agile Project Manager (score 9).,Agile Project Manager,9
,,,6,Sr. Project Manager-EPMO,,Pinnacle Method Consulting,https://www.linkedin.com/jobs/view/4414440983,remote,"Stakeholder Management, Program Management, Mentoring
Deterministic profile match: 3 profile skills mentioned; title alignment 2.0/3.0; domain signals 3.",,,,,,,,Remote,,,,,2026-05-14T21:42:01.891331+00:00,not_checked_network_restricted,Not finalized: outbound link checking was blocked in sandbox.,Moved because Pinnacle Method Consulting already has a stronger kept row: Agile Project Manager (score 9).,Agile Project Manager,9
,,,6,Technical Project Manager (Remote Position),,Pinnacle Method Consulting,https://www.linkedin.com/jobs/view/4415429260,remote,"Program Management
Deterministic profile match: 1 profile skills mentioned; title alignment 3.0/3.0; domain signals 3.",,,,,,,,Remote,,,,,2026-05-19T03:28:48.056786+00:00,not_checked_network_restricted,Not finalized: outbound link checking was blocked in sandbox.,Moved because Pinnacle Method Consulting already has a stronger kept row: Agile Project Manager (score 9).,Agile Project Manager,9
,,,6,Technical Project/Program Manager,,Pinnacle Method Consulting,https://www.linkedin.com/jobs/view/4415433220,remote,"Program Management, Technical Documentation, Change Management, KPI Tracking
Deterministic profile match: 4 profile skills mentioned; title alignment 1.5/3.0; domain signals 4.",,,,,,,,Remote,,,,,2026-05-19T03:41:57.324976+00:00,not_checked_network_restricted,Not finalized: outbound link checking was blocked in sandbox.,Moved because Pinnacle Method Consulting already has a stronger kept row: Agile Project Manager (score 9).,Agile Project Manager,9
,,,5,-SENIOR PROJECT MANAGER,,Pinnacle Method Consulting,https://www.linkedin.com/jobs/view/4415439157,hybrid,"Hybrid Project Management, Program Management
Deterministic profile match: 2 profile skills mentioned; title alignment 2.0/3.0; domain signals 1.",,,,,,Remote,,Remote,,,,,2026-05-19T03:30:57.247300+00:00,not_checked_network_restricted,Not finalized: outbound link checking was blocked in sandbox.,Moved because Pinnacle Method Consulting already has a stronger kept row: Agile Project Manager (score 9).,Agile Project Manager,9
,,,5,-SENIOR PROJECT MANAGER,,Pinnacle Method Consulting,https://www.linkedin.com/jobs/view/4413868656,hybrid,"Hybrid Project Management, Program Management
Deterministic profile match: 2 profile skills mentioned; title alignment 2.0/3.0; domain signals 1.",,,,,,,,,,,,,2026-05-14T21:42:01.891331+00:00,not_checked_network_restricted,Not finalized: outbound link checking was blocked in sandbox.,Moved because Pinnacle Method Consulting already has a stronger kept row: Agile Project Manager (score 9).,Agile Project Manager,9
,,,5,IT Project Manager,,Pinnacle Method Consulting,https://www.linkedin.com/jobs/view/4415656911,remote,"Program Management, Resource Planning
Deterministic profile match: 2 profile skills mentioned; title alignment 2.5/3.0; domain signals 1.",,,,,,,,Remote,,,,,2026-05-19T03:30:57.247300+00:00,not_checked_network_restricted,Not finalized: outbound link checking was blocked in sandbox.,Moved because Pinnacle Method Consulting already has a stronger kept row: Agile Project Manager (score 9).,Agile Project Manager,9
,,,5,Project Manager I (US Remote),,Pinnacle Method Consulting,https://www.linkedin.com/jobs/view/4415667245,remote,"Software Project Management
Deterministic profile match: 1 profile skills mentioned; title alignment 2.0/3.0; domain signals 3.",,,,,,,,Remote,,,,,2026-05-19T03:45:43.877251+00:00,not_checked_network_restricted,Not finalized: outbound link checking was blocked in sandbox.,Moved because Pinnacle Method Consulting already has a stronger kept row: Agile Project Manager (score 9).,Agile Project Manager,9
,,,5,Senior Project Manager,,Pinnacle Method Consulting,https://www.linkedin.com/jobs/view/4414438980,unknown,"Software Project Management, Mentoring
Deterministic profile match: 2 profile skills mentioned; title alignment 2.0/3.0; domain signals 1.",,,,,,,,,,,,,2026-05-14T21:52:47.996850+00:00,not_checked_network_restricted,Not finalized: outbound link checking was blocked in sandbox.,Moved because Pinnacle Method Consulting already has a stronger kept row: Agile Project Manager (score 9).,Agile Project Manager,9
,,,5,Senior Project Manager - Global Operations (Remote),,Pinnacle Method Consulting,https://www.linkedin.com/jobs/view/4415174388,remote,"Program Management
Deterministic profile match: 1 profile skills mentioned; title alignment 2.0/3.0; domain signals 1.",,,,,,,,Remote,,,,,2026-05-19T03:30:57.247300+00:00,not_checked_network_restricted,Not finalized: outbound link checking was blocked in sandbox.,Moved because Pinnacle Method Consulting already has a stronger kept row: Agile Project Manager (score 9).,Agile Project Manager,9
,,,5,"Senior Project Manager, B2B & Partnerships",,Pinnacle Method Consulting,https://www.linkedin.com/jobs/view/4415421600,remote,"SAFe
Deterministic profile match: 1 profile skills mentioned; title alignment 2.0/3.0; domain signals 3.",,,,,,,,Remote,,,,,2026-05-19T03:33:24.221345+00:00,not_checked_network_restricted,Not finalized: outbound link checking was blocked in sandbox.,Moved because Pinnacle Method Consulting already has a stronger kept row: Agile Project Manager (score 9).,Agile Project Manager,9
,,,5,Senior Rebar Project Manager - Nashville Market (Remote) Job Details | Nucor,,Pinnacle Method Consulting,https://www.linkedin.com/jobs/view/4415668053,remote,"Change Management, Scheduling Management
Deterministic profile match: 2 profile skills mentioned; title alignment 2.0/3.0; domain signals 1.",,,,,,,,Remote,,,,,2026-05-19T03:33:24.221345+00:00,not_checked_network_restricted,Not finalized: outbound link checking was blocked in sandbox.,Moved because Pinnacle Method Consulting already has a stronger kept row: Agile Project Manager (score 9).,Agile Project Manager,9
,,,5,Sr Project Manager,,Pinnacle Method Consulting,https://www.linkedin.com/jobs/view/4415674014,hybrid,"Hybrid Project Management
Deterministic profile match: 1 profile skills mentioned; title alignment 2.0/3.0; domain signals 2.",,,,,,,,,,,,,2026-05-19T03:28:48.056786+00:00,not_checked_network_restricted,Not finalized: outbound link checking was blocked in sandbox.,Moved because Pinnacle Method Consulting already has a stronger kept row: Agile Project Manager (score 9).,Agile Project Manager,9
,,,8,"Staff Technical Program Manager, Infrastructure FinOps",1,Pinterest,https://www.linkedin.com/jobs/view/4405465260,onsite,"Data Governance Frameworks, Stakeholder Management, Program Management, Roadmap Planning, Mentoring, Risk Management
Deterministic profile match: 6 profile skills mentioned; title alignment 2.0/3.0; domain signals 7.",,,,,,,,,https://www.linkedin.com/signup/cold-join?source=jobs_registration&session_redirect=https%3A%2F%2Fwww.linkedin.com%2Fjobs%2Fview%2Fstaff-technical-program-manager-infrastructure-finops-at-pinterest-4405465260&trk=public_jobs_apply-link-offsite_contextual-sign-in-modal_join-link,,,,2026-05-14T21:46:30.549281+00:00,not_checked_network_restricted,Not finalized: outbound link checking was blocked in sandbox.,"Moved because Pinterest already has a stronger kept row: Technical Program Manager II, Advanced Technology Group (score 8).","Technical Program Manager II, Advanced Technology Group",8
,,,5,"Lead Program Manager, Global SMB Vendor Operations",,Pinterest,https://www.linkedin.com/jobs/view/4406815975,onsite,"Program Management, Risk Management
Deterministic profile match: 2 profile skills mentioned; title alignment 1.5/3.0; domain signals 2.",,,,,,,,,,,,,2026-05-19T03:26:29.194443+00:00,not_checked_network_restricted,Not finalized: outbound link checking was blocked in sandbox.,"Moved because Pinterest already has a stronger kept row: Technical Program Manager II, Advanced Technology Group (score 8).","Technical Program Manager II, Advanced Technology Group",8
,,,4,PMO Manager,,PLANET TECHNOLOGIES,https://www.indeed.com/viewjob?jk=ab6c6cc35dc3cac0,remote,"ERP
Deterministic refreshed score: 1 profile skills mentioned
title alignment 1.0/3.0
domain signals 10",,,,,,,,"Remote, US (Remote)",https://jobs.lever.co/planettechnologies/d0b2855e-f879-4b25-8638-2c09fe662348,,,,2026-05-20T23:32:56.497262+00:00,not_checked_network_restricted,Added from ApplyPilot DB; outbound link checking was blocked in sandbox.,Moved because PLANET TECHNOLOGIES already has a stronger kept row: Senior IT Project Manager (score 7).,Senior IT Project Manager,7
,,,6,Senior Project Manager - Clinical Trials,,Precision For Medicine,https://www.linkedin.com/jobs/view/4404447213,unknown,"Software Project Management, Presentation Skills, Customer Success
Deterministic profile match: 3 profile skills mentioned; title alignment 2.0/3.0; domain signals 4.",,,,,,,,,,,,,2026-05-14T21:44:13.352357+00:00,not_checked_network_restricted,Not finalized: outbound link checking was blocked in sandbox.,Moved because Precision For Medicine already has a stronger kept row: Senior Project Manager - Oncology (score 7).,Senior Project Manager - Oncology,7
,,,8,Senior Project Manager - Oncology,,Precision Medicine Group,https://www.indeed.com/viewjob?jk=962a8d20156f8fe2,remote,"Change Management, ERP, Risk Management, SOPs
Deterministic refreshed score: 4 profile skills mentioned
title alignment 2.5/3.0
domain signals 8",,,,,,,,"Remote, US (Remote)",https://grnh.se/mcpiigj14us,,,,2026-05-20T23:29:02.788372+00:00,not_checked_network_restricted,Added from ApplyPilot DB; outbound link checking was blocked in sandbox.,Moved because Precision Medicine Group already has a stronger kept row: Senior IT Project Manager (score 9).,Senior IT Project Manager,9
,,,7,Senior Project Manager - Oncology,,Precision Medicine Group,https://www.linkedin.com/jobs/view/4391870588,unknown,"Software Project Management, Program Management, Presentation Skills, Change Management, SOPs, Risk Management
Deterministic profile match: 6 profile skills mentioned; title alignment 2.0/3.0; domain signals 5.",,,,,,,,,,,,,2026-05-14T21:29:36.448824+00:00,not_checked_network_restricted,Not finalized: outbound link checking was blocked in sandbox.,Moved because Precision Medicine Group already has a stronger kept row: Senior IT Project Manager (score 9).,Senior IT Project Manager,9
,,,4,Banco de Talentos SAP (AdvCon) | Advisory,,PwC,https://pwc.wd3.myworkdayjobs.com/Global_Experienced_Careers/job/Banco-de-Talentos-SAP--AdvCon----Advisory_663974WD,unknown,"Software Project Management, Program Management, Jira
Deterministic profile match: 3 profile skills mentioned; title alignment 0.0/3.0; domain signals 7. Title relevance penalty 1.0 applied.",,,,,,,,,https://pwc.wd3.myworkdayjobs.com/Global_Experienced_Careers/job/Banco-de-Talentos-SAP--AdvCon----Advisory_663974WD,,,,2026-05-14T22:02:48.190234+00:00,not_checked_network_restricted,Not finalized: outbound link checking was blocked in sandbox.,Moved because PwC already has a stronger kept row: Deals Strategy & Operation Manager - HR Specialist - M&A Integration and Transformation Projects (score 5).,Deals Strategy & Operation Manager - HR Specialist - M&A Integration and Transformation Projects,5
,,,4,Manager/Sr. Manager - SAP - Consulting,,PwC,https://pwc.wd3.myworkdayjobs.com/Global_Experienced_Careers/job/Manager-Sr-Manager---SAP---Consulting_520023WD,unknown,"Stakeholder Management, Requirements Gathering, Change Management, Resource Planning, Risk Management
Deterministic profile match: 5 profile skills mentioned; title alignment 0.0/3.0; domain signals 5. Title relevance penalty 1.0 applied.",,,,,,,,,https://pwc.wd3.myworkdayjobs.com/Global_Experienced_Careers/job/Manager-Sr-Manager---SAP---Consulting_520023WD,,,,2026-05-14T22:12:35.179630+00:00,not_checked_network_restricted,Not finalized: outbound link checking was blocked in sandbox.,Moved because PwC already has a stronger kept row: Deals Strategy & Operation Manager - HR Specialist - M&A Integration and Transformation Projects (score 5).,Deals Strategy & Operation Manager - HR Specialist - M&A Integration and Transformation Projects,5
,,,4,Manager/Sr. Manager - SAP - Consulting (Placement Yogyakarta),,PwC,https://pwc.wd3.myworkdayjobs.com/Global_Experienced_Careers/job/Manager-Sr-Manager---SAP---Consulting--Placement-Yogyakarta-_652139WD,onsite,"Software Project Management, Stakeholder Management, Mentoring, Change Management
Deterministic profile match: 4 profile skills mentioned; title alignment 0.0/3.0; domain signals 6. Title relevance penalty 1.0 applied.",,,,,,,,,https://pwc.wd3.myworkdayjobs.com/Global_Experienced_Careers/job/Manager-Sr-Manager---SAP---Consulting--Placement-Yogyakarta-_652139WD,,,,2026-05-14T22:02:48.190234+00:00,not_checked_network_restricted,Not finalized: outbound link checking was blocked in sandbox.,Moved because PwC already has a stronger kept row: Deals Strategy & Operation Manager - HR Specialist - M&A Integration and Transformation Projects (score 5).,Deals Strategy & Operation Manager - HR Specialist - M&A Integration and Transformation Projects,5
,,,2,Assurance - Manager/Senior Manager - Accounting Advisory Services (IFRS 17/9),,PwC,https://pwc.wd3.myworkdayjobs.com/Global_Experienced_Careers/job/Assurance---Manager-Senior-Manager---Accounting-Advisory-Services--IFRS-17-9-_262999WD,unknown,"Stakeholder Management, Mentoring
Deterministic profile match: 2 profile skills mentioned; title alignment 0.0/3.0; domain signals 3. Title relevance penalty 1.0 applied.",,,,,,,,,https://pwc.wd3.myworkdayjobs.com/Global_Experienced_Careers/job/Assurance---Manager-Senior-Manager---Accounting-Advisory-Services--IFRS-17-9-_262999WD,,,,2026-05-14T22:36:15.696062+00:00,not_checked_network_restricted,Not finalized: outbound link checking was blocked in sandbox.,Moved because PwC already has a stronger kept row: Deals Strategy & Operation Manager - HR Specialist - M&A Integration and Transformation Projects (score 5).,Deals Strategy & Operation Manager - HR Specialist - M&A Integration and Transformation Projects,5
,,,2,CMAAS - Manager,,PwC,https://pwc.wd3.myworkdayjobs.com/Global_Experienced_Careers/job/CMAAS---Manager_703180WD-2,unknown,"Change Management, Risk Management
Deterministic profile match: 2 profile skills mentioned; title alignment 0.0/3.0; domain signals 3. Title relevance penalty 1.0 applied.",,,,,,,,,https://pwc.wd3.myworkdayjobs.com/Global_Experienced_Careers/job/CMAAS---Manager_703180WD-2,,,,2026-05-14T22:12:35.179630+00:00,not_checked_network_restricted,Not finalized: outbound link checking was blocked in sandbox.,Moved because PwC already has a stronger kept row: Deals Strategy & Operation Manager - HR Specialist - M&A Integration and Transformation Projects (score 5).,Deals Strategy & Operation Manager - HR Specialist - M&A Integration and Transformation Projects,5
,,,2,"Deals - Financial Due Diligence, Manager",,PwC,https://pwc.wd3.myworkdayjobs.com/Global_Experienced_Careers/job/Deals---Financial-Due-Diligence--Manager_163514WD,unknown,Deterministic profile match: 0 profile skills mentioned; title alignment 0.0/3.0; domain signals 2. Title relevance penalty 1.0 applied.,,,,,,,,,https://pwc.wd3.myworkdayjobs.com/Global_Experienced_Careers/job/Deals---Financial-Due-Diligence--Manager_163514WD,,,,2026-05-14T23:07:49.170628+00:00,not_checked_network_restricted,Not finalized: outbound link checking was blocked in sandbox.,Moved because PwC already has a stronger kept row: Deals Strategy & Operation Manager - HR Specialist - M&A Integration and Transformation Projects (score 5).,Deals Strategy & Operation Manager - HR Specialist - M&A Integration and Transformation Projects,5
,,,2,FY24 - Senior Associate - Risk Assurance - Digital Audit,,PwC,https://pwc.wd3.myworkdayjobs.com/Global_Experienced_Careers/job/FY24---Senior-Associate---Risk-Assurance---Digital-Audit_462136WD,unknown,"Program Management, Change Management, Risk Management
Deterministic profile match: 3 profile skills mentioned; title alignment 0.0/3.0; domain signals 2. Title relevance penalty 1.0 applied.",,,,,,,,,https://pwc.wd3.myworkdayjobs.com/Global_Experienced_Careers/job/FY24---Senior-Associate---Risk-Assurance---Digital-Audit_462136WD,,,,2026-05-14T23:07:49.170628+00:00,not_checked_network_restricted,Not finalized: outbound link checking was blocked in sandbox.,Moved because PwC already has a stronger kept row: Deals Strategy & Operation Manager - HR Specialist - M&A Integration and Transformation Projects (score 5).,Deals Strategy & Operation Manager - HR Specialist - M&A Integration and Transformation Projects,5
,,,2,Manager - Corporate Tax Advisory,,PwC,https://pwc.wd3.myworkdayjobs.com/Global_Experienced_Careers/job/Manager---Corporate-Tax-Advisory_648405WD,unknown,"Change Management, Risk Management
Deterministic profile match: 2 profile skills mentioned; title alignment 0.0/3.0; domain signals 1. Title relevance penalty 1.0 applied.",,,,,,,,,https://pwc.wd3.myworkdayjobs.com/Global_Experienced_Careers/job/Manager---Corporate-Tax-Advisory_648405WD,,,,2026-05-14T22:12:35.179630+00:00,not_checked_network_restricted,Not finalized: outbound link checking was blocked in sandbox.,Moved because PwC already has a stronger kept row: Deals Strategy & Operation Manager - HR Specialist - M&A Integration and Transformation Projects (score 5).,Deals Strategy & Operation Manager - HR Specialist - M&A Integration and Transformation Projects,5
,,,2,Manager - Deals - Corporate Finance,,PwC,https://pwc.wd3.myworkdayjobs.com/Global_Experienced_Careers/job/Manager---Deals---Corporate-Finance_702369WD,unknown,"Change Management
Deterministic profile match: 1 profile skills mentioned; title alignment 0.0/3.0; domain signals 3. Title relevance penalty 1.0 applied.",,,,,,,,,https://pwc.wd3.myworkdayjobs.com/Global_Experienced_Careers/job/Manager---Deals---Corporate-Finance_702369WD,,,,2026-05-14T22:12:35.179630+00:00,not_checked_network_restricted,Not finalized: outbound link checking was blocked in sandbox.,Moved because PwC already has a stronger kept row: Deals Strategy & Operation Manager - HR Specialist - M&A Integration and Transformation Projects (score 5).,Deals Strategy & Operation Manager - HR Specialist - M&A Integration and Transformation Projects,5
,,,2,Org designer,,PwC,https://pwc.wd3.myworkdayjobs.com/Global_Experienced_Careers/job/Org-designer_689129WD,unknown,Deterministic profile match: 0 profile skills mentioned; title alignment 0.0/3.0; domain signals 2. Title relevance penalty 1.0 applied.,,,,,,,,,https://pwc.wd3.myworkdayjobs.com/Global_Experienced_Careers/job/Org-designer_689129WD,,,,2026-05-14T22:12:35.179630+00:00,not_checked_network_restricted,Not finalized: outbound link checking was blocked in sandbox.,Moved because PwC already has a stronger kept row: Deals Strategy & Operation Manager - HR Specialist - M&A Integration and Transformation Projects (score 5).,Deals Strategy & Operation Manager - HR Specialist - M&A Integration and Transformation Projects,5
,,,2,Senior Manager/Director - Consulting - Salesforce,,PwC,https://pwc.wd3.myworkdayjobs.com/Global_Experienced_Careers/job/SM-Director---Consulting---Salesforce_467599WD,unknown,"Stakeholder Management, Change Management, Risk Management
Deterministic profile match: 3 profile skills mentioned; title alignment 0.0/3.0; domain signals 4. Title relevance penalty 2.5 applied.",,,,,,,,,https://pwc.wd3.myworkdayjobs.com/Global_Experienced_Careers/job/SM-Director---Consulting---Salesforce_467599WD,,,,2026-05-14T22:02:48.190234+00:00,not_checked_network_restricted,Not finalized: outbound link checking was blocked in sandbox.,Moved because PwC already has a stronger kept row: Deals Strategy & Operation Manager - HR Specialist - M&A Integration and Transformation Projects (score 5).,Deals Strategy & Operation Manager - HR Specialist - M&A Integration and Transformation Projects,5
,,,6,Customer Experience Operations Manager,,Realtime Clinical Trial Management Systems,https://www.indeed.com/viewjob?jk=96a5557a81b12ad2,remote,"Data Governance Frameworks, Stakeholder Management, Program Management, Requirements Gathering, Customer Success, Change Management, Training Enablement, Risk Management
Deterministic profile match: 8 profile skills mentioned; title alignment 0.0/3.0; domain signals 9. Title relevance penalty 1.0 applied.",,,,,,,,"Remote, US (Remote)",https://workforcenow.adp.com/mascsr/default/mdf/recruitment/recruitment.html?cid=9054646f-9aae-42c8-8167-93d86fefbae4&ccId=19000101_000001&jobId=573582&source=IN&lang=en_US,,,,2026-05-14T21:44:13.352357+00:00,not_checked_network_restricted,Not finalized: outbound link checking was blocked in sandbox.,Moved because Realtime Clinical Trial Management Systems already has a stronger kept row: Product Owner (score 7).,Product Owner,7
,,,7,"Principal Technical Program Manager, Developer Productivity",1,reddit,https://www.indeed.com/viewjob?jk=69d1127fa63125a8,remote,"Change Management, ERP, Program Management, SAFe
Deterministic refreshed score: 4 profile skills mentioned
title alignment 2.0/3.0
domain signals 11",,,,,,,,"Remote, US (Remote)",https://job-boards.greenhouse.io/reddit/jobs/7944159,,,,2026-05-20T23:30:56.351886+00:00,not_checked_network_restricted,Added from ApplyPilot DB; outbound link checking was blocked in sandbox.,"Moved because reddit already has a stronger kept row: Principal Technical Program Manager, Performance (score 8).","Principal Technical Program Manager, Performance",8
,,,2,"Senior Engineering Manager, Developer Productivity",,reddit,https://www.indeed.com/viewjob?jk=e406fea85ed7152c,remote,"ERP, SAFe
Deterministic refreshed score: 2 profile skills mentioned
title alignment 0.0/3.0
domain signals 9",,,,,,,,"Remote, US (Remote)",https://job-boards.greenhouse.io/reddit/jobs/7947591,,,,2026-05-20T23:30:56.351886+00:00,not_checked_network_restricted,Added from ApplyPilot DB; outbound link checking was blocked in sandbox.,"Moved because reddit already has a stronger kept row: Principal Technical Program Manager, Performance (score 8).","Principal Technical Program Manager, Performance",8
,,,5,Payroll Implementation Country Lead - Italy,,Remote,https://www.indeed.com/viewjob?jk=451e5112a6c01a19,remote,"Deterministic refreshed score: 0 profile skills mentioned
title alignment 1.0/3.0
domain signals 8",,,,,,,,"Remote, US (Remote)",https://job-boards.greenhouse.io/remotecom/jobs/7733135003,,,,2026-05-20T23:29:02.788372+00:00,not_checked_network_restricted,Added from ApplyPilot DB; outbound link checking was blocked in sandbox.,"Moved because Remote already has a stronger kept row: Manager, Payroll Implementations - EMEA (score 6).","Manager, Payroll Implementations - EMEA",6
,,,8,Technical Program Manager,,RemoteHunter,https://www.linkedin.com/jobs/view/4415692822,remote,"Software Project Management, Stakeholder Management, Program Management, Technical Documentation, Customer Success, AI/ML, Jira, Confluence
Deterministic profile match: 8 profile skills mentioned; title alignment 2.0/3.0; domain signals 7.",,,,,,,,Remote,,,,,2026-05-19T03:41:57.324976+00:00,not_checked_network_restricted,Not finalized: outbound link checking was blocked in sandbox.,Moved because RemoteHunter already has a stronger kept row: Senior Program Manager (score 10).,Senior Program Manager,10
,,,7,Associate Project Manager,,RemoteHunter,https://www.linkedin.com/jobs/view/4414741193,remote,"SAFe, Software Project Management, Retrospectives, Program Management, Risk Management, Legal Technology
Deterministic profile match: 6 profile skills mentioned; title alignment 2.0/3.0; domain signals 3.",C:\Users\bsing\.applypilot\tailored_resumes\software-pm\005_8_RemoteHunter_Associate_Project_Manager.txt,failed_validation,Missing required field: projects,,,,,Remote,,,,,2026-05-14T21:33:49.397717+00:00,not_checked_network_restricted,Not finalized: outbound link checking was blocked in sandbox.,Moved because RemoteHunter already has a stronger kept row: Senior Program Manager (score 10).,Senior Program Manager,10
,,,5,Associate Project Manager (Remote),,RemoteHunter,https://www.linkedin.com/jobs/view/4415702905,remote,"ERP
Deterministic profile match: 1 profile skills mentioned; title alignment 2.0/3.0; domain signals 4.",,,,,,,,Remote,,,,,2026-05-19T03:28:48.056786+00:00,not_checked_network_restricted,Not finalized: outbound link checking was blocked in sandbox.,Moved because RemoteHunter already has a stronger kept row: Senior Program Manager (score 10).,Senior Program Manager,10
,,,5,PMO Manager,,RemoteHunter,https://www.linkedin.com/jobs/view/4416140732,remote,"Deterministic refreshed score: 0 profile skills mentioned
title alignment 1.0/3.0
domain signals 7",,,,,,,,Remote,,,,,2026-05-20T23:42:26.572633+00:00,not_checked_network_restricted,Added from ApplyPilot DB; outbound link checking was blocked in sandbox.,Moved because RemoteHunter already has a stronger kept row: Senior Program Manager (score 10).,Senior Program Manager,10
,,,5,Senior Strategic Procurement Program Manager,,RemoteHunter,https://www.linkedin.com/jobs/view/4415709736,remote,"Program Management, Risk Management, Legal Technology
Deterministic profile match: 3 profile skills mentioned; title alignment 1.5/3.0; domain signals 3.",,,,,,,,Remote,,,,,2026-05-19T03:41:57.324976+00:00,not_checked_network_restricted,Not finalized: outbound link checking was blocked in sandbox.,Moved because RemoteHunter already has a stronger kept row: Senior Program Manager (score 10).,Senior Program Manager,10
,,,2,PMO Manager,,RemoteHunter,https://www.linkedin.com/jobs/view/4415718032,remote,"Risk Management
Deterministic profile match: 1 profile skills mentioned; title alignment 0.0/3.0; domain signals 4. Title relevance penalty 1.0 applied.",,,,,,,,Remote,,,,,2026-05-19T03:45:43.877251+00:00,not_checked_network_restricted,Not finalized: outbound link checking was blocked in sandbox.,Moved because RemoteHunter already has a stronger kept row: Senior Program Manager (score 10).,Senior Program Manager,10
,,,3,Product Operations Intern,,Roadie,https://www.indeed.com/viewjob?jk=1ae2415552e975d9,remote,"Agile Scrum, Software Project Management, Jira
Deterministic profile match: 3 profile skills mentioned; title alignment 0.0/3.0; domain signals 6. Title relevance penalty 1.5 applied.",C:\Users\bsing\.applypilot\tailored_resumes\software-pm\016_8_Roadie_Product_Operations_Intern.txt,failed_validation,Company 'Sakhi' missing from experience; Company 'The Samaritans of New York' missing from experience,Banned words: detail-oriented,,,,"Remote, US (Remote)",https://job-boards.greenhouse.io/roadie/jobs/8544156002,,,,2026-05-14T21:42:01.891331+00:00,not_checked_network_restricted,Not finalized: outbound link checking was blocked in sandbox.,"Moved because Roadie already has a stronger kept row: Senior Manager, Trust & Safety (score 4).","Senior Manager, Trust & Safety",4
,,,5,Engagement Delivery Sr. Manager,,Salesforce,https://salesforce.wd12.myworkdayjobs.com/External_Career_Site/job/Mexico---Remote/Engagement-Delivery-Director_JR332527,remote,"Agile Scrum, Program Management, Customer Success, Change Management, Risk Management
Deterministic profile match: 5 profile skills mentioned; title alignment 0.0/3.0; domain signals 8. Title relevance penalty 1.0 applied.",,,,,,,,Mexico - Remote,https://salesforce.wd12.myworkdayjobs.com/External_Career_Site/job/Mexico---Remote/Engagement-Delivery-Director_JR332527,,,,2026-05-14T22:07:01.612876+00:00,not_checked_network_restricted,Not finalized: outbound link checking was blocked in sandbox.,Moved because Salesforce already has a stronger kept row: Practices Senior Manager — Enterprise Collaboration & Technical Transformation Leader (score 7).,Practices Senior Manager — Enterprise Collaboration & Technical Transformation Leader,7
,,,5,Tableau Technical Architect (TS/SCI clearance),,Salesforce,https://salesforce.wd12.myworkdayjobs.com/External_Career_Site/job/Virginia---Washington-DC-Metro---Remote/Tableau-Technical-Architect--TS-SCI-clearance-_JR333434,remote,"Python, SQL, JavaScript, Customer Success, Training Enablement, Deployment Workflows, AWS
Deterministic profile match: 7 profile skills mentioned; title alignment 0.0/3.0; domain signals 10. Title relevance penalty 1.0 applied.",,,,,,,,Virginia - Washington DC Metro - Remote,https://salesforce.wd12.myworkdayjobs.com/External_Career_Site/job/Virginia---Washington-DC-Metro---Remote/Tableau-Technical-Architect--TS-SCI-clearance-_JR333434,,,,2026-05-14T21:56:24.524327+00:00,not_checked_network_restricted,Not finalized: outbound link checking was blocked in sandbox.,Moved because Salesforce already has a stronger kept row: Practices Senior Manager — Enterprise Collaboration & Technical Transformation Leader (score 7).,Practices Senior Manager — Enterprise Collaboration & Technical Transformation Leader,7
,,,4,Senior Success Architect,,Salesforce,https://salesforce.wd12.myworkdayjobs.com/External_Career_Site/job/Mexico---Remote/Senior-Success-Architect_JR322068,remote,"Stakeholder Management, Customer Success
Deterministic profile match: 2 profile skills mentioned; title alignment 0.0/3.0; domain signals 8. Title relevance penalty 1.0 applied.",,,,,,,,Mexico - Remote,https://salesforce.wd12.myworkdayjobs.com/External_Career_Site/job/Mexico---Remote/Senior-Success-Architect_JR322068,,,,2026-05-14T22:51:31.254004+00:00,not_checked_network_restricted,Not finalized: outbound link checking was blocked in sandbox.,Moved because Salesforce already has a stronger kept row: Practices Senior Manager — Enterprise Collaboration & Technical Transformation Leader (score 7).,Practices Senior Manager — Enterprise Collaboration & Technical Transformation Leader,7
,,,4,Success Architect,,Salesforce,https://salesforce.wd12.myworkdayjobs.com/External_Career_Site/job/Texas---Houston-Metro---Remote/Success-Architect--Internal-Only-_JR338717-1,remote,"SQL, Program Management, Customer Success, Data Warehousing, AWS
Deterministic profile match: 5 profile skills mentioned; title alignment 0.0/3.0; domain signals 7. Title relevance penalty 1.0 applied.",,,,,,,,Texas - Houston Metro - Remote,https://salesforce.wd12.myworkdayjobs.com/External_Career_Site/job/Texas---Houston-Metro---Remote/Success-Architect--Internal-Only-_JR338717-1,,,,2026-05-14T21:56:24.524327+00:00,not_checked_network_restricted,Not finalized: outbound link checking was blocked in sandbox.,Moved because Salesforce already has a stronger kept row: Practices Senior Manager — Enterprise Collaboration & Technical Transformation Leader (score 7).,Practices Senior Manager — Enterprise Collaboration & Technical Transformation Leader,7
,,,3,Services Sales Solutions Architect,,Salesforce,https://salesforce.wd12.myworkdayjobs.com/External_Career_Site/job/Washington-DC---Remote/Services-Sales-Solutions-Architect_JR337043,remote,"Software Project Management, Program Management, Requirements Gathering, Customer Success
Deterministic profile match: 4 profile skills mentioned; title alignment 0.0/3.0; domain signals 8. Title relevance penalty 2.5 applied.",,,,,,,,Washington D.C. - Remote,https://salesforce.wd12.myworkdayjobs.com/External_Career_Site/job/Washington-DC---Remote/Services-Sales-Solutions-Architect_JR337043,,,,2026-05-14T21:56:24.524327+00:00,not_checked_network_restricted,Not finalized: outbound link checking was blocked in sandbox.,Moved because Salesforce already has a stronger kept row: Practices Senior Manager — Enterprise Collaboration & Technical Transformation Leader (score 7).,Practices Senior Manager — Enterprise Collaboration & Technical Transformation Leader,7
,,,3,"Technical Architect, Senior Director",,Salesforce,https://salesforce.wd12.myworkdayjobs.com/External_Career_Site/job/California---Remote/Technical-Architect--Senior-Director_JR341846,remote,"Program Management, Presentation Skills, Mentoring, Customer Success, Risk Management, GitHub
Deterministic profile match: 6 profile skills mentioned; title alignment 0.0/3.0; domain signals 6. Title relevance penalty 2.5 applied.",,,,,,,,California - Remote,https://salesforce.wd12.myworkdayjobs.com/External_Career_Site/job/California---Remote/Technical-Architect--Senior-Director_JR341846,,,,2026-05-14T22:07:01.612876+00:00,not_checked_network_restricted,Not finalized: outbound link checking was blocked in sandbox.,Moved because Salesforce already has a stronger kept row: Practices Senior Manager — Enterprise Collaboration & Technical Transformation Leader (score 7).,Practices Senior Manager — Enterprise Collaboration & Technical Transformation Leader,7
,,,2,Salesforce 架構師 (Salesforce Architect),,Salesforce,https://salesforce.wd12.myworkdayjobs.com/External_Career_Site/job/Taiwan---Remote/Salesforce---Salesforce-Architect-_JR333502,remote,"Customer Success
Deterministic profile match: 1 profile skills mentioned; title alignment 0.0/3.0; domain signals 4. Title relevance penalty 1.0 applied.",,,,,,,,Taiwan - Remote,https://salesforce.wd12.myworkdayjobs.com/External_Career_Site/job/Taiwan---Remote/Salesforce---Salesforce-Architect-_JR333502,,,,2026-05-14T22:07:01.612876+00:00,not_checked_network_restricted,Not finalized: outbound link checking was blocked in sandbox.,Moved because Salesforce already has a stronger kept row: Practices Senior Manager — Enterprise Collaboration & Technical Transformation Leader (score 7).,Practices Senior Manager — Enterprise Collaboration & Technical Transformation Leader,7
,,,2,"Slack Paid Digital Marketing, Senior Manager",,Salesforce,https://salesforce.wd12.myworkdayjobs.com/External_Career_Site/job/Germany---Munich---Remote/Slack-Paid-Digital-Marketing--Senior-Manager_JR326511,remote,"Stakeholder Management, Customer Success, Google Analytics
Deterministic profile match: 3 profile skills mentioned; title alignment 0.0/3.0; domain signals 2. Title relevance penalty 1.0 applied.",,,,,,,,Germany - Munich - Remote,https://salesforce.wd12.myworkdayjobs.com/External_Career_Site/job/Germany---Munich---Remote/Slack-Paid-Digital-Marketing--Senior-Manager_JR326511,,,,2026-05-14T22:19:45.852175+00:00,not_checked_network_restricted,Not finalized: outbound link checking was blocked in sandbox.,Moved because Salesforce already has a stronger kept row: Practices Senior Manager — Enterprise Collaboration & Technical Transformation Leader (score 7).,Practices Senior Manager — Enterprise Collaboration & Technical Transformation Leader,7
,,,2,Content Editor,,Siege Media,https://www.indeed.com/viewjob?jk=fabd4257903331d0,remote,"Presentation Skills, Legal Technology
Deterministic profile match: 2 profile skills mentioned; title alignment 0.0/3.0; domain signals 2. Title relevance penalty 1.0 applied.",,,,,,,,"Remote, US (Remote)",https://siegemedia.applytojob.com/apply/UvoqWAycV1/Content-Editor,,,,2026-05-14T21:48:33.976678+00:00,not_checked_network_restricted,Not finalized: outbound link checking was blocked in sandbox.,Moved because Siege Media already has a stronger kept row: Content Editor (score 2).,Content Editor,2
,,,5,Senior Backend Developer,,SIL International,https://www.indeed.com/viewjob?jk=7f66ce4608fd975d,remote,"PHP, Software Project Management, Technical Documentation, Roadmap Planning, AWS
Deterministic profile match: 5 profile skills mentioned; title alignment 0.0/3.0; domain signals 8. Title relevance penalty 1.0 applied.",,,,,,,,"Remote, US (Remote)",https://wycliffe.wd1.myworkdayjobs.com/en-US/SIL_Careers/job/Worldwide/Senior-Backend-Developer_R16582,,,,2026-05-19T03:26:29.194443+00:00,not_checked_network_restricted,Not finalized: outbound link checking was blocked in sandbox.,Moved because SIL International already has a stronger kept row: Product Manager (score 6).,Product Manager,6
,,,6,Integration Engineering Senior Manager,,Simpson Thacher & Bartlett LLP,https://www.linkedin.com/jobs/view/4414658400,unknown,"Python, SQL, Stakeholder Management, Technical Documentation, ERP, Deployment Workflows, Policy Automation, Data Pipelines, AWS
Deterministic profile match: 9 profile skills mentioned; title alignment 0.0/3.0; domain signals 12. Title relevance penalty 1.0 applied.",,,,,,,,,https://www.linkedin.com/signup/cold-join?source=jobs_registration&session_redirect=https%3A%2F%2Fwww.linkedin.com%2Fjobs%2Fview%2Fintegration-engineering-senior-manager-at-simpson-thacher-bartlett-llp-4414658400&trk=public_jobs_apply-link-offsite_contextual-sign-in-modal_join-link,,,,2026-05-14T21:45:28.863915+00:00,not_checked_network_restricted,Not finalized: outbound link checking was blocked in sandbox.,"Moved because Simpson Thacher & Bartlett LLP already has a stronger kept row: Project Manager, PMO (score 8).","Project Manager, PMO",8
,,,6,"Senior Manager, Identity Access Management",,Simpson Thacher & Bartlett LLP,https://www.linkedin.com/jobs/view/4414658403,hybrid,"Hybrid Project Management, Software Project Management, RBAC, Data Governance Frameworks, Program Management, Presentation Skills, Risk Management, Policy Automation
Deterministic profile match: 8 profile skills mentioned; title alignment 0.0/3.0; domain signals 9. Title relevance penalty 1.0 applied.",,,,,,,,,https://www.linkedin.com/signup/cold-join?source=jobs_registration&session_redirect=https%3A%2F%2Fwww.linkedin.com%2Fjobs%2Fview%2Fsenior-manager-identity-access-management-at-simpson-thacher-bartlett-llp-4414658403&trk=public_jobs_apply-link-offsite_contextual-sign-in-modal_join-link,,,,2026-05-14T21:45:28.863915+00:00,not_checked_network_restricted,Not finalized: outbound link checking was blocked in sandbox.,"Moved because Simpson Thacher & Bartlett LLP already has a stronger kept row: Project Manager, PMO (score 8).","Project Manager, PMO",8
,,,3,"Senior Manager, Global Platform Engineering",,Simpson Thacher & Bartlett LLP,https://www.linkedin.com/jobs/view/4417335911,unknown,"AWS, Mentoring, Python, Root Cause Analysis, Stakeholder Management
Deterministic refreshed score: 5 profile skills mentioned
title alignment 0.0/3.0
domain signals 10",,,,,,,,,,,,,2026-05-20T23:37:41.965708+00:00,not_checked_network_restricted,Added from ApplyPilot DB; outbound link checking was blocked in sandbox.,"Moved because Simpson Thacher & Bartlett LLP already has a stronger kept row: Project Manager, PMO (score 8).","Project Manager, PMO",8
,,,3,"Manager, Orbital Analysis",,Slingshot Aerospace,https://www.indeed.com/viewjob?jk=ce2eee9e11d2bdc7,remote,"Software Project Management, Program Management, Customer Success
Deterministic profile match: 3 profile skills mentioned; title alignment 0.0/3.0; domain signals 4. Title relevance penalty 1.0 applied.",,,,,,,,"Remote, US (Remote)",https://job-boards.greenhouse.io/slingshotaerospace/jobs/5998558004,,,,2026-05-19T03:26:29.194443+00:00,not_checked_network_restricted,Not finalized: outbound link checking was blocked in sandbox.,Moved because Slingshot Aerospace already has a stronger kept row: Director of Product Management (score 4).,Director of Product Management,4
,,,4,Customer Success / Account Manager,,Softengine,https://www.indeed.com/viewjob?jk=016e5fd363949b24,remote,"Presentation Skills, Customer Success, Training Enablement, ERP, Risk Management, HubSpot
Deterministic profile match: 6 profile skills mentioned; title alignment 0.0/3.0; domain signals 5. Title relevance penalty 1.0 applied.",,,,,,,,"Remote, US (Remote)",https://ats.rippling.com/softengine/jobs/7b9d26ec-1060-4a31-8218-d9bf9943680d?jobSite=Indeed,,,,2026-05-14T21:48:33.976678+00:00,not_checked_network_restricted,Not finalized: outbound link checking was blocked in sandbox.,Moved because Softengine already has a stronger kept row: SAP Business One / Acumatica Project Manager (score 9).,SAP Business One / Acumatica Project Manager,9
,,,1,Director of IT Operations,,Spatial Data Logic,https://www.indeed.com/viewjob?jk=0cc927cbed287449,remote,"Technical Documentation
Deterministic profile match: 1 profile skills mentioned; title alignment 0.0/3.0; domain signals 5. Title relevance penalty 2.5 applied.",,,,,,,,"Remote, US (Remote)",https://ats.rippling.com/sdl/jobs/88458c2b-b2b6-48fe-a555-bb7e2f7c284a?jobSite=Indeed,,,,2026-05-14T21:29:36.448824+00:00,not_checked_network_restricted,Not finalized: outbound link checking was blocked in sandbox.,Moved because Spatial Data Logic already has a stronger kept row: Product Designer (score 4).,Product Designer,4
,,,6,"Senior Program Manager II, Member Growth",,Spring Health,https://www.linkedin.com/jobs/view/4397597588,hybrid,"Hybrid Project Management, Retrospectives, Stakeholder Management, Program Management, Legal Technology
Deterministic profile match: 5 profile skills mentioned; title alignment 1.5/3.0; domain signals 5.",,,,,,,,,,,,,2026-05-19T03:25:28.289938+00:00,not_checked_network_restricted,Not finalized: outbound link checking was blocked in sandbox.,"Moved because Spring Health already has a stronger kept row: Senior Program Manager, Dedicated Workplace Teams (score 6).","Senior Program Manager, Dedicated Workplace Teams",6
,,,2,Accessibility Specialist,,"Stride, Inc.",https://www.indeed.com/viewjob?jk=87a5eae97b17b35f,remote,"Stakeholder Management
Deterministic profile match: 1 profile skills mentioned; title alignment 0.0/3.0; domain signals 3. Title relevance penalty 1.0 applied.",,,,,,,,"Remote, US (Remote)",https://strideinc.wd1.myworkdayjobs.com/en-US/SK/job/US-Nationwide---Remote/Accessibility-Specialist_JR114452,,,,2026-05-19T03:26:29.194443+00:00,not_checked_network_restricted,Not finalized: outbound link checking was blocked in sandbox.,"Moved because Stride, Inc. already has a stronger kept row: Project Manager (score 6).",Project Manager,6
,,,8,"Engineering Program Manager, Infrastructure",1,Stripe,https://www.linkedin.com/jobs/view/4413485632,hybrid,"Hybrid Project Management, Software Project Management, Stakeholder Management, Program Management, Technical Documentation, Customer Success, Change Management, Risk Management
Deterministic profile match: 8 profile skills mentioned; title alignment 1.5/3.0; domain signals 8.",C:\Users\bsing\.applypilot\tailored_resumes\software-pm\075_7_Stripe_Engineering_Program_Manager_Infrastructure.txt,failed_validation,Company 'Sakhi' missing from experience; Company 'The Samaritans of New York' missing from experience,Banned words: seamless,,Remote,,Remote,https://www.linkedin.com/signup/cold-join?source=jobs_registration&session_redirect=https%3A%2F%2Fwww.linkedin.com%2Fjobs%2Fview%2Fengineering-program-manager-infrastructure-at-stripe-4413485632&trk=public_jobs_apply-link-offsite_contextual-sign-in-modal_join-link,,,,2026-05-14T21:46:30.549281+00:00,not_checked_network_restricted,Not finalized: outbound link checking was blocked in sandbox.,"Moved because Stripe already has a stronger kept row: Technical Program Manager, Risk (score 9).","Technical Program Manager, Risk",9
,,,8,"Technical Program Manager, Internal Systems",1,Stripe,https://www.linkedin.com/jobs/view/4413482662,hybrid,"ERP, Program Management, SQL
Deterministic refreshed score: 3 profile skills mentioned
title alignment 3.0/3.0
domain signals 9",,,,,,,,Remote,,,,,2026-05-20T23:38:50.206073+00:00,not_checked_network_restricted,Added from ApplyPilot DB; outbound link checking was blocked in sandbox.,"Moved because Stripe already has a stronger kept row: Technical Program Manager, Risk (score 9).","Technical Program Manager, Risk",9
,,,7,"Program Manager, GTM Strategic Programs",1,Stripe,https://www.linkedin.com/jobs/view/4416456988,hybrid,"SQL, Stakeholder Management, Program Management, Presentation Skills, Customer Success, Change Management
Deterministic profile match: 6 profile skills mentioned; title alignment 1.5/3.0; domain signals 6.",,,,,,Remote,,Remote,,,,,2026-05-19T03:47:58.625216+00:00,not_checked_network_restricted,Not finalized: outbound link checking was blocked in sandbox.,"Moved because Stripe already has a stronger kept row: Technical Program Manager, Risk (score 9).","Technical Program Manager, Risk",9
,,,7,"Technical Program Manager, Identity and Access Management Programs",1,Stripe,https://www.linkedin.com/jobs/view/4413482663,hybrid,"Program Management, Customer Success, Risk Management
Deterministic profile match: 3 profile skills mentioned; title alignment 2.0/3.0; domain signals 8.",,,,,,Remote,,Remote,https://www.linkedin.com/signup/cold-join?source=jobs_registration&session_redirect=https%3A%2F%2Fwww.linkedin.com%2Fjobs%2Fview%2Ftechnical-program-manager-identity-and-access-management-programs-at-stripe-4413482663&trk=public_jobs_apply-link-offsite_contextual-sign-in-modal_join-link,,,,2026-05-14T21:46:30.549281+00:00,not_checked_network_restricted,Not finalized: outbound link checking was blocked in sandbox.,"Moved because Stripe already has a stronger kept row: Technical Program Manager, Risk (score 9).","Technical Program Manager, Risk",9
,,,6,"Marketing Operations Program Manager, Sold Funnel",,Stripe,https://www.linkedin.com/jobs/view/4416472591,hybrid,"Program Management, Distributed Systems Concepts
Deterministic profile match: 2 profile skills mentioned; title alignment 1.5/3.0; domain signals 7.",,,,,,Remote,,Remote,,,,,2026-05-19T03:39:44.477961+00:00,not_checked_network_restricted,Not finalized: outbound link checking was blocked in sandbox.,"Moved because Stripe already has a stronger kept row: Technical Program Manager, Risk (score 9).","Technical Program Manager, Risk",9
,,,2,Freelance Content Producer,,Syneos Health Commercial Solutions,https://www.indeed.com/viewjob?jk=fd92ce0ece418785,remote,Deterministic profile match: 0 profile skills mentioned; title alignment 0.0/3.0; domain signals 2. Title relevance penalty 1.0 applied.,,,,,,,,"Remote, US (Remote)",https://commercialcareers.syneoshealth.com/jobs/17695400-freelance-content-producer?tm_job=15474&tm_event=view&tm_company=575,,,,2026-05-14T21:29:36.448824+00:00,not_checked_network_restricted,Not finalized: outbound link checking was blocked in sandbox.,Moved because Syneos Health Commercial Solutions already has a stronger kept row: Freelance Senior Digital Asset Manager (score 3).,Freelance Senior Digital Asset Manager,3
,,,7,Senior IT Project Manager – M&A / IAM / Microsoft 365,,Systematix,https://www.linkedin.com/jobs/view/4416308336,remote,"ERP, RBAC, Stakeholder Management
Deterministic refreshed score: 3 profile skills mentioned
title alignment 2.5/3.0
domain signals 5",,,,,,,,Remote,,,,,2026-05-20T23:29:02.788372+00:00,not_checked_network_restricted,Added from ApplyPilot DB; outbound link checking was blocked in sandbox.,Moved because Systematix already has a stronger kept row: Senior Project Manager (score 7).,Senior Project Manager,7
,,,3,"Contact Center Rep - Credit Card - July 13th Phoenix, AZ",,TD Bank,https://td.wd3.myworkdayjobs.com/TD_Bank_Careers/job/Remote-Phoenix-AZ/Contact-Center-Rep---Credit-Card---July-13th-Phoenix--AZ_R_1490204,remote,"Program Management, Mentoring, Customer Success, Risk Management
Deterministic profile match: 4 profile skills mentioned; title alignment 0.0/3.0; domain signals 2. Title relevance penalty 1.0 applied.",,,,,,,,Remote Phoenix (AZ),https://td.wd3.myworkdayjobs.com/TD_Bank_Careers/job/Remote-Phoenix-AZ/Contact-Center-Rep---Credit-Card---July-13th-Phoenix--AZ_R_1490204,,,,2026-05-19T03:49:24.099994+00:00,not_checked_network_restricted,Not finalized: outbound link checking was blocked in sandbox.,Moved because TD Bank already has a stronger kept row: Senior Engineer (Critical Environments -US) (score 4).,Senior Engineer (Critical Environments -US),4
,,,2,"Contact Center Representative June 22nd - Greenville, SC",,TD Bank,https://td.wd3.myworkdayjobs.com/TD_Bank_Careers/job/Remote-Greenville-SC/Contact-Center-Representative-June-22nd---Greenville--SC_R_1490355-1,remote,"Mentoring, SAFe
Deterministic refreshed score: 2 profile skills mentioned
title alignment 0.0/3.0
domain signals 4",,,,,,,,Remote Greenville (SC),https://td.wd3.myworkdayjobs.com/TD_Bank_Careers/job/Remote-Greenville-SC/Contact-Center-Representative-June-22nd---Greenville--SC_R_1490355-1,,,,2026-05-20T23:50:51.484147+00:00,not_checked_network_restricted,Added from ApplyPilot DB; outbound link checking was blocked in sandbox.,Moved because TD Bank already has a stronger kept row: Senior Engineer (Critical Environments -US) (score 4).,Senior Engineer (Critical Environments -US),4
,,,2,Sales Technology & Enablement Manager,,TDS Telecom,https://www.indeed.com/viewjob?jk=57e4249a00eb4067,remote,"Change Management, ERP
Deterministic refreshed score: 2 profile skills mentioned
title alignment 0.0/3.0
domain signals 10",,,,,,,,"Remote, US (Remote)",https://external-telecom-teldta.icims.com/jobs/29334/job?utm_source=indeed_integration&iis=Job%20Board&iisn=Indeed&indeed-apply-token=73a2d2b2a8d6d5c0a62696875eaebd669103652d3f0c2cd5445d3e66b1592b0f,,,,2026-05-20T23:32:56.497262+00:00,not_checked_network_restricted,Added from ApplyPilot DB; outbound link checking was blocked in sandbox.,Moved because TDS Telecom already has a stronger kept row: Sr Manager - Digital Marketing (score 3).,Sr Manager - Digital Marketing,3
,,,3,Associate Principal - Wireless/Network,,TEECOM,https://www.indeed.com/viewjob?jk=6f4018f5235ac5da,remote,"Technical Documentation, Mentoring, QA Coordination, GitHub, Legal Technology
Deterministic profile match: 5 profile skills mentioned; title alignment 0.0/3.0; domain signals 3. Title relevance penalty 1.0 applied.",,,,,,,,"Remote, US (Remote)",https://jobs.lever.co/teecom/99e78014-277d-42d1-a33b-5cde063d06d7?lever-source=Indeed,,,,2026-05-14T21:31:37.952938+00:00,not_checked_network_restricted,Not finalized: outbound link checking was blocked in sandbox.,Moved because TEECOM already has a stronger kept row: Principal Consultant - Wireless/Network (score 4).,Principal Consultant - Wireless/Network,4
,,,8,Senior Project Manager,,Telix Pharmaceuticals Limited,https://www.linkedin.com/jobs/view/4407959451,hybrid,"Hybrid Project Management, Software Project Management, Milestone Tracking, Program Management, Change Management, Scheduling Management, Resource Planning, Risk Management, Smartsheet
Deterministic profile match: 9 profile skills mentioned; title alignment 2.0/3.0; domain signals 4.",,,,,,Remote,,Remote,,,,,2026-05-14T21:31:37.952938+00:00,not_checked_network_restricted,Not finalized: outbound link checking was blocked in sandbox.,Moved because Telix Pharmaceuticals Limited already has a stronger kept row: Senior Project Manager - Therapeutics (score 8).,Senior Project Manager - Therapeutics,8
,,,3,Proposal Writer,,TELUS Health,https://lifeworks.wd3.myworkdayjobs.com/External/job/APAC---Singapore---Remote/Proposal-Writer_R-22031,remote,"Software Project Management, Stakeholder Management, Legal Technology
Deterministic profile match: 3 profile skills mentioned; title alignment 0.0/3.0; domain signals 5. Title relevance penalty 1.0 applied.",,,,,,,,APAC - Singapore - Remote,https://lifeworks.wd3.myworkdayjobs.com/External/job/APAC---Singapore---Remote/Proposal-Writer_R-22031,,,,2026-05-14T22:02:55.884851+00:00,not_checked_network_restricted,Not finalized: outbound link checking was blocked in sandbox.,Moved because TELUS Health already has a stronger kept row: Senior Proposal Writer (score 4).,Senior Proposal Writer,4
,,,2,Affiliate Clinical Counselor EAP Sorel-Tracy,,TELUS Health,https://lifeworks.wd3.myworkdayjobs.com/External/job/Affili-PAE-Sorel-Tracy_R-20814,unknown,Deterministic profile match: 0 profile skills mentioned; title alignment 0.0/3.0; domain signals 3. Title relevance penalty 1.0 applied.,,,,,,,,,https://lifeworks.wd3.myworkdayjobs.com/External/job/Affili-PAE-Sorel-Tracy_R-20814,,,,2026-05-14T22:41:40.095518+00:00,not_checked_network_restricted,Not finalized: outbound link checking was blocked in sandbox.,Moved because TELUS Health already has a stronger kept row: Senior Proposal Writer (score 4).,Senior Proposal Writer,4
,,,4,Agile Coaching Senior Advisor - ACoE,,The Cigna Group,https://www.indeed.com/viewjob?jk=3a615eb3c7151356,remote,"Agile Scrum, SAFe, Kanban, Retrospectives, Training Enablement
Deterministic profile match: 5 profile skills mentioned; title alignment 0.0/3.0; domain signals 4. Title relevance penalty 1.0 applied.",,,,,,,,"Remote, US (Remote)",https://jobs.thecignagroup.com/us/en/job/CIGNUS26004413EXTERNALENUS/Agile-Coaching-Senior-Advisor-ACoE?utm_source=indeed&utm_medium=phenom-feeds,,,,2026-05-14T21:33:49.397717+00:00,not_checked_network_restricted,Not finalized: outbound link checking was blocked in sandbox.,"Moved because The Cigna Group already has a stronger kept row: Implementation Manager, Middle Market (0500) Accounts (score 7).","Implementation Manager, Middle Market (0500) Accounts",7
,,,8,Client Project Manager,,Thomson Reuters,https://thomsonreuters.wd5.myworkdayjobs.com/External_Career_Site/job/Poland-Gdansk/Client-Project-Manager_JREQ199616,hybrid,"Hybrid Project Management, Software Project Management, Program Management, Technical Documentation, ERP, Legal Technology
Deterministic profile match: 6 profile skills mentioned; title alignment 2.0/3.0; domain signals 6.",C:\Users\bsing\.applypilot\tailored_resumes\software-pm\058_7_Thomson_Reuters_Client_Project_Manager.txt,failed_validation,Company 'Sakhi' missing from experience; Company 'The Samaritans of New York' missing from experience,Banned words: extensive experience,,,,,https://thomsonreuters.wd5.myworkdayjobs.com/External_Career_Site/job/Poland-Gdansk/Client-Project-Manager_JREQ199616,,,,2026-05-14T22:01:57.065581+00:00,not_checked_network_restricted,Not finalized: outbound link checking was blocked in sandbox.,Moved because Thomson Reuters already has a stronger kept row: UX Research Ops – Program Manager  (score 8).,UX Research Ops – Program Manager ,8
,,,8,Client Project Manager,,Thomson Reuters,https://thomsonreuters.wd5.myworkdayjobs.com/External_Career_Site/job/Spain-Madrid-Madrid/Client-Project-Manager_JREQ200098,hybrid,"Hybrid Project Management, Software Project Management, Technical Documentation, Customer Success, ERP, Legal Technology
Deterministic profile match: 6 profile skills mentioned; title alignment 2.0/3.0; domain signals 6.",C:\Users\bsing\.applypilot\tailored_resumes\software-pm\059_7_Thomson_Reuters_Client_Project_Manager.txt,failed_validation,Company 'Sakhi' missing from experience; Company 'The Samaritans of New York' missing from experience,"Banned words: proven track record, extensive experience",,,,,https://thomsonreuters.wd5.myworkdayjobs.com/External_Career_Site/job/Spain-Madrid-Madrid/Client-Project-Manager_JREQ200098,,,,2026-05-14T22:01:57.065581+00:00,not_checked_network_restricted,Not finalized: outbound link checking was blocked in sandbox.,Moved because Thomson Reuters already has a stronger kept row: UX Research Ops – Program Manager  (score 8).,UX Research Ops – Program Manager ,8
,,,8,Curriculum Certification Program Manager,,Thomson Reuters,https://thomsonreuters.wd5.myworkdayjobs.com/External_Career_Site/job/United-States-of-America-Eagan-Minnesota/Customer-Education-Certification-Program-Manager_JREQ200256,hybrid,"SAFe, Data Governance Frameworks, Stakeholder Management, Program Management, Roadmap Planning, Customer Success, Legal Technology
Deterministic profile match: 7 profile skills mentioned; title alignment 1.5/3.0; domain signals 7.",,,,,,,,,https://thomsonreuters.wd5.myworkdayjobs.com/External_Career_Site/job/United-States-of-America-Eagan-Minnesota/Customer-Education-Certification-Program-Manager_JREQ200256,,,,2026-05-14T22:01:57.065581+00:00,not_checked_network_restricted,Not finalized: outbound link checking was blocked in sandbox.,Moved because Thomson Reuters already has a stronger kept row: UX Research Ops – Program Manager  (score 8).,UX Research Ops – Program Manager ,8
,,,8,"Data Analyst, Product Analytics",,Thomson Reuters,https://thomsonreuters.wd5.myworkdayjobs.com/External_Career_Site/job/Canada-Toronto-Ontario/Data-Analyst--Product-Analytics_JREQ200602,hybrid,"Python, SQL, JavaScript, A/B Testing, Data Governance Frameworks, Stakeholder Management, Program Management, Customer Success, Change Management, AI/ML, Legal Technology, Google Analytics
Deterministic profile match: 12 profile skills mentioned; title alignment 0.0/3.0; domain signals 6.",C:\Users\bsing\.applypilot\tailored_resumes\software-pm\064_7_Thomson_Reuters_Data_Analyst_Product_Analytics.txt,failed_validation,Company 'Sakhi' missing from experience; Company 'The Samaritans of New York' missing from experience,,,,,,https://thomsonreuters.wd5.myworkdayjobs.com/External_Career_Site/job/Canada-Toronto-Ontario/Data-Analyst--Product-Analytics_JREQ200602,,,,2026-05-14T22:01:57.065581+00:00,not_checked_network_restricted,Not finalized: outbound link checking was blocked in sandbox.,Moved because Thomson Reuters already has a stronger kept row: UX Research Ops – Program Manager  (score 8).,UX Research Ops – Program Manager ,8
,,,7,AI Product Security Manager,,Thomson Reuters,https://thomsonreuters.wd5.myworkdayjobs.com/External_Career_Site/job/Canada-Toronto-Ontario/AI-Product-Security-Manager_JREQ199374,hybrid,"Python, SDLC, Data Governance Frameworks, Program Management, AI/ML, Risk Management, AWS, Legal Technology, Google Analytics, Google Cloud
Deterministic profile match: 10 profile skills mentioned; title alignment 0.0/3.0; domain signals 8.",,,,,,,,,https://thomsonreuters.wd5.myworkdayjobs.com/External_Career_Site/job/Canada-Toronto-Ontario/AI-Product-Security-Manager_JREQ199374,,,,2026-05-14T22:01:57.065581+00:00,not_checked_network_restricted,Not finalized: outbound link checking was blocked in sandbox.,Moved because Thomson Reuters already has a stronger kept row: UX Research Ops – Program Manager  (score 8).,UX Research Ops – Program Manager ,8
,,,7,Campaign Planning Manager,,Thomson Reuters,https://thomsonreuters.wd5.myworkdayjobs.com/External_Career_Site/job/United-States-of-America-Eagan-Minnesota/Campaign-Planning-Manager_JREQ200571,hybrid,"Hybrid Project Management, SAFe, Software Project Management, Data Governance Frameworks, Stakeholder Management, Program Management, Roadmap Planning, Customer Success, Training Enablement, Deployment Workflows, Legal Technology
Deterministic profile match: 11 profile skills mentioned; title alignment 0.0/3.0; domain signals 9. Title relevance penalty 1.0 applied.",,,,,,,,,https://thomsonreuters.wd5.myworkdayjobs.com/External_Career_Site/job/United-States-of-America-Eagan-Minnesota/Campaign-Planning-Manager_JREQ200571,,,,2026-05-14T22:01:57.065581+00:00,not_checked_network_restricted,Not finalized: outbound link checking was blocked in sandbox.,Moved because Thomson Reuters already has a stronger kept row: UX Research Ops – Program Manager  (score 8).,UX Research Ops – Program Manager ,8
,,,7,Client Exec Manager - Retention,,Thomson Reuters,https://thomsonreuters.wd5.myworkdayjobs.com/External_Career_Site/job/United-Kingdom-London/Client-Exec-Manager---Retention_JREQ199998-1,hybrid,"Go-to-market Strategy, Hybrid Project Management, Software Project Management, Stakeholder Management, Roadmap Planning, Customer Success, Change Management, Training Enablement, Risk Management, Workflow Automation, Data Pipelines, Legal Technology
Deterministic profile match: 12 profile skills mentioned; title alignment 0.0/3.0; domain signals 8. Title relevance penalty 1.0 applied.",,,,,,,,,https://thomsonreuters.wd5.myworkdayjobs.com/External_Career_Site/job/United-Kingdom-London/Client-Exec-Manager---Retention_JREQ199998-1,,,,2026-05-14T22:01:57.065581+00:00,not_checked_network_restricted,Not finalized: outbound link checking was blocked in sandbox.,Moved because Thomson Reuters already has a stronger kept row: UX Research Ops – Program Manager  (score 8).,UX Research Ops – Program Manager ,8
,,,7,Data & Analytics (ML-Enabled Systems),,Thomson Reuters,https://thomsonreuters.wd5.myworkdayjobs.com/External_Career_Site/job/United-States-of-America-Eagan-Minnesota/Data---Analytics--ML-Enabled-Systems-_JREQ200344,hybrid,"Python, SQL, SAFe, AI/ML, Deployment Workflows, System Monitoring, Data Pipelines, Data Warehousing, Snowflake, AWS, Power BI, Legal Technology
Deterministic profile match: 12 profile skills mentioned; title alignment 0.0/3.0; domain signals 10. Title relevance penalty 1.0 applied.",C:\Users\bsing\.applypilot\tailored_resumes\software-pm\063_7_Thomson_Reuters_Data__Analytics_ML-Enabled_Systems.txt,failed_validation,Company 'Sakhi' missing from experience; Company 'The Samaritans of New York' missing from experience,,,,,,https://thomsonreuters.wd5.myworkdayjobs.com/External_Career_Site/job/United-States-of-America-Eagan-Minnesota/Data---Analytics--ML-Enabled-Systems-_JREQ200344,,,,2026-05-14T22:01:57.065581+00:00,not_checked_network_restricted,Not finalized: outbound link checking was blocked in sandbox.,Moved because Thomson Reuters already has a stronger kept row: UX Research Ops – Program Manager  (score 8).,UX Research Ops – Program Manager ,8
,,,7,"Delivery Manager, SRE",,Thomson Reuters,https://thomsonreuters.wd5.myworkdayjobs.com/External_Career_Site/job/United-States-of-America-Eagan-Minnesota/Delivery-Manager--SRE_JREQ199394,hybrid,"Python, Hybrid Project Management, SAFe, Software Project Management, Program Management, Technical Documentation, Presentation Skills, Roadmap Planning, Change Management, Distributed Systems Concepts, PostgreSQL, AWS, Legal Technology
Deterministic profile match: 13 profile skills mentioned; title alignment 0.0/3.0; domain signals 8. Title relevance penalty 1.0 applied.",,,,,,,,,https://thomsonreuters.wd5.myworkdayjobs.com/External_Career_Site/job/United-States-of-America-Eagan-Minnesota/Delivery-Manager--SRE_JREQ199394,,,,2026-05-14T22:01:57.065581+00:00,not_checked_network_restricted,Not finalized: outbound link checking was blocked in sandbox.,Moved because Thomson Reuters already has a stronger kept row: UX Research Ops – Program Manager  (score 8).,UX Research Ops – Program Manager ,8
,,,7,Head of Commercial & Corporate Engineering,,Thomson Reuters,https://thomsonreuters.wd5.myworkdayjobs.com/External_Career_Site/job/United-States-of-America-New-York-New-York/Head-of-Commercial---Corporate-Engineering_JREQ200470,hybrid,"Go-to-market Strategy, SAFe, Stakeholder Management, Program Management, Roadmap Planning, Customer Success, Change Management, ERP, AI/ML, Risk Management, Distributed Systems Concepts, Legal Technology
Deterministic profile match: 12 profile skills mentioned; title alignment 0.0/3.0; domain signals 13. Title relevance penalty 1.0 applied.",,,,,,,,,https://thomsonreuters.wd5.myworkdayjobs.com/External_Career_Site/job/United-States-of-America-New-York-New-York/Head-of-Commercial---Corporate-Engineering_JREQ200470,,,,2026-05-14T22:01:57.065581+00:00,not_checked_network_restricted,Not finalized: outbound link checking was blocked in sandbox.,Moved because Thomson Reuters already has a stronger kept row: UX Research Ops – Program Manager  (score 8).,UX Research Ops – Program Manager ,8
,,,7,Implementation Consultant - Global Trade,,Thomson Reuters,https://thomsonreuters.wd5.myworkdayjobs.com/External_Career_Site/job/United-States-of-America-Frisco-Texas/Implementation-Consultant---Global-Trade_JREQ200621,unknown,"SQL, SAFe, Software Project Management, Program Management, Technical Documentation, Requirements Gathering, Mentoring, Legal Technology
Deterministic profile match: 8 profile skills mentioned; title alignment 1.0/3.0; domain signals 6.",,,,,,,,,https://thomsonreuters.wd5.myworkdayjobs.com/External_Career_Site/job/United-States-of-America-Frisco-Texas/Implementation-Consultant---Global-Trade_JREQ200621,,,,2026-05-14T22:01:57.065581+00:00,not_checked_network_restricted,Not finalized: outbound link checking was blocked in sandbox.,Moved because Thomson Reuters already has a stronger kept row: UX Research Ops – Program Manager  (score 8).,UX Research Ops – Program Manager ,8
,,,7,Implementation Consultant – Legal AI Solutions,,Thomson Reuters,https://thomsonreuters.wd5.myworkdayjobs.com/External_Career_Site/job/Poland-Gdansk/Implementation-Consultant---Legal-AI-Solutions--CoCounsel-_JREQ195875,unknown,"Software Project Management, Program Management, Technical Documentation, Presentation Skills, Customer Success, Training Enablement, Risk Management, Legal Technology
Deterministic profile match: 8 profile skills mentioned; title alignment 1.0/3.0; domain signals 7.",C:\Users\bsing\.applypilot\tailored_resumes\software-pm\079_7_Thomson_Reuters_Implementation_Consultant__Legal_AI_Solutions.txt,failed_validation,Company 'Sakhi' missing from experience; Company 'The Samaritans of New York' missing from experience,,,,,,https://thomsonreuters.wd5.myworkdayjobs.com/External_Career_Site/job/Poland-Gdansk/Implementation-Consultant---Legal-AI-Solutions--CoCounsel-_JREQ195875,,,,2026-05-14T22:01:57.065581+00:00,not_checked_network_restricted,Not finalized: outbound link checking was blocked in sandbox.,Moved because Thomson Reuters already has a stronger kept row: UX Research Ops – Program Manager  (score 8).,UX Research Ops – Program Manager ,8
,,,7,Integration Manager,,Thomson Reuters,https://thomsonreuters.wd5.myworkdayjobs.com/External_Career_Site/job/Sweden-Gothenburg/Integration-Manager_JREQ200013-1,hybrid,"ERP, Mentoring, Resource Planning, SAFe
Deterministic refreshed score: 4 profile skills mentioned
title alignment 1.0/3.0
domain signals 10",,,,,,,,,https://thomsonreuters.wd5.myworkdayjobs.com/External_Career_Site/job/Sweden-Gothenburg/Integration-Manager_JREQ200013-1,,,,2026-05-20T23:48:38.351359+00:00,not_checked_network_restricted,Added from ApplyPilot DB; outbound link checking was blocked in sandbox.,Moved because Thomson Reuters already has a stronger kept row: UX Research Ops – Program Manager  (score 8).,UX Research Ops – Program Manager ,8
,,,7,"Lead Product Engineer (Full Stack - Python / React), Materia AI",,Thomson Reuters,https://thomsonreuters.wd5.myworkdayjobs.com/External_Career_Site/job/United-States-of-America-Brooklyn-New-York/Lead-Product-Engineer--Full-Stack---Materia-AI_JREQ197053-3,hybrid,"Python, Hybrid Project Management, SAFe, Software Project Management, A/B Testing, Experimentation Frameworks, Data Governance Frameworks, Program Management, Customer Success, Legal Technology
Deterministic profile match: 10 profile skills mentioned; title alignment 0.0/3.0; domain signals 9.",,,,,,,,,https://thomsonreuters.wd5.myworkdayjobs.com/External_Career_Site/job/United-States-of-America-Brooklyn-New-York/Lead-Product-Engineer--Full-Stack---Materia-AI_JREQ197053-3,,,,2026-05-14T22:01:57.065581+00:00,not_checked_network_restricted,Not finalized: outbound link checking was blocked in sandbox.,Moved because Thomson Reuters already has a stronger kept row: UX Research Ops – Program Manager  (score 8).,UX Research Ops – Program Manager ,8
,,,7,"Lead Product Engineer (Full Stack - Python / React), Materia AI (Evergreen)",,Thomson Reuters,https://thomsonreuters.wd5.myworkdayjobs.com/External_Career_Site/job/Mexico-Mexico-City/Lead-Product-Engineer--Full-Stack---Python---React---Materia-AI--Evergreen-_JREQ199885,hybrid,"Python, Hybrid Project Management, SAFe, Software Project Management, A/B Testing, Experimentation Frameworks, Data Governance Frameworks, Customer Success, Legal Technology
Deterministic profile match: 9 profile skills mentioned; title alignment 0.0/3.0; domain signals 9.",,,,,,,,,https://thomsonreuters.wd5.myworkdayjobs.com/External_Career_Site/job/Mexico-Mexico-City/Lead-Product-Engineer--Full-Stack---Python---React---Materia-AI--Evergreen-_JREQ199885,,,,2026-05-14T22:01:57.065581+00:00,not_checked_network_restricted,Not finalized: outbound link checking was blocked in sandbox.,Moved because Thomson Reuters already has a stronger kept row: UX Research Ops – Program Manager  (score 8).,UX Research Ops – Program Manager ,8
,,,7,Principal Engineer CoCounsel Audit,,Thomson Reuters,https://thomsonreuters.wd5.myworkdayjobs.com/External_Career_Site/job/United-States-of-America-New-York-New-York/Principal-Engineer-CoCounsel-Audit_JREQ200659-3,hybrid,"Python, SAFe, Experimentation Frameworks, Postmortems, Data Governance Frameworks, Program Management, Mentoring, AI/ML, Data Pipelines, PostgreSQL, AWS, Legal Technology
Deterministic profile match: 12 profile skills mentioned; title alignment 0.0/3.0; domain signals 10. Title relevance penalty 1.0 applied.",,,,,,,,,https://thomsonreuters.wd5.myworkdayjobs.com/External_Career_Site/job/United-States-of-America-New-York-New-York/Principal-Engineer-CoCounsel-Audit_JREQ200659-3,,,,2026-05-14T22:01:57.065581+00:00,not_checked_network_restricted,Not finalized: outbound link checking was blocked in sandbox.,Moved because Thomson Reuters already has a stronger kept row: UX Research Ops – Program Manager  (score 8).,UX Research Ops – Program Manager ,8
,,,7,Product Manager,,Thomson Reuters,https://thomsonreuters.wd5.myworkdayjobs.com/External_Career_Site/job/United-States-of-America-Frisco-Texas/Product-Manager_JREQ199813,hybrid,"SAFe, Program Management, AI/ML, Workflow Automation, Legal Technology
Deterministic profile match: 5 profile skills mentioned; title alignment 1.0/3.0; domain signals 9.",,,,,,,,,https://thomsonreuters.wd5.myworkdayjobs.com/External_Career_Site/job/United-States-of-America-Frisco-Texas/Product-Manager_JREQ199813,,,,2026-05-14T22:01:57.065581+00:00,not_checked_network_restricted,Not finalized: outbound link checking was blocked in sandbox.,Moved because Thomson Reuters already has a stronger kept row: UX Research Ops – Program Manager  (score 8).,UX Research Ops – Program Manager ,8
,,,7,Project Manager,,Thomson Reuters,https://thomsonreuters.wd5.myworkdayjobs.com/External_Career_Site/job/Brazil-So-Paulo-So-Paulo/Project-Manager_JREQ198406,unknown,"Software Project Management, Requirements Gathering, Risk Management, Jira, Legal Technology
Deterministic profile match: 5 profile skills mentioned; title alignment 2.0/3.0; domain signals 7.",,,,,,,,,https://thomsonreuters.wd5.myworkdayjobs.com/External_Career_Site/job/Brazil-So-Paulo-So-Paulo/Project-Manager_JREQ198406,,,,2026-05-14T22:01:57.065581+00:00,not_checked_network_restricted,Not finalized: outbound link checking was blocked in sandbox.,Moved because Thomson Reuters already has a stronger kept row: UX Research Ops – Program Manager  (score 8).,UX Research Ops – Program Manager ,8
,,,7,Project Manager - ONESOURCE,,Thomson Reuters,https://thomsonreuters.wd5.myworkdayjobs.com/External_Career_Site/job/United-Arab-Emirates-Dubai-Dubai/Project-Manager---ONESOURCE_JREQ197689,hybrid,"Hybrid Project Management, Software Project Management, Stakeholder Management, ERP, Legal Technology
Deterministic profile match: 5 profile skills mentioned; title alignment 2.0/3.0; domain signals 5.",,,,,,,,,https://thomsonreuters.wd5.myworkdayjobs.com/External_Career_Site/job/United-Arab-Emirates-Dubai-Dubai/Project-Manager---ONESOURCE_JREQ197689,,,,2026-05-14T22:01:57.065581+00:00,not_checked_network_restricted,Not finalized: outbound link checking was blocked in sandbox.,Moved because Thomson Reuters already has a stronger kept row: UX Research Ops – Program Manager  (score 8).,UX Research Ops – Program Manager ,8
,,,7,Project Manager - ONESOURCE & Pagero E-Invoicing,,Thomson Reuters,https://thomsonreuters.wd5.myworkdayjobs.com/External_Career_Site/job/Australia-Pyrmont-New-South-Wales/Senior-Project-Manager_JREQ197891-1,hybrid,"Agile Scrum, Hybrid Project Management, Software Project Management, Stakeholder Management, Program Management, Customer Success, Change Management, Risk Management, Legal Technology
Deterministic profile match: 9 profile skills mentioned; title alignment 2.0/3.0; domain signals 9.
Experience cap applied: job asks for 8 years, more than 3 years above candidate's 4 years; capped score at 7.",,,,,,,,,https://thomsonreuters.wd5.myworkdayjobs.com/External_Career_Site/job/Australia-Pyrmont-New-South-Wales/Senior-Project-Manager_JREQ197891-1,,,,2026-05-14T22:01:57.065581+00:00,not_checked_network_restricted,Not finalized: outbound link checking was blocked in sandbox.,Moved because Thomson Reuters already has a stronger kept row: UX Research Ops – Program Manager  (score 8).,UX Research Ops – Program Manager ,8
,,,7,Project Manager | プロジェクトマネージャー,,Thomson Reuters,https://thomsonreuters.wd5.myworkdayjobs.com/External_Career_Site/job/Japan-Tokyo/Project-Manager---_JREQ198672,hybrid,"Hybrid Project Management, Software Project Management, Program Management, ERP, Risk Management, Legal Technology
Deterministic profile match: 6 profile skills mentioned; title alignment 2.0/3.0; domain signals 5.",,,,,,,,,https://thomsonreuters.wd5.myworkdayjobs.com/External_Career_Site/job/Japan-Tokyo/Project-Manager---_JREQ198672,,,,2026-05-14T22:01:57.065581+00:00,not_checked_network_restricted,Not finalized: outbound link checking was blocked in sandbox.,Moved because Thomson Reuters already has a stronger kept row: UX Research Ops – Program Manager  (score 8).,UX Research Ops – Program Manager ,8
,,,7,SAP Project Manager,,Thomson Reuters,https://thomsonreuters.wd5.myworkdayjobs.com/External_Career_Site/job/India-Bengaluru-Karnataka/Project-Manager_JREQ197697,hybrid,"Hybrid Project Management, Software Project Management, ERP, Legal Technology
Deterministic profile match: 4 profile skills mentioned; title alignment 2.0/3.0; domain signals 6.",,,,,,,,,https://thomsonreuters.wd5.myworkdayjobs.com/External_Career_Site/job/India-Bengaluru-Karnataka/Project-Manager_JREQ197697,,,,2026-05-14T22:01:57.065581+00:00,not_checked_network_restricted,Not finalized: outbound link checking was blocked in sandbox.,Moved because Thomson Reuters already has a stronger kept row: UX Research Ops – Program Manager  (score 8).,UX Research Ops – Program Manager ,8
,,,7,"Senior Technical Product Manager, Billing & Payments",,Thomson Reuters,https://thomsonreuters.wd5.myworkdayjobs.com/External_Career_Site/job/Canada-Toronto-Ontario/Senior-Technical-Product-Manager--Billing---Payments_JREQ198733,hybrid,"Stakeholder Management, Program Management, Roadmap Planning, Customer Success, Workflow Automation, Legal Technology
Deterministic profile match: 6 profile skills mentioned; title alignment 1.0/3.0; domain signals 11.",,,,,,,,,https://thomsonreuters.wd5.myworkdayjobs.com/External_Career_Site/job/Canada-Toronto-Ontario/Senior-Technical-Product-Manager--Billing---Payments_JREQ198733,,,,2026-05-14T22:01:57.065581+00:00,not_checked_network_restricted,Not finalized: outbound link checking was blocked in sandbox.,Moved because Thomson Reuters already has a stronger kept row: UX Research Ops – Program Manager  (score 8).,UX Research Ops – Program Manager ,8
,,,7,Software Development Engineer,,Thomson Reuters,https://thomsonreuters.wd5.myworkdayjobs.com/External_Career_Site/job/Germany-Langenfeld/Software-Development-Engineer_JREQ200387,hybrid,"Python, SQL, JavaScript, PHP, A/B Testing, Data Governance Frameworks, System Monitoring, Data Pipelines, Jira, Confluence, GitHub, Trello, Legal Technology
Deterministic profile match: 13 profile skills mentioned; title alignment 0.0/3.0; domain signals 11. Title relevance penalty 1.0 applied.",,,,,,,,,https://thomsonreuters.wd5.myworkdayjobs.com/External_Career_Site/job/Germany-Langenfeld/Software-Development-Engineer_JREQ200387,,,,2026-05-14T22:01:57.065581+00:00,not_checked_network_restricted,Not finalized: outbound link checking was blocked in sandbox.,Moved because Thomson Reuters already has a stronger kept row: UX Research Ops – Program Manager  (score 8).,UX Research Ops – Program Manager ,8
,,,7,Sr. Program Manager,,Thomson Reuters,https://thomsonreuters.wd5.myworkdayjobs.com/External_Career_Site/job/Mexico-Mexico-City/Sr-Program-Manager_JREQ198855-1,hybrid,"Hybrid Project Management, Software Project Management, Stakeholder Management, Program Management, Customer Success, Legal Technology
Deterministic profile match: 6 profile skills mentioned; title alignment 1.5/3.0; domain signals 6.",,,,,,,,,https://thomsonreuters.wd5.myworkdayjobs.com/External_Career_Site/job/Mexico-Mexico-City/Sr-Program-Manager_JREQ198855-1,,,,2026-05-14T22:01:57.065581+00:00,not_checked_network_restricted,Not finalized: outbound link checking was blocked in sandbox.,Moved because Thomson Reuters already has a stronger kept row: UX Research Ops – Program Manager  (score 8).,UX Research Ops – Program Manager ,8
,,,7,Tech Lead Engineer -Backend- Reuters,,Thomson Reuters,https://thomsonreuters.wd5.myworkdayjobs.com/External_Career_Site/job/India-Bengaluru-Karnataka/Tech-Lead-Engineer--Backend--Reuters_JREQ196783,hybrid,"SQL, Hybrid Project Management, Software Project Management, Data Governance Frameworks, CI/CD Collaboration, Data Pipelines, PostgreSQL, MongoDB, AWS, Jira, GitHub, Legal Technology
Deterministic profile match: 12 profile skills mentioned; title alignment 0.0/3.0; domain signals 8. Title relevance penalty 1.0 applied.",,,,,,,,,https://thomsonreuters.wd5.myworkdayjobs.com/External_Career_Site/job/India-Bengaluru-Karnataka/Tech-Lead-Engineer--Backend--Reuters_JREQ196783,,,,2026-05-14T22:01:57.065581+00:00,not_checked_network_restricted,Not finalized: outbound link checking was blocked in sandbox.,Moved because Thomson Reuters already has a stronger kept row: UX Research Ops – Program Manager  (score 8).,UX Research Ops – Program Manager ,8
,,,7,Technical Support Manager - Level 2 (Salesforce),,Thomson Reuters,https://thomsonreuters.wd5.myworkdayjobs.com/External_Career_Site/job/Mexico-Mexico-City/Technical-Support-Manager---Level-2--Salesforce-_JREQ200638,hybrid,"JavaScript, Hybrid Project Management, Software Project Management, Data Governance Frameworks, Stakeholder Management, Technical Documentation, Presentation Skills, Mentoring, Customer Success, Change Management, Distributed Systems Concepts, AWS, GitHub, Legal Technology
Deterministic profile match: 14 profile skills mentioned; title alignment 0.0/3.0; domain signals 8. Title relevance penalty 1.0 applied.",,,,,,,,,https://thomsonreuters.wd5.myworkdayjobs.com/External_Career_Site/job/Mexico-Mexico-City/Technical-Support-Manager---Level-2--Salesforce-_JREQ200638,,,,2026-05-14T22:01:57.065581+00:00,not_checked_network_restricted,Not finalized: outbound link checking was blocked in sandbox.,Moved because Thomson Reuters already has a stronger kept row: UX Research Ops – Program Manager  (score 8).,UX Research Ops – Program Manager ,8
,,,6,Associate Product Manager,,Thomson Reuters,https://thomsonreuters.wd5.myworkdayjobs.com/External_Career_Site/job/India-Bengaluru-Karnataka/Associate-Product-Manager_JREQ200686,hybrid,"Deterministic refreshed score: 0 profile skills mentioned
title alignment 1.5/3.0
domain signals 10",,,,,,,,,https://thomsonreuters.wd5.myworkdayjobs.com/External_Career_Site/job/India-Bengaluru-Karnataka/Associate-Product-Manager_JREQ200686,,,,2026-05-20T23:48:38.351359+00:00,not_checked_network_restricted,Added from ApplyPilot DB; outbound link checking was blocked in sandbox.,Moved because Thomson Reuters already has a stronger kept row: UX Research Ops – Program Manager  (score 8).,UX Research Ops – Program Manager ,8
,,,6,Associate Product Manager,,Thomson Reuters,https://thomsonreuters.wd5.myworkdayjobs.com/External_Career_Site/job/United-States-of-America-Eagan-Minnesota/Associate-Product-Manager_JREQ200222,hybrid,"SAFe, Data Governance Frameworks, Program Management, Technical Documentation, Requirements Gathering, Legal Technology
Deterministic profile match: 6 profile skills mentioned; title alignment 1.0/3.0; domain signals 4.",,,,,,,,,https://thomsonreuters.wd5.myworkdayjobs.com/External_Career_Site/job/United-States-of-America-Eagan-Minnesota/Associate-Product-Manager_JREQ200222,,,,2026-05-14T22:01:57.065581+00:00,not_checked_network_restricted,Not finalized: outbound link checking was blocked in sandbox.,Moved because Thomson Reuters already has a stronger kept row: UX Research Ops – Program Manager  (score 8).,UX Research Ops – Program Manager ,8
,,,6,CS Operations Lead – Forecasting & Reporting,,Thomson Reuters,https://thomsonreuters.wd5.myworkdayjobs.com/External_Career_Site/job/India-Bengaluru-Karnataka/CS-Operations-Lead---Forecasting---Reporting_JREQ200607,hybrid,"Python, SQL, Data Governance Frameworks, Customer Success, Workflow Automation, Data Pipelines, Power BI, Google Sheets, Legal Technology, Google Analytics
Deterministic profile match: 10 profile skills mentioned; title alignment 0.0/3.0; domain signals 7. Title relevance penalty 1.0 applied.",,,,,,,,,https://thomsonreuters.wd5.myworkdayjobs.com/External_Career_Site/job/India-Bengaluru-Karnataka/CS-Operations-Lead---Forecasting---Reporting_JREQ200607,,,,2026-05-14T22:01:57.065581+00:00,not_checked_network_restricted,Not finalized: outbound link checking was blocked in sandbox.,Moved because Thomson Reuters already has a stronger kept row: UX Research Ops – Program Manager  (score 8).,UX Research Ops – Program Manager ,8
,,,6,CS Operations Lead – Retention & Renewal Analytics,,Thomson Reuters,https://thomsonreuters.wd5.myworkdayjobs.com/External_Career_Site/job/India-Bengaluru-Karnataka/CS-Operations-Lead---Retention---Renewal-Analytics_JREQ200608,hybrid,"Python, SQL, Root Cause Analysis, Data Governance Frameworks, Machine Learning Frameworks, Stakeholder Management, Customer Success, Risk Management, Power BI, Legal Technology
Deterministic profile match: 10 profile skills mentioned; title alignment 0.0/3.0; domain signals 8. Title relevance penalty 1.0 applied.",,,,,,,,,https://thomsonreuters.wd5.myworkdayjobs.com/External_Career_Site/job/India-Bengaluru-Karnataka/CS-Operations-Lead---Retention---Renewal-Analytics_JREQ200608,,,,2026-05-14T22:01:57.065581+00:00,not_checked_network_restricted,Not finalized: outbound link checking was blocked in sandbox.,Moved because Thomson Reuters already has a stronger kept row: UX Research Ops – Program Manager  (score 8).,UX Research Ops – Program Manager ,8
,,,6,Digital Enablement Developer,,Thomson Reuters,https://thomsonreuters.wd5.myworkdayjobs.com/External_Career_Site/job/Mexico-Mexico-City/Digital-Enablement-Manager_JREQ199387,hybrid,"SQL, JavaScript, Hybrid Project Management, SAFe, Software Project Management, Stakeholder Management, Database Access Governance, Power BI, Legal Technology
Deterministic profile match: 9 profile skills mentioned; title alignment 0.0/3.0; domain signals 7. Title relevance penalty 1.0 applied.",,,,,,,,,https://thomsonreuters.wd5.myworkdayjobs.com/External_Career_Site/job/Mexico-Mexico-City/Digital-Enablement-Manager_JREQ199387,,,,2026-05-14T22:01:57.065581+00:00,not_checked_network_restricted,Not finalized: outbound link checking was blocked in sandbox.,Moved because Thomson Reuters already has a stronger kept row: UX Research Ops – Program Manager  (score 8).,UX Research Ops – Program Manager ,8
,,,6,"EMEA Account Manager, Imagen (Reuters)",,Thomson Reuters,https://thomsonreuters.wd5.myworkdayjobs.com/External_Career_Site/job/United-Kingdom-London/EMEA-Account-Manager--Imagen--Reuters-_JREQ200834,hybrid,"ERP
Deterministic refreshed score: 1 profile skills mentioned
title alignment 1.0/3.0
domain signals 9",,,,,,,,,https://thomsonreuters.wd5.myworkdayjobs.com/External_Career_Site/job/United-Kingdom-London/EMEA-Account-Manager--Imagen--Reuters-_JREQ200834,,,,2026-05-20T23:48:38.351359+00:00,not_checked_network_restricted,Added from ApplyPilot DB; outbound link checking was blocked in sandbox.,Moved because Thomson Reuters already has a stronger kept row: UX Research Ops – Program Manager  (score 8).,UX Research Ops – Program Manager ,8
,,,6,End to End Associate Solutions Architect ,,Thomson Reuters,https://thomsonreuters.wd5.myworkdayjobs.com/External_Career_Site/job/United-States-of-America-Eagan-Minnesota/End-to-End-Associate-Solutions-Architect-_JREQ200452,hybrid,"Hybrid Project Management, SAFe, Software Project Management, Stakeholder Management, Program Management, ERP, AWS, Legal Technology
Deterministic profile match: 8 profile skills mentioned; title alignment 0.0/3.0; domain signals 10. Title relevance penalty 1.0 applied.",,,,,,,,,https://thomsonreuters.wd5.myworkdayjobs.com/External_Career_Site/job/United-States-of-America-Eagan-Minnesota/End-to-End-Associate-Solutions-Architect-_JREQ200452,,,,2026-05-14T22:01:57.065581+00:00,not_checked_network_restricted,Not finalized: outbound link checking was blocked in sandbox.,Moved because Thomson Reuters already has a stronger kept row: UX Research Ops – Program Manager  (score 8).,UX Research Ops – Program Manager ,8
,,,6,"Engineering Manager, Materia",,Thomson Reuters,https://thomsonreuters.wd5.myworkdayjobs.com/External_Career_Site/job/Canada-Toronto-Ontario/Engineering-Manager--Materia_JREQ199496,hybrid,"Python, Hybrid Project Management, Software Project Management, Program Management, Roadmap Planning, Resource Planning, AWS, Legal Technology
Deterministic profile match: 8 profile skills mentioned; title alignment 0.0/3.0; domain signals 8. Title relevance penalty 1.0 applied.",,,,,,,,,https://thomsonreuters.wd5.myworkdayjobs.com/External_Career_Site/job/Canada-Toronto-Ontario/Engineering-Manager--Materia_JREQ199496,,,,2026-05-14T22:01:57.065581+00:00,not_checked_network_restricted,Not finalized: outbound link checking was blocked in sandbox.,Moved because Thomson Reuters already has a stronger kept row: UX Research Ops – Program Manager  (score 8).,UX Research Ops – Program Manager ,8
,,,6,"Engineering Manager, Materia AI",,Thomson Reuters,https://thomsonreuters.wd5.myworkdayjobs.com/External_Career_Site/job/United-States-of-America-Brooklyn-New-York/Engineering-Manager--Materia_JREQ197845,hybrid,"Python, Hybrid Project Management, SAFe, Software Project Management, Program Management, Roadmap Planning, Resource Planning, AWS, Legal Technology
Deterministic profile match: 9 profile skills mentioned; title alignment 0.0/3.0; domain signals 8. Title relevance penalty 1.0 applied.",,,,,,,,,https://thomsonreuters.wd5.myworkdayjobs.com/External_Career_Site/job/United-States-of-America-Brooklyn-New-York/Engineering-Manager--Materia_JREQ197845,,,,2026-05-14T22:01:57.065581+00:00,not_checked_network_restricted,Not finalized: outbound link checking was blocked in sandbox.,Moved because Thomson Reuters already has a stronger kept row: UX Research Ops – Program Manager  (score 8).,UX Research Ops – Program Manager ,8
,,,6,Implementation Consultant,,Thomson Reuters,https://thomsonreuters.wd5.myworkdayjobs.com/External_Career_Site/job/India-Hyderabad-Telangana/Implementation-Consultant_JREQ200483,hybrid,"SQL, Hybrid Project Management, Software Project Management, Presentation Skills, ERP, Legal Technology
Deterministic profile match: 6 profile skills mentioned; title alignment 1.0/3.0; domain signals 6.",,,,,,,,,https://thomsonreuters.wd5.myworkdayjobs.com/External_Career_Site/job/India-Hyderabad-Telangana/Implementation-Consultant_JREQ200483,,,,2026-05-14T22:01:57.065581+00:00,not_checked_network_restricted,Not finalized: outbound link checking was blocked in sandbox.,Moved because Thomson Reuters already has a stronger kept row: UX Research Ops – Program Manager  (score 8).,UX Research Ops – Program Manager ,8
,,,6,"Implementation Consultant, HighQ",,Thomson Reuters,https://thomsonreuters.wd5.myworkdayjobs.com/External_Career_Site/job/United-States-of-America-Eagan-Minnesota/Implementation-Consultant--HighQ_JREQ200670,unknown,"SAFe, Software Project Management, Program Management, Customer Success, Legal Technology
Deterministic profile match: 5 profile skills mentioned; title alignment 1.0/3.0; domain signals 7.",,,,,,,,,https://thomsonreuters.wd5.myworkdayjobs.com/External_Career_Site/job/United-States-of-America-Eagan-Minnesota/Implementation-Consultant--HighQ_JREQ200670,,,,2026-05-19T03:52:28.317114+00:00,not_checked_network_restricted,Not finalized: outbound link checking was blocked in sandbox.,Moved because Thomson Reuters already has a stronger kept row: UX Research Ops – Program Manager  (score 8).,UX Research Ops – Program Manager ,8
,,,6,Legal Solutions Account Manager,,Thomson Reuters,https://thomsonreuters.wd5.myworkdayjobs.com/External_Career_Site/job/Australia-Pyrmont-New-South-Wales/Legal-Solutions-Account-Manager_JREQ200791,hybrid,"ERP, Legal Technology
Deterministic refreshed score: 2 profile skills mentioned
title alignment 1.0/3.0
domain signals 9",,,,,,,,,https://thomsonreuters.wd5.myworkdayjobs.com/External_Career_Site/job/Australia-Pyrmont-New-South-Wales/Legal-Solutions-Account-Manager_JREQ200791,,,,2026-05-20T23:48:38.351359+00:00,not_checked_network_restricted,Added from ApplyPilot DB; outbound link checking was blocked in sandbox.,Moved because Thomson Reuters already has a stronger kept row: UX Research Ops – Program Manager  (score 8).,UX Research Ops – Program Manager ,8
,,,6,"Manager, Data Platform",,Thomson Reuters,https://thomsonreuters.wd5.myworkdayjobs.com/External_Career_Site/job/India-Bengaluru-Karnataka/Manager--Data-Platform_JREQ199546,hybrid,"Python, SQL, RBAC, Data Governance Frameworks, Data Pipelines, Data Warehousing, Snowflake, AWS, Power BI, Legal Technology
Deterministic profile match: 10 profile skills mentioned; title alignment 0.0/3.0; domain signals 9. Title relevance penalty 1.0 applied.",,,,,,,,,https://thomsonreuters.wd5.myworkdayjobs.com/External_Career_Site/job/India-Bengaluru-Karnataka/Manager--Data-Platform_JREQ199546,,,,2026-05-14T22:01:57.065581+00:00,not_checked_network_restricted,Not finalized: outbound link checking was blocked in sandbox.,Moved because Thomson Reuters already has a stronger kept row: UX Research Ops – Program Manager  (score 8).,UX Research Ops – Program Manager ,8
,,,6,"Manager, Global Large Law Firms Revenue Operations",,Thomson Reuters,https://thomsonreuters.wd5.myworkdayjobs.com/External_Career_Site/job/United-States-of-America-Eagan-Minnesota/Manager--Revenue-Operations_JREQ199812,hybrid,"SQL, Go-to-market Strategy, Hybrid Project Management, SAFe, Software Project Management, Data Governance Frameworks, Stakeholder Management, Program Management, Resource Planning, Legal Technology
Deterministic profile match: 10 profile skills mentioned; title alignment 0.0/3.0; domain signals 5. Title relevance penalty 1.0 applied.",,,,,,,,,https://thomsonreuters.wd5.myworkdayjobs.com/External_Career_Site/job/United-States-of-America-Eagan-Minnesota/Manager--Revenue-Operations_JREQ199812,,,,2026-05-14T22:01:57.065581+00:00,not_checked_network_restricted,Not finalized: outbound link checking was blocked in sandbox.,Moved because Thomson Reuters already has a stronger kept row: UX Research Ops – Program Manager  (score 8).,UX Research Ops – Program Manager ,8
,,,6,"Manager, Research Engineering (Foundational Research)",,Thomson Reuters,https://thomsonreuters.wd5.myworkdayjobs.com/External_Career_Site/job/United-Kingdom-London/Manager--Research-Engineering--Foundational-Research-_JREQ198844,hybrid,"Python, Hybrid Project Management, Software Project Management, Data Governance Frameworks, Machine Learning Frameworks, Requirements Gathering, AI/ML, Risk Management, Data Pipelines, AWS, VS Code, Legal Technology
Deterministic profile match: 12 profile skills mentioned; title alignment 0.0/3.0; domain signals 6. Title relevance penalty 1.0 applied.",,,,,,,,,https://thomsonreuters.wd5.myworkdayjobs.com/External_Career_Site/job/United-Kingdom-London/Manager--Research-Engineering--Foundational-Research-_JREQ198844,,,,2026-05-14T22:01:57.065581+00:00,not_checked_network_restricted,Not finalized: outbound link checking was blocked in sandbox.,Moved because Thomson Reuters already has a stronger kept row: UX Research Ops – Program Manager  (score 8).,UX Research Ops – Program Manager ,8
,,,6,"Manager, Revenue Operations – Forecasting & Reporting",,Thomson Reuters,https://thomsonreuters.wd5.myworkdayjobs.com/External_Career_Site/job/United-States-of-America-Eagan-Minnesota/Manager--Revenue-Operations---Forecasting---Reporting_JREQ200220,hybrid,"Hybrid Project Management, SAFe, Software Project Management, Stakeholder Management, Program Management, Customer Success, Training Enablement, Resource Planning, Workflow Automation, Power BI, Legal Technology
Deterministic profile match: 11 profile skills mentioned; title alignment 0.0/3.0; domain signals 5. Title relevance penalty 1.0 applied.",,,,,,,,,https://thomsonreuters.wd5.myworkdayjobs.com/External_Career_Site/job/United-States-of-America-Eagan-Minnesota/Manager--Revenue-Operations---Forecasting---Reporting_JREQ200220,,,,2026-05-14T22:01:57.065581+00:00,not_checked_network_restricted,Not finalized: outbound link checking was blocked in sandbox.,Moved because Thomson Reuters already has a stronger kept row: UX Research Ops – Program Manager  (score 8).,UX Research Ops – Program Manager ,8
,,,6,Privacy Operations Manager,,Thomson Reuters,https://thomsonreuters.wd5.myworkdayjobs.com/External_Career_Site/job/Poland-Gdansk/HIPAA-and-Regulated-Data-Risk-Analyst_JREQ194849,hybrid,"Hybrid Project Management, Software Project Management, Data Governance Frameworks, Program Management, Technical Documentation, AI/ML, Risk Management, Workflow Automation, Legal Technology
Deterministic profile match: 9 profile skills mentioned; title alignment 0.0/3.0; domain signals 6. Title relevance penalty 1.0 applied.",,,,,,,,,https://thomsonreuters.wd5.myworkdayjobs.com/External_Career_Site/job/Poland-Gdansk/HIPAA-and-Regulated-Data-Risk-Analyst_JREQ194849,,,,2026-05-14T22:01:57.065581+00:00,not_checked_network_restricted,Not finalized: outbound link checking was blocked in sandbox.,Moved because Thomson Reuters already has a stronger kept row: UX Research Ops – Program Manager  (score 8).,UX Research Ops – Program Manager ,8
,,,6,Product Manager (Accounting / Legal Experience) - Cleardocs,,Thomson Reuters,https://thomsonreuters.wd5.myworkdayjobs.com/External_Career_Site/job/Australia-Melbourne-Victoria/Product-Manager--Legal-Experience-_JREQ198352,hybrid,"Data Governance Frameworks, Roadmap Planning, Legal Technology
Deterministic profile match: 3 profile skills mentioned; title alignment 1.0/3.0; domain signals 10.",,,,,,,,,https://thomsonreuters.wd5.myworkdayjobs.com/External_Career_Site/job/Australia-Melbourne-Victoria/Product-Manager--Legal-Experience-_JREQ198352,,,,2026-05-14T22:01:57.065581+00:00,not_checked_network_restricted,Not finalized: outbound link checking was blocked in sandbox.,Moved because Thomson Reuters already has a stronger kept row: UX Research Ops – Program Manager  (score 8).,UX Research Ops – Program Manager ,8
,,,6,Product Success Manager - Direct Tax,,Thomson Reuters,https://thomsonreuters.wd5.myworkdayjobs.com/External_Career_Site/job/United-States-of-America-Ann-Arbor-Michigan/Product-Success-Manager_JREQ199773-1,unknown,"SAFe, Program Management, Roadmap Planning, Customer Success, Resource Planning, Legal Technology
Deterministic profile match: 6 profile skills mentioned; title alignment 0.0/3.0; domain signals 7.",,,,,,,,,https://thomsonreuters.wd5.myworkdayjobs.com/External_Career_Site/job/United-States-of-America-Ann-Arbor-Michigan/Product-Success-Manager_JREQ199773-1,,,,2026-05-14T22:01:57.065581+00:00,not_checked_network_restricted,Not finalized: outbound link checking was blocked in sandbox.,Moved because Thomson Reuters already has a stronger kept row: UX Research Ops – Program Manager  (score 8).,UX Research Ops – Program Manager ,8
,,,6,Senior Implementation Consultant,,Thomson Reuters,https://thomsonreuters.wd5.myworkdayjobs.com/External_Career_Site/job/India-Hyderabad-Telangana/Senior-Implementation-Consultant_JREQ198145,hybrid,"Hybrid Project Management, Software Project Management, Stakeholder Management, Legal Technology
Deterministic profile match: 4 profile skills mentioned; title alignment 1.0/3.0; domain signals 6.",,,,,,,,,https://thomsonreuters.wd5.myworkdayjobs.com/External_Career_Site/job/India-Hyderabad-Telangana/Senior-Implementation-Consultant_JREQ198145,,,,2026-05-14T22:01:57.065581+00:00,not_checked_network_restricted,Not finalized: outbound link checking was blocked in sandbox.,Moved because Thomson Reuters already has a stronger kept row: UX Research Ops – Program Manager  (score 8).,UX Research Ops – Program Manager ,8
,,,6,"Senior Manager, Controllership",,Thomson Reuters,https://thomsonreuters.wd5.myworkdayjobs.com/External_Career_Site/job/Brazil-So-Paulo-So-Paulo/Senior-Manager--Controllership_JREQ199041-1,unknown,"ERP
Deterministic refreshed score: 1 profile skills mentioned
title alignment 1.0/3.0
domain signals 7",,,,,,,,,https://thomsonreuters.wd5.myworkdayjobs.com/External_Career_Site/job/Brazil-So-Paulo-So-Paulo/Senior-Manager--Controllership_JREQ199041-1,,,,2026-05-20T23:48:38.351359+00:00,not_checked_network_restricted,Added from ApplyPilot DB; outbound link checking was blocked in sandbox.,Moved because Thomson Reuters already has a stronger kept row: UX Research Ops – Program Manager  (score 8).,UX Research Ops – Program Manager ,8
,,,6,"Senior Manager, Global Print Revenue Operations",,Thomson Reuters,https://thomsonreuters.wd5.myworkdayjobs.com/External_Career_Site/job/United-States-of-America-Eagan-Minnesota/Senior-Manager--Global-Print-Revenue-Operations_JREQ200252,hybrid,"SQL, Go-to-market Strategy, Hybrid Project Management, SAFe, Software Project Management, Data Governance Frameworks, Stakeholder Management, Program Management, Resource Planning, Legal Technology
Deterministic profile match: 10 profile skills mentioned; title alignment 0.0/3.0; domain signals 5. Title relevance penalty 1.0 applied.",,,,,,,,,https://thomsonreuters.wd5.myworkdayjobs.com/External_Career_Site/job/United-States-of-America-Eagan-Minnesota/Senior-Manager--Global-Print-Revenue-Operations_JREQ200252,,,,2026-05-14T22:01:57.065581+00:00,not_checked_network_restricted,Not finalized: outbound link checking was blocked in sandbox.,Moved because Thomson Reuters already has a stronger kept row: UX Research Ops – Program Manager  (score 8).,UX Research Ops – Program Manager ,8
,,,6,Senior Product Manager,,Thomson Reuters,https://thomsonreuters.wd5.myworkdayjobs.com/External_Career_Site/job/United-States-of-America-New-York-New-York/Senior-Product-Manager_JREQ200108,hybrid,"SAFe, Program Management, Deployment Workflows, Legal Technology
Deterministic profile match: 4 profile skills mentioned; title alignment 1.0/3.0; domain signals 8.",,,,,,,,,https://thomsonreuters.wd5.myworkdayjobs.com/External_Career_Site/job/United-States-of-America-New-York-New-York/Senior-Product-Manager_JREQ200108,,,,2026-05-14T22:01:57.065581+00:00,not_checked_network_restricted,Not finalized: outbound link checking was blocked in sandbox.,Moved because Thomson Reuters already has a stronger kept row: UX Research Ops – Program Manager  (score 8).,UX Research Ops – Program Manager ,8
,,,6,"Senior Product Manager - CoCounsel, Core Product",,Thomson Reuters,https://thomsonreuters.wd5.myworkdayjobs.com/External_Career_Site/job/United-States-of-America-Brooklyn-New-York/Senior-Product-Manager---CoCounsel--Core-Product_JREQ200109,hybrid,"Hybrid Project Management, SAFe, Software Project Management, Program Management, System Monitoring, Legal Technology
Deterministic profile match: 6 profile skills mentioned; title alignment 1.0/3.0; domain signals 6.",,,,,,,,,https://thomsonreuters.wd5.myworkdayjobs.com/External_Career_Site/job/United-States-of-America-Brooklyn-New-York/Senior-Product-Manager---CoCounsel--Core-Product_JREQ200109,,,,2026-05-14T22:01:57.065581+00:00,not_checked_network_restricted,Not finalized: outbound link checking was blocked in sandbox.,Moved because Thomson Reuters already has a stronger kept row: UX Research Ops – Program Manager  (score 8).,UX Research Ops – Program Manager ,8
,,,6,Tech Lead DevOps,,Thomson Reuters,https://thomsonreuters.wd5.myworkdayjobs.com/External_Career_Site/job/Brazil-So-Paulo-So-Paulo/Tech-Lead-DevOps_JREQ194474,unknown,"AWS, GitHub, Python, ServiceNow
Deterministic refreshed score: 4 profile skills mentioned
title alignment 1.0/3.0
domain signals 6",,,,,,,,,https://thomsonreuters.wd5.myworkdayjobs.com/External_Career_Site/job/Brazil-So-Paulo-So-Paulo/Tech-Lead-DevOps_JREQ194474,,,,2026-05-20T23:56:36.518706+00:00,not_checked_network_restricted,Added from ApplyPilot DB; outbound link checking was blocked in sandbox.,Moved because Thomson Reuters already has a stronger kept row: UX Research Ops – Program Manager  (score 8).,UX Research Ops – Program Manager ,8
,,,6,Technical Manager,,Thomson Reuters,https://thomsonreuters.wd5.myworkdayjobs.com/External_Career_Site/job/United-Arab-Emirates-Dubai-Dubai/Technical-Manager_JREQ200475,hybrid,"Retrospectives, Data Governance Frameworks, Stakeholder Management, Technical Documentation, Customer Success, Training Enablement, ERP, Legal Technology
Deterministic profile match: 8 profile skills mentioned; title alignment 0.0/3.0; domain signals 8. Title relevance penalty 1.0 applied.",,,,,,,,,https://thomsonreuters.wd5.myworkdayjobs.com/External_Career_Site/job/United-Arab-Emirates-Dubai-Dubai/Technical-Manager_JREQ200475,,,,2026-05-14T22:01:57.065581+00:00,not_checked_network_restricted,Not finalized: outbound link checking was blocked in sandbox.,Moved because Thomson Reuters already has a stronger kept row: UX Research Ops – Program Manager  (score 8).,UX Research Ops – Program Manager ,8
,,,5,Account Manager,,Thomson Reuters,https://thomsonreuters.wd5.myworkdayjobs.com/External_Career_Site/job/United-States-of-America-Eagan-Minnesota/Account-Manager_JREQ199375,hybrid,"SAFe, Program Management, Customer Success, Scheduling Management, Resource Planning, Release Coordination, Legal Technology, Microsoft Planner
Deterministic profile match: 8 profile skills mentioned; title alignment 0.0/3.0; domain signals 5. Title relevance penalty 1.0 applied.",,,,,,,,,https://thomsonreuters.wd5.myworkdayjobs.com/External_Career_Site/job/United-States-of-America-Eagan-Minnesota/Account-Manager_JREQ199375,,,,2026-05-14T22:01:57.065581+00:00,not_checked_network_restricted,Not finalized: outbound link checking was blocked in sandbox.,Moved because Thomson Reuters already has a stronger kept row: UX Research Ops – Program Manager  (score 8).,UX Research Ops – Program Manager ,8
,,,5,Accounting Manager,,Thomson Reuters,https://thomsonreuters.wd5.myworkdayjobs.com/External_Career_Site/job/Poland-Gdansk/Accounting-Manager_JREQ199120,hybrid,"Hybrid Project Management, Software Project Management, Program Management, Change Management, ERP, Risk Management, Power BI, Legal Technology
Deterministic profile match: 8 profile skills mentioned; title alignment 0.0/3.0; domain signals 4. Title relevance penalty 1.0 applied.",,,,,,,,,https://thomsonreuters.wd5.myworkdayjobs.com/External_Career_Site/job/Poland-Gdansk/Accounting-Manager_JREQ199120,,,,2026-05-14T22:01:57.065581+00:00,not_checked_network_restricted,Not finalized: outbound link checking was blocked in sandbox.,Moved because Thomson Reuters already has a stronger kept row: UX Research Ops – Program Manager  (score 8).,UX Research Ops – Program Manager ,8
,,,5,Assistant Manager Tax Projects - US Taxation (Form 1040),,Thomson Reuters,https://thomsonreuters.wd5.myworkdayjobs.com/External_Career_Site/job/India-Hyderabad-Telangana/Assistant-Manager-Tax-Projects--Project-Management-_JREQ198115,hybrid,"SQL, Hybrid Project Management, Software Project Management, Presentation Skills, Change Management, Legal Technology
Deterministic profile match: 6 profile skills mentioned; title alignment 0.0/3.0; domain signals 5.",,,,,,,,,https://thomsonreuters.wd5.myworkdayjobs.com/External_Career_Site/job/India-Hyderabad-Telangana/Assistant-Manager-Tax-Projects--Project-Management-_JREQ198115,,,,2026-05-14T22:01:57.065581+00:00,not_checked_network_restricted,Not finalized: outbound link checking was blocked in sandbox.,Moved because Thomson Reuters already has a stronger kept row: UX Research Ops – Program Manager  (score 8).,UX Research Ops – Program Manager ,8
,,,5,Customer Success Manager,,Thomson Reuters,https://thomsonreuters.wd5.myworkdayjobs.com/External_Career_Site/job/Malaysia-Kuala-Lumpur-Wilayah-Persekutuan-Kuala-Lumpur/Customer-Success-Manager_JREQ200479,hybrid,"Customer Success
Deterministic refreshed score: 1 profile skills mentioned
title alignment 1.0/3.0
domain signals 6",,,,,,,,,https://thomsonreuters.wd5.myworkdayjobs.com/External_Career_Site/job/Malaysia-Kuala-Lumpur-Wilayah-Persekutuan-Kuala-Lumpur/Customer-Success-Manager_JREQ200479,,,,2026-05-20T23:48:38.351359+00:00,not_checked_network_restricted,Added from ApplyPilot DB; outbound link checking was blocked in sandbox.,Moved because Thomson Reuters already has a stronger kept row: UX Research Ops – Program Manager  (score 8).,UX Research Ops – Program Manager ,8
,,,5,Customer Success Manager,,Thomson Reuters,https://thomsonreuters.wd5.myworkdayjobs.com/External_Career_Site/job/United-States-of-America-Eagan-Minnesota/Customer-Success-Manager_JREQ200254,unknown,"SAFe, Stakeholder Management, Program Management, Customer Success, Risk Management, Legal Technology
Deterministic profile match: 6 profile skills mentioned; title alignment 0.0/3.0; domain signals 7. Title relevance penalty 1.0 applied.",,,,,,,,,https://thomsonreuters.wd5.myworkdayjobs.com/External_Career_Site/job/United-States-of-America-Eagan-Minnesota/Customer-Success-Manager_JREQ200254,,,,2026-05-14T22:01:57.065581+00:00,not_checked_network_restricted,Not finalized: outbound link checking was blocked in sandbox.,Moved because Thomson Reuters already has a stronger kept row: UX Research Ops – Program Manager  (score 8).,UX Research Ops – Program Manager ,8
,,,5,Customer Success Manager,,Thomson Reuters,https://thomsonreuters.wd5.myworkdayjobs.com/External_Career_Site/job/United-States-of-America-New-York-New-York/Customer-Success-Manager_JREQ200626,hybrid,"Hybrid Project Management, SAFe, Software Project Management, Program Management, Presentation Skills, Customer Success, Training Enablement, Legal Technology
Deterministic profile match: 8 profile skills mentioned; title alignment 0.0/3.0; domain signals 6. Title relevance penalty 1.0 applied.",,,,,,,,,https://thomsonreuters.wd5.myworkdayjobs.com/External_Career_Site/job/United-States-of-America-New-York-New-York/Customer-Success-Manager_JREQ200626,,,,2026-05-14T22:01:57.065581+00:00,not_checked_network_restricted,Not finalized: outbound link checking was blocked in sandbox.,Moved because Thomson Reuters already has a stronger kept row: UX Research Ops – Program Manager  (score 8).,UX Research Ops – Program Manager ,8
,,,5,"Customer Success Manager, Corporate Tax",,Thomson Reuters,https://thomsonreuters.wd5.myworkdayjobs.com/External_Career_Site/job/United-States-of-America-Eagan-Minnesota/Customer-Success-Manager--Corporate-Tax_JREQ198614,unknown,"SAFe, Program Management, Customer Success, Resource Planning, ERP, Legal Technology
Deterministic profile match: 6 profile skills mentioned; title alignment 0.0/3.0; domain signals 7. Title relevance penalty 1.0 applied.",,,,,,,,,https://thomsonreuters.wd5.myworkdayjobs.com/External_Career_Site/job/United-States-of-America-Eagan-Minnesota/Customer-Success-Manager--Corporate-Tax_JREQ198614,,,,2026-05-14T22:01:57.065581+00:00,not_checked_network_restricted,Not finalized: outbound link checking was blocked in sandbox.,Moved because Thomson Reuters already has a stronger kept row: UX Research Ops – Program Manager  (score 8).,UX Research Ops – Program Manager ,8
,,,5,Data Scientist,,Thomson Reuters,https://thomsonreuters.wd5.myworkdayjobs.com/External_Career_Site/job/United-States-of-America-McLean-Virginia/Data-Scientist_JREQ200795,hybrid,"Python, SQL, JavaScript, Hybrid Project Management, SAFe, Software Project Management, Program Management, Technical Documentation, Customer Success, AI/ML, Data Pipelines, GitHub, Legal Technology
Deterministic profile match: 13 profile skills mentioned; title alignment 0.0/3.0; domain signals 7. Title relevance penalty 2.5 applied.",,,,,,,,,https://thomsonreuters.wd5.myworkdayjobs.com/External_Career_Site/job/United-States-of-America-McLean-Virginia/Data-Scientist_JREQ200795,,,,2026-05-19T03:52:28.317114+00:00,not_checked_network_restricted,Not finalized: outbound link checking was blocked in sandbox.,Moved because Thomson Reuters already has a stronger kept row: UX Research Ops – Program Manager  (score 8).,UX Research Ops – Program Manager ,8
,,,5,Go-To-Market (GTM) Territory Design Lead,,Thomson Reuters,https://thomsonreuters.wd5.myworkdayjobs.com/External_Career_Site/job/United-States-of-America-Eagan-Minnesota/Go-To-Market--GTM--Territory-Design-Lead_JREQ200662,hybrid,"Go-to-market Strategy, Hybrid Project Management, SAFe, Software Project Management, Data Governance Frameworks, Stakeholder Management, Program Management, Technical Documentation, Legal Technology
Deterministic profile match: 9 profile skills mentioned; title alignment 0.0/3.0; domain signals 5. Title relevance penalty 1.0 applied.",,,,,,,,,https://thomsonreuters.wd5.myworkdayjobs.com/External_Career_Site/job/United-States-of-America-Eagan-Minnesota/Go-To-Market--GTM--Territory-Design-Lead_JREQ200662,,,,2026-05-14T22:01:57.065581+00:00,not_checked_network_restricted,Not finalized: outbound link checking was blocked in sandbox.,Moved because Thomson Reuters already has a stronger kept row: UX Research Ops – Program Manager  (score 8).,UX Research Ops – Program Manager ,8
,,,5,"Head of Delivery, GCR & Korea - SaaS (项目交付主管)",,Thomson Reuters,https://thomsonreuters.wd5.myworkdayjobs.com/External_Career_Site/job/China-Beijing-Beijing/Head-of-Delivery---Greater-China---Korea--PS----_JREQ199876,hybrid,"Hybrid Project Management, Software Project Management, Program Management, Mentoring, Customer Success, ERP, Legal Technology
Deterministic profile match: 7 profile skills mentioned; title alignment 0.0/3.0; domain signals 9. Title relevance penalty 1.0 applied.",,,,,,,,,https://thomsonreuters.wd5.myworkdayjobs.com/External_Career_Site/job/China-Beijing-Beijing/Head-of-Delivery---Greater-China---Korea--PS----_JREQ199876,,,,2026-05-19T03:52:28.317114+00:00,not_checked_network_restricted,Not finalized: outbound link checking was blocked in sandbox.,Moved because Thomson Reuters already has a stronger kept row: UX Research Ops – Program Manager  (score 8).,UX Research Ops – Program Manager ,8
,,,5,"Lead Software Engineer, AI",,Thomson Reuters,https://thomsonreuters.wd5.myworkdayjobs.com/External_Career_Site/job/United-States-of-America-Eagan-Minnesota/Lead-Software-Engineer--AI_JREQ197733,hybrid,"Python, Hybrid Project Management, SAFe, Software Project Management, Data Governance Frameworks, Machine Learning Frameworks, Program Management, AI/ML, System Monitoring, Data Pipelines, AWS, Legal Technology
Deterministic profile match: 12 profile skills mentioned; title alignment 0.0/3.0; domain signals 7. Title relevance penalty 2.5 applied.",,,,,,,,,https://thomsonreuters.wd5.myworkdayjobs.com/External_Career_Site/job/United-States-of-America-Eagan-Minnesota/Lead-Software-Engineer--AI_JREQ197733,,,,2026-05-14T22:01:57.065581+00:00,not_checked_network_restricted,Not finalized: outbound link checking was blocked in sandbox.,Moved because Thomson Reuters already has a stronger kept row: UX Research Ops – Program Manager  (score 8).,UX Research Ops – Program Manager ,8
,,,5,Manager AI and Applied Research,,Thomson Reuters,https://thomsonreuters.wd5.myworkdayjobs.com/External_Career_Site/job/United-States-of-America-Eagan-Minnesota/Manager-AI-and-Applied-Research_JREQ194816-4,hybrid,"Python, SAFe, Program Management, AI/ML, Data Pipelines, AWS, Legal Technology
Deterministic profile match: 7 profile skills mentioned; title alignment 0.0/3.0; domain signals 6. Title relevance penalty 1.0 applied.",,,,,,,,,https://thomsonreuters.wd5.myworkdayjobs.com/External_Career_Site/job/United-States-of-America-Eagan-Minnesota/Manager-AI-and-Applied-Research_JREQ194816-4,,,,2026-05-14T22:01:57.065581+00:00,not_checked_network_restricted,Not finalized: outbound link checking was blocked in sandbox.,Moved because Thomson Reuters already has a stronger kept row: UX Research Ops – Program Manager  (score 8).,UX Research Ops – Program Manager ,8
,,,5,"Manager, DevOps and Cloud Infrastructure",,Thomson Reuters,https://thomsonreuters.wd5.myworkdayjobs.com/External_Career_Site/job/United-States-of-America-McLean-Virginia/Manager--DevOps-and-Cloud-Infrastructure_JREQ199930,hybrid,"Python, SAFe, Program Management, Risk Management, Database Access Governance, AWS, GitHub, Legal Technology
Deterministic profile match: 8 profile skills mentioned; title alignment 0.0/3.0; domain signals 5. Title relevance penalty 1.0 applied.",,,,,,,,,https://thomsonreuters.wd5.myworkdayjobs.com/External_Career_Site/job/United-States-of-America-McLean-Virginia/Manager--DevOps-and-Cloud-Infrastructure_JREQ199930,,,,2026-05-14T22:01:57.065581+00:00,not_checked_network_restricted,Not finalized: outbound link checking was blocked in sandbox.,Moved because Thomson Reuters already has a stronger kept row: UX Research Ops – Program Manager  (score 8).,UX Research Ops – Program Manager ,8
,,,5,"Manager, Fixed Asset & Project Accounting",,Thomson Reuters,https://thomsonreuters.wd5.myworkdayjobs.com/External_Career_Site/job/India-Bengaluru-Karnataka/Manager--Fixed-Asset---Project-Accounting_JREQ200354,hybrid,"Hybrid Project Management, Software Project Management, Stakeholder Management, Policy Automation, Power BI, Legal Technology
Deterministic profile match: 6 profile skills mentioned; title alignment 0.0/3.0; domain signals 5.",,,,,,,,,https://thomsonreuters.wd5.myworkdayjobs.com/External_Career_Site/job/India-Bengaluru-Karnataka/Manager--Fixed-Asset---Project-Accounting_JREQ200354,,,,2026-05-14T22:01:57.065581+00:00,not_checked_network_restricted,Not finalized: outbound link checking was blocked in sandbox.,Moved because Thomson Reuters already has a stronger kept row: UX Research Ops – Program Manager  (score 8).,UX Research Ops – Program Manager ,8
,,,5,"Manager, Lead Research Scientist, LLM Agents (Foundational Research)",,Thomson Reuters,https://thomsonreuters.wd5.myworkdayjobs.com/External_Career_Site/job/United-Kingdom-London/Manager--Lead-Research-Scientist--LLM-Agents--Foundational-Research-_JREQ193526,hybrid,"Data Governance Frameworks, Machine Learning Frameworks, AI/ML, Data Pipelines, AWS, Legal Technology, Google Cloud
Deterministic profile match: 7 profile skills mentioned; title alignment 0.0/3.0; domain signals 7. Title relevance penalty 1.0 applied.",,,,,,,,,https://thomsonreuters.wd5.myworkdayjobs.com/External_Career_Site/job/United-Kingdom-London/Manager--Lead-Research-Scientist--LLM-Agents--Foundational-Research-_JREQ193526,,,,2026-05-14T22:01:57.065581+00:00,not_checked_network_restricted,Not finalized: outbound link checking was blocked in sandbox.,Moved because Thomson Reuters already has a stronger kept row: UX Research Ops – Program Manager  (score 8).,UX Research Ops – Program Manager ,8
,,,5,"Manager, Lead Research Scientist, Training Data (Foundational  Research)",,Thomson Reuters,https://thomsonreuters.wd5.myworkdayjobs.com/External_Career_Site/job/United-Kingdom-London/Manager--Lead-Research-Scientist--Training-Data--Foundational--Research-_JREQ193528,hybrid,"Data Governance Frameworks, Machine Learning Frameworks, Resource Planning, AI/ML, Data Pipelines, AWS, Legal Technology, Google Cloud
Deterministic profile match: 8 profile skills mentioned; title alignment 0.0/3.0; domain signals 7. Title relevance penalty 1.0 applied.",,,,,,,,,https://thomsonreuters.wd5.myworkdayjobs.com/External_Career_Site/job/United-Kingdom-London/Manager--Lead-Research-Scientist--Training-Data--Foundational--Research-_JREQ193528,,,,2026-05-14T22:01:57.065581+00:00,not_checked_network_restricted,Not finalized: outbound link checking was blocked in sandbox.,Moved because Thomson Reuters already has a stronger kept row: UX Research Ops – Program Manager  (score 8).,UX Research Ops – Program Manager ,8
,,,5,"Marketer, Campaign Activation",,Thomson Reuters,https://thomsonreuters.wd5.myworkdayjobs.com/External_Career_Site/job/United-States-of-America-Eagan-Minnesota/Campaign-Management-Activation-Marketer_JREQ200569,hybrid,"Hybrid Project Management, SAFe, Software Project Management, Program Management, Requirements Gathering, Workflow Automation, Legal Technology
Deterministic profile match: 7 profile skills mentioned; title alignment 0.0/3.0; domain signals 8. Title relevance penalty 1.0 applied.",,,,,,,,,https://thomsonreuters.wd5.myworkdayjobs.com/External_Career_Site/job/United-States-of-America-Eagan-Minnesota/Campaign-Management-Activation-Marketer_JREQ200569,,,,2026-05-14T22:01:57.065581+00:00,not_checked_network_restricted,Not finalized: outbound link checking was blocked in sandbox.,Moved because Thomson Reuters already has a stronger kept row: UX Research Ops – Program Manager  (score 8).,UX Research Ops – Program Manager ,8
,,,5,"Marketer, Events & Sponsorship Activation",,Thomson Reuters,https://thomsonreuters.wd5.myworkdayjobs.com/External_Career_Site/job/United-States-of-America-Eagan-Minnesota/Campaign-Management-Marketer_JREQ200570,hybrid,"Hybrid Project Management, SAFe, Software Project Management, Program Management, Customer Success, Data Pipelines, Legal Technology
Deterministic profile match: 7 profile skills mentioned; title alignment 0.0/3.0; domain signals 8. Title relevance penalty 1.0 applied.",,,,,,,,,https://thomsonreuters.wd5.myworkdayjobs.com/External_Career_Site/job/United-States-of-America-Eagan-Minnesota/Campaign-Management-Marketer_JREQ200570,,,,2026-05-14T22:01:57.065581+00:00,not_checked_network_restricted,Not finalized: outbound link checking was blocked in sandbox.,Moved because Thomson Reuters already has a stronger kept row: UX Research Ops – Program Manager  (score 8).,UX Research Ops – Program Manager ,8
,,,5,"PMP Service Manager, E-invoicing",,Thomson Reuters,https://thomsonreuters.wd5.myworkdayjobs.com/External_Career_Site/job/United-States-of-America-Eagan-Minnesota/Service-Manager--E-invoicing_JREQ199490-1,hybrid,"Hybrid Project Management, SAFe, Software Project Management, Program Management, Customer Success, Resource Planning, ERP, Legal Technology
Deterministic profile match: 8 profile skills mentioned; title alignment 0.0/3.0; domain signals 7. Title relevance penalty 1.0 applied.",,,,,,,,,https://thomsonreuters.wd5.myworkdayjobs.com/External_Career_Site/job/United-States-of-America-Eagan-Minnesota/Service-Manager--E-invoicing_JREQ199490-1,,,,2026-05-14T22:01:57.065581+00:00,not_checked_network_restricted,Not finalized: outbound link checking was blocked in sandbox.,Moved because Thomson Reuters already has a stronger kept row: UX Research Ops – Program Manager  (score 8).,UX Research Ops – Program Manager ,8
,,,5,"Partnerships Manager, Legal Professionals",,Thomson Reuters,https://thomsonreuters.wd5.myworkdayjobs.com/External_Career_Site/job/United-States-of-America-New-York-New-York/Partnerships---Alliances-Manager_JREQ199452,hybrid,"Hybrid Project Management, SAFe, Software Project Management, Stakeholder Management, Program Management, Customer Success, Legal Technology
Deterministic profile match: 7 profile skills mentioned; title alignment 0.0/3.0; domain signals 6. Title relevance penalty 1.0 applied.",,,,,,,,,https://thomsonreuters.wd5.myworkdayjobs.com/External_Career_Site/job/United-States-of-America-New-York-New-York/Partnerships---Alliances-Manager_JREQ199452,,,,2026-05-14T22:01:57.065581+00:00,not_checked_network_restricted,Not finalized: outbound link checking was blocked in sandbox.,Moved because Thomson Reuters already has a stronger kept row: UX Research Ops – Program Manager  (score 8).,UX Research Ops – Program Manager ,8
,,,5,Senior Accountant - Fixed Asset & Project Accounting,,Thomson Reuters,https://thomsonreuters.wd5.myworkdayjobs.com/External_Career_Site/job/India-Bengaluru-Karnataka/Senior-Accountant---Fixed-Asset---Project-Accounting_JREQ200356,hybrid,"Hybrid Project Management, Software Project Management, Data Governance Frameworks, Stakeholder Management, Power BI, Legal Technology
Deterministic profile match: 6 profile skills mentioned; title alignment 0.0/3.0; domain signals 4.",,,,,,,,,https://thomsonreuters.wd5.myworkdayjobs.com/External_Career_Site/job/India-Bengaluru-Karnataka/Senior-Accountant---Fixed-Asset---Project-Accounting_JREQ200356,,,,2026-05-14T22:01:57.065581+00:00,not_checked_network_restricted,Not finalized: outbound link checking was blocked in sandbox.,Moved because Thomson Reuters already has a stronger kept row: UX Research Ops – Program Manager  (score 8).,UX Research Ops – Program Manager ,8
,,,5,Senior Client Resource Manager,,Thomson Reuters,https://thomsonreuters.wd5.myworkdayjobs.com/External_Career_Site/job/United-States-of-America-Eagan-Minnesota/Senior-Client-Resource-Manager_JREQ199173,hybrid,"SAFe, Data Governance Frameworks, Stakeholder Management, Program Management, Change Management, Resource Planning, Risk Management, Legal Technology
Deterministic profile match: 8 profile skills mentioned; title alignment 0.0/3.0; domain signals 5. Title relevance penalty 1.0 applied.",,,,,,,,,https://thomsonreuters.wd5.myworkdayjobs.com/External_Career_Site/job/United-States-of-America-Eagan-Minnesota/Senior-Client-Resource-Manager_JREQ199173,,,,2026-05-14T22:01:57.065581+00:00,not_checked_network_restricted,Not finalized: outbound link checking was blocked in sandbox.,Moved because Thomson Reuters already has a stronger kept row: UX Research Ops – Program Manager  (score 8).,UX Research Ops – Program Manager ,8
,,,5,Senior Data Scientist – Election & News Products,,Thomson Reuters,https://thomsonreuters.wd5.myworkdayjobs.com/External_Career_Site/job/United-States-of-America-Washington-District-of-Columbia/Senior-Data-Scientist---Editorial---News-Products_JREQ199598,hybrid,"Python, SQL, SAFe, Data Governance Frameworks, Machine Learning Frameworks, AI/ML, Data Pipelines, Snowflake, AWS, Legal Technology
Deterministic profile match: 10 profile skills mentioned; title alignment 0.0/3.0; domain signals 6. Title relevance penalty 1.5 applied.",,,,,,,,,https://thomsonreuters.wd5.myworkdayjobs.com/External_Career_Site/job/United-States-of-America-Washington-District-of-Columbia/Senior-Data-Scientist---Editorial---News-Products_JREQ199598,,,,2026-05-14T22:01:57.065581+00:00,not_checked_network_restricted,Not finalized: outbound link checking was blocked in sandbox.,Moved because Thomson Reuters already has a stronger kept row: UX Research Ops – Program Manager  (score 8).,UX Research Ops – Program Manager ,8
,,,5,Senior Internal Auditor,,Thomson Reuters,https://thomsonreuters.wd5.myworkdayjobs.com/External_Career_Site/job/India-Bengaluru-Karnataka/Assistant-Manager--Internal-Audit_JREQ198490,hybrid,"Hybrid Project Management, Software Project Management, Data Governance Frameworks, Stakeholder Management, Program Management, Presentation Skills, Change Management, Risk Management, Legal Technology
Deterministic profile match: 9 profile skills mentioned; title alignment 0.0/3.0; domain signals 5. Title relevance penalty 1.0 applied.",,,,,,,,,https://thomsonreuters.wd5.myworkdayjobs.com/External_Career_Site/job/India-Bengaluru-Karnataka/Assistant-Manager--Internal-Audit_JREQ198490,,,,2026-05-14T22:01:57.065581+00:00,not_checked_network_restricted,Not finalized: outbound link checking was blocked in sandbox.,Moved because Thomson Reuters already has a stronger kept row: UX Research Ops – Program Manager  (score 8).,UX Research Ops – Program Manager ,8
,,,5,Senior Lead Software Engineer - AI,,Thomson Reuters,https://thomsonreuters.wd5.myworkdayjobs.com/External_Career_Site/job/India-Bengaluru-Karnataka/Senior-Software-Engineer---AI-I_JREQ194745,hybrid,"Python, SQL, Agile Scrum, Data Governance Frameworks, Machine Learning Frameworks, AI/ML, System Monitoring, Data Pipelines, AWS, Legal Technology
Deterministic profile match: 10 profile skills mentioned; title alignment 0.0/3.0; domain signals 10. Title relevance penalty 2.5 applied.",,,,,,,,,https://thomsonreuters.wd5.myworkdayjobs.com/External_Career_Site/job/India-Bengaluru-Karnataka/Senior-Software-Engineer---AI-I_JREQ194745,,,,2026-05-14T22:01:57.065581+00:00,not_checked_network_restricted,Not finalized: outbound link checking was blocked in sandbox.,Moved because Thomson Reuters already has a stronger kept row: UX Research Ops – Program Manager  (score 8).,UX Research Ops – Program Manager ,8
,,,5,Senior Software Engineer - AI (Materia AI),,Thomson Reuters,https://thomsonreuters.wd5.myworkdayjobs.com/External_Career_Site/job/Canada-Toronto-Ontario/Senior-Software-Engineer---AI--Materia-AI-_JREQ196458-3,hybrid,"Python, Data Governance Frameworks, Mentoring, AI/ML, Observability Concepts, Data Pipelines, Distributed Systems Concepts, PostgreSQL, AWS, Legal Technology
Deterministic profile match: 10 profile skills mentioned; title alignment 0.0/3.0; domain signals 7. Title relevance penalty 2.5 applied.",,,,,,,,,https://thomsonreuters.wd5.myworkdayjobs.com/External_Career_Site/job/Canada-Toronto-Ontario/Senior-Software-Engineer---AI--Materia-AI-_JREQ196458-3,,,,2026-05-14T22:01:57.065581+00:00,not_checked_network_restricted,Not finalized: outbound link checking was blocked in sandbox.,Moved because Thomson Reuters already has a stronger kept row: UX Research Ops – Program Manager  (score 8).,UX Research Ops – Program Manager ,8
,,,5,Senior Software Engineer - AI (Materia AI),,Thomson Reuters,https://thomsonreuters.wd5.myworkdayjobs.com/External_Career_Site/job/United-States-of-America-Eagan-Minnesota/Senior-Software-Engineer---AI--Materia-AI-_JREQ196434-3,hybrid,"Python, SAFe, Data Governance Frameworks, Mentoring, AI/ML, Observability Concepts, Data Pipelines, Distributed Systems Concepts, PostgreSQL, AWS, Legal Technology
Deterministic profile match: 11 profile skills mentioned; title alignment 0.0/3.0; domain signals 7. Title relevance penalty 2.5 applied.",,,,,,,,,https://thomsonreuters.wd5.myworkdayjobs.com/External_Career_Site/job/United-States-of-America-Eagan-Minnesota/Senior-Software-Engineer---AI--Materia-AI-_JREQ196434-3,,,,2026-05-14T22:01:57.065581+00:00,not_checked_network_restricted,Not finalized: outbound link checking was blocked in sandbox.,Moved because Thomson Reuters already has a stronger kept row: UX Research Ops – Program Manager  (score 8).,UX Research Ops – Program Manager ,8
,,,5,Service Manager,,Thomson Reuters,https://thomsonreuters.wd5.myworkdayjobs.com/External_Career_Site/job/Sweden-Stockholm/Service-Manager_JREQ199246-1,hybrid,"Hybrid Project Management, Software Project Management, Stakeholder Management, Customer Success, Resource Planning, ERP, Legal Technology
Deterministic profile match: 7 profile skills mentioned; title alignment 0.0/3.0; domain signals 8. Title relevance penalty 1.0 applied.",,,,,,,,,https://thomsonreuters.wd5.myworkdayjobs.com/External_Career_Site/job/Sweden-Stockholm/Service-Manager_JREQ199246-1,,,,2026-05-14T22:01:57.065581+00:00,not_checked_network_restricted,Not finalized: outbound link checking was blocked in sandbox.,Moved because Thomson Reuters already has a stronger kept row: UX Research Ops – Program Manager  (score 8).,UX Research Ops – Program Manager ,8
,,,5,Software Engineer - AI,,Thomson Reuters,https://thomsonreuters.wd5.myworkdayjobs.com/External_Career_Site/job/India-Bengaluru-Karnataka/Senior-QA-Engineer---AI_JREQ194741,hybrid,"Python, SQL, Agile Scrum, Data Governance Frameworks, Machine Learning Frameworks, AI/ML, System Monitoring, Data Pipelines, AWS, Legal Technology
Deterministic profile match: 10 profile skills mentioned; title alignment 0.0/3.0; domain signals 10. Title relevance penalty 2.5 applied.",,,,,,,,,https://thomsonreuters.wd5.myworkdayjobs.com/External_Career_Site/job/India-Bengaluru-Karnataka/Senior-QA-Engineer---AI_JREQ194741,,,,2026-05-19T03:52:28.317114+00:00,not_checked_network_restricted,Not finalized: outbound link checking was blocked in sandbox.,Moved because Thomson Reuters already has a stronger kept row: UX Research Ops – Program Manager  (score 8).,UX Research Ops – Program Manager ,8
,,,5,"Sr. Customer Success Manger, Corporates Legal",,Thomson Reuters,https://thomsonreuters.wd5.myworkdayjobs.com/External_Career_Site/job/United-States-of-America-Ann-Arbor-Michigan/Sr-Customer-Success-Manger--Corporates-Legal_JREQ199895,unknown,"SAFe, Stakeholder Management, Program Management, Customer Success, Risk Management, Legal Technology
Deterministic profile match: 6 profile skills mentioned; title alignment 0.0/3.0; domain signals 7. Title relevance penalty 1.0 applied.",,,,,,,,,https://thomsonreuters.wd5.myworkdayjobs.com/External_Career_Site/job/United-States-of-America-Ann-Arbor-Michigan/Sr-Customer-Success-Manger--Corporates-Legal_JREQ199895,,,,2026-05-14T22:01:57.065581+00:00,not_checked_network_restricted,Not finalized: outbound link checking was blocked in sandbox.,Moved because Thomson Reuters already has a stronger kept row: UX Research Ops – Program Manager  (score 8).,UX Research Ops – Program Manager ,8
,,,5,Strategic Partnerships Manager - India,,Thomson Reuters,https://thomsonreuters.wd5.myworkdayjobs.com/External_Career_Site/job/India-Mumbai-Maharashtra/Strategic-Partnerships-Manager---India_JREQ200494,hybrid,"ERP
Deterministic refreshed score: 1 profile skills mentioned
title alignment 1.0/3.0
domain signals 4",,,,,,,,,https://thomsonreuters.wd5.myworkdayjobs.com/External_Career_Site/job/India-Mumbai-Maharashtra/Strategic-Partnerships-Manager---India_JREQ200494,,,,2026-05-20T23:48:38.351359+00:00,not_checked_network_restricted,Added from ApplyPilot DB; outbound link checking was blocked in sandbox.,Moved because Thomson Reuters already has a stronger kept row: UX Research Ops – Program Manager  (score 8).,UX Research Ops – Program Manager ,8
,,,5,"Supervisor, Accounting",,Thomson Reuters,https://thomsonreuters.wd5.myworkdayjobs.com/External_Career_Site/job/India-Hyderabad-Telangana/Supervisor--Accounting_JREQ199122,hybrid,"Data Governance Frameworks, Stakeholder Management, Technical Documentation, ERP, Risk Management, Power BI, Legal Technology
Deterministic profile match: 7 profile skills mentioned; title alignment 0.0/3.0; domain signals 6. Title relevance penalty 1.0 applied.",,,,,,,,,https://thomsonreuters.wd5.myworkdayjobs.com/External_Career_Site/job/India-Hyderabad-Telangana/Supervisor--Accounting_JREQ199122,,,,2026-05-14T22:01:57.065581+00:00,not_checked_network_restricted,Not finalized: outbound link checking was blocked in sandbox.,Moved because Thomson Reuters already has a stronger kept row: UX Research Ops – Program Manager  (score 8).,UX Research Ops – Program Manager ,8
,,,5,Technical Engineering Manager - Master Data Management,,Thomson Reuters,https://thomsonreuters.wd5.myworkdayjobs.com/External_Career_Site/job/India-Bengaluru-Karnataka/Technical-Engineering-Manager---Master-Data-Management_JREQ199331,hybrid,"Python, SQL, Change Management, AI/ML, AWS, ServiceNow, Legal Technology
Deterministic profile match: 7 profile skills mentioned; title alignment 0.0/3.0; domain signals 7. Title relevance penalty 1.0 applied.",,,,,,,,,https://thomsonreuters.wd5.myworkdayjobs.com/External_Career_Site/job/India-Bengaluru-Karnataka/Technical-Engineering-Manager---Master-Data-Management_JREQ199331,,,,2026-05-14T22:01:57.065581+00:00,not_checked_network_restricted,Not finalized: outbound link checking was blocked in sandbox.,Moved because Thomson Reuters already has a stronger kept row: UX Research Ops – Program Manager  (score 8).,UX Research Ops – Program Manager ,8
,,,4,Analyst,,Thomson Reuters,https://thomsonreuters.wd5.myworkdayjobs.com/External_Career_Site/job/United-States-of-America-McLean-Virginia/Analyst_JREQ200541,hybrid,"Hybrid Project Management, SAFe, Software Project Management, Program Management, Customer Success, Risk Management, Database Access Governance, Legal Technology
Deterministic profile match: 8 profile skills mentioned; title alignment 0.0/3.0; domain signals 2. Title relevance penalty 1.0 applied.",,,,,,,,,https://thomsonreuters.wd5.myworkdayjobs.com/External_Career_Site/job/United-States-of-America-McLean-Virginia/Analyst_JREQ200541,,,,2026-05-14T22:01:57.065581+00:00,not_checked_network_restricted,Not finalized: outbound link checking was blocked in sandbox.,Moved because Thomson Reuters already has a stronger kept row: UX Research Ops – Program Manager  (score 8).,UX Research Ops – Program Manager ,8
,,,4,Analyst,,Thomson Reuters,https://thomsonreuters.wd5.myworkdayjobs.com/External_Career_Site/job/United-States-of-America-McLean-Virginia/Analyst_JREQ196033,hybrid,"Hybrid Project Management, SAFe, Software Project Management, Program Management, Customer Success, Risk Management, Database Access Governance, Legal Technology
Deterministic profile match: 8 profile skills mentioned; title alignment 0.0/3.0; domain signals 2. Title relevance penalty 1.0 applied.",,,,,,,,,https://thomsonreuters.wd5.myworkdayjobs.com/External_Career_Site/job/United-States-of-America-McLean-Virginia/Analyst_JREQ196033,,,,2026-05-14T22:01:57.065581+00:00,not_checked_network_restricted,Not finalized: outbound link checking was blocked in sandbox.,Moved because Thomson Reuters already has a stronger kept row: UX Research Ops – Program Manager  (score 8).,UX Research Ops – Program Manager ,8
,,,4,Associate Content Developer,,Thomson Reuters,https://thomsonreuters.wd5.myworkdayjobs.com/External_Career_Site/job/India-Hyderabad-Telangana/Associate-Content-Developer_JREQ199784,hybrid,"Stakeholder Management, Technical Documentation, Requirements Gathering, Legal Technology
Deterministic profile match: 4 profile skills mentioned; title alignment 0.0/3.0; domain signals 7. Title relevance penalty 1.0 applied.",,,,,,,,,https://thomsonreuters.wd5.myworkdayjobs.com/External_Career_Site/job/India-Hyderabad-Telangana/Associate-Content-Developer_JREQ199784,,,,2026-05-14T22:01:57.065581+00:00,not_checked_network_restricted,Not finalized: outbound link checking was blocked in sandbox.,Moved because Thomson Reuters already has a stronger kept row: UX Research Ops – Program Manager  (score 8).,UX Research Ops – Program Manager ,8
,,,4,Country Launch Manager,,Thomson Reuters,https://thomsonreuters.wd5.myworkdayjobs.com/External_Career_Site/job/Sweden-Gothenburg/Country-Launch-Manager_JREQ199382,hybrid,"Hybrid Project Management, Software Project Management, Stakeholder Management, Legal Technology
Deterministic profile match: 4 profile skills mentioned; title alignment 0.0/3.0; domain signals 7. Title relevance penalty 1.0 applied.",,,,,,,,,https://thomsonreuters.wd5.myworkdayjobs.com/External_Career_Site/job/Sweden-Gothenburg/Country-Launch-Manager_JREQ199382,,,,2026-05-14T22:01:57.065581+00:00,not_checked_network_restricted,Not finalized: outbound link checking was blocked in sandbox.,Moved because Thomson Reuters already has a stronger kept row: UX Research Ops – Program Manager  (score 8).,UX Research Ops – Program Manager ,8
,,,4,Customer Success Manager,,Thomson Reuters,https://thomsonreuters.wd5.myworkdayjobs.com/External_Career_Site/job/Philippines-Manila/Customer-Success-Manager_JREQ200538-1,hybrid,"Hybrid Project Management, Software Project Management, Customer Success, Risk Management, Legal Technology
Deterministic profile match: 5 profile skills mentioned; title alignment 0.0/3.0; domain signals 4. Title relevance penalty 1.0 applied.",,,,,,,,,https://thomsonreuters.wd5.myworkdayjobs.com/External_Career_Site/job/Philippines-Manila/Customer-Success-Manager_JREQ200538-1,,,,2026-05-14T22:01:57.065581+00:00,not_checked_network_restricted,Not finalized: outbound link checking was blocked in sandbox.,Moved because Thomson Reuters already has a stronger kept row: UX Research Ops – Program Manager  (score 8).,UX Research Ops – Program Manager ,8
,,,4,Customer Success Manager,,Thomson Reuters,https://thomsonreuters.wd5.myworkdayjobs.com/External_Career_Site/job/United-Kingdom-London/Customer-Success-Manager_JREQ199334,hybrid,"Hybrid Project Management, Software Project Management, Customer Success, Legal Technology
Deterministic profile match: 4 profile skills mentioned; title alignment 0.0/3.0; domain signals 5. Title relevance penalty 1.0 applied.",,,,,,,,,https://thomsonreuters.wd5.myworkdayjobs.com/External_Career_Site/job/United-Kingdom-London/Customer-Success-Manager_JREQ199334,,,,2026-05-14T22:01:57.065581+00:00,not_checked_network_restricted,Not finalized: outbound link checking was blocked in sandbox.,Moved because Thomson Reuters already has a stronger kept row: UX Research Ops – Program Manager  (score 8).,UX Research Ops – Program Manager ,8
,,,4,Digital Marketing Specialist - Thomson Reuters,,Thomson Reuters,https://thomsonreuters.wd5.myworkdayjobs.com/External_Career_Site/job/Egypt-Cairo-Cairo/Digital-Marketing-Specialist---Thomson-Reuters_JREQ200410,hybrid,"SQL, Legal Technology, Google Analytics
Deterministic profile match: 3 profile skills mentioned; title alignment 0.0/3.0; domain signals 6. Title relevance penalty 1.0 applied.",,,,,,,,,https://thomsonreuters.wd5.myworkdayjobs.com/External_Career_Site/job/Egypt-Cairo-Cairo/Digital-Marketing-Specialist---Thomson-Reuters_JREQ200410,,,,2026-05-14T22:01:57.065581+00:00,not_checked_network_restricted,Not finalized: outbound link checking was blocked in sandbox.,Moved because Thomson Reuters already has a stronger kept row: UX Research Ops – Program Manager  (score 8).,UX Research Ops – Program Manager ,8
,,,4,"Director, Partner-Integrated Delivery & Launch PMO",,Thomson Reuters,https://thomsonreuters.wd5.myworkdayjobs.com/External_Career_Site/job/United-States-of-America-Eagan-Minnesota/Director--Partner-Integrated-Delivery---Launch-PMO_JREQ200714,remote,"SAFe, Retrospectives, Data Governance Frameworks, Stakeholder Management, Program Management, KPI Tracking, ERP, Risk Management, Legal Technology
Deterministic profile match: 9 profile skills mentioned; title alignment 0.0/3.0; domain signals 8. Title relevance penalty 2.5 applied.",,,,,,,,,https://thomsonreuters.wd5.myworkdayjobs.com/External_Career_Site/job/United-States-of-America-Eagan-Minnesota/Director--Partner-Integrated-Delivery---Launch-PMO_JREQ200714,,,,2026-05-14T22:01:57.065581+00:00,not_checked_network_restricted,Not finalized: outbound link checking was blocked in sandbox.,Moved because Thomson Reuters already has a stronger kept row: UX Research Ops – Program Manager  (score 8).,UX Research Ops – Program Manager ,8
,,,4,Lead Software Engineer AI - (Materia AI),,Thomson Reuters,https://thomsonreuters.wd5.myworkdayjobs.com/External_Career_Site/job/United-States-of-America-Eagan-Minnesota/Lead-Software-Engineer-AI----Materia-AI-_JREQ196459-3,hybrid,"Python, SAFe, Experimentation Frameworks, Data Governance Frameworks, AI/ML, PostgreSQL, AWS, Legal Technology
Deterministic profile match: 8 profile skills mentioned; title alignment 0.0/3.0; domain signals 6. Title relevance penalty 2.5 applied.",,,,,,,,,https://thomsonreuters.wd5.myworkdayjobs.com/External_Career_Site/job/United-States-of-America-Eagan-Minnesota/Lead-Software-Engineer-AI----Materia-AI-_JREQ196459-3,,,,2026-05-14T22:01:57.065581+00:00,not_checked_network_restricted,Not finalized: outbound link checking was blocked in sandbox.,Moved because Thomson Reuters already has a stronger kept row: UX Research Ops – Program Manager  (score 8).,UX Research Ops – Program Manager ,8
,,,4,Manager AI and Applied Research,,Thomson Reuters,https://thomsonreuters.wd5.myworkdayjobs.com/External_Career_Site/job/Canada-Toronto-Ontario/Manager-AI-and-Applied-Research_JREQ195999-3,hybrid,"Python, AI/ML, System Monitoring, Data Pipelines, AWS, Legal Technology
Deterministic profile match: 6 profile skills mentioned; title alignment 0.0/3.0; domain signals 6. Title relevance penalty 1.0 applied.",,,,,,,,,https://thomsonreuters.wd5.myworkdayjobs.com/External_Career_Site/job/Canada-Toronto-Ontario/Manager-AI-and-Applied-Research_JREQ195999-3,,,,2026-05-14T22:01:57.065581+00:00,not_checked_network_restricted,Not finalized: outbound link checking was blocked in sandbox.,Moved because Thomson Reuters already has a stronger kept row: UX Research Ops – Program Manager  (score 8).,UX Research Ops – Program Manager ,8
,,,4,"Manager Software Engineer, CoCounsel International",,Thomson Reuters,https://thomsonreuters.wd5.myworkdayjobs.com/External_Career_Site/job/Switzerland-Zug-Zug/Manager-Software-Engineer--CoCounsel-International_JREQ198932-1,hybrid,"Python, Hybrid Project Management, Software Project Management, Data Governance Frameworks, Customer Success, AWS, Legal Technology
Deterministic profile match: 7 profile skills mentioned; title alignment 0.0/3.0; domain signals 8. Title relevance penalty 2.5 applied.",,,,,,,,,https://thomsonreuters.wd5.myworkdayjobs.com/External_Career_Site/job/Switzerland-Zug-Zug/Manager-Software-Engineer--CoCounsel-International_JREQ198932-1,,,,2026-05-14T22:01:57.065581+00:00,not_checked_network_restricted,Not finalized: outbound link checking was blocked in sandbox.,Moved because Thomson Reuters already has a stronger kept row: UX Research Ops – Program Manager  (score 8).,UX Research Ops – Program Manager ,8
,,,4,"Manager, AI and Innovation Communications",,Thomson Reuters,https://thomsonreuters.wd5.myworkdayjobs.com/External_Career_Site/job/Canada-Toronto-Ontario/Manager--AI-and-Innovation-Communications_JREQ200292,hybrid,"Customer Success, System Monitoring, Legal Technology
Deterministic profile match: 3 profile skills mentioned; title alignment 0.0/3.0; domain signals 6. Title relevance penalty 1.0 applied.",,,,,,,,,https://thomsonreuters.wd5.myworkdayjobs.com/External_Career_Site/job/Canada-Toronto-Ontario/Manager--AI-and-Innovation-Communications_JREQ200292,,,,2026-05-14T22:01:57.065581+00:00,not_checked_network_restricted,Not finalized: outbound link checking was blocked in sandbox.,Moved because Thomson Reuters already has a stronger kept row: UX Research Ops – Program Manager  (score 8).,UX Research Ops – Program Manager ,8
,,,4,"Manager, Business Development – Reuters News Agency",,Thomson Reuters,https://thomsonreuters.wd5.myworkdayjobs.com/External_Career_Site/job/United-States-of-America-New-York-New-York/Manager--Business-Development---Reuters-News-Agency_JREQ199523-1,hybrid,"SAFe, Program Management, Requirements Gathering, Legal Technology
Deterministic profile match: 4 profile skills mentioned; title alignment 0.0/3.0; domain signals 6. Title relevance penalty 1.0 applied.",,,,,,,,,https://thomsonreuters.wd5.myworkdayjobs.com/External_Career_Site/job/United-States-of-America-New-York-New-York/Manager--Business-Development---Reuters-News-Agency_JREQ199523-1,,,,2026-05-14T22:01:57.065581+00:00,not_checked_network_restricted,Not finalized: outbound link checking was blocked in sandbox.,Moved because Thomson Reuters already has a stronger kept row: UX Research Ops – Program Manager  (score 8).,UX Research Ops – Program Manager ,8
,,,4,"Manager, Influencer Relations, Legal",,Thomson Reuters,https://thomsonreuters.wd5.myworkdayjobs.com/External_Career_Site/job/United-States-of-America-Eagan-Minnesota/Manager--Influencer-Relations--Legal_JREQ199708-1,hybrid,"SAFe, Program Management, Risk Management, Legal Technology
Deterministic profile match: 4 profile skills mentioned; title alignment 0.0/3.0; domain signals 5. Title relevance penalty 1.0 applied.",,,,,,,,,https://thomsonreuters.wd5.myworkdayjobs.com/External_Career_Site/job/United-States-of-America-Eagan-Minnesota/Manager--Influencer-Relations--Legal_JREQ199708-1,,,,2026-05-14T22:01:57.065581+00:00,not_checked_network_restricted,Not finalized: outbound link checking was blocked in sandbox.,Moved because Thomson Reuters already has a stronger kept row: UX Research Ops – Program Manager  (score 8).,UX Research Ops – Program Manager ,8
,,,4,"Manager, Strategic Initiatives – Commissions",,Thomson Reuters,https://thomsonreuters.wd5.myworkdayjobs.com/External_Career_Site/job/India-Hyderabad-Telangana/Manager--Strategic-Initiatives---Commissions_JREQ200257,hybrid,"Hybrid Project Management, Software Project Management, Requirements Gathering, Change Management, Power BI, Legal Technology
Deterministic profile match: 6 profile skills mentioned; title alignment 0.0/3.0; domain signals 5. Title relevance penalty 1.0 applied.",,,,,,,,,https://thomsonreuters.wd5.myworkdayjobs.com/External_Career_Site/job/India-Hyderabad-Telangana/Manager--Strategic-Initiatives---Commissions_JREQ200257,,,,2026-05-14T22:01:57.065581+00:00,not_checked_network_restricted,Not finalized: outbound link checking was blocked in sandbox.,Moved because Thomson Reuters already has a stronger kept row: UX Research Ops – Program Manager  (score 8).,UX Research Ops – Program Manager ,8
,,,4,"Marketing Operations Manager, Asia and Emerging Markets",,Thomson Reuters,https://thomsonreuters.wd5.myworkdayjobs.com/External_Career_Site/job/Philippines-Manila/Marketing-Operations-Manager--Asia-and-Emerging-Markets_JREQ196616,hybrid,"Data Governance Frameworks, Change Management, Training Enablement, Workflow Automation, Power BI, Legal Technology
Deterministic profile match: 6 profile skills mentioned; title alignment 0.0/3.0; domain signals 5. Title relevance penalty 1.0 applied.",,,,,,,,,https://thomsonreuters.wd5.myworkdayjobs.com/External_Career_Site/job/Philippines-Manila/Marketing-Operations-Manager--Asia-and-Emerging-Markets_JREQ196616,,,,2026-05-14T22:01:57.065581+00:00,not_checked_network_restricted,Not finalized: outbound link checking was blocked in sandbox.,Moved because Thomson Reuters already has a stronger kept row: UX Research Ops – Program Manager  (score 8).,UX Research Ops – Program Manager ,8
,,,4,Partnership Manager - Remote,,Thomson Reuters,https://thomsonreuters.wd5.myworkdayjobs.com/External_Career_Site/job/United-States-of-America-Eagan-Minnesota/Partnership-Manager---Remote_JREQ200710,remote,"SAFe, Stakeholder Management, Program Management, Legal Technology
Deterministic profile match: 4 profile skills mentioned; title alignment 0.0/3.0; domain signals 6. Title relevance penalty 1.0 applied.",,,,,,,,,https://thomsonreuters.wd5.myworkdayjobs.com/External_Career_Site/job/United-States-of-America-Eagan-Minnesota/Partnership-Manager---Remote_JREQ200710,,,,2026-05-14T22:01:57.065581+00:00,not_checked_network_restricted,Not finalized: outbound link checking was blocked in sandbox.,Moved because Thomson Reuters already has a stronger kept row: UX Research Ops – Program Manager  (score 8).,UX Research Ops – Program Manager ,8
,,,4,"Partnership Manager, Commercial",,Thomson Reuters,https://thomsonreuters.wd5.myworkdayjobs.com/External_Career_Site/job/United-States-of-America-McLean-Virginia/Partnership-Manager--Commercial_JREQ200511,hybrid,"SAFe, Program Management, Presentation Skills, Customer Success, Training Enablement, Legal Technology
Deterministic profile match: 6 profile skills mentioned; title alignment 0.0/3.0; domain signals 3. Title relevance penalty 1.0 applied.",,,,,,,,,https://thomsonreuters.wd5.myworkdayjobs.com/External_Career_Site/job/United-States-of-America-McLean-Virginia/Partnership-Manager--Commercial_JREQ200511,,,,2026-05-14T22:01:57.065581+00:00,not_checked_network_restricted,Not finalized: outbound link checking was blocked in sandbox.,Moved because Thomson Reuters already has a stronger kept row: UX Research Ops – Program Manager  (score 8).,UX Research Ops – Program Manager ,8
,,,4,"Partnership Manager, Government",,Thomson Reuters,https://thomsonreuters.wd5.myworkdayjobs.com/External_Career_Site/job/United-States-of-America-McLean-Virginia/Partnership-Manager--Government_JREQ200423,hybrid,"SAFe, Program Management, Presentation Skills, Customer Success, Training Enablement, Legal Technology
Deterministic profile match: 6 profile skills mentioned; title alignment 0.0/3.0; domain signals 3. Title relevance penalty 1.0 applied.",,,,,,,,,https://thomsonreuters.wd5.myworkdayjobs.com/External_Career_Site/job/United-States-of-America-McLean-Virginia/Partnership-Manager--Government_JREQ200423,,,,2026-05-14T22:01:57.065581+00:00,not_checked_network_restricted,Not finalized: outbound link checking was blocked in sandbox.,Moved because Thomson Reuters already has a stronger kept row: UX Research Ops – Program Manager  (score 8).,UX Research Ops – Program Manager ,8
,,,4,Pleno Project Analyst,,Thomson Reuters,https://thomsonreuters.wd5.myworkdayjobs.com/External_Career_Site/job/Brazil-So-Paulo-So-Paulo/Pleno-Project-Analyst_JREQ199294,unknown,"Software Project Management, Legal Technology, Microsoft Planner
Deterministic profile match: 3 profile skills mentioned; title alignment 0.0/3.0; domain signals 4.",,,,,,,,,https://thomsonreuters.wd5.myworkdayjobs.com/External_Career_Site/job/Brazil-So-Paulo-So-Paulo/Pleno-Project-Analyst_JREQ199294,,,,2026-05-14T22:01:57.065581+00:00,not_checked_network_restricted,Not finalized: outbound link checking was blocked in sandbox.,Moved because Thomson Reuters already has a stronger kept row: UX Research Ops – Program Manager  (score 8).,UX Research Ops – Program Manager ,8
,,,4,"Product Manager, Westlaw AI",,Thomson Reuters,https://thomsonreuters.wd5.myworkdayjobs.com/External_Career_Site/job/Singapore-Singapore/Product-Manager--Westlaw-AI_JREQ198729,hybrid,"Legal Technology
Deterministic profile match: 1 profile skills mentioned; title alignment 1.0/3.0; domain signals 2.",,,,,,,,,https://thomsonreuters.wd5.myworkdayjobs.com/External_Career_Site/job/Singapore-Singapore/Product-Manager--Westlaw-AI_JREQ198729,,,,2026-05-14T22:01:57.065581+00:00,not_checked_network_restricted,Not finalized: outbound link checking was blocked in sandbox.,Moved because Thomson Reuters already has a stronger kept row: UX Research Ops – Program Manager  (score 8).,UX Research Ops – Program Manager ,8
,,,4,"Senior Analyst, Compliance",,Thomson Reuters,https://thomsonreuters.wd5.myworkdayjobs.com/External_Career_Site/job/United-States-of-America-Eagan-Minnesota/Senior-Analyst--Compliance_JREQ200381,hybrid,"SAFe, Program Management, Technical Documentation, ERP, Risk Management, System Monitoring, Legal Technology
Deterministic profile match: 7 profile skills mentioned; title alignment 0.0/3.0; domain signals 4. Title relevance penalty 1.0 applied.",,,,,,,,,https://thomsonreuters.wd5.myworkdayjobs.com/External_Career_Site/job/United-States-of-America-Eagan-Minnesota/Senior-Analyst--Compliance_JREQ200381,,,,2026-05-14T22:01:57.065581+00:00,not_checked_network_restricted,Not finalized: outbound link checking was blocked in sandbox.,Moved because Thomson Reuters already has a stronger kept row: UX Research Ops – Program Manager  (score 8).,UX Research Ops – Program Manager ,8
,,,4,Senior Client Resource Manager,,Thomson Reuters,https://thomsonreuters.wd5.myworkdayjobs.com/External_Career_Site/job/United-Kingdom-London/Senior-Client-Resource-Manager_JREQ199028,hybrid,"Data Governance Frameworks, Stakeholder Management, Change Management, Resource Planning, Risk Management, Legal Technology
Deterministic profile match: 6 profile skills mentioned; title alignment 0.0/3.0; domain signals 5. Title relevance penalty 1.0 applied.",,,,,,,,,https://thomsonreuters.wd5.myworkdayjobs.com/External_Career_Site/job/United-Kingdom-London/Senior-Client-Resource-Manager_JREQ199028,,,,2026-05-14T22:01:57.065581+00:00,not_checked_network_restricted,Not finalized: outbound link checking was blocked in sandbox.,Moved because Thomson Reuters already has a stronger kept row: UX Research Ops – Program Manager  (score 8).,UX Research Ops – Program Manager ,8
,,,4,Senior Client Resource Manager,,Thomson Reuters,https://thomsonreuters.wd5.myworkdayjobs.com/External_Career_Site/job/Sweden-Gothenburg/Senior-Client-Resource-Manager_JREQ198511,hybrid,"Data Governance Frameworks, Stakeholder Management, Change Management, Resource Planning, Risk Management, Legal Technology
Deterministic profile match: 6 profile skills mentioned; title alignment 0.0/3.0; domain signals 5. Title relevance penalty 1.0 applied.",,,,,,,,,https://thomsonreuters.wd5.myworkdayjobs.com/External_Career_Site/job/Sweden-Gothenburg/Senior-Client-Resource-Manager_JREQ198511,,,,2026-05-14T22:01:57.065581+00:00,not_checked_network_restricted,Not finalized: outbound link checking was blocked in sandbox.,Moved because Thomson Reuters already has a stronger kept row: UX Research Ops – Program Manager  (score 8).,UX Research Ops – Program Manager ,8
,,,4,"Senior Manager, AI and Innovation Communications",,Thomson Reuters,https://thomsonreuters.wd5.myworkdayjobs.com/External_Career_Site/job/Canada-Toronto-Ontario/Senior-Manager--AI-and-Innovation-Communications_JREQ200078,hybrid,"Data Governance Frameworks, Machine Learning Frameworks, Program Management, Customer Success, Legal Technology
Deterministic profile match: 5 profile skills mentioned; title alignment 0.0/3.0; domain signals 6. Title relevance penalty 1.0 applied.",,,,,,,,,https://thomsonreuters.wd5.myworkdayjobs.com/External_Career_Site/job/Canada-Toronto-Ontario/Senior-Manager--AI-and-Innovation-Communications_JREQ200078,,,,2026-05-14T22:01:57.065581+00:00,not_checked_network_restricted,Not finalized: outbound link checking was blocked in sandbox.,Moved because Thomson Reuters already has a stronger kept row: UX Research Ops – Program Manager  (score 8).,UX Research Ops – Program Manager ,8
,,,4,"Senior Manager, AI and Innovation Communications",,Thomson Reuters,https://thomsonreuters.wd5.myworkdayjobs.com/External_Career_Site/job/United-States-of-America-Frisco-Texas/Senior-Manager--AI-and-Innovation-Communications_JREQ200293,hybrid,"SAFe, Data Governance Frameworks, Machine Learning Frameworks, Program Management, Customer Success, Legal Technology
Deterministic profile match: 6 profile skills mentioned; title alignment 0.0/3.0; domain signals 6. Title relevance penalty 1.0 applied.",,,,,,,,,https://thomsonreuters.wd5.myworkdayjobs.com/External_Career_Site/job/United-States-of-America-Frisco-Texas/Senior-Manager--AI-and-Innovation-Communications_JREQ200293,,,,2026-05-14T22:01:57.065581+00:00,not_checked_network_restricted,Not finalized: outbound link checking was blocked in sandbox.,Moved because Thomson Reuters already has a stronger kept row: UX Research Ops – Program Manager  (score 8).,UX Research Ops – Program Manager ,8
,,,4,"Senior Manager, Publishing Editorial",,Thomson Reuters,https://thomsonreuters.wd5.myworkdayjobs.com/External_Career_Site/job/Philippines-Manila/Senior-Manager--Publishing-Editorial_JREQ198771,hybrid,"Stakeholder Management, Change Management, Resource Planning, Legal Technology
Deterministic profile match: 4 profile skills mentioned; title alignment 0.0/3.0; domain signals 6. Title relevance penalty 1.0 applied.",,,,,,,,,https://thomsonreuters.wd5.myworkdayjobs.com/External_Career_Site/job/Philippines-Manila/Senior-Manager--Publishing-Editorial_JREQ198771,,,,2026-05-14T22:01:57.065581+00:00,not_checked_network_restricted,Not finalized: outbound link checking was blocked in sandbox.,Moved because Thomson Reuters already has a stronger kept row: UX Research Ops – Program Manager  (score 8).,UX Research Ops – Program Manager ,8
,,,4,"Senior Partnerships Manager, Legal Professionals",,Thomson Reuters,https://thomsonreuters.wd5.myworkdayjobs.com/External_Career_Site/job/United-States-of-America-New-York-New-York/Senior-Partnerships-Manager--Legal-Professionals_JREQ200162,hybrid,"SAFe, OKRs, Legal Technology
Deterministic profile match: 3 profile skills mentioned; title alignment 0.0/3.0; domain signals 7. Title relevance penalty 1.0 applied.",,,,,,,,,https://thomsonreuters.wd5.myworkdayjobs.com/External_Career_Site/job/United-States-of-America-New-York-New-York/Senior-Partnerships-Manager--Legal-Professionals_JREQ200162,,,,2026-05-14T22:01:57.065581+00:00,not_checked_network_restricted,Not finalized: outbound link checking was blocked in sandbox.,Moved because Thomson Reuters already has a stronger kept row: UX Research Ops – Program Manager  (score 8).,UX Research Ops – Program Manager ,8
,,,4,Senior Pricing Analyst,,Thomson Reuters,https://thomsonreuters.wd5.myworkdayjobs.com/External_Career_Site/job/India-Hyderabad-Telangana/Senior-Pricing-Analyst_JREQ197673,hybrid,"SQL, SaaS Pricing Frameworks, Data Governance Frameworks, Legal Technology
Deterministic profile match: 4 profile skills mentioned; title alignment 0.0/3.0; domain signals 8. Title relevance penalty 1.0 applied.",,,,,,,,,https://thomsonreuters.wd5.myworkdayjobs.com/External_Career_Site/job/India-Hyderabad-Telangana/Senior-Pricing-Analyst_JREQ197673,,,,2026-05-14T22:01:57.065581+00:00,not_checked_network_restricted,Not finalized: outbound link checking was blocked in sandbox.,Moved because Thomson Reuters already has a stronger kept row: UX Research Ops – Program Manager  (score 8).,UX Research Ops – Program Manager ,8
,,,4,"Senior Programme Officer, TrustLaw, EMENA",,Thomson Reuters,https://thomsonreuters.wd5.myworkdayjobs.com/External_Career_Site/job/Spain-Madrid-Madrid/Senior-Programme-Officer--TrustLaw--EMENA_JREQ198989,remote,"Software Project Management, Legal Technology
Deterministic profile match: 2 profile skills mentioned; title alignment 0.0/3.0; domain signals 4.",,,,,,,,,https://thomsonreuters.wd5.myworkdayjobs.com/External_Career_Site/job/Spain-Madrid-Madrid/Senior-Programme-Officer--TrustLaw--EMENA_JREQ198989,,,,2026-05-14T22:01:57.065581+00:00,not_checked_network_restricted,Not finalized: outbound link checking was blocked in sandbox.,Moved because Thomson Reuters already has a stronger kept row: UX Research Ops – Program Manager  (score 8).,UX Research Ops – Program Manager ,8
,,,4,Senior Software Engineer -AI,,Thomson Reuters,https://thomsonreuters.wd5.myworkdayjobs.com/External_Career_Site/job/India-Bengaluru-Karnataka/Senior-Software-Engineer--AI_JREQ198632,hybrid,"Python, Data Governance Frameworks, Machine Learning Frameworks, AI/ML, System Monitoring, Data Pipelines, AWS, Legal Technology
Deterministic profile match: 8 profile skills mentioned; title alignment 0.0/3.0; domain signals 7. Title relevance penalty 2.5 applied.",,,,,,,,,https://thomsonreuters.wd5.myworkdayjobs.com/External_Career_Site/job/India-Bengaluru-Karnataka/Senior-Software-Engineer--AI_JREQ198632,,,,2026-05-14T22:01:57.065581+00:00,not_checked_network_restricted,Not finalized: outbound link checking was blocked in sandbox.,Moved because Thomson Reuters already has a stronger kept row: UX Research Ops – Program Manager  (score 8).,UX Research Ops – Program Manager ,8
,,,4,Senior Software Engineer – Mobile Development - Reuters,,Thomson Reuters,https://thomsonreuters.wd5.myworkdayjobs.com/External_Career_Site/job/India-Bengaluru-Karnataka/Senior-Software-Engineer---Mobile-Development---Reuters_JREQ196790,hybrid,"JavaScript, Agile Scrum, Kanban, Deployment Workflows, GitHub, Legal Technology
Deterministic profile match: 6 profile skills mentioned; title alignment 0.0/3.0; domain signals 10. Title relevance penalty 2.5 applied.",,,,,,,,,https://thomsonreuters.wd5.myworkdayjobs.com/External_Career_Site/job/India-Bengaluru-Karnataka/Senior-Software-Engineer---Mobile-Development---Reuters_JREQ196790,,,,2026-05-14T22:01:57.065581+00:00,not_checked_network_restricted,Not finalized: outbound link checking was blocked in sandbox.,Moved because Thomson Reuters already has a stronger kept row: UX Research Ops – Program Manager  (score 8).,UX Research Ops – Program Manager ,8
,,,4,Staff Software Engineer - AI I,,Thomson Reuters,https://thomsonreuters.wd5.myworkdayjobs.com/External_Career_Site/job/India-Hyderabad-Telangana/Staff-Software-Engineer---AI-I_JREQ199772,hybrid,"Python, Data Governance Frameworks, Machine Learning Frameworks, AI/ML, System Monitoring, Data Pipelines, Distributed Systems Concepts, AWS, Legal Technology
Deterministic profile match: 9 profile skills mentioned; title alignment 0.0/3.0; domain signals 7. Title relevance penalty 2.5 applied.",,,,,,,,,https://thomsonreuters.wd5.myworkdayjobs.com/External_Career_Site/job/India-Hyderabad-Telangana/Staff-Software-Engineer---AI-I_JREQ199772,,,,2026-05-14T22:01:57.065581+00:00,not_checked_network_restricted,Not finalized: outbound link checking was blocked in sandbox.,Moved because Thomson Reuters already has a stronger kept row: UX Research Ops – Program Manager  (score 8).,UX Research Ops – Program Manager ,8
,,,4,"Strategy & Planning Manager, CoCounsel",,Thomson Reuters,https://thomsonreuters.wd5.myworkdayjobs.com/External_Career_Site/job/United-States-of-America-Eagan-Minnesota/Strategy---Planning-Manager--CoCounsel_JREQ200448,unknown,"SAFe, Software Project Management, OKRs, Program Management, Customer Success, Change Management, Legal Technology
Deterministic profile match: 7 profile skills mentioned; title alignment 0.0/3.0; domain signals 3. Title relevance penalty 1.0 applied.",,,,,,,,,https://thomsonreuters.wd5.myworkdayjobs.com/External_Career_Site/job/United-States-of-America-Eagan-Minnesota/Strategy---Planning-Manager--CoCounsel_JREQ200448,,,,2026-05-14T22:01:57.065581+00:00,not_checked_network_restricted,Not finalized: outbound link checking was blocked in sandbox.,Moved because Thomson Reuters already has a stronger kept row: UX Research Ops – Program Manager  (score 8).,UX Research Ops – Program Manager ,8
,,,4,Supplier and Contract Manager,,Thomson Reuters,https://thomsonreuters.wd5.myworkdayjobs.com/External_Career_Site/job/Mexico-Mexico-City/Supplier-and-Contract-Manager_JREQ199135,hybrid,"Hybrid Project Management, Software Project Management, Stakeholder Management, Change Management, Risk Management, Legal Technology
Deterministic profile match: 6 profile skills mentioned; title alignment 0.0/3.0; domain signals 4. Title relevance penalty 1.0 applied.",,,,,,,,,https://thomsonreuters.wd5.myworkdayjobs.com/External_Career_Site/job/Mexico-Mexico-City/Supplier-and-Contract-Manager_JREQ199135,,,,2026-05-14T22:01:57.065581+00:00,not_checked_network_restricted,Not finalized: outbound link checking was blocked in sandbox.,Moved because Thomson Reuters already has a stronger kept row: UX Research Ops – Program Manager  (score 8).,UX Research Ops – Program Manager ,8
,,,3,"Account Manager,  Legal - IL/MO",,Thomson Reuters,https://thomsonreuters.wd5.myworkdayjobs.com/External_Career_Site/job/United-States-of-America-Chicago-Illinois/Account-Manager---Legal---IL-MO_JREQ200489,remote,"SAFe, Program Management, Legal Technology
Deterministic profile match: 3 profile skills mentioned; title alignment 0.0/3.0; domain signals 3. Title relevance penalty 1.0 applied.",,,,,,,,,https://thomsonreuters.wd5.myworkdayjobs.com/External_Career_Site/job/United-States-of-America-Chicago-Illinois/Account-Manager---Legal---IL-MO_JREQ200489,,,,2026-05-14T22:01:57.065581+00:00,not_checked_network_restricted,Not finalized: outbound link checking was blocked in sandbox.,Moved because Thomson Reuters already has a stronger kept row: UX Research Ops – Program Manager  (score 8).,UX Research Ops – Program Manager ,8
,,,3,"Account Manager, Tax/Trade",,Thomson Reuters,https://thomsonreuters.wd5.myworkdayjobs.com/External_Career_Site/job/United-States-of-America-Frisco-Texas/Account-Manager--Tax-Trade_JREQ200521,remote,"SAFe, Program Management, Legal Technology
Deterministic profile match: 3 profile skills mentioned; title alignment 0.0/3.0; domain signals 4. Title relevance penalty 1.0 applied.",,,,,,,,,https://thomsonreuters.wd5.myworkdayjobs.com/External_Career_Site/job/United-States-of-America-Frisco-Texas/Account-Manager--Tax-Trade_JREQ200521,,,,2026-05-14T22:01:57.065581+00:00,not_checked_network_restricted,Not finalized: outbound link checking was blocked in sandbox.,Moved because Thomson Reuters already has a stronger kept row: UX Research Ops – Program Manager  (score 8).,UX Research Ops – Program Manager ,8
,,,3,"Associate Customer Success Manager, Growth - Audit",,Thomson Reuters,https://thomsonreuters.wd5.myworkdayjobs.com/External_Career_Site/job/United-States-of-America-Eagan-Minnesota/Associate-Customer-Success-Manager--Growth---Audit_JREQ199692,unknown,"SAFe, Program Management, Customer Success, Legal Technology
Deterministic profile match: 4 profile skills mentioned; title alignment 0.0/3.0; domain signals 3. Title relevance penalty 1.0 applied.",,,,,,,,,https://thomsonreuters.wd5.myworkdayjobs.com/External_Career_Site/job/United-States-of-America-Eagan-Minnesota/Associate-Customer-Success-Manager--Growth---Audit_JREQ199692,,,,2026-05-14T22:01:57.065581+00:00,not_checked_network_restricted,Not finalized: outbound link checking was blocked in sandbox.,Moved because Thomson Reuters already has a stronger kept row: UX Research Ops – Program Manager  (score 8).,UX Research Ops – Program Manager ,8
,,,3,"Associate Manager, Consolidations",,Thomson Reuters,https://thomsonreuters.wd5.myworkdayjobs.com/External_Career_Site/job/Canada-Toronto-Ontario/Associate-Manager--Consolidations_JREQ200536,hybrid,"Legal Technology
Deterministic profile match: 1 profile skills mentioned; title alignment 0.0/3.0; domain signals 5. Title relevance penalty 1.0 applied.",,,,,,,,,https://thomsonreuters.wd5.myworkdayjobs.com/External_Career_Site/job/Canada-Toronto-Ontario/Associate-Manager--Consolidations_JREQ200536,,,,2026-05-14T22:01:57.065581+00:00,not_checked_network_restricted,Not finalized: outbound link checking was blocked in sandbox.,Moved because Thomson Reuters already has a stronger kept row: UX Research Ops – Program Manager  (score 8).,UX Research Ops – Program Manager ,8
,,,3,Asst. Manager - Operations (US Tax Returns),,Thomson Reuters,https://thomsonreuters.wd5.myworkdayjobs.com/External_Career_Site/job/India-Hyderabad-Telangana/Asst-Manager---Operations--US-Tax-Returns-_JREQ199844,hybrid,"Mentoring, Scheduling Management, Legal Technology
Deterministic profile match: 3 profile skills mentioned; title alignment 0.0/3.0; domain signals 4. Title relevance penalty 1.0 applied.",,,,,,,,,https://thomsonreuters.wd5.myworkdayjobs.com/External_Career_Site/job/India-Hyderabad-Telangana/Asst-Manager---Operations--US-Tax-Returns-_JREQ199844,,,,2026-05-14T22:01:57.065581+00:00,not_checked_network_restricted,Not finalized: outbound link checking was blocked in sandbox.,Moved because Thomson Reuters already has a stronger kept row: UX Research Ops – Program Manager  (score 8).,UX Research Ops – Program Manager ,8
,,,3,Asst. Manager – Commercial Finance & Business Partnering,,Thomson Reuters,https://thomsonreuters.wd5.myworkdayjobs.com/External_Career_Site/job/India-Hyderabad-Telangana/Sr-Lead-Analyst-Asst-Manager---Business-Finance-FP-A-_JREQ200674,hybrid,"Stakeholder Management, ERP, Power BI, Legal Technology
Deterministic profile match: 4 profile skills mentioned; title alignment 0.0/3.0; domain signals 4. Title relevance penalty 1.0 applied.",,,,,,,,,https://thomsonreuters.wd5.myworkdayjobs.com/External_Career_Site/job/India-Hyderabad-Telangana/Sr-Lead-Analyst-Asst-Manager---Business-Finance-FP-A-_JREQ200674,,,,2026-05-19T03:52:28.317114+00:00,not_checked_network_restricted,Not finalized: outbound link checking was blocked in sandbox.,Moved because Thomson Reuters already has a stronger kept row: UX Research Ops – Program Manager  (score 8).,UX Research Ops – Program Manager ,8
,,,3,Audit Consultant,,Thomson Reuters,https://thomsonreuters.wd5.myworkdayjobs.com/External_Career_Site/job/United-States-of-America-Ann-Arbor-Michigan/Audit-Consultant_JREQ200635-1,remote,"SAFe, Presentation Skills, Legal Technology
Deterministic profile match: 3 profile skills mentioned; title alignment 0.0/3.0; domain signals 3. Title relevance penalty 1.0 applied.",,,,,,,,,https://thomsonreuters.wd5.myworkdayjobs.com/External_Career_Site/job/United-States-of-America-Ann-Arbor-Michigan/Audit-Consultant_JREQ200635-1,,,,2026-05-14T22:01:57.065581+00:00,not_checked_network_restricted,Not finalized: outbound link checking was blocked in sandbox.,Moved because Thomson Reuters already has a stronger kept row: UX Research Ops – Program Manager  (score 8).,UX Research Ops – Program Manager ,8
,,,3,Business Development Manager – Corporate Legal Solutions,,Thomson Reuters,https://thomsonreuters.wd5.myworkdayjobs.com/External_Career_Site/job/Australia-Pyrmont-New-South-Wales/Business-Development-Manager---Corporate-Legal-Solutions_JREQ198369,hybrid,"Presentation Skills, Requirements Gathering, Customer Success, Risk Management, Legal Technology
Deterministic profile match: 5 profile skills mentioned; title alignment 0.0/3.0; domain signals 2. Title relevance penalty 1.0 applied.",,,,,,,,,https://thomsonreuters.wd5.myworkdayjobs.com/External_Career_Site/job/Australia-Pyrmont-New-South-Wales/Business-Development-Manager---Corporate-Legal-Solutions_JREQ198369,,,,2026-05-14T22:01:57.065581+00:00,not_checked_network_restricted,Not finalized: outbound link checking was blocked in sandbox.,Moved because Thomson Reuters already has a stronger kept row: UX Research Ops – Program Manager  (score 8).,UX Research Ops – Program Manager ,8
,,,3,"Business Development Manager, Legal",,Thomson Reuters,https://thomsonreuters.wd5.myworkdayjobs.com/External_Career_Site/job/Hong-Kong-Hong-Kong/Business-Development-Manager--Legal_JREQ199941,hybrid,"Presentation Skills, Customer Success, Legal Technology
Deterministic profile match: 3 profile skills mentioned; title alignment 0.0/3.0; domain signals 3. Title relevance penalty 1.0 applied.",,,,,,,,,https://thomsonreuters.wd5.myworkdayjobs.com/External_Career_Site/job/Hong-Kong-Hong-Kong/Business-Development-Manager--Legal_JREQ199941,,,,2026-05-14T22:01:57.065581+00:00,not_checked_network_restricted,Not finalized: outbound link checking was blocked in sandbox.,Moved because Thomson Reuters already has a stronger kept row: UX Research Ops – Program Manager  (score 8).,UX Research Ops – Program Manager ,8
,,,3,Business Operations Coordinator,,Thomson Reuters,https://thomsonreuters.wd5.myworkdayjobs.com/External_Career_Site/job/Philippines-Manila/Business-Operations-Coordinator_JREQ199300,unknown,"Software Project Management, Scheduling Management, Legal Technology
Deterministic profile match: 3 profile skills mentioned; title alignment 0.0/3.0; domain signals 4. Title relevance penalty 1.0 applied.",,,,,,,,,https://thomsonreuters.wd5.myworkdayjobs.com/External_Career_Site/job/Philippines-Manila/Business-Operations-Coordinator_JREQ199300,,,,2026-05-14T22:01:57.065581+00:00,not_checked_network_restricted,Not finalized: outbound link checking was blocked in sandbox.,Moved because Thomson Reuters already has a stronger kept row: UX Research Ops – Program Manager  (score 8).,UX Research Ops – Program Manager ,8
,,,3,"Client Executive, SafeSend/SurePrep",,Thomson Reuters,https://thomsonreuters.wd5.myworkdayjobs.com/External_Career_Site/job/United-States-of-America-Ann-Arbor-Michigan/Client-Executive--SafeSend-SurePrep_JREQ200132-1,hybrid,"SAFe, Program Management, Presentation Skills, Customer Success, Legal Technology
Deterministic profile match: 5 profile skills mentioned; title alignment 0.0/3.0; domain signals 3. Title relevance penalty 1.0 applied.",,,,,,,,,https://thomsonreuters.wd5.myworkdayjobs.com/External_Career_Site/job/United-States-of-America-Ann-Arbor-Michigan/Client-Executive--SafeSend-SurePrep_JREQ200132-1,,,,2026-05-14T22:01:57.065581+00:00,not_checked_network_restricted,Not finalized: outbound link checking was blocked in sandbox.,Moved because Thomson Reuters already has a stronger kept row: UX Research Ops – Program Manager  (score 8).,UX Research Ops – Program Manager ,8
,,,3,Customer Success Manager,,Thomson Reuters,https://thomsonreuters.wd5.myworkdayjobs.com/External_Career_Site/job/Philippines-Manila/Customer-Success-Manager_JREQ196637,hybrid,"Customer Success, Legal Technology
Deterministic profile match: 2 profile skills mentioned; title alignment 0.0/3.0; domain signals 6. Title relevance penalty 1.0 applied.",,,,,,,,,https://thomsonreuters.wd5.myworkdayjobs.com/External_Career_Site/job/Philippines-Manila/Customer-Success-Manager_JREQ196637,,,,2026-05-14T22:01:57.065581+00:00,not_checked_network_restricted,Not finalized: outbound link checking was blocked in sandbox.,Moved because Thomson Reuters already has a stronger kept row: UX Research Ops – Program Manager  (score 8).,UX Research Ops – Program Manager ,8
,,,3,"Customer Success Manager, Open Coverage - Audit",,Thomson Reuters,https://thomsonreuters.wd5.myworkdayjobs.com/External_Career_Site/job/United-States-of-America-Eagan-Minnesota/Customer-Success-Manager--Open-Coverage---Audit_JREQ200282,hybrid,"SAFe, Program Management, Customer Success, Legal Technology
Deterministic profile match: 4 profile skills mentioned; title alignment 0.0/3.0; domain signals 3. Title relevance penalty 1.0 applied.",,,,,,,,,https://thomsonreuters.wd5.myworkdayjobs.com/External_Career_Site/job/United-States-of-America-Eagan-Minnesota/Customer-Success-Manager--Open-Coverage---Audit_JREQ200282,,,,2026-05-14T22:01:57.065581+00:00,not_checked_network_restricted,Not finalized: outbound link checking was blocked in sandbox.,Moved because Thomson Reuters already has a stronger kept row: UX Research Ops – Program Manager  (score 8).,UX Research Ops – Program Manager ,8
,,,3,Digital Chat Assist,,Thomson Reuters,https://thomsonreuters.wd5.myworkdayjobs.com/External_Career_Site/job/Mexico-Mexico-City/Digital-Chat-Assist_JREQ200699,hybrid,"Database Access Governance, Legal Technology
Deterministic profile match: 2 profile skills mentioned; title alignment 0.0/3.0; domain signals 5. Title relevance penalty 1.0 applied.",,,,,,,,,https://thomsonreuters.wd5.myworkdayjobs.com/External_Career_Site/job/Mexico-Mexico-City/Digital-Chat-Assist_JREQ200699,,,,2026-05-19T03:52:28.317114+00:00,not_checked_network_restricted,Not finalized: outbound link checking was blocked in sandbox.,Moved because Thomson Reuters already has a stronger kept row: UX Research Ops – Program Manager  (score 8).,UX Research Ops – Program Manager ,8
,,,3,"E-File Analyst - US Tax (Form 1040,1041,1120 & 1065)",,Thomson Reuters,https://thomsonreuters.wd5.myworkdayjobs.com/External_Career_Site/job/India-Hyderabad-Telangana/Associate-QA---E-File-Analyst---Tax-Forms_JREQ197388,hybrid,"Hybrid Project Management, Software Project Management, Legal Technology
Deterministic profile match: 3 profile skills mentioned; title alignment 0.0/3.0; domain signals 3. Title relevance penalty 1.0 applied.",,,,,,,,,https://thomsonreuters.wd5.myworkdayjobs.com/External_Career_Site/job/India-Hyderabad-Telangana/Associate-QA---E-File-Analyst---Tax-Forms_JREQ197388,,,,2026-05-14T22:01:57.065581+00:00,not_checked_network_restricted,Not finalized: outbound link checking was blocked in sandbox.,Moved because Thomson Reuters already has a stronger kept row: UX Research Ops – Program Manager  (score 8).,UX Research Ops – Program Manager ,8
,,,3,Engagement Strategist,,Thomson Reuters,https://thomsonreuters.wd5.myworkdayjobs.com/External_Career_Site/job/Philippines-Manila/Engagement-Strategy-Specialist_JREQ199857,hybrid,"Stakeholder Management, Program Management, Legal Technology
Deterministic profile match: 3 profile skills mentioned; title alignment 0.0/3.0; domain signals 4. Title relevance penalty 1.0 applied.",,,,,,,,,https://thomsonreuters.wd5.myworkdayjobs.com/External_Career_Site/job/Philippines-Manila/Engagement-Strategy-Specialist_JREQ199857,,,,2026-05-14T22:01:57.065581+00:00,not_checked_network_restricted,Not finalized: outbound link checking was blocked in sandbox.,Moved because Thomson Reuters already has a stronger kept row: UX Research Ops – Program Manager  (score 8).,UX Research Ops – Program Manager ,8
,,,3,Estimator,,Thomson Reuters,https://thomsonreuters.wd5.myworkdayjobs.com/External_Career_Site/job/United-States-of-America-Eagan-Minnesota/Estimator_JREQ199210,unknown,"SAFe, Program Management, ERP, Legal Technology
Deterministic profile match: 4 profile skills mentioned; title alignment 0.0/3.0; domain signals 3. Title relevance penalty 1.0 applied.",,,,,,,,,https://thomsonreuters.wd5.myworkdayjobs.com/External_Career_Site/job/United-States-of-America-Eagan-Minnesota/Estimator_JREQ199210,,,,2026-05-14T22:01:57.065581+00:00,not_checked_network_restricted,Not finalized: outbound link checking was blocked in sandbox.,Moved because Thomson Reuters already has a stronger kept row: UX Research Ops – Program Manager  (score 8).,UX Research Ops – Program Manager ,8
,,,3,IT Sourcing Manager,,Thomson Reuters,https://thomsonreuters.wd5.myworkdayjobs.com/External_Career_Site/job/Mexico-Mexico-City/IT-Sourcing-Manager_JREQ197671,hybrid,"Program Management, Change Management, Risk Management, Legal Technology
Deterministic profile match: 4 profile skills mentioned; title alignment 0.0/3.0; domain signals 4. Title relevance penalty 1.0 applied.",,,,,,,,,https://thomsonreuters.wd5.myworkdayjobs.com/External_Career_Site/job/Mexico-Mexico-City/IT-Sourcing-Manager_JREQ197671,,,,2026-05-14T22:01:57.065581+00:00,not_checked_network_restricted,Not finalized: outbound link checking was blocked in sandbox.,Moved because Thomson Reuters already has a stronger kept row: UX Research Ops – Program Manager  (score 8).,UX Research Ops – Program Manager ,8
,,,3,Lead Software Engineer AI - (Materia AI),,Thomson Reuters,https://thomsonreuters.wd5.myworkdayjobs.com/External_Career_Site/job/United-States-of-America-New-York-New-York/Lead-Software-Engineer-AI----Materia-AI-_JREQ197157-3,unknown,"Python, SAFe, AI/ML, PostgreSQL, AWS, Legal Technology
Deterministic profile match: 6 profile skills mentioned; title alignment 0.0/3.0; domain signals 6. Title relevance penalty 2.5 applied.",,,,,,,,,https://thomsonreuters.wd5.myworkdayjobs.com/External_Career_Site/job/United-States-of-America-New-York-New-York/Lead-Software-Engineer-AI----Materia-AI-_JREQ197157-3,,,,2026-05-14T22:01:57.065581+00:00,not_checked_network_restricted,Not finalized: outbound link checking was blocked in sandbox.,Moved because Thomson Reuters already has a stronger kept row: UX Research Ops – Program Manager  (score 8).,UX Research Ops – Program Manager ,8
,,,3,Lead Software Engineer AI - (Materia AI) (Evergreen),,Thomson Reuters,https://thomsonreuters.wd5.myworkdayjobs.com/External_Career_Site/job/Mexico-Mexico-City/Lead-Software-Engineer-AI----Materia-AI---Evergreen-_JREQ199887,hybrid,"Python, Experimentation Frameworks, Data Governance Frameworks, AI/ML, PostgreSQL, AWS, Legal Technology
Deterministic profile match: 7 profile skills mentioned; title alignment 0.0/3.0; domain signals 6. Title relevance penalty 2.5 applied.",,,,,,,,,https://thomsonreuters.wd5.myworkdayjobs.com/External_Career_Site/job/Mexico-Mexico-City/Lead-Software-Engineer-AI----Materia-AI---Evergreen-_JREQ199887,,,,2026-05-14T22:01:57.065581+00:00,not_checked_network_restricted,Not finalized: outbound link checking was blocked in sandbox.,Moved because Thomson Reuters already has a stronger kept row: UX Research Ops – Program Manager  (score 8).,UX Research Ops – Program Manager ,8
,,,3,"Manager, AI and Innovation Communications",,Thomson Reuters,https://thomsonreuters.wd5.myworkdayjobs.com/External_Career_Site/job/Brazil-So-Paulo-So-Paulo/Manager--AI-and-Innovation-Communications_JREQ200077,unknown,"Customer Success, Legal Technology
Deterministic profile match: 2 profile skills mentioned; title alignment 0.0/3.0; domain signals 5. Title relevance penalty 1.0 applied.",,,,,,,,,https://thomsonreuters.wd5.myworkdayjobs.com/External_Career_Site/job/Brazil-So-Paulo-So-Paulo/Manager--AI-and-Innovation-Communications_JREQ200077,,,,2026-05-14T22:01:57.065581+00:00,not_checked_network_restricted,Not finalized: outbound link checking was blocked in sandbox.,Moved because Thomson Reuters already has a stronger kept row: UX Research Ops – Program Manager  (score 8).,UX Research Ops – Program Manager ,8
,,,3,"Manager, Cases Editorial",,Thomson Reuters,https://thomsonreuters.wd5.myworkdayjobs.com/External_Career_Site/job/Philippines-Manila/Manager--Cases-Editorial_JREQ199391,hybrid,"OKRs, Change Management, Legal Technology
Deterministic profile match: 3 profile skills mentioned; title alignment 0.0/3.0; domain signals 4. Title relevance penalty 1.0 applied.",,,,,,,,,https://thomsonreuters.wd5.myworkdayjobs.com/External_Career_Site/job/Philippines-Manila/Manager--Cases-Editorial_JREQ199391,,,,2026-05-14T22:01:57.065581+00:00,not_checked_network_restricted,Not finalized: outbound link checking was blocked in sandbox.,Moved because Thomson Reuters already has a stronger kept row: UX Research Ops – Program Manager  (score 8).,UX Research Ops – Program Manager ,8
,,,3,"Manager, Contracts Administration & Compliance",,Thomson Reuters,https://thomsonreuters.wd5.myworkdayjobs.com/External_Career_Site/job/United-States-of-America-Eagan-Minnesota/Manager--Contracts-Administration---Compliance_JREQ200245,hybrid,"SAFe, Program Management, Change Management, Risk Management, Legal Technology
Deterministic profile match: 5 profile skills mentioned; title alignment 0.0/3.0; domain signals 3. Title relevance penalty 1.0 applied.",,,,,,,,,https://thomsonreuters.wd5.myworkdayjobs.com/External_Career_Site/job/United-States-of-America-Eagan-Minnesota/Manager--Contracts-Administration---Compliance_JREQ200245,,,,2026-05-14T22:01:57.065581+00:00,not_checked_network_restricted,Not finalized: outbound link checking was blocked in sandbox.,Moved because Thomson Reuters already has a stronger kept row: UX Research Ops – Program Manager  (score 8).,UX Research Ops – Program Manager ,8
,,,3,"Manager, Enterprise Account Management (DACH)",,Thomson Reuters,https://thomsonreuters.wd5.myworkdayjobs.com/External_Career_Site/job/Germany-Langenfeld/Manager--Enterprise-Account-Management--DACH-_JREQ200133,unknown,"Customer Success, Change Management, Legal Technology
Deterministic profile match: 3 profile skills mentioned; title alignment 0.0/3.0; domain signals 4. Title relevance penalty 1.0 applied.",,,,,,,,,https://thomsonreuters.wd5.myworkdayjobs.com/External_Career_Site/job/Germany-Langenfeld/Manager--Enterprise-Account-Management--DACH-_JREQ200133,,,,2026-05-14T22:01:57.065581+00:00,not_checked_network_restricted,Not finalized: outbound link checking was blocked in sandbox.,Moved because Thomson Reuters already has a stronger kept row: UX Research Ops – Program Manager  (score 8).,UX Research Ops – Program Manager ,8
,,,3,"Manager, Legal Marketing Strategy",,Thomson Reuters,https://thomsonreuters.wd5.myworkdayjobs.com/External_Career_Site/job/United-Kingdom-London/Manager--Legal-Marketing-Strategy_JREQ199939,hybrid,"Stakeholder Management, Legal Technology
Deterministic profile match: 2 profile skills mentioned; title alignment 0.0/3.0; domain signals 4. Title relevance penalty 1.0 applied.",,,,,,,,,https://thomsonreuters.wd5.myworkdayjobs.com/External_Career_Site/job/United-Kingdom-London/Manager--Legal-Marketing-Strategy_JREQ199939,,,,2026-05-14T22:01:57.065581+00:00,not_checked_network_restricted,Not finalized: outbound link checking was blocked in sandbox.,Moved because Thomson Reuters already has a stronger kept row: UX Research Ops – Program Manager  (score 8).,UX Research Ops – Program Manager ,8
,,,3,"Manager, Media Relations, Legal",,Thomson Reuters,https://thomsonreuters.wd5.myworkdayjobs.com/External_Career_Site/job/United-States-of-America-Eagan-Minnesota/Manager--Media-Relations--Legal_JREQ199709,hybrid,"SAFe, Legal Technology
Deterministic profile match: 2 profile skills mentioned; title alignment 0.0/3.0; domain signals 5. Title relevance penalty 1.0 applied.",,,,,,,,,https://thomsonreuters.wd5.myworkdayjobs.com/External_Career_Site/job/United-States-of-America-Eagan-Minnesota/Manager--Media-Relations--Legal_JREQ199709,,,,2026-05-14T22:01:57.065581+00:00,not_checked_network_restricted,Not finalized: outbound link checking was blocked in sandbox.,Moved because Thomson Reuters already has a stronger kept row: UX Research Ops – Program Manager  (score 8).,UX Research Ops – Program Manager ,8
,,,3,"Manager, Procurement",,Thomson Reuters,https://thomsonreuters.wd5.myworkdayjobs.com/External_Career_Site/job/Mexico-Mexico-City/Manager--Procurement_JREQ198306,hybrid,"Program Management, Change Management, Risk Management, Legal Technology
Deterministic profile match: 4 profile skills mentioned; title alignment 0.0/3.0; domain signals 4. Title relevance penalty 1.0 applied.",,,,,,,,,https://thomsonreuters.wd5.myworkdayjobs.com/External_Career_Site/job/Mexico-Mexico-City/Manager--Procurement_JREQ198306,,,,2026-05-14T22:01:57.065581+00:00,not_checked_network_restricted,Not finalized: outbound link checking was blocked in sandbox.,Moved because Thomson Reuters already has a stronger kept row: UX Research Ops – Program Manager  (score 8).,UX Research Ops – Program Manager ,8
,,,3,"Manager, Publishing Editorial",,Thomson Reuters,https://thomsonreuters.wd5.myworkdayjobs.com/External_Career_Site/job/Philippines-Manila/Manager--Publishing-Editorial_JREQ199393,hybrid,"OKRs, Change Management, Legal Technology
Deterministic profile match: 3 profile skills mentioned; title alignment 0.0/3.0; domain signals 4. Title relevance penalty 1.0 applied.",,,,,,,,,https://thomsonreuters.wd5.myworkdayjobs.com/External_Career_Site/job/Philippines-Manila/Manager--Publishing-Editorial_JREQ199393,,,,2026-05-14T22:01:57.065581+00:00,not_checked_network_restricted,Not finalized: outbound link checking was blocked in sandbox.,Moved because Thomson Reuters already has a stronger kept row: UX Research Ops – Program Manager  (score 8).,UX Research Ops – Program Manager ,8
,,,3,"Manager, Sales - Corporates, IL",,Thomson Reuters,https://thomsonreuters.wd5.myworkdayjobs.com/External_Career_Site/job/United-States-of-America-Chicago-Illinois/Manager--Sales_JREQ200418,unknown,"SAFe, Software Project Management, Program Management, Customer Success, Change Management, Risk Management, Legal Technology
Deterministic profile match: 7 profile skills mentioned; title alignment 0.0/3.0; domain signals 4. Title relevance penalty 2.5 applied.",,,,,,,,,https://thomsonreuters.wd5.myworkdayjobs.com/External_Career_Site/job/United-States-of-America-Chicago-Illinois/Manager--Sales_JREQ200418,,,,2026-05-14T22:01:57.065581+00:00,not_checked_network_restricted,Not finalized: outbound link checking was blocked in sandbox.,Moved because Thomson Reuters already has a stronger kept row: UX Research Ops – Program Manager  (score 8).,UX Research Ops – Program Manager ,8
,,,3,"Manager, Sales-Corporates, TX",,Thomson Reuters,https://thomsonreuters.wd5.myworkdayjobs.com/External_Career_Site/job/United-States-of-America-Frisco-Texas/Manager--Sales_JREQ200419,unknown,"SAFe, Software Project Management, Program Management, Customer Success, Change Management, Risk Management, Legal Technology
Deterministic profile match: 7 profile skills mentioned; title alignment 0.0/3.0; domain signals 4. Title relevance penalty 2.5 applied.",,,,,,,,,https://thomsonreuters.wd5.myworkdayjobs.com/External_Career_Site/job/United-States-of-America-Frisco-Texas/Manager--Sales_JREQ200419,,,,2026-05-14T22:01:57.065581+00:00,not_checked_network_restricted,Not finalized: outbound link checking was blocked in sandbox.,Moved because Thomson Reuters already has a stronger kept row: UX Research Ops – Program Manager  (score 8).,UX Research Ops – Program Manager ,8
,,,3,Portfolio Manager - Reuters Events,,Thomson Reuters,https://thomsonreuters.wd5.myworkdayjobs.com/External_Career_Site/job/United-Kingdom-London/Portfolio-Manager---Reuters-Events_JREQ199338,hybrid,"Hybrid Project Management, Software Project Management, Customer Success, Legal Technology
Deterministic profile match: 4 profile skills mentioned; title alignment 0.0/3.0; domain signals 3. Title relevance penalty 1.0 applied.",,,,,,,,,https://thomsonreuters.wd5.myworkdayjobs.com/External_Career_Site/job/United-Kingdom-London/Portfolio-Manager---Reuters-Events_JREQ199338,,,,2026-05-14T22:01:57.065581+00:00,not_checked_network_restricted,Not finalized: outbound link checking was blocked in sandbox.,Moved because Thomson Reuters already has a stronger kept row: UX Research Ops – Program Manager  (score 8).,UX Research Ops – Program Manager ,8
,,,3,Product Marketing Manager,,Thomson Reuters,https://thomsonreuters.wd5.myworkdayjobs.com/External_Career_Site/job/United-States-of-America-Eagan-Minnesota/Product-Marketing-Manager_JREQ200396,hybrid,"SAFe, Program Management, Customer Success, Risk Management, Legal Technology
Deterministic profile match: 5 profile skills mentioned; title alignment 0.0/3.0; domain signals 3. Title relevance penalty 1.5 applied.",,,,,,,,,https://thomsonreuters.wd5.myworkdayjobs.com/External_Career_Site/job/United-States-of-America-Eagan-Minnesota/Product-Marketing-Manager_JREQ200396,,,,2026-05-14T22:01:57.065581+00:00,not_checked_network_restricted,Not finalized: outbound link checking was blocked in sandbox.,Moved because Thomson Reuters already has a stronger kept row: UX Research Ops – Program Manager  (score 8).,UX Research Ops – Program Manager ,8
,,,3,Product Marketing Manager,,Thomson Reuters,https://thomsonreuters.wd5.myworkdayjobs.com/External_Career_Site/job/United-States-of-America-Eagan-Minnesota/Product-Marketing-Manager_JREQ200219,hybrid,"SAFe, Stakeholder Management, Program Management, Legal Technology
Deterministic profile match: 4 profile skills mentioned; title alignment 0.0/3.0; domain signals 6. Title relevance penalty 1.5 applied.",,,,,,,,,https://thomsonreuters.wd5.myworkdayjobs.com/External_Career_Site/job/United-States-of-America-Eagan-Minnesota/Product-Marketing-Manager_JREQ200219,,,,2026-05-14T22:01:57.065581+00:00,not_checked_network_restricted,Not finalized: outbound link checking was blocked in sandbox.,Moved because Thomson Reuters already has a stronger kept row: UX Research Ops – Program Manager  (score 8).,UX Research Ops – Program Manager ,8
,,,3,Product Support Associate,,Thomson Reuters,https://thomsonreuters.wd5.myworkdayjobs.com/External_Career_Site/job/Poland-Gdansk/Product-Support-Associate_JREQ194805,hybrid,"Legal Technology
Deterministic profile match: 1 profile skills mentioned; title alignment 0.0/3.0; domain signals 4.",,,,,,,,,https://thomsonreuters.wd5.myworkdayjobs.com/External_Career_Site/job/Poland-Gdansk/Product-Support-Associate_JREQ194805,,,,2026-05-14T22:01:57.065581+00:00,not_checked_network_restricted,Not finalized: outbound link checking was blocked in sandbox.,Moved because Thomson Reuters already has a stronger kept row: UX Research Ops – Program Manager  (score 8).,UX Research Ops – Program Manager ,8
,,,3,"Sales Executive, Tax",,Thomson Reuters,https://thomsonreuters.wd5.myworkdayjobs.com/External_Career_Site/job/United-States-of-America-Ann-Arbor-Michigan/Sales-Executive--Tax_JREQ198440,hybrid,"SAFe, Program Management, Presentation Skills, Customer Success, Workflow Automation, Legal Technology
Deterministic profile match: 6 profile skills mentioned; title alignment 0.0/3.0; domain signals 5. Title relevance penalty 2.5 applied.",,,,,,,,,https://thomsonreuters.wd5.myworkdayjobs.com/External_Career_Site/job/United-States-of-America-Ann-Arbor-Michigan/Sales-Executive--Tax_JREQ198440,,,,2026-05-14T22:01:57.065581+00:00,not_checked_network_restricted,Not finalized: outbound link checking was blocked in sandbox.,Moved because Thomson Reuters already has a stronger kept row: UX Research Ops – Program Manager  (score 8).,UX Research Ops – Program Manager ,8
,,,3,"Sales Manager, Partnerships/Alliances & New Sales – Mid Law",,Thomson Reuters,https://thomsonreuters.wd5.myworkdayjobs.com/External_Career_Site/job/United-States-of-America-New-York-New-York/Sales-Manager--Partnerships-Alliances---New-Sales---Mid-Law_JREQ199539,unknown,"Go-to-market Strategy, SAFe, Stakeholder Management, Program Management, Customer Success, Legal Technology
Deterministic profile match: 6 profile skills mentioned; title alignment 0.0/3.0; domain signals 5. Title relevance penalty 2.5 applied.",,,,,,,,,https://thomsonreuters.wd5.myworkdayjobs.com/External_Career_Site/job/United-States-of-America-New-York-New-York/Sales-Manager--Partnerships-Alliances---New-Sales---Mid-Law_JREQ199539,,,,2026-05-14T22:01:57.065581+00:00,not_checked_network_restricted,Not finalized: outbound link checking was blocked in sandbox.,Moved because Thomson Reuters already has a stronger kept row: UX Research Ops – Program Manager  (score 8).,UX Research Ops – Program Manager ,8
,,,3,"Sales Operations Manager, Commercial Print",,Thomson Reuters,https://thomsonreuters.wd5.myworkdayjobs.com/External_Career_Site/job/United-States-of-America-Eagan-Minnesota/Sales-Operations-Manager--Commercial-Print_JREQ197403,hybrid,"SAFe, Program Management, Change Management, Training Enablement, Resource Planning, Power BI, Legal Technology
Deterministic profile match: 7 profile skills mentioned; title alignment 0.0/3.0; domain signals 3. Title relevance penalty 2.5 applied.",,,,,,,,,https://thomsonreuters.wd5.myworkdayjobs.com/External_Career_Site/job/United-States-of-America-Eagan-Minnesota/Sales-Operations-Manager--Commercial-Print_JREQ197403,,,,2026-05-14T22:01:57.065581+00:00,not_checked_network_restricted,Not finalized: outbound link checking was blocked in sandbox.,Moved because Thomson Reuters already has a stronger kept row: UX Research Ops – Program Manager  (score 8).,UX Research Ops – Program Manager ,8
,,,3,Sales Specialist,,Thomson Reuters,https://thomsonreuters.wd5.myworkdayjobs.com/External_Career_Site/job/United-Kingdom-London/Sales-Specialist_JREQ200747,remote,"Go-to-market Strategy, Software Project Management, Program Management, Roadmap Planning, Customer Success, Training Enablement, Legal Technology
Deterministic profile match: 7 profile skills mentioned; title alignment 0.0/3.0; domain signals 4. Title relevance penalty 2.5 applied.",,,,,,,,,https://thomsonreuters.wd5.myworkdayjobs.com/External_Career_Site/job/United-Kingdom-London/Sales-Specialist_JREQ200747,,,,2026-05-14T22:01:57.065581+00:00,not_checked_network_restricted,Not finalized: outbound link checking was blocked in sandbox.,Moved because Thomson Reuters already has a stronger kept row: UX Research Ops – Program Manager  (score 8).,UX Research Ops – Program Manager ,8
,,,3,Sales Specialist,,Thomson Reuters,https://thomsonreuters.wd5.myworkdayjobs.com/External_Career_Site/job/United-States-of-America-Eagan-Minnesota/Product-Sales-Specialist_JREQ199612,remote,"Go-to-market Strategy, SAFe, Software Project Management, Program Management, Roadmap Planning, Customer Success, Training Enablement, Legal Technology
Deterministic profile match: 8 profile skills mentioned; title alignment 0.0/3.0; domain signals 4. Title relevance penalty 2.5 applied.",,,,,,,,,https://thomsonreuters.wd5.myworkdayjobs.com/External_Career_Site/job/United-States-of-America-Eagan-Minnesota/Product-Sales-Specialist_JREQ199612,,,,2026-05-14T22:01:57.065581+00:00,not_checked_network_restricted,Not finalized: outbound link checking was blocked in sandbox.,Moved because Thomson Reuters already has a stronger kept row: UX Research Ops – Program Manager  (score 8).,UX Research Ops – Program Manager ,8
,,,3,Senior Business Development Manager,,Thomson Reuters,https://thomsonreuters.wd5.myworkdayjobs.com/External_Career_Site/job/Japan-Tokyo/Senior-Business-Development-Manager_JREQ199302-2,hybrid,"Presentation Skills, Requirements Gathering, Legal Technology
Deterministic profile match: 3 profile skills mentioned; title alignment 0.0/3.0; domain signals 3. Title relevance penalty 1.0 applied.",,,,,,,,,https://thomsonreuters.wd5.myworkdayjobs.com/External_Career_Site/job/Japan-Tokyo/Senior-Business-Development-Manager_JREQ199302-2,,,,2026-05-14T22:01:57.065581+00:00,not_checked_network_restricted,Not finalized: outbound link checking was blocked in sandbox.,Moved because Thomson Reuters already has a stronger kept row: UX Research Ops – Program Manager  (score 8).,UX Research Ops – Program Manager ,8
,,,3,Senior Business Development Manager,,Thomson Reuters,https://thomsonreuters.wd5.myworkdayjobs.com/External_Career_Site/job/Japan-Tokyo/Senior-Business-Development-Manager--Legal-Software-_JREQ195817,hybrid,"Presentation Skills, Requirements Gathering, Customer Success, Legal Technology
Deterministic profile match: 4 profile skills mentioned; title alignment 0.0/3.0; domain signals 3. Title relevance penalty 1.0 applied.",,,,,,,,,https://thomsonreuters.wd5.myworkdayjobs.com/External_Career_Site/job/Japan-Tokyo/Senior-Business-Development-Manager--Legal-Software-_JREQ195817,,,,2026-05-14T22:01:57.065581+00:00,not_checked_network_restricted,Not finalized: outbound link checking was blocked in sandbox.,Moved because Thomson Reuters already has a stronger kept row: UX Research Ops – Program Manager  (score 8).,UX Research Ops – Program Manager ,8
,,,3,"Senior Director, UX Design and Research",,Thomson Reuters,https://thomsonreuters.wd5.myworkdayjobs.com/External_Career_Site/job/United-States-of-America-Eagan-Minnesota/Senior-Director--UX-Design-and-Research_JREQ198032,hybrid,"SAFe, Stakeholder Management, Program Management, Roadmap Planning, Resource Planning, Legal Technology
Deterministic profile match: 6 profile skills mentioned; title alignment 0.0/3.0; domain signals 5. Title relevance penalty 2.5 applied.",,,,,,,,,https://thomsonreuters.wd5.myworkdayjobs.com/External_Career_Site/job/United-States-of-America-Eagan-Minnesota/Senior-Director--UX-Design-and-Research_JREQ198032,,,,2026-05-14T22:01:57.065581+00:00,not_checked_network_restricted,Not finalized: outbound link checking was blocked in sandbox.,Moved because Thomson Reuters already has a stronger kept row: UX Research Ops – Program Manager  (score 8).,UX Research Ops – Program Manager ,8
,,,3,"Senior Manager, US Federal Tax",,Thomson Reuters,https://thomsonreuters.wd5.myworkdayjobs.com/External_Career_Site/job/United-States-of-America-New-York-New-York/Senior-Manager--US-Federal-Tax_JREQ200412,hybrid,"SAFe, Program Management, Technical Documentation, Change Management, Legal Technology
Deterministic profile match: 5 profile skills mentioned; title alignment 0.0/3.0; domain signals 3. Title relevance penalty 1.0 applied.",,,,,,,,,https://thomsonreuters.wd5.myworkdayjobs.com/External_Career_Site/job/United-States-of-America-New-York-New-York/Senior-Manager--US-Federal-Tax_JREQ200412,,,,2026-05-14T22:01:57.065581+00:00,not_checked_network_restricted,Not finalized: outbound link checking was blocked in sandbox.,Moved because Thomson Reuters already has a stronger kept row: UX Research Ops – Program Manager  (score 8).,UX Research Ops – Program Manager ,8
,,,3,Social Media Community and Content Manager - Legal,,Thomson Reuters,https://thomsonreuters.wd5.myworkdayjobs.com/External_Career_Site/job/United-States-of-America-Ann-Arbor-Michigan/Social-Media-Community-and-Content-Manager---Legal_JREQ199946,hybrid,"SAFe, Program Management, Legal Technology
Deterministic profile match: 3 profile skills mentioned; title alignment 0.0/3.0; domain signals 3. Title relevance penalty 1.0 applied.",,,,,,,,,https://thomsonreuters.wd5.myworkdayjobs.com/External_Career_Site/job/United-States-of-America-Ann-Arbor-Michigan/Social-Media-Community-and-Content-Manager---Legal_JREQ199946,,,,2026-05-14T22:01:57.065581+00:00,not_checked_network_restricted,Not finalized: outbound link checking was blocked in sandbox.,Moved because Thomson Reuters already has a stronger kept row: UX Research Ops – Program Manager  (score 8).,UX Research Ops – Program Manager ,8
,,,3,"Solutions Consultant, MLF",,Thomson Reuters,https://thomsonreuters.wd5.myworkdayjobs.com/External_Career_Site/job/United-States-of-America-Eagan-Minnesota/Solutions-Consultant--MLF_JREQ200504,unknown,"SAFe, Software Project Management, Program Management, Legal Technology
Deterministic profile match: 4 profile skills mentioned; title alignment 0.0/3.0; domain signals 2. Title relevance penalty 1.0 applied.",,,,,,,,,https://thomsonreuters.wd5.myworkdayjobs.com/External_Career_Site/job/United-States-of-America-Eagan-Minnesota/Solutions-Consultant--MLF_JREQ200504,,,,2026-05-14T22:01:57.065581+00:00,not_checked_network_restricted,Not finalized: outbound link checking was blocked in sandbox.,Moved because Thomson Reuters already has a stronger kept row: UX Research Ops – Program Manager  (score 8).,UX Research Ops – Program Manager ,8
,,,3,Tax Consultant,,Thomson Reuters,https://thomsonreuters.wd5.myworkdayjobs.com/External_Career_Site/job/United-States-of-America-Ann-Arbor-Michigan/Tax-Consultant_JREQ199740,remote,"SAFe, Presentation Skills, Legal Technology
Deterministic profile match: 3 profile skills mentioned; title alignment 0.0/3.0; domain signals 3. Title relevance penalty 1.0 applied.",,,,,,,,,https://thomsonreuters.wd5.myworkdayjobs.com/External_Career_Site/job/United-States-of-America-Ann-Arbor-Michigan/Tax-Consultant_JREQ199740,,,,2026-05-14T22:01:57.065581+00:00,not_checked_network_restricted,Not finalized: outbound link checking was blocked in sandbox.,Moved because Thomson Reuters already has a stronger kept row: UX Research Ops – Program Manager  (score 8).,UX Research Ops – Program Manager ,8
,,,3,Technical Lead - System Integrations,,Thomson Reuters,https://thomsonreuters.wd5.myworkdayjobs.com/External_Career_Site/job/India-Bengaluru-Karnataka/Technical-Lead---System-Integrations_JREQ200064,hybrid,"Data Governance Frameworks, Technical Documentation, Mentoring, Legal Technology
Deterministic profile match: 4 profile skills mentioned; title alignment 0.0/3.0; domain signals 4. Title relevance penalty 1.0 applied.",,,,,,,,,https://thomsonreuters.wd5.myworkdayjobs.com/External_Career_Site/job/India-Bengaluru-Karnataka/Technical-Lead---System-Integrations_JREQ200064,,,,2026-05-14T22:01:57.065581+00:00,not_checked_network_restricted,Not finalized: outbound link checking was blocked in sandbox.,Moved because Thomson Reuters already has a stronger kept row: UX Research Ops – Program Manager  (score 8).,UX Research Ops – Program Manager ,8
,,,3,Trial Specialist,,Thomson Reuters,https://thomsonreuters.wd5.myworkdayjobs.com/External_Career_Site/job/United-Kingdom-London/Trial-Specialist_JREQ200654,hybrid,"Presentation Skills, Customer Success, Legal Technology
Deterministic profile match: 3 profile skills mentioned; title alignment 0.0/3.0; domain signals 4. Title relevance penalty 1.0 applied.",,,,,,,,,https://thomsonreuters.wd5.myworkdayjobs.com/External_Career_Site/job/United-Kingdom-London/Trial-Specialist_JREQ200654,,,,2026-05-14T22:01:57.065581+00:00,not_checked_network_restricted,Not finalized: outbound link checking was blocked in sandbox.,Moved because Thomson Reuters already has a stronger kept row: UX Research Ops – Program Manager  (score 8).,UX Research Ops – Program Manager ,8
,,,3,Website & Landing Page Agent  (Fixed Term),,Thomson Reuters,https://thomsonreuters.wd5.myworkdayjobs.com/External_Career_Site/job/Mexico-Mexico-City/Website---Landing-Page-Manager_JREQ199952,hybrid,"Stakeholder Management, Legal Technology, HubSpot
Deterministic profile match: 3 profile skills mentioned; title alignment 0.0/3.0; domain signals 3. Title relevance penalty 1.0 applied.",,,,,,,,,https://thomsonreuters.wd5.myworkdayjobs.com/External_Career_Site/job/Mexico-Mexico-City/Website---Landing-Page-Manager_JREQ199952,,,,2026-05-14T22:01:57.065581+00:00,not_checked_network_restricted,Not finalized: outbound link checking was blocked in sandbox.,Moved because Thomson Reuters already has a stronger kept row: UX Research Ops – Program Manager  (score 8).,UX Research Ops – Program Manager ,8
,,,2,"Account Executive, Risk/Fraud - DC/VA/MD",,Thomson Reuters,https://thomsonreuters.wd5.myworkdayjobs.com/External_Career_Site/job/Washington-DC-District-of-Columbia/Account-Manager--Risk-Fraud---DC-VA-MD_JREQ199002,remote,"SAFe, Program Management, Risk Management, Legal Technology
Deterministic profile match: 4 profile skills mentioned; title alignment 0.0/3.0; domain signals 3. Title relevance penalty 2.5 applied.",,,,,,,,,https://thomsonreuters.wd5.myworkdayjobs.com/External_Career_Site/job/Washington-DC-District-of-Columbia/Account-Manager--Risk-Fraud---DC-VA-MD_JREQ199002,,,,2026-05-14T22:01:57.065581+00:00,not_checked_network_restricted,Not finalized: outbound link checking was blocked in sandbox.,Moved because Thomson Reuters already has a stronger kept row: UX Research Ops – Program Manager  (score 8).,UX Research Ops – Program Manager ,8
,,,2,"Account Executive, Tax/Trade - DC/VA/MD/PA/NC",,Thomson Reuters,https://thomsonreuters.wd5.myworkdayjobs.com/External_Career_Site/job/Washington-DC-District-of-Columbia/Account-Manager--Tax-Trade---DC-VA-MD-PA-NC_JREQ199004-1,unknown,"SAFe, Program Management, Customer Success, Legal Technology
Deterministic profile match: 4 profile skills mentioned; title alignment 0.0/3.0; domain signals 3. Title relevance penalty 2.5 applied.",,,,,,,,,https://thomsonreuters.wd5.myworkdayjobs.com/External_Career_Site/job/Washington-DC-District-of-Columbia/Account-Manager--Tax-Trade---DC-VA-MD-PA-NC_JREQ199004-1,,,,2026-05-14T22:01:57.065581+00:00,not_checked_network_restricted,Not finalized: outbound link checking was blocked in sandbox.,Moved because Thomson Reuters already has a stronger kept row: UX Research Ops – Program Manager  (score 8).,UX Research Ops – Program Manager ,8
,,,2,Account Manager - Commercial Tax & Trade,,Thomson Reuters,https://thomsonreuters.wd5.myworkdayjobs.com/External_Career_Site/job/United-Kingdom-London/Account-Manager---Commercial-Tax---Trade_JREQ200120,hybrid,"Legal Technology
Deterministic profile match: 1 profile skills mentioned; title alignment 0.0/3.0; domain signals 3. Title relevance penalty 1.0 applied.",,,,,,,,,https://thomsonreuters.wd5.myworkdayjobs.com/External_Career_Site/job/United-Kingdom-London/Account-Manager---Commercial-Tax---Trade_JREQ200120,,,,2026-05-14T22:01:57.065581+00:00,not_checked_network_restricted,Not finalized: outbound link checking was blocked in sandbox.,Moved because Thomson Reuters already has a stronger kept row: UX Research Ops – Program Manager  (score 8).,UX Research Ops – Program Manager ,8
,,,2,Account Specialist,,Thomson Reuters,https://thomsonreuters.wd5.myworkdayjobs.com/External_Career_Site/job/Spain-Madrid-Madrid/Account-Specialist_JREQ200190,hybrid,"Customer Success, Legal Technology
Deterministic profile match: 2 profile skills mentioned; title alignment 0.0/3.0; domain signals 3. Title relevance penalty 1.0 applied.",,,,,,,,,https://thomsonreuters.wd5.myworkdayjobs.com/External_Career_Site/job/Spain-Madrid-Madrid/Account-Specialist_JREQ200190,,,,2026-05-14T22:01:57.065581+00:00,not_checked_network_restricted,Not finalized: outbound link checking was blocked in sandbox.,Moved because Thomson Reuters already has a stronger kept row: UX Research Ops – Program Manager  (score 8).,UX Research Ops – Program Manager ,8
,,,2,Accounting Analyst (Tax),,Thomson Reuters,https://thomsonreuters.wd5.myworkdayjobs.com/External_Career_Site/job/Poland-Gdansk/Accounting-Analyst--Tax-_JREQ200369-2,hybrid,"ERP, SOPs, Legal Technology
Deterministic profile match: 3 profile skills mentioned; title alignment 0.0/3.0; domain signals 2. Title relevance penalty 1.0 applied.",,,,,,,,,https://thomsonreuters.wd5.myworkdayjobs.com/External_Career_Site/job/Poland-Gdansk/Accounting-Analyst--Tax-_JREQ200369-2,,,,2026-05-14T22:01:57.065581+00:00,not_checked_network_restricted,Not finalized: outbound link checking was blocked in sandbox.,Moved because Thomson Reuters already has a stronger kept row: UX Research Ops – Program Manager  (score 8).,UX Research Ops – Program Manager ,8
,,,2,"Accounting Manager, Statutory Reporting",,Thomson Reuters,https://thomsonreuters.wd5.myworkdayjobs.com/External_Career_Site/job/Poland-Gdansk/Accounting-Manager_JREQ199073,hybrid,"Legal Technology
Deterministic profile match: 1 profile skills mentioned; title alignment 0.0/3.0; domain signals 3. Title relevance penalty 1.0 applied.",,,,,,,,,https://thomsonreuters.wd5.myworkdayjobs.com/External_Career_Site/job/Poland-Gdansk/Accounting-Manager_JREQ199073,,,,2026-05-14T22:01:57.065581+00:00,not_checked_network_restricted,Not finalized: outbound link checking was blocked in sandbox.,Moved because Thomson Reuters already has a stronger kept row: UX Research Ops – Program Manager  (score 8).,UX Research Ops – Program Manager ,8
,,,2,"Accounting Manager, Statutory Reporting",,Thomson Reuters,https://thomsonreuters.wd5.myworkdayjobs.com/External_Career_Site/job/United-Kingdom-London/Accounting-Manager_JREQ198280,hybrid,"Legal Technology
Deterministic profile match: 1 profile skills mentioned; title alignment 0.0/3.0; domain signals 3. Title relevance penalty 1.0 applied.",,,,,,,,,https://thomsonreuters.wd5.myworkdayjobs.com/External_Career_Site/job/United-Kingdom-London/Accounting-Manager_JREQ198280,,,,2026-05-14T22:01:57.065581+00:00,not_checked_network_restricted,Not finalized: outbound link checking was blocked in sandbox.,Moved because Thomson Reuters already has a stronger kept row: UX Research Ops – Program Manager  (score 8).,UX Research Ops – Program Manager ,8
,,,2,Accounting and Audit CPA Editor,,Thomson Reuters,https://thomsonreuters.wd5.myworkdayjobs.com/External_Career_Site/job/United-States-of-America-Eagan-Minnesota/Accounting-and-Audit-CPA-Editor_JREQ200594,hybrid,"SAFe, Legal Technology
Deterministic profile match: 2 profile skills mentioned; title alignment 0.0/3.0; domain signals 3. Title relevance penalty 1.0 applied.",,,,,,,,,https://thomsonreuters.wd5.myworkdayjobs.com/External_Career_Site/job/United-States-of-America-Eagan-Minnesota/Accounting-and-Audit-CPA-Editor_JREQ200594,,,,2026-05-14T22:01:57.065581+00:00,not_checked_network_restricted,Not finalized: outbound link checking was blocked in sandbox.,Moved because Thomson Reuters already has a stronger kept row: UX Research Ops – Program Manager  (score 8).,UX Research Ops – Program Manager ,8
,,,2,Business Development Manager - Fluent German,,Thomson Reuters,https://thomsonreuters.wd5.myworkdayjobs.com/External_Career_Site/job/Spain-Madrid-Madrid/Business-Development-Manager_JREQ200186,hybrid,"Legal Technology
Deterministic profile match: 1 profile skills mentioned; title alignment 0.0/3.0; domain signals 3. Title relevance penalty 1.0 applied.",,,,,,,,,https://thomsonreuters.wd5.myworkdayjobs.com/External_Career_Site/job/Spain-Madrid-Madrid/Business-Development-Manager_JREQ200186,,,,2026-05-14T22:01:57.065581+00:00,not_checked_network_restricted,Not finalized: outbound link checking was blocked in sandbox.,Moved because Thomson Reuters already has a stronger kept row: UX Research Ops – Program Manager  (score 8).,UX Research Ops – Program Manager ,8
,,,2,Business Development Manager - Reuters Events,,Thomson Reuters,https://thomsonreuters.wd5.myworkdayjobs.com/External_Career_Site/job/United-Kingdom-London/Business-Development-Manager---Reuters-Events_JREQ197657,hybrid,"Change Management, Legal Technology
Deterministic profile match: 2 profile skills mentioned; title alignment 0.0/3.0; domain signals 2. Title relevance penalty 1.0 applied.",,,,,,,,,https://thomsonreuters.wd5.myworkdayjobs.com/External_Career_Site/job/United-Kingdom-London/Business-Development-Manager---Reuters-Events_JREQ197657,,,,2026-05-14T22:01:57.065581+00:00,not_checked_network_restricted,Not finalized: outbound link checking was blocked in sandbox.,Moved because Thomson Reuters already has a stronger kept row: UX Research Ops – Program Manager  (score 8).,UX Research Ops – Program Manager ,8
,,,2,"Business Development Manager - Reuters Events, CX & Marketing Portfolio",,Thomson Reuters,https://thomsonreuters.wd5.myworkdayjobs.com/External_Career_Site/job/United-Kingdom-London/Business-Development-Manager---Reuters-Events--CX---Marketing-Portfolio_JREQ199478,hybrid,"Customer Success, Legal Technology
Deterministic profile match: 2 profile skills mentioned; title alignment 0.0/3.0; domain signals 3. Title relevance penalty 1.0 applied.",,,,,,,,,https://thomsonreuters.wd5.myworkdayjobs.com/External_Career_Site/job/United-Kingdom-London/Business-Development-Manager---Reuters-Events--CX---Marketing-Portfolio_JREQ199478,,,,2026-05-14T22:01:57.065581+00:00,not_checked_network_restricted,Not finalized: outbound link checking was blocked in sandbox.,Moved because Thomson Reuters already has a stronger kept row: UX Research Ops – Program Manager  (score 8).,UX Research Ops – Program Manager ,8
,,,2,"Business Development Manager, Legal Portfolio",,Thomson Reuters,https://thomsonreuters.wd5.myworkdayjobs.com/External_Career_Site/job/Singapore-Singapore/Business-Development-Manager--Legal-Portfolio_JREQ200296,hybrid,"Presentation Skills, Customer Success, Legal Technology
Deterministic profile match: 3 profile skills mentioned; title alignment 0.0/3.0; domain signals 2. Title relevance penalty 1.0 applied.",,,,,,,,,https://thomsonreuters.wd5.myworkdayjobs.com/External_Career_Site/job/Singapore-Singapore/Business-Development-Manager--Legal-Portfolio_JREQ200296,,,,2026-05-14T22:01:57.065581+00:00,not_checked_network_restricted,Not finalized: outbound link checking was blocked in sandbox.,Moved because Thomson Reuters already has a stronger kept row: UX Research Ops – Program Manager  (score 8).,UX Research Ops – Program Manager ,8
,,,2,Business Growth Manager,,Thomson Reuters,https://thomsonreuters.wd5.myworkdayjobs.com/External_Career_Site/job/Argentina-Buenos-Aires/Business-Growth-Manager_JREQ200545,unknown,"Stakeholder Management
Deterministic profile match: 1 profile skills mentioned; title alignment 0.0/3.0; domain signals 3. Title relevance penalty 1.0 applied.",,,,,,,,,https://thomsonreuters.wd5.myworkdayjobs.com/External_Career_Site/job/Argentina-Buenos-Aires/Business-Growth-Manager_JREQ200545,,,,2026-05-14T22:56:56.263840+00:00,not_checked_network_restricted,Not finalized: outbound link checking was blocked in sandbox.,Moved because Thomson Reuters already has a stronger kept row: UX Research Ops – Program Manager  (score 8).,UX Research Ops – Program Manager ,8
,,,2,"Commercial Account Manager, Tax & Trade",,Thomson Reuters,https://thomsonreuters.wd5.myworkdayjobs.com/External_Career_Site/job/United-Kingdom-London/Commercial-Account-Manager--Tax---Trade_JREQ200496,hybrid,"Legal Technology
Deterministic profile match: 1 profile skills mentioned; title alignment 0.0/3.0; domain signals 3. Title relevance penalty 1.0 applied.",,,,,,,,,https://thomsonreuters.wd5.myworkdayjobs.com/External_Career_Site/job/United-Kingdom-London/Commercial-Account-Manager--Tax---Trade_JREQ200496,,,,2026-05-14T22:01:57.065581+00:00,not_checked_network_restricted,Not finalized: outbound link checking was blocked in sandbox.,Moved because Thomson Reuters already has a stronger kept row: UX Research Ops – Program Manager  (score 8).,UX Research Ops – Program Manager ,8
,,,2,Commercial Account Specialist,,Thomson Reuters,https://thomsonreuters.wd5.myworkdayjobs.com/External_Career_Site/job/Sweden-Gothenburg/Commercial-Account-Specialist_JREQ198572,hybrid,"Customer Success, Legal Technology
Deterministic profile match: 2 profile skills mentioned; title alignment 0.0/3.0; domain signals 3. Title relevance penalty 1.0 applied.",,,,,,,,,https://thomsonreuters.wd5.myworkdayjobs.com/External_Career_Site/job/Sweden-Gothenburg/Commercial-Account-Specialist_JREQ198572,,,,2026-05-14T22:01:57.065581+00:00,not_checked_network_restricted,Not finalized: outbound link checking was blocked in sandbox.,Moved because Thomson Reuters already has a stronger kept row: UX Research Ops – Program Manager  (score 8).,UX Research Ops – Program Manager ,8
,,,2,Commercial Delivery Manager - The Insurer,,Thomson Reuters,https://thomsonreuters.wd5.myworkdayjobs.com/External_Career_Site/job/United-Kingdom-London/Commercial-Delivery-Manager---The-Insurer_JREQ200498,hybrid,"Legal Technology
Deterministic profile match: 1 profile skills mentioned; title alignment 0.0/3.0; domain signals 4. Title relevance penalty 1.0 applied.",C:\Users\bsing\.applypilot\tailored_resumes\software-pm\060_7_Thomson_Reuters_Commercial_Delivery_Manager_-_The_Insurer.txt,failed_validation,Company 'Sakhi' missing from experience; Company 'The Samaritans of New York' missing from experience,,,,,,https://thomsonreuters.wd5.myworkdayjobs.com/External_Career_Site/job/United-Kingdom-London/Commercial-Delivery-Manager---The-Insurer_JREQ200498,,,,2026-05-14T22:01:57.065581+00:00,not_checked_network_restricted,Not finalized: outbound link checking was blocked in sandbox.,Moved because Thomson Reuters already has a stronger kept row: UX Research Ops – Program Manager  (score 8).,UX Research Ops – Program Manager ,8
,,,2,Customer Success Manager,,Thomson Reuters,https://thomsonreuters.wd5.myworkdayjobs.com/External_Career_Site/job/Australia-Melbourne-Victoria/Customer-Success-Manager_JREQ200703,hybrid,"Customer Success, Legal Technology
Deterministic profile match: 2 profile skills mentioned; title alignment 0.0/3.0; domain signals 3. Title relevance penalty 1.0 applied.",,,,,,,,,https://thomsonreuters.wd5.myworkdayjobs.com/External_Career_Site/job/Australia-Melbourne-Victoria/Customer-Success-Manager_JREQ200703,,,,2026-05-19T03:52:28.317114+00:00,not_checked_network_restricted,Not finalized: outbound link checking was blocked in sandbox.,Moved because Thomson Reuters already has a stronger kept row: UX Research Ops – Program Manager  (score 8).,UX Research Ops – Program Manager ,8
,,,2,Customer Success Operations Manager,,Thomson Reuters,https://thomsonreuters.wd5.myworkdayjobs.com/External_Career_Site/job/Brazil-So-Paulo-So-Paulo/Customer-Success-Operations-Manager_JREQ199202,unknown,"Customer Success, Power BI, Google Sheets
Deterministic profile match: 3 profile skills mentioned; title alignment 0.0/3.0; domain signals 2. Title relevance penalty 1.0 applied.",,,,,,,,,https://thomsonreuters.wd5.myworkdayjobs.com/External_Career_Site/job/Brazil-So-Paulo-So-Paulo/Customer-Success-Operations-Manager_JREQ199202,,,,2026-05-14T22:56:56.263840+00:00,not_checked_network_restricted,Not finalized: outbound link checking was blocked in sandbox.,Moved because Thomson Reuters already has a stronger kept row: UX Research Ops – Program Manager  (score 8).,UX Research Ops – Program Manager ,8
,,,2,"Director, AI Customer Success",,Thomson Reuters,https://thomsonreuters.wd5.myworkdayjobs.com/External_Career_Site/job/Canada-Toronto-Ontario/Director--AI-Customer-Success_JREQ200424,hybrid,"Data Governance Frameworks, Program Management, Customer Success, Legal Technology
Deterministic profile match: 4 profile skills mentioned; title alignment 0.0/3.0; domain signals 6. Title relevance penalty 2.5 applied.",,,,,,,,,https://thomsonreuters.wd5.myworkdayjobs.com/External_Career_Site/job/Canada-Toronto-Ontario/Director--AI-Customer-Success_JREQ200424,,,,2026-05-14T22:01:57.065581+00:00,not_checked_network_restricted,Not finalized: outbound link checking was blocked in sandbox.,Moved because Thomson Reuters already has a stronger kept row: UX Research Ops – Program Manager  (score 8).,UX Research Ops – Program Manager ,8
,,,2,"Director, AI and Innovations Communications",,Thomson Reuters,https://thomsonreuters.wd5.myworkdayjobs.com/External_Career_Site/job/Canada-Toronto-Ontario/Director--AI-and-Innovations-Communications_JREQ200073,hybrid,"Lean Product Development, Program Management, Customer Success, Legal Technology
Deterministic profile match: 4 profile skills mentioned; title alignment 0.0/3.0; domain signals 5. Title relevance penalty 2.5 applied.",,,,,,,,,https://thomsonreuters.wd5.myworkdayjobs.com/External_Career_Site/job/Canada-Toronto-Ontario/Director--AI-and-Innovations-Communications_JREQ200073,,,,2026-05-14T22:01:57.065581+00:00,not_checked_network_restricted,Not finalized: outbound link checking was blocked in sandbox.,Moved because Thomson Reuters already has a stronger kept row: UX Research Ops – Program Manager  (score 8).,UX Research Ops – Program Manager ,8
,,,2,"Director, AI and Innovations Communications",,Thomson Reuters,https://thomsonreuters.wd5.myworkdayjobs.com/External_Career_Site/job/United-States-of-America-Frisco-Texas/Director--AI-and-Innovations-Communications_JREQ200294,hybrid,"SAFe, Lean Product Development, Program Management, Customer Success, Legal Technology
Deterministic profile match: 5 profile skills mentioned; title alignment 0.0/3.0; domain signals 5. Title relevance penalty 2.5 applied.",,,,,,,,,https://thomsonreuters.wd5.myworkdayjobs.com/External_Career_Site/job/United-States-of-America-Frisco-Texas/Director--AI-and-Innovations-Communications_JREQ200294,,,,2026-05-14T22:01:57.065581+00:00,not_checked_network_restricted,Not finalized: outbound link checking was blocked in sandbox.,Moved because Thomson Reuters already has a stronger kept row: UX Research Ops – Program Manager  (score 8).,UX Research Ops – Program Manager ,8
,,,2,"Director, People & Leader Advisory - UKI",,Thomson Reuters,https://thomsonreuters.wd5.myworkdayjobs.com/External_Career_Site/job/United-Kingdom-London/Director--People---Leader-Advisory---UKI_JREQ200604,hybrid,"Stakeholder Management, Change Management, Training Enablement, Policy Automation, Legal Technology
Deterministic profile match: 5 profile skills mentioned; title alignment 0.0/3.0; domain signals 5. Title relevance penalty 2.5 applied.",,,,,,,,,https://thomsonreuters.wd5.myworkdayjobs.com/External_Career_Site/job/United-Kingdom-London/Director--People---Leader-Advisory---UKI_JREQ200604,,,,2026-05-14T22:01:57.065581+00:00,not_checked_network_restricted,Not finalized: outbound link checking was blocked in sandbox.,Moved because Thomson Reuters already has a stronger kept row: UX Research Ops – Program Manager  (score 8).,UX Research Ops – Program Manager ,8
,,,2,"Director, Segment Communications",,Thomson Reuters,https://thomsonreuters.wd5.myworkdayjobs.com/External_Career_Site/job/United-States-of-America-Frisco-Texas/Director--Segment-Communications_JREQ200433,hybrid,"SAFe, OKRs, Program Management, Customer Success, Risk Management, Legal Technology
Deterministic profile match: 6 profile skills mentioned; title alignment 0.0/3.0; domain signals 3. Title relevance penalty 2.5 applied.",,,,,,,,,https://thomsonreuters.wd5.myworkdayjobs.com/External_Career_Site/job/United-States-of-America-Frisco-Texas/Director--Segment-Communications_JREQ200433,,,,2026-05-14T22:01:57.065581+00:00,not_checked_network_restricted,Not finalized: outbound link checking was blocked in sandbox.,Moved because Thomson Reuters already has a stronger kept row: UX Research Ops – Program Manager  (score 8).,UX Research Ops – Program Manager ,8
,,,2,"Director, Segment Communications",,Thomson Reuters,https://thomsonreuters.wd5.myworkdayjobs.com/External_Career_Site/job/Canada-Toronto-Ontario/Director--Segment-Communications_JREQ200228,hybrid,"OKRs, Program Management, Customer Success, Risk Management, Legal Technology
Deterministic profile match: 5 profile skills mentioned; title alignment 0.0/3.0; domain signals 3. Title relevance penalty 2.5 applied.",,,,,,,,,https://thomsonreuters.wd5.myworkdayjobs.com/External_Career_Site/job/Canada-Toronto-Ontario/Director--Segment-Communications_JREQ200228,,,,2026-05-14T22:01:57.065581+00:00,not_checked_network_restricted,Not finalized: outbound link checking was blocked in sandbox.,Moved because Thomson Reuters already has a stronger kept row: UX Research Ops – Program Manager  (score 8).,UX Research Ops – Program Manager ,8
,,,2,Event Manager - Reuters Events,,Thomson Reuters,https://thomsonreuters.wd5.myworkdayjobs.com/External_Career_Site/job/United-Kingdom-London/Event-Manager---Reuters-Events_JREQ197394,hybrid,"Legal Technology
Deterministic profile match: 1 profile skills mentioned; title alignment 0.0/3.0; domain signals 2. Title relevance penalty 1.0 applied.",,,,,,,,,https://thomsonreuters.wd5.myworkdayjobs.com/External_Career_Site/job/United-Kingdom-London/Event-Manager---Reuters-Events_JREQ197394,,,,2026-05-14T22:01:57.065581+00:00,not_checked_network_restricted,Not finalized: outbound link checking was blocked in sandbox.,Moved because Thomson Reuters already has a stronger kept row: UX Research Ops – Program Manager  (score 8).,UX Research Ops – Program Manager ,8
,,,2,Executive Assistant,,Thomson Reuters,https://thomsonreuters.wd5.myworkdayjobs.com/External_Career_Site/job/Poland-Gdansk/Executive-Assistant_JREQ200466,hybrid,"Legal Technology
Deterministic profile match: 1 profile skills mentioned; title alignment 0.0/3.0; domain signals 2. Title relevance penalty 1.0 applied.",,,,,,,,,https://thomsonreuters.wd5.myworkdayjobs.com/External_Career_Site/job/Poland-Gdansk/Executive-Assistant_JREQ200466,,,,2026-05-14T22:01:57.065581+00:00,not_checked_network_restricted,Not finalized: outbound link checking was blocked in sandbox.,Moved because Thomson Reuters already has a stronger kept row: UX Research Ops – Program Manager  (score 8).,UX Research Ops – Program Manager ,8
,,,2,Key Corporates Account Manager,,Thomson Reuters,https://thomsonreuters.wd5.myworkdayjobs.com/External_Career_Site/job/Argentina-Buenos-Aires/Key-Corporates-Account-Manager_JREQ198734,unknown,"Legal Technology
Deterministic profile match: 1 profile skills mentioned; title alignment 0.0/3.0; domain signals 1. Title relevance penalty 1.0 applied.",,,,,,,,,https://thomsonreuters.wd5.myworkdayjobs.com/External_Career_Site/job/Argentina-Buenos-Aires/Key-Corporates-Account-Manager_JREQ198734,,,,2026-05-14T22:56:56.263840+00:00,not_checked_network_restricted,Not finalized: outbound link checking was blocked in sandbox.,Moved because Thomson Reuters already has a stronger kept row: UX Research Ops – Program Manager  (score 8).,UX Research Ops – Program Manager ,8
,,,2,LatAm Benefits Manager,,Thomson Reuters,https://thomsonreuters.wd5.myworkdayjobs.com/External_Career_Site/job/Brazil-So-Paulo-So-Paulo/LatAm-Benefits-Manager_JREQ200234,unknown,"Program Management
Deterministic profile match: 1 profile skills mentioned; title alignment 0.0/3.0; domain signals 2. Title relevance penalty 1.0 applied.",,,,,,,,,https://thomsonreuters.wd5.myworkdayjobs.com/External_Career_Site/job/Brazil-So-Paulo-So-Paulo/LatAm-Benefits-Manager_JREQ200234,,,,2026-05-14T22:01:57.065581+00:00,not_checked_network_restricted,Not finalized: outbound link checking was blocked in sandbox.,Moved because Thomson Reuters already has a stronger kept row: UX Research Ops – Program Manager  (score 8).,UX Research Ops – Program Manager ,8
,,,2,Legal Content Segment Specialist,,Thomson Reuters,https://thomsonreuters.wd5.myworkdayjobs.com/External_Career_Site/job/Australia-Pyrmont-New-South-Wales/Legal-Content-Segment-Specialist_JREQ200578,hybrid,"Stakeholder Management, Customer Success, Legal Technology
Deterministic profile match: 3 profile skills mentioned; title alignment 0.0/3.0; domain signals 6. Title relevance penalty 2.5 applied.",,,,,,,,,https://thomsonreuters.wd5.myworkdayjobs.com/External_Career_Site/job/Australia-Pyrmont-New-South-Wales/Legal-Content-Segment-Specialist_JREQ200578,,,,2026-05-19T03:52:28.317114+00:00,not_checked_network_restricted,Not finalized: outbound link checking was blocked in sandbox.,Moved because Thomson Reuters already has a stronger kept row: UX Research Ops – Program Manager  (score 8).,UX Research Ops – Program Manager ,8
,,,2,"Lifecycle Marketing Manager, CoCounsel Legal AI",,Thomson Reuters,https://thomsonreuters.wd5.myworkdayjobs.com/External_Career_Site/job/United-States-of-America-Eagan-Minnesota/Lifecycle-Marketing-Manager--CoCounsel-Legal-AI_JREQ200808-1,hybrid,"SAFe, Customer Success, Legal Technology
Deterministic profile match: 3 profile skills mentioned; title alignment 0.0/3.0; domain signals 4. Title relevance penalty 2.5 applied.",,,,,,,,,https://thomsonreuters.wd5.myworkdayjobs.com/External_Career_Site/job/United-States-of-America-Eagan-Minnesota/Lifecycle-Marketing-Manager--CoCounsel-Legal-AI_JREQ200808-1,,,,2026-05-19T03:52:28.317114+00:00,not_checked_network_restricted,Not finalized: outbound link checking was blocked in sandbox.,Moved because Thomson Reuters already has a stronger kept row: UX Research Ops – Program Manager  (score 8).,UX Research Ops – Program Manager ,8
,,,2,Live Streaming Software Engineer,,Thomson Reuters,https://thomsonreuters.wd5.myworkdayjobs.com/External_Career_Site/job/India-Bengaluru-Karnataka/Live-Streaming-Software-Engineer_JREQ199904,hybrid,"Python, AWS, Legal Technology
Deterministic profile match: 3 profile skills mentioned; title alignment 0.0/3.0; domain signals 7. Title relevance penalty 2.5 applied.",,,,,,,,,https://thomsonreuters.wd5.myworkdayjobs.com/External_Career_Site/job/India-Bengaluru-Karnataka/Live-Streaming-Software-Engineer_JREQ199904,,,,2026-05-14T22:01:57.065581+00:00,not_checked_network_restricted,Not finalized: outbound link checking was blocked in sandbox.,Moved because Thomson Reuters already has a stronger kept row: UX Research Ops – Program Manager  (score 8).,UX Research Ops – Program Manager ,8
,,,2,New Business Development Executive,,Thomson Reuters,https://thomsonreuters.wd5.myworkdayjobs.com/External_Career_Site/job/United-States-of-America-Eagan-Minnesota/New-Business-Development-Executive_JREQ195349,unknown,"SAFe, Legal Technology
Deterministic profile match: 2 profile skills mentioned; title alignment 0.0/3.0; domain signals 2. Title relevance penalty 1.0 applied.",,,,,,,,,https://thomsonreuters.wd5.myworkdayjobs.com/External_Career_Site/job/United-States-of-America-Eagan-Minnesota/New-Business-Development-Executive_JREQ195349,,,,2026-05-14T22:01:57.065581+00:00,not_checked_network_restricted,Not finalized: outbound link checking was blocked in sandbox.,Moved because Thomson Reuters already has a stronger kept row: UX Research Ops – Program Manager  (score 8).,UX Research Ops – Program Manager ,8
,,,2,Partner Marketing Manager,,Thomson Reuters,https://thomsonreuters.wd5.myworkdayjobs.com/External_Career_Site/job/United-States-of-America-Eagan-Minnesota/Partner-Marketing-Manager_JREQ199400,hybrid,"Hybrid Project Management, SAFe, Software Project Management, Program Management, Customer Success, Legal Technology
Deterministic profile match: 6 profile skills mentioned; title alignment 0.0/3.0; domain signals 4. Title relevance penalty 2.5 applied.",,,,,,,,,https://thomsonreuters.wd5.myworkdayjobs.com/External_Career_Site/job/United-States-of-America-Eagan-Minnesota/Partner-Marketing-Manager_JREQ199400,,,,2026-05-14T22:01:57.065581+00:00,not_checked_network_restricted,Not finalized: outbound link checking was blocked in sandbox.,Moved because Thomson Reuters already has a stronger kept row: UX Research Ops – Program Manager  (score 8).,UX Research Ops – Program Manager ,8
,,,2,Product Marketing Manager,,Thomson Reuters,https://thomsonreuters.wd5.myworkdayjobs.com/External_Career_Site/job/United-States-of-America-Eagan-Minnesota/Product-Marketing-Manager_JREQ200583,hybrid,"SAFe, Customer Success, Legal Technology
Deterministic profile match: 3 profile skills mentioned; title alignment 0.0/3.0; domain signals 4. Title relevance penalty 1.5 applied.",,,,,,,,,https://thomsonreuters.wd5.myworkdayjobs.com/External_Career_Site/job/United-States-of-America-Eagan-Minnesota/Product-Marketing-Manager_JREQ200583,,,,2026-05-14T22:01:57.065581+00:00,not_checked_network_restricted,Not finalized: outbound link checking was blocked in sandbox.,Moved because Thomson Reuters already has a stronger kept row: UX Research Ops – Program Manager  (score 8).,UX Research Ops – Program Manager ,8
,,,2,Regional Sales Manager - SLF,,Thomson Reuters,https://thomsonreuters.wd5.myworkdayjobs.com/External_Career_Site/job/United-States-of-America-Los-Angeles-California/Regional-Sales-Manager---SLF_JREQ200158-1,unknown,"SAFe, Program Management, Presentation Skills, Legal Technology
Deterministic profile match: 4 profile skills mentioned; title alignment 0.0/3.0; domain signals 3. Title relevance penalty 2.5 applied.",,,,,,,,,https://thomsonreuters.wd5.myworkdayjobs.com/External_Career_Site/job/United-States-of-America-Los-Angeles-California/Regional-Sales-Manager---SLF_JREQ200158-1,,,,2026-05-14T22:01:57.065581+00:00,not_checked_network_restricted,Not finalized: outbound link checking was blocked in sandbox.,Moved because Thomson Reuters already has a stronger kept row: UX Research Ops – Program Manager  (score 8).,UX Research Ops – Program Manager ,8
,,,2,"Regional Sales Manager, Mid Size Law Firms",,Thomson Reuters,https://thomsonreuters.wd5.myworkdayjobs.com/External_Career_Site/job/United-States-of-America-Eagan-Minnesota/Regional-Sales-Manager--Mid-Size-Law-Firms_JREQ200463-1,unknown,"SAFe, Program Management, Presentation Skills, Customer Success, Legal Technology
Deterministic profile match: 5 profile skills mentioned; title alignment 0.0/3.0; domain signals 2. Title relevance penalty 2.5 applied.",,,,,,,,,https://thomsonreuters.wd5.myworkdayjobs.com/External_Career_Site/job/United-States-of-America-Eagan-Minnesota/Regional-Sales-Manager--Mid-Size-Law-Firms_JREQ200463-1,,,,2026-05-14T22:01:57.065581+00:00,not_checked_network_restricted,Not finalized: outbound link checking was blocked in sandbox.,Moved because Thomson Reuters already has a stronger kept row: UX Research Ops – Program Manager  (score 8).,UX Research Ops – Program Manager ,8
,,,2,"Sales Executive, French/ Spanish speaker",,Thomson Reuters,https://thomsonreuters.wd5.myworkdayjobs.com/External_Career_Site/job/United-Kingdom-London/International-Field-Account-Manager_JREQ199582,hybrid,"Presentation Skills, Customer Success, Change Management, Risk Management, Workflow Automation, Legal Technology
Deterministic profile match: 6 profile skills mentioned; title alignment 0.0/3.0; domain signals 4. Title relevance penalty 2.5 applied.",,,,,,,,,https://thomsonreuters.wd5.myworkdayjobs.com/External_Career_Site/job/United-Kingdom-London/International-Field-Account-Manager_JREQ199582,,,,2026-05-14T22:01:57.065581+00:00,not_checked_network_restricted,Not finalized: outbound link checking was blocked in sandbox.,Moved because Thomson Reuters already has a stronger kept row: UX Research Ops – Program Manager  (score 8).,UX Research Ops – Program Manager ,8
,,,2,Sales Specialist,,Thomson Reuters,https://thomsonreuters.wd5.myworkdayjobs.com/External_Career_Site/job/United-States-of-America-Eagan-Minnesota/Sales-Specialist_JREQ200471,remote,"SAFe, Software Project Management, Program Management, Requirements Gathering, Legal Technology
Deterministic profile match: 5 profile skills mentioned; title alignment 0.0/3.0; domain signals 3. Title relevance penalty 2.5 applied.",,,,,,,,,https://thomsonreuters.wd5.myworkdayjobs.com/External_Career_Site/job/United-States-of-America-Eagan-Minnesota/Sales-Specialist_JREQ200471,,,,2026-05-14T22:01:57.065581+00:00,not_checked_network_restricted,Not finalized: outbound link checking was blocked in sandbox.,Moved because Thomson Reuters already has a stronger kept row: UX Research Ops – Program Manager  (score 8).,UX Research Ops – Program Manager ,8
,,,2,Senior Accounting Analyst (Bank),,Thomson Reuters,https://thomsonreuters.wd5.myworkdayjobs.com/External_Career_Site/job/Poland-Gdansk/Senior-Accounting-Analyst--Bank-_JREQ200359,hybrid,"SOPs, Power BI, Legal Technology
Deterministic profile match: 3 profile skills mentioned; title alignment 0.0/3.0; domain signals 2. Title relevance penalty 1.0 applied.",,,,,,,,,https://thomsonreuters.wd5.myworkdayjobs.com/External_Career_Site/job/Poland-Gdansk/Senior-Accounting-Analyst--Bank-_JREQ200359,,,,2026-05-14T22:01:57.065581+00:00,not_checked_network_restricted,Not finalized: outbound link checking was blocked in sandbox.,Moved because Thomson Reuters already has a stronger kept row: UX Research Ops – Program Manager  (score 8).,UX Research Ops – Program Manager ,8
,,,2,Senior Accounting Analyst Tax,,Thomson Reuters,https://thomsonreuters.wd5.myworkdayjobs.com/External_Career_Site/job/Poland-Gdansk/Senior-Accounting-Analyst-Tax_JREQ200370,hybrid,"SOPs, Power BI, Legal Technology
Deterministic profile match: 3 profile skills mentioned; title alignment 0.0/3.0; domain signals 2. Title relevance penalty 1.0 applied.",,,,,,,,,https://thomsonreuters.wd5.myworkdayjobs.com/External_Career_Site/job/Poland-Gdansk/Senior-Accounting-Analyst-Tax_JREQ200370,,,,2026-05-14T22:01:57.065581+00:00,not_checked_network_restricted,Not finalized: outbound link checking was blocked in sandbox.,Moved because Thomson Reuters already has a stronger kept row: UX Research Ops – Program Manager  (score 8).,UX Research Ops – Program Manager ,8
,,,2,Senior Client Relationship Manager,,Thomson Reuters,https://thomsonreuters.wd5.myworkdayjobs.com/External_Career_Site/job/Japan-Tokyo/Senior-Client-Relationship-Manager_JREQ198250,hybrid,"Customer Success, Legal Technology
Deterministic profile match: 2 profile skills mentioned; title alignment 0.0/3.0; domain signals 2. Title relevance penalty 1.0 applied.",,,,,,,,,https://thomsonreuters.wd5.myworkdayjobs.com/External_Career_Site/job/Japan-Tokyo/Senior-Client-Relationship-Manager_JREQ198250,,,,2026-05-14T22:01:57.065581+00:00,not_checked_network_restricted,Not finalized: outbound link checking was blocked in sandbox.,Moved because Thomson Reuters already has a stronger kept row: UX Research Ops – Program Manager  (score 8).,UX Research Ops – Program Manager ,8
,,,2,Senior Sales Executive,,Thomson Reuters,https://thomsonreuters.wd5.myworkdayjobs.com/External_Career_Site/job/United-States-of-America-Ann-Arbor-Michigan/Senior-Sales-Executive_JREQ199524,unknown,"SAFe, Program Management, Customer Success, Legal Technology
Deterministic profile match: 4 profile skills mentioned; title alignment 0.0/3.0; domain signals 4. Title relevance penalty 2.5 applied.",,,,,,,,,https://thomsonreuters.wd5.myworkdayjobs.com/External_Career_Site/job/United-States-of-America-Ann-Arbor-Michigan/Senior-Sales-Executive_JREQ199524,,,,2026-05-14T22:01:57.065581+00:00,not_checked_network_restricted,Not finalized: outbound link checking was blocked in sandbox.,Moved because Thomson Reuters already has a stronger kept row: UX Research Ops – Program Manager  (score 8).,UX Research Ops – Program Manager ,8
,,,2,"Senior Sales Executive, Small Law (Northern NJ)",,Thomson Reuters,https://thomsonreuters.wd5.myworkdayjobs.com/External_Career_Site/job/United-States-of-America-New-York-New-York/Senior-Sales-Executive--Small-Law--Northern-NJ-_JREQ199038,remote,"SAFe, Program Management, Database Access Governance, Legal Technology
Deterministic profile match: 4 profile skills mentioned; title alignment 0.0/3.0; domain signals 3. Title relevance penalty 2.5 applied.",,,,,,,,,https://thomsonreuters.wd5.myworkdayjobs.com/External_Career_Site/job/United-States-of-America-New-York-New-York/Senior-Sales-Executive--Small-Law--Northern-NJ-_JREQ199038,,,,2026-05-14T22:01:57.065581+00:00,not_checked_network_restricted,Not finalized: outbound link checking was blocked in sandbox.,Moved because Thomson Reuters already has a stronger kept row: UX Research Ops – Program Manager  (score 8).,UX Research Ops – Program Manager ,8
,,,2,"Senior Sales Manager, Subscriptions",,Thomson Reuters,https://thomsonreuters.wd5.myworkdayjobs.com/External_Career_Site/job/United-Kingdom-London/Senior-Sales-Manager---Subscriptions_JREQ200122,hybrid,"Mentoring, Customer Success, Change Management, Risk Management, Legal Technology
Deterministic profile match: 5 profile skills mentioned; title alignment 0.0/3.0; domain signals 2. Title relevance penalty 2.5 applied.",,,,,,,,,https://thomsonreuters.wd5.myworkdayjobs.com/External_Career_Site/job/United-Kingdom-London/Senior-Sales-Manager---Subscriptions_JREQ200122,,,,2026-05-14T22:01:57.065581+00:00,not_checked_network_restricted,Not finalized: outbound link checking was blocked in sandbox.,Moved because Thomson Reuters already has a stronger kept row: UX Research Ops – Program Manager  (score 8).,UX Research Ops – Program Manager ,8
,,,2,Strategic Account Executive,,Thomson Reuters,https://thomsonreuters.wd5.myworkdayjobs.com/External_Career_Site/job/Canada-Toronto-Ontario/Strategic-Account-Executive_JREQ200709,hybrid,"Data Governance Frameworks, Customer Success, Legal Technology
Deterministic profile match: 3 profile skills mentioned; title alignment 0.0/3.0; domain signals 4. Title relevance penalty 2.5 applied.",,,,,,,,,https://thomsonreuters.wd5.myworkdayjobs.com/External_Career_Site/job/Canada-Toronto-Ontario/Strategic-Account-Executive_JREQ200709,,,,2026-05-19T03:52:28.317114+00:00,not_checked_network_restricted,Not finalized: outbound link checking was blocked in sandbox.,Moved because Thomson Reuters already has a stronger kept row: UX Research Ops – Program Manager  (score 8).,UX Research Ops – Program Manager ,8
,,,2,U.S. Reporter - The Insurer (Level 1 Journalist),,Thomson Reuters,https://thomsonreuters.wd5.myworkdayjobs.com/External_Career_Site/job/United-States-of-America-New-York-New-York/US-Reporter---The-Insurer--Level-1-Journalist-_JREQ199928-1,unknown,"Legal Technology
Deterministic profile match: 1 profile skills mentioned; title alignment 0.0/3.0; domain signals 4. Title relevance penalty 1.0 applied.",,,,,,,,,https://thomsonreuters.wd5.myworkdayjobs.com/External_Career_Site/job/United-States-of-America-New-York-New-York/US-Reporter---The-Insurer--Level-1-Journalist-_JREQ199928-1,,,,2026-05-14T22:56:56.263840+00:00,not_checked_network_restricted,Not finalized: outbound link checking was blocked in sandbox.,Moved because Thomson Reuters already has a stronger kept row: UX Research Ops – Program Manager  (score 8).,UX Research Ops – Program Manager ,8
,,,2,"리걸AI분석가 (5-6개월, 파트타임)",,Thomson Reuters,https://thomsonreuters.wd5.myworkdayjobs.com/External_Career_Site/job/Korea-Republic-of-Seoul/AI--5-6---_JREQ200441,hybrid,"Risk Management, Legal Technology
Deterministic profile match: 2 profile skills mentioned; title alignment 0.0/3.0; domain signals 3. Title relevance penalty 1.0 applied.",,,,,,,,,https://thomsonreuters.wd5.myworkdayjobs.com/External_Career_Site/job/Korea-Republic-of-Seoul/AI--5-6---_JREQ200441,,,,2026-05-14T22:01:57.065581+00:00,not_checked_network_restricted,Not finalized: outbound link checking was blocked in sandbox.,Moved because Thomson Reuters already has a stronger kept row: UX Research Ops – Program Manager  (score 8).,UX Research Ops – Program Manager ,8
,,,1,Acquisition Sales Specialist - MLF,,Thomson Reuters,https://thomsonreuters.wd5.myworkdayjobs.com/External_Career_Site/job/United-States-of-America-Eagan-Minnesota/Acquisition-Sales-Specialist---MLF_JREQ200565,unknown,"Go-to-market Strategy, SAFe, Program Management, Legal Technology
Deterministic profile match: 4 profile skills mentioned; title alignment 0.0/3.0; domain signals 2. Title relevance penalty 2.5 applied.",,,,,,,,,https://thomsonreuters.wd5.myworkdayjobs.com/External_Career_Site/job/United-States-of-America-Eagan-Minnesota/Acquisition-Sales-Specialist---MLF_JREQ200565,,,,2026-05-14T22:01:57.065581+00:00,not_checked_network_restricted,Not finalized: outbound link checking was blocked in sandbox.,Moved because Thomson Reuters already has a stronger kept row: UX Research Ops – Program Manager  (score 8).,UX Research Ops – Program Manager ,8
,,,1,Associate Sales Specialist - MLF Growth Team,,Thomson Reuters,https://thomsonreuters.wd5.myworkdayjobs.com/External_Career_Site/job/United-States-of-America-Eagan-Minnesota/Job-Posting-Title-Associate-Sales-Specialist---MLF-Growth-Team_JREQ200561,unknown,"SAFe, Legal Technology
Deterministic profile match: 2 profile skills mentioned; title alignment 0.0/3.0; domain signals 2. Title relevance penalty 2.5 applied.",,,,,,,,,https://thomsonreuters.wd5.myworkdayjobs.com/External_Career_Site/job/United-States-of-America-Eagan-Minnesota/Job-Posting-Title-Associate-Sales-Specialist---MLF-Growth-Team_JREQ200561,,,,2026-05-14T22:01:57.065581+00:00,not_checked_network_restricted,Not finalized: outbound link checking was blocked in sandbox.,Moved because Thomson Reuters already has a stronger kept row: UX Research Ops – Program Manager  (score 8).,UX Research Ops – Program Manager ,8
,,,1,"Commercial Director, The Insurer",,Thomson Reuters,https://thomsonreuters.wd5.myworkdayjobs.com/External_Career_Site/job/United-Kingdom-London/Commercial-Director--The-Insurer_JREQ200189,hybrid,"Change Management, Risk Management, Legal Technology
Deterministic profile match: 3 profile skills mentioned; title alignment 0.0/3.0; domain signals 3. Title relevance penalty 2.5 applied.",,,,,,,,,https://thomsonreuters.wd5.myworkdayjobs.com/External_Career_Site/job/United-Kingdom-London/Commercial-Director--The-Insurer_JREQ200189,,,,2026-05-14T22:01:57.065581+00:00,not_checked_network_restricted,Not finalized: outbound link checking was blocked in sandbox.,Moved because Thomson Reuters already has a stronger kept row: UX Research Ops – Program Manager  (score 8).,UX Research Ops – Program Manager ,8
,,,1,"Global Client Director, GLLF",,Thomson Reuters,https://thomsonreuters.wd5.myworkdayjobs.com/External_Career_Site/job/United-Kingdom-London/Global-Client-Director--GLLF_JREQ198936,unknown,"Stakeholder Management, Customer Success, Legal Technology
Deterministic profile match: 3 profile skills mentioned; title alignment 0.0/3.0; domain signals 3. Title relevance penalty 2.5 applied.",,,,,,,,,https://thomsonreuters.wd5.myworkdayjobs.com/External_Career_Site/job/United-Kingdom-London/Global-Client-Director--GLLF_JREQ198936,,,,2026-05-14T22:01:57.065581+00:00,not_checked_network_restricted,Not finalized: outbound link checking was blocked in sandbox.,Moved because Thomson Reuters already has a stronger kept row: UX Research Ops – Program Manager  (score 8).,UX Research Ops – Program Manager ,8
,,,1,Sales Development Representative,,Thomson Reuters,https://thomsonreuters.wd5.myworkdayjobs.com/External_Career_Site/job/Mexico-Mexico-City/Sales-Development-Representative_JREQ199975-1,hybrid,"Customer Success, Data Pipelines, Legal Technology
Deterministic profile match: 3 profile skills mentioned; title alignment 0.0/3.0; domain signals 3. Title relevance penalty 2.5 applied.",,,,,,,,,https://thomsonreuters.wd5.myworkdayjobs.com/External_Career_Site/job/Mexico-Mexico-City/Sales-Development-Representative_JREQ199975-1,,,,2026-05-14T22:01:57.065581+00:00,not_checked_network_restricted,Not finalized: outbound link checking was blocked in sandbox.,Moved because Thomson Reuters already has a stronger kept row: UX Research Ops – Program Manager  (score 8).,UX Research Ops – Program Manager ,8
,,,1,Sales Development Representative,,Thomson Reuters,https://thomsonreuters.wd5.myworkdayjobs.com/External_Career_Site/job/Mexico-Mexico-City/Sales-Development-Representative_JREQ200160,hybrid,"Legal Technology
Deterministic profile match: 1 profile skills mentioned; title alignment 0.0/3.0; domain signals 3. Title relevance penalty 2.5 applied.",,,,,,,,,https://thomsonreuters.wd5.myworkdayjobs.com/External_Career_Site/job/Mexico-Mexico-City/Sales-Development-Representative_JREQ200160,,,,2026-05-14T22:01:57.065581+00:00,not_checked_network_restricted,Not finalized: outbound link checking was blocked in sandbox.,Moved because Thomson Reuters already has a stronger kept row: UX Research Ops – Program Manager  (score 8).,UX Research Ops – Program Manager ,8
,,,1,"Sales Manager, APAC",,Thomson Reuters,https://thomsonreuters.wd5.myworkdayjobs.com/External_Career_Site/job/Australia-Pyrmont-New-South-Wales/Sales-Manager_JREQ199333-1,hybrid,"Resource Planning, Legal Technology
Deterministic profile match: 2 profile skills mentioned; title alignment 0.0/3.0; domain signals 3. Title relevance penalty 2.5 applied.",,,,,,,,,https://thomsonreuters.wd5.myworkdayjobs.com/External_Career_Site/job/Australia-Pyrmont-New-South-Wales/Sales-Manager_JREQ199333-1,,,,2026-05-14T22:01:57.065581+00:00,not_checked_network_restricted,Not finalized: outbound link checking was blocked in sandbox.,Moved because Thomson Reuters already has a stronger kept row: UX Research Ops – Program Manager  (score 8).,UX Research Ops – Program Manager ,8
,,,1,"Sales Manager, Associate Sales Executive - GLLF",,Thomson Reuters,https://thomsonreuters.wd5.myworkdayjobs.com/External_Career_Site/job/United-States-of-America-Washington-District-of-Columbia/Sales-Manager--Associate-Sales-Executive---GLLF_JREQ200145,unknown,"SAFe, Legal Technology
Deterministic profile match: 2 profile skills mentioned; title alignment 0.0/3.0; domain signals 4. Title relevance penalty 2.5 applied.",,,,,,,,,https://thomsonreuters.wd5.myworkdayjobs.com/External_Career_Site/job/United-States-of-America-Washington-District-of-Columbia/Sales-Manager--Associate-Sales-Executive---GLLF_JREQ200145,,,,2026-05-14T22:01:57.065581+00:00,not_checked_network_restricted,Not finalized: outbound link checking was blocked in sandbox.,Moved because Thomson Reuters already has a stronger kept row: UX Research Ops – Program Manager  (score 8).,UX Research Ops – Program Manager ,8
,,,1,"Vice President, Communications - Reuters",,Thomson Reuters,https://thomsonreuters.wd5.myworkdayjobs.com/External_Career_Site/job/United-Kingdom-London/Vice-President--Communications---Reuters_JREQ199742,hybrid,"Stakeholder Management, Legal Technology
Deterministic profile match: 2 profile skills mentioned; title alignment 0.0/3.0; domain signals 4. Title relevance penalty 2.5 applied.",,,,,,,,,https://thomsonreuters.wd5.myworkdayjobs.com/External_Career_Site/job/United-Kingdom-London/Vice-President--Communications---Reuters_JREQ199742,,,,2026-05-14T22:01:57.065581+00:00,not_checked_network_restricted,Not finalized: outbound link checking was blocked in sandbox.,Moved because Thomson Reuters already has a stronger kept row: UX Research Ops – Program Manager  (score 8).,UX Research Ops – Program Manager ,8
,,,6,IT Manager II - Network Infrastructure & Operations,,TruStage,https://www.indeed.com/viewjob?jk=ece45fb06a07341f,hybrid,"Hybrid Project Management, Software Project Management, Program Management, Technical Documentation, Roadmap Planning, Mentoring, Change Management, Resource Planning, Risk Management, System Monitoring
Deterministic profile match: 10 profile skills mentioned; title alignment 0.0/3.0; domain signals 8. Title relevance penalty 1.0 applied.",,,,,,"Remote, US (Remote)",,"Remote, US (Remote)",https://trustage.wd1.myworkdayjobs.com/en-US/TruStage/job/Remote---USA/IT-Manager-II---Network-Infrastructure---Operations_R-011921,,,,2026-05-14T21:29:36.448824+00:00,not_checked_network_restricted,Not finalized: outbound link checking was blocked in sandbox.,Moved because TruStage already has a stronger kept row: IT Manager II - Security Infrastructure (score 6).,IT Manager II - Security Infrastructure,6
,,,3,"Senior Engineering Manager, Reliability",,Twilio,https://www.indeed.com/viewjob?jk=45ffde56ff061af1,remote,"AWS, ERP, Mentoring, SAFe
Deterministic refreshed score: 4 profile skills mentioned
title alignment 0.0/3.0
domain signals 8",,,,,,,,"Remote, US (Remote)",https://jobs.twilio.com/careers/job/1099553601691?domain=twilio.com,,,,2026-05-20T23:30:56.351886+00:00,not_checked_network_restricted,Added from ApplyPilot DB; outbound link checking was blocked in sandbox.,Moved because Twilio already has a stronger kept row: Staff Product Manager - Enterprise AI (score 9).,Staff Product Manager - Enterprise AI,9
,,,1,Senior Manager Software Engineering,,Twilio,https://www.indeed.com/viewjob?jk=4f8da27e6e2e4d76,remote,"Deterministic refreshed score: 0 profile skills mentioned
title alignment 0.0/3.0
domain signals 5",,,,,,,,"Remote, US (Remote)",https://jobs.twilio.com/careers/job/1099553601692?domain=twilio.com,,,,2026-05-20T23:38:50.206073+00:00,not_checked_network_restricted,Added from ApplyPilot DB; outbound link checking was blocked in sandbox.,Moved because Twilio already has a stronger kept row: Staff Product Manager - Enterprise AI (score 9).,Staff Product Manager - Enterprise AI,9
,,,2,"Senior Engineering Manager, Cash Line",,Upstart,https://www.indeed.com/viewjob?jk=bd86bfe0624f8e03,remote,"Stakeholder Management
Deterministic refreshed score: 1 profile skills mentioned
title alignment 0.0/3.0
domain signals 7",,,,,,,,"Remote, US (Remote)",https://careers.upstart.com/jobs/senior-engineering-manager-cash-line,,,,2026-05-20T23:38:50.206073+00:00,not_checked_network_restricted,Added from ApplyPilot DB; outbound link checking was blocked in sandbox.,Moved because Upstart already has a stronger kept row: Principal Technical Program Manager (score 8).,Principal Technical Program Manager,8
,,,4,"Manager, Clinical Bill Review",,Valenz,https://www.indeed.com/viewjob?jk=6aa85fc7066858be,remote,"Data Governance Frameworks, Program Management, Resource Planning, Risk Management, Workflow Automation
Deterministic profile match: 5 profile skills mentioned; title alignment 0.0/3.0; domain signals 5. Title relevance penalty 1.0 applied.",,,,,,,,"Remote, US (Remote)",https://valenz.applytojob.com/apply/dnKOY3Nz2Q/Manager-Clinical-Bill-Review?source=Our%20Career%20Page%20Widget,,,,2026-05-14T21:29:36.448824+00:00,not_checked_network_restricted,Not finalized: outbound link checking was blocked in sandbox.,"Moved because Valenz already has a stronger kept row: Manager, Healthcare Data Analytics (score 5).","Manager, Healthcare Data Analytics",5
,,,3,Marketing Operations Coordinator,,Valenz,https://www.indeed.com/viewjob?jk=a5596bf223ff593d,remote,"Program Management
Deterministic profile match: 1 profile skills mentioned; title alignment 0.0/3.0; domain signals 6. Title relevance penalty 1.0 applied.",,,,,,,,"Remote, US (Remote)",https://valenz.applytojob.com/apply/V32nGEf0gg/Marketing-Operations-Coordinator?source=Our%20Career%20Page%20Widget,,,,2026-05-14T21:37:59.870693+00:00,not_checked_network_restricted,Not finalized: outbound link checking was blocked in sandbox.,"Moved because Valenz already has a stronger kept row: Manager, Healthcare Data Analytics (score 5).","Manager, Healthcare Data Analytics",5
,,,3,Member Engagement Coordinator II,,Valenz,https://www.indeed.com/viewjob?jk=5738cf4e677bb5e4,remote,"Program Management
Deterministic profile match: 1 profile skills mentioned; title alignment 0.0/3.0; domain signals 6. Title relevance penalty 1.0 applied.",,,,,,,,"Remote, US (Remote)",https://valenz.applytojob.com/apply/AEDsa3bjcb/Member-Engagement-Coordinator-II?source=Our%20Career%20Page%20Widget,,,,2026-05-14T21:37:59.870693+00:00,not_checked_network_restricted,Not finalized: outbound link checking was blocked in sandbox.,"Moved because Valenz already has a stronger kept row: Manager, Healthcare Data Analytics (score 5).","Manager, Healthcare Data Analytics",5
,,,2,"Director, Revenue FP&A",,Valenz,https://www.indeed.com/viewjob?jk=00d8ef6aa418d8e2,remote,"Program Management, Data Pipelines
Deterministic profile match: 2 profile skills mentioned; title alignment 0.0/3.0; domain signals 6. Title relevance penalty 2.5 applied.",,,,,,,,"Remote, US (Remote)",https://valenz.applytojob.com/apply/6A2lkCZBMX/Director-Revenue-FPA?source=Our%20Career%20Page%20Widget,,,,2026-05-14T21:37:59.870693+00:00,not_checked_network_restricted,Not finalized: outbound link checking was blocked in sandbox.,"Moved because Valenz already has a stronger kept row: Manager, Healthcare Data Analytics (score 5).","Manager, Healthcare Data Analytics",5
,,,8,Client Delivery Project Manager - Remote,,Velera,https://www.indeed.com/viewjob?jk=be8580a725f0ed17,remote,"AWS, ERP, Root Cause Analysis, SAFe
Deterministic refreshed score: 4 profile skills mentioned
title alignment 2.5/3.0
domain signals 8",,,,,,,,"Remote, US (Remote)",https://velera.wd5.myworkdayjobs.com/en-US/VeleraCareers/job/Remote-USA/Client-Delivery-Project-Manager---Remote_9308-1,,,,2026-05-20T23:29:02.788372+00:00,not_checked_network_restricted,Added from ApplyPilot DB; outbound link checking was blocked in sandbox.,Moved because Velera already has a stronger kept row: Interaction Intelligence Program Manager - Remote (score 9).,Interaction Intelligence Program Manager - Remote,9
,,,8,Senior Client Delivery Project Manager (Member Services Contact Center) - Remote,,Velera,https://www.indeed.com/viewjob?jk=0b7106f7fb287381,remote,"AWS, Root Cause Analysis, SAFe
Deterministic refreshed score: 3 profile skills mentioned
title alignment 2.5/3.0
domain signals 8",,,,,,,,"Remote, US (Remote)",https://velera.wd5.myworkdayjobs.com/en-US/VeleraCareers/job/Remote-USA/Senior-Client-Delivery-Project-Manager--Member-Services-Contact-Center----Remote_9307,,,,2026-05-20T23:29:02.788372+00:00,not_checked_network_restricted,Added from ApplyPilot DB; outbound link checking was blocked in sandbox.,Moved because Velera already has a stronger kept row: Interaction Intelligence Program Manager - Remote (score 9).,Interaction Intelligence Program Manager - Remote,9
,,,3,Sr. Continuous Improvement Engineer - Remote- Remote,,Velera,https://www.indeed.com/viewjob?jk=0afbdf15ec5801dc,remote,"AWS, Change Management, ERP, Program Management, SAFe
Deterministic refreshed score: 5 profile skills mentioned
title alignment 0.0/3.0
domain signals 7",,,,,,,,"Remote, US (Remote)",https://velera.wd5.myworkdayjobs.com/en-US/VeleraCareers/job/Remote-USA/Sr-Continuous-Improvement-Engineer---Remote--Remote_9304,,,,2026-05-20T23:38:50.206073+00:00,not_checked_network_restricted,Added from ApplyPilot DB; outbound link checking was blocked in sandbox.,Moved because Velera already has a stronger kept row: Interaction Intelligence Program Manager - Remote (score 9).,Interaction Intelligence Program Manager - Remote,9
,,,3,SAP Offshore Delivery Lead - Contract,,Westernacher Consulting,https://www.linkedin.com/jobs/view/4413911917,hybrid,"Hybrid Project Management, Stakeholder Management, Resource Planning
Deterministic profile match: 3 profile skills mentioned; title alignment 0.0/3.0; domain signals 3. Title relevance penalty 1.0 applied.",,,,,,,,,,,,,2026-05-14T21:37:59.870693+00:00,not_checked_network_restricted,Not finalized: outbound link checking was blocked in sandbox.,Moved because Westernacher Consulting already has a stronger kept row: Senior SAP Project Manager (score 8).,Senior SAP Project Manager,8
,,,6,Program Manager,,Whisker Labs,https://www.indeed.com/viewjob?jk=bfc88b1fc1dcbebb,remote,"Program Management, Change Management, ERP
Deterministic profile match: 3 profile skills mentioned; title alignment 1.5/3.0; domain signals 6.",,,,,,,,"Remote, US (Remote)",https://ats.rippling.com/whisker-labs-careers/jobs/bedbdf62-3399-43aa-bb47-fd24d7d5ef3a?jobSite=Indeed,,,,2026-05-19T03:26:29.194443+00:00,not_checked_network_restricted,Not finalized: outbound link checking was blocked in sandbox.,Moved because Whisker Labs already has a stronger kept row: Technical Project Manager (score 9).,Technical Project Manager,9
,,,6,"Sr Engagement (Project, Delivery) Manager - Higher Education",,Workday,https://workday.wd5.myworkdayjobs.com/Workday/job/USA-Remote/Sr-Engagement--Project--Delivery--Manager---Higher-Education_JR-0106130,remote,"Software Project Management, Mentoring, Customer Success, Change Management, Resource Planning, ERP, Risk Management
Deterministic profile match: 7 profile skills mentioned; title alignment 0.0/3.0; domain signals 7.",,,,,,,,USA Remote,https://workday.wd5.myworkdayjobs.com/Workday/job/USA-Remote/Sr-Engagement--Project--Delivery--Manager---Higher-Education_JR-0106130,,,,2026-05-14T21:56:19.504779+00:00,not_checked_network_restricted,Not finalized: outbound link checking was blocked in sandbox.,"Moved because Workday already has a stronger kept row: Sr. Grants Management Implementation Consultant, Higher Education (score 6).","Sr. Grants Management Implementation Consultant, Higher Education",6
,,,5,Sr Engagement (Project/ Delivery) Manager - State & Local Government,,Workday,https://workday.wd5.myworkdayjobs.com/Workday/job/USA-Remote/Sr-Engagement--Project--Delivery--Manager---State---Local-Government_JR-0107085,remote,"Software Project Management, Mentoring, Customer Success, Change Management, ERP
Deterministic profile match: 5 profile skills mentioned; title alignment 0.0/3.0; domain signals 7.",,,,,,,,USA Remote,https://workday.wd5.myworkdayjobs.com/Workday/job/USA-Remote/Sr-Engagement--Project--Delivery--Manager---State---Local-Government_JR-0107085,,,,2026-05-14T21:56:19.504779+00:00,not_checked_network_restricted,Not finalized: outbound link checking was blocked in sandbox.,"Moved because Workday already has a stronger kept row: Sr. Grants Management Implementation Consultant, Higher Education (score 6).","Sr. Grants Management Implementation Consultant, Higher Education",6
,,,4,"Payroll Consultant, Higher Education",,Workday,https://workday.wd5.myworkdayjobs.com/Workday/job/USA-Remote/Payroll-Consultant--Higher-Education_JR-0105924,remote,"Software Project Management, Stakeholder Management, Customer Success
Deterministic profile match: 3 profile skills mentioned; title alignment 0.0/3.0; domain signals 6. Title relevance penalty 1.0 applied.",,,,,,,,USA Remote,https://workday.wd5.myworkdayjobs.com/Workday/job/USA-Remote/Payroll-Consultant--Higher-Education_JR-0105924,,,,2026-05-14T21:56:19.504779+00:00,not_checked_network_restricted,Not finalized: outbound link checking was blocked in sandbox.,"Moved because Workday already has a stronger kept row: Sr. Grants Management Implementation Consultant, Higher Education (score 6).","Sr. Grants Management Implementation Consultant, Higher Education",6
,,,4,"Project Director, State & Local Government",,Workday,https://workday.wd5.myworkdayjobs.com/Workday/job/USA-Remote/Project-Director--State---Local-Government_JR-0106513-1,remote,"Software Project Management, Customer Success, Change Management, Resource Planning, ERP, Risk Management
Deterministic profile match: 6 profile skills mentioned; title alignment 0.0/3.0; domain signals 6. Title relevance penalty 1.5 applied.",,,,,,,,USA Remote,https://workday.wd5.myworkdayjobs.com/Workday/job/USA-Remote/Project-Director--State---Local-Government_JR-0106513-1,,,,2026-05-14T21:56:19.504779+00:00,not_checked_network_restricted,Not finalized: outbound link checking was blocked in sandbox.,"Moved because Workday already has a stronger kept row: Sr. Grants Management Implementation Consultant, Higher Education (score 6).","Sr. Grants Management Implementation Consultant, Higher Education",6
,,,3,GTM AI Strategist for Adaptive Planning,,Workday,https://workday.wd5.myworkdayjobs.com/Workday/job/USA-CA-Remote/GTM-AI-Strategist-for-Adaptive-Planning_JR-0106005-1,remote,"Roadmap Planning, AI/ML
Deterministic profile match: 2 profile skills mentioned; title alignment 0.0/3.0; domain signals 6. Title relevance penalty 1.0 applied.",,,,,,,,"USA, CA, Remote",https://workday.wd5.myworkdayjobs.com/Workday/job/USA-CA-Remote/GTM-AI-Strategist-for-Adaptive-Planning_JR-0106005-1,,,,2026-05-14T22:06:53.275878+00:00,not_checked_network_restricted,Not finalized: outbound link checking was blocked in sandbox.,"Moved because Workday already has a stronger kept row: Sr. Grants Management Implementation Consultant, Higher Education (score 6).","Sr. Grants Management Implementation Consultant, Higher Education",6
,,,3,Presales Sr Solution Consultant - HCM Net New - Financial Services Industry,,Workday,https://workday.wd5.myworkdayjobs.com/Workday/job/USA-Remote/Presales-Sr-Solution-Consultant---HCM-Net-New---Financial-Services-Industry_JR-0107037,remote,"Change Management
Deterministic profile match: 1 profile skills mentioned; title alignment 0.0/3.0; domain signals 6. Title relevance penalty 1.0 applied.",,,,,,,,USA Remote,https://workday.wd5.myworkdayjobs.com/Workday/job/USA-Remote/Presales-Sr-Solution-Consultant---HCM-Net-New---Financial-Services-Industry_JR-0107037,,,,2026-05-14T22:06:53.275878+00:00,not_checked_network_restricted,Not finalized: outbound link checking was blocked in sandbox.,"Moved because Workday already has a stronger kept row: Sr. Grants Management Implementation Consultant, Higher Education (score 6).","Sr. Grants Management Implementation Consultant, Higher Education",6
,,,1,,,Workday,https://workday.wd5.myworkdayjobs.com/Workday/job/Principal-Software-Engineer---Evisort-AI_JR-0103832,unknown,"Deterministic refreshed score: 0 profile skills mentioned
title alignment 0.0/3.0
domain signals 0",,,,,,,,,https://workday.wd5.myworkdayjobs.com/Workday/job/Principal-Software-Engineer---Evisort-AI_JR-0103832,,,,2026-05-20T23:45:54.543877+00:00,not_checked_network_restricted,Added from ApplyPilot DB; outbound link checking was blocked in sandbox.,"Moved because Workday already has a stronger kept row: Sr. Grants Management Implementation Consultant, Higher Education (score 6).","Sr. Grants Management Implementation Consultant, Higher Education",6
,,,7,Senior Manager - IT,,World Wide Technology,https://www.indeed.com/viewjob?jk=6b35e5973c290004,hybrid,"Change Management, ERP, Resource Planning, Risk Management
Deterministic refreshed score: 4 profile skills mentioned
title alignment 1.0/3.0
domain signals 10",,,,,,,,"Remote, US (Remote)",https://recruiting.adp.com/srccsh/public/RTI.home?r=5001200121106&c=2166501&d=WWTSoftchoice&rb=INDEED&idUnique=5001200121106,,,,2026-05-20T23:32:56.497262+00:00,not_checked_network_restricted,Added from ApplyPilot DB; outbound link checking was blocked in sandbox.,Moved because World Wide Technology already has a stronger kept row: Sr. Digital Product Manager- Physical AI (score 7).,Sr. Digital Product Manager- Physical AI,7
,,,7,Sr. Technical Delivery Manager (East Region),,World Wide Technology,https://www.linkedin.com/jobs/view/4413817281,hybrid,"SAFe, Data Governance Frameworks, Stakeholder Management, Program Management, Customer Success, Change Management, Risk Management, Data Warehousing, AWS, Legal Technology, Google Cloud
Deterministic profile match: 11 profile skills mentioned; title alignment 0.0/3.0; domain signals 10. Title relevance penalty 1.0 applied.",,,,,,,,,,,,,2026-05-14T21:32:43.337726+00:00,not_checked_network_restricted,Not finalized: outbound link checking was blocked in sandbox.,Moved because World Wide Technology already has a stronger kept row: Sr. Digital Product Manager- Physical AI (score 7).,Sr. Digital Product Manager- Physical AI,7
,,,6,Cloud Director - Program Delivery Lead,,World Wide Technology,https://www.linkedin.com/jobs/view/4415697499,hybrid,"Hybrid Project Management, Software Project Management, CI/CD Collaboration, Stakeholder Management, Program Management, Customer Success, Risk Management, Data Warehousing, AWS, Legal Technology
Deterministic profile match: 10 profile skills mentioned; title alignment 0.0/3.0; domain signals 10. Title relevance penalty 1.5 applied.",,,,,,,,,,,,,2026-05-19T03:40:50.527547+00:00,not_checked_network_restricted,Not finalized: outbound link checking was blocked in sandbox.,Moved because World Wide Technology already has a stronger kept row: Sr. Digital Product Manager- Physical AI (score 7).,Sr. Digital Product Manager- Physical AI,7
,,,6,Cloud Director - Program Delivery Lead,,World Wide Technology,https://www.indeed.com/viewjob?jk=be63ef9da0c640db,hybrid,"Hybrid Project Management, Software Project Management, CI/CD Collaboration, Stakeholder Management, Program Management, Customer Success, Risk Management, Data Warehousing, AWS, Legal Technology
Deterministic profile match: 10 profile skills mentioned; title alignment 0.0/3.0; domain signals 10. Title relevance penalty 1.5 applied.",,,,,,"Remote, US (Remote)",,"Remote, US (Remote)",https://recruiting.adp.com/srccsh/public/RTI.home?r=5001199569900&c=2166501&d=WWTExternalCareerSite&rb=INDEED&idUnique=5001199569900,,,,2026-05-19T03:26:29.194443+00:00,not_checked_network_restricted,Not finalized: outbound link checking was blocked in sandbox.,Moved because World Wide Technology already has a stronger kept row: Sr. Digital Product Manager- Physical AI (score 7).,Sr. Digital Product Manager- Physical AI,7
,,,6,Infrastructure Project Manager,,World Wide Technology,https://www.linkedin.com/jobs/view/4413550968,remote,"Stakeholder Management, Change Management, Risk Management
Deterministic profile match: 3 profile skills mentioned; title alignment 2.0/3.0; domain signals 3.",,,,,,,,Remote,,,,,2026-05-14T21:50:40.094592+00:00,not_checked_network_restricted,Not finalized: outbound link checking was blocked in sandbox.,Moved because World Wide Technology already has a stronger kept row: Sr. Digital Product Manager- Physical AI (score 7).,Sr. Digital Product Manager- Physical AI,7
,,,6,Program Manager - Supply Chain,,World Wide Technology,https://www.indeed.com/viewjob?jk=61bc4e366f744351,remote,"Software Project Management, Program Management, Presentation Skills, Change Management, Risk Management, Legal Technology
Deterministic profile match: 6 profile skills mentioned; title alignment 1.5/3.0; domain signals 2.",,,,,,,,"Remote, US (Remote)",https://recruiting.adp.com/srccsh/public/RTI.home?r=5001197792000&c=2166501&d=WWTExternalCareerSite&rb=INDEED&idUnique=5001197792000,,,,2026-05-14T21:52:47.996850+00:00,not_checked_network_restricted,Not finalized: outbound link checking was blocked in sandbox.,Moved because World Wide Technology already has a stronger kept row: Sr. Digital Product Manager- Physical AI (score 7).,Sr. Digital Product Manager- Physical AI,7
,,,6,"Security Solutions Principal - Cryptography, Key Management & Post-Quantum Readiness",,World Wide Technology,https://www.indeed.com/viewjob?jk=2ef1416f1172f26d,hybrid,"Data Governance Frameworks, Stakeholder Management, Program Management, Customer Success, AI/ML, Risk Management, Data Warehousing, AWS, VS Code, Legal Technology
Deterministic profile match: 10 profile skills mentioned; title alignment 0.0/3.0; domain signals 9. Title relevance penalty 1.0 applied.",,,,,,"Remote, US (Remote)",,"Remote, US (Remote)",https://recruiting.adp.com/srccsh/public/RTI.home?r=5001180881406&c=2166501&d=WWTExternalCareerSite&rb=INDEED&idUnique=5001180881406,,,,2026-05-19T03:33:24.221345+00:00,not_checked_network_restricted,Not finalized: outbound link checking was blocked in sandbox.,Moved because World Wide Technology already has a stronger kept row: Sr. Digital Product Manager- Physical AI (score 7).,Sr. Digital Product Manager- Physical AI,7
,,,5,"Project Coordinator, IT Infrastructure",,World Wide Technology,https://www.indeed.com/viewjob?jk=d48ccb27ec9dabad,remote,"Software Project Management, Program Management, Presentation Skills, Customer Success, Scheduling Management, Risk Management, Smartsheet, Legal Technology
Deterministic profile match: 8 profile skills mentioned; title alignment 0.0/3.0; domain signals 3.",,,,,,,,"Remote, US (Remote)",https://recruiting.adp.com/srccsh/public/RTI.home?r=5001199098500&c=2166501&d=WWTExternalCareerSite&rb=INDEED&idUnique=5001199098500,,,,2026-05-19T03:28:48.056786+00:00,not_checked_network_restricted,Not finalized: outbound link checking was blocked in sandbox.,Moved because World Wide Technology already has a stronger kept row: Sr. Digital Product Manager- Physical AI (score 7).,Sr. Digital Product Manager- Physical AI,7
,,,5,Senior Engineering Manager - Marketing Technology,,World Wide Technology,https://www.indeed.com/viewjob?jk=decff4ec8376bb70,remote,"JavaScript, Observability Concepts, Workflow Automation, Data Warehousing, Distributed Systems Concepts, Legal Technology
Deterministic profile match: 6 profile skills mentioned; title alignment 0.0/3.0; domain signals 9. Title relevance penalty 1.0 applied.",,,,,,,,"Remote, US (Remote)",https://recruiting.adp.com/srccsh/public/RTI.home?r=5001184004700&c=2166501&d=WWTExternalCareerSite&rb=INDEED&idUnique=5001184004700,,,,2026-05-19T03:33:24.221345+00:00,not_checked_network_restricted,Not finalized: outbound link checking was blocked in sandbox.,Moved because World Wide Technology already has a stronger kept row: Sr. Digital Product Manager- Physical AI (score 7).,Sr. Digital Product Manager- Physical AI,7
,,,5,"Solutions Managing Director, AI Tech Strategy & Consulting",,World Wide Technology,https://www.indeed.com/viewjob?jk=036aa668ee7c1da1,remote,"Data Governance Frameworks, Program Management, Customer Success, AI/ML, Risk Management, Data Warehousing, AWS, ServiceNow, Legal Technology, Google Cloud
Deterministic profile match: 10 profile skills mentioned; title alignment 0.0/3.0; domain signals 8. Title relevance penalty 2.5 applied.",,,,,,,,"Remote, US (Remote)",https://recruiting.adp.com/srccsh/public/RTI.home?r=5001199729900&c=2166501&d=WWTExternalCareerSite&rb=INDEED&idUnique=5001199729900,,,,2026-05-19T03:33:24.221345+00:00,not_checked_network_restricted,Not finalized: outbound link checking was blocked in sandbox.,Moved because World Wide Technology already has a stronger kept row: Sr. Digital Product Manager- Physical AI (score 7).,Sr. Digital Product Manager- Physical AI,7
,,,4,Sr. Partner Specialist,,World Wide Technology,https://www.indeed.com/viewjob?jk=546ff1ba8feff851,remote,"Go-to-market Strategy, Program Management, Technical Documentation, Training Enablement, Resource Planning, Data Warehousing, Legal Technology
Deterministic profile match: 7 profile skills mentioned; title alignment 0.0/3.0; domain signals 4. Title relevance penalty 1.0 applied.",,,,,,,,"Remote, US (Remote)",https://recruiting.adp.com/srccsh/public/RTI.home?r=5001199074106&c=2166501&d=WWTExternalCareerSite&rb=INDEED&idUnique=5001199074106,,,,2026-05-14T21:44:13.352357+00:00,not_checked_network_restricted,Not finalized: outbound link checking was blocked in sandbox.,Moved because World Wide Technology already has a stronger kept row: Sr. Digital Product Manager- Physical AI (score 7).,Sr. Digital Product Manager- Physical AI,7
,,,2,Client Solutions Director- Digital,,World Wide Technology,https://www.indeed.com/viewjob?jk=ed6282b70e775649,remote,"Software Project Management, Program Management, Customer Success, Legal Technology
Deterministic profile match: 4 profile skills mentioned; title alignment 0.0/3.0; domain signals 5. Title relevance penalty 2.5 applied.",,,,,,,,"Remote, US (Remote)",https://recruiting.adp.com/srccsh/public/RTI.home?r=5001183730800&c=2166501&d=WWTExternalCareerSite&rb=INDEED&idUnique=5001183730800,,,,2026-05-19T03:28:48.056786+00:00,not_checked_network_restricted,Not finalized: outbound link checking was blocked in sandbox.,Moved because World Wide Technology already has a stronger kept row: Sr. Digital Product Manager- Physical AI (score 7).,Sr. Digital Product Manager- Physical AI,7
,,,5,Senior Project Manager - CNS - Europe - Remote,,Worldwide Clinical Trials,https://www.linkedin.com/jobs/view/4403952396,remote,"SAFe
Deterministic profile match: 1 profile skills mentioned; title alignment 2.0/3.0; domain signals 2.",,,,,,,,Remote,,,,,2026-05-14T21:29:36.448824+00:00,not_checked_network_restricted,Not finalized: outbound link checking was blocked in sandbox.,Moved because Worldwide Clinical Trials already has a stronger kept row: Senior Project Manager (Early Phase) - Australia - Remote (score 5).,Senior Project Manager (Early Phase) - Australia - Remote,5
,,,7,"Senior Technical Program Manager, FUB Engineering",1,Zillow,https://www.linkedin.com/jobs/view/4383359492,remote,"Experimentation Frameworks, Program Management, Customer Success, AI/ML
Deterministic profile match: 4 profile skills mentioned; title alignment 2.0/3.0; domain signals 10.",,,,,,,,Remote,https://www.linkedin.com/signup/cold-join?source=jobs_registration&session_redirect=https%3A%2F%2Fwww.linkedin.com%2Fjobs%2Fview%2Fsenior-technical-program-manager-fub-engineering-at-zillow-4383359492&trk=public_jobs_apply-link-offsite_contextual-sign-in-modal_join-link,,,,2026-05-14T21:46:30.549281+00:00,not_checked_network_restricted,Not finalized: outbound link checking was blocked in sandbox.,Moved because Zillow already has a stronger kept row: Principal Technical Program Manager (score 9).,Principal Technical Program Manager,9
,,,8,AI Quality Program Manager,,Zoomph,https://www.indeed.com/viewjob?jk=78d7ec2dcf061af7,remote,"AI/ML, AWS, Customer Success, Program Management
Deterministic refreshed score: 4 profile skills mentioned
title alignment 2.5/3.0
domain signals 9",,,,,,,,"Remote, US (Remote)",https://www.teamworkonline.com/sports-technology-jobs/zoomph-jobs/zoomph-jobs-page/ai-quality-program-manager-2171897?source=Indeed,,,,2026-05-20T23:38:50.206073+00:00,not_checked_network_restricted,Added from ApplyPilot DB; outbound link checking was blocked in sandbox.,Moved because Zoomph already has a stronger kept row: AI Quality Program Manager (score 8).,AI Quality Program Manager,8
,,,2,Freelance Content Producer,,サイネオス・ヘルス,https://www.indeed.com/viewjob?jk=b07306901213c509,remote,Deterministic profile match: 0 profile skills mentioned; title alignment 0.0/3.0; domain signals 2. Title relevance penalty 1.0 applied.,,,,,,,,"Remote, US (Remote)",https://jp.syneoshealth.com/careers/jobs/17738382-freelance-content-producer,,,,2026-05-14T21:29:36.448824+00:00,not_checked_network_restricted,Not finalized: outbound link checking was blocked in sandbox.,Moved because サイネオス・ヘルス already has a stronger kept row: Freelance Senior Digital Asset Manager (score 3).,Freelance Senior Digital Asset Manager,3
