Date Applied,Note,Resume Path,score,title,Recognizable Brand?,company,source_url,work_arrangement,score_reasoning,custom_resume_path,custom_resume_status,custom_resume_validation_errors,custom_resume_validation_warnings,tailored_resume_path,office_location,remote_region,location,application_url,apply_status,apply_error,cover_letter_path,discovered_at,link_check_status,link_check_note
,,"C:\Users\bsing\OneDrive\Documents\Projects\ApplyPilot\portable_applypilot\software-pm\resume_generation_unique_company_2026-05-21\resumes\0002_EvenUp_Brianna Singer_resume_Technical Program Manager, Enterprise.pdf",10,"Technical Program Manager, Enterprise",,EvenUp,https://www.linkedin.com/jobs/view/4406257673,onsite,"AWS, Change Management, ERP, Jira, Program Management, Python, Requirements Gathering, Risk Management, SQL, Stakeholder Management
Deterministic refreshed score: 10 profile skills mentioned
title alignment 3.0/3.0
domain signals 19","C:\Users\bsing\OneDrive\Documents\Projects\ApplyPilot\portable_applypilot\software-pm\resume_generation_unique_company_2026-05-21\resumes\0002_EvenUp_Brianna Singer_resume_Technical Program Manager, Enterprise.pdf",approved,,"Banned words: spearheaded, proven track record","C:\Users\bsing\OneDrive\Documents\Projects\ApplyPilot\portable_applypilot\software-pm\resume_generation_unique_company_2026-05-21\resumes\0002_EvenUp_Brianna Singer_resume_Technical Program Manager, Enterprise.pdf",,,,,,,,2026-05-20T23:38:50.206073+00:00,not_checked_network_restricted,Added from ApplyPilot DB; outbound link checking was blocked in sandbox.
,,C:\Users\bsing\OneDrive\Documents\Projects\ApplyPilot\portable_applypilot\software-pm\resume_generation_unique_company_2026-05-21\resumes\0003_DataArt_Brianna Singer_resume_Technical Program Manager.pdf,10,Technical Program Manager,,DataArt,https://www.linkedin.com/jobs/view/4413325059,remote,"AI/ML, Confluence, GitHub, Jira, Kanban, Program Management, Stakeholder Management
Deterministic refreshed score: 7 profile skills mentioned
title alignment 3.0/3.0
domain signals 14",C:\Users\bsing\OneDrive\Documents\Projects\ApplyPilot\portable_applypilot\software-pm\resume_generation_unique_company_2026-05-21\resumes\0003_DataArt_Brianna Singer_resume_Technical Program Manager.pdf,approved,,"Banned words: spearheaded, proven track record",C:\Users\bsing\OneDrive\Documents\Projects\ApplyPilot\portable_applypilot\software-pm\resume_generation_unique_company_2026-05-21\resumes\0003_DataArt_Brianna Singer_resume_Technical Program Manager.pdf,,,Remote,,,,,2026-05-20T23:38:50.206073+00:00,not_checked_network_restricted,Added from ApplyPilot DB; outbound link checking was blocked in sandbox.
,,C:\Users\bsing\OneDrive\Documents\Projects\ApplyPilot\portable_applypilot\software-pm\resume_generation_unique_company_2026-05-21\resumes\0004_Xebia_Brianna Singer_resume_Technical Program Manager.pdf,10,Technical Program Manager,,Xebia,https://www.linkedin.com/jobs/view/4417059896,unknown,"ERP, Kanban, OKRs, Program Management, Retrospectives, SAFe, SDLC, Stakeholder Management
Deterministic refreshed score: 8 profile skills mentioned
title alignment 3.0/3.0
domain signals 12",C:\Users\bsing\OneDrive\Documents\Projects\ApplyPilot\portable_applypilot\software-pm\resume_generation_unique_company_2026-05-21\resumes\0004_Xebia_Brianna Singer_resume_Technical Program Manager.pdf,approved,,,C:\Users\bsing\OneDrive\Documents\Projects\ApplyPilot\portable_applypilot\software-pm\resume_generation_unique_company_2026-05-21\resumes\0004_Xebia_Brianna Singer_resume_Technical Program Manager.pdf,,,,,,,,2026-05-20T23:38:50.206073+00:00,not_checked_network_restricted,Added from ApplyPilot DB; outbound link checking was blocked in sandbox.
,,C:\Users\bsing\OneDrive\Documents\Projects\ApplyPilot\portable_applypilot\software-pm\resume_generation_unique_company_2026-05-21\resumes\0005_Brooksource_Brianna Singer_resume_Technical Program Manager.pdf,10,Technical Program Manager,,Brooksource,https://www.linkedin.com/jobs/view/4416303926,remote,"AWS, Confluence, ERP, Google Cloud, Jira, Milestone Tracking, Program Management, Retrospectives, Sprint Planning
Deterministic refreshed score: 9 profile skills mentioned
title alignment 3.0/3.0
domain signals 18",C:\Users\bsing\OneDrive\Documents\Projects\ApplyPilot\portable_applypilot\software-pm\resume_generation_unique_company_2026-05-21\resumes\0005_Brooksource_Brianna Singer_resume_Technical Program Manager.pdf,approved,,,C:\Users\bsing\OneDrive\Documents\Projects\ApplyPilot\portable_applypilot\software-pm\resume_generation_unique_company_2026-05-21\resumes\0005_Brooksource_Brianna Singer_resume_Technical Program Manager.pdf,,,Remote,,,,,2026-05-20T23:38:50.206073+00:00,not_checked_network_restricted,Added from ApplyPilot DB; outbound link checking was blocked in sandbox.
,,C:\Users\bsing\OneDrive\Documents\Projects\ApplyPilot\portable_applypilot\software-pm\resume_generation_unique_company_2026-05-21\resumes\0006_Jobgether_Brianna Singer_resume_Technical Program Manager.pdf,10,Technical Program Manager,,Jobgether,https://www.linkedin.com/jobs/view/4415995912,remote,"AWS, Change Management, Confluence, ERP, Jira, Program Management, Risk Management, Stakeholder Management
Deterministic refreshed score: 8 profile skills mentioned
title alignment 3.0/3.0
domain signals 15",C:\Users\bsing\OneDrive\Documents\Projects\ApplyPilot\portable_applypilot\software-pm\resume_generation_unique_company_2026-05-21\resumes\0006_Jobgether_Brianna Singer_resume_Technical Program Manager.pdf,approved,,,C:\Users\bsing\OneDrive\Documents\Projects\ApplyPilot\portable_applypilot\software-pm\resume_generation_unique_company_2026-05-21\resumes\0006_Jobgether_Brianna Singer_resume_Technical Program Manager.pdf,,,Remote,,,,,2026-05-20T23:38:50.206073+00:00,not_checked_network_restricted,Added from ApplyPilot DB; outbound link checking was blocked in sandbox.
,,C:\Users\bsing\OneDrive\Documents\Projects\ApplyPilot\portable_applypilot\software-pm\resume_generation_unique_company_2026-05-21\resumes\0007_Swooped_Brianna Singer_resume_Technical Program Manager.pdf,10,Technical Program Manager,,Swooped,https://www.linkedin.com/jobs/view/4417329371,remote,"Data Pipelines, ERP, Program Management, Python, SAFe, Snowflake
Deterministic refreshed score: 6 profile skills mentioned
title alignment 3.0/3.0
domain signals 13",C:\Users\bsing\OneDrive\Documents\Projects\ApplyPilot\portable_applypilot\software-pm\resume_generation_unique_company_2026-05-21\resumes\0007_Swooped_Brianna Singer_resume_Technical Program Manager.pdf,approved,,,C:\Users\bsing\OneDrive\Documents\Projects\ApplyPilot\portable_applypilot\software-pm\resume_generation_unique_company_2026-05-21\resumes\0007_Swooped_Brianna Singer_resume_Technical Program Manager.pdf,,,Remote,,,,,2026-05-20T23:38:50.206073+00:00,not_checked_network_restricted,Added from ApplyPilot DB; outbound link checking was blocked in sandbox.
,,C:\Users\bsing\OneDrive\Documents\Projects\ApplyPilot\portable_applypilot\software-pm\resume_generation_unique_company_2026-05-21\resumes\0008_Körber_Brianna Singer_resume_Senior Program Manager.pdf,10,Senior Program Manager,,Körber,https://www.indeed.com/viewjob?jk=e732f5639d623a9d,remote,"Customer Success, ERP, Program Management, Resource Planning, Risk Management, SAFe, Stakeholder Management, Technical Documentation
Deterministic refreshed score: 8 profile skills mentioned
title alignment 2.5/3.0
domain signals 11",C:\Users\bsing\OneDrive\Documents\Projects\ApplyPilot\portable_applypilot\software-pm\resume_generation_unique_company_2026-05-21\resumes\0008_Körber_Brianna Singer_resume_Senior Program Manager.pdf,approved,,,C:\Users\bsing\OneDrive\Documents\Projects\ApplyPilot\portable_applypilot\software-pm\resume_generation_unique_company_2026-05-21\resumes\0008_Körber_Brianna Singer_resume_Senior Program Manager.pdf,,,"Remote, US (Remote)",https://jobs.koerber.com/supplychain/job/Irving-Senior-Program-Manager-TX-75014/1394561333/,,,,2026-05-20T23:38:50.206073+00:00,not_checked_network_restricted,Added from ApplyPilot DB; outbound link checking was blocked in sandbox.
,,C:\Users\bsing\OneDrive\Documents\Projects\ApplyPilot\portable_applypilot\software-pm\resume_generation_unique_company_2026-05-21\resumes\0009_RemoteHunter_Brianna Singer_resume_Senior Program Manager.pdf,10,Senior Program Manager,,RemoteHunter,https://www.linkedin.com/jobs/view/4416149516,remote,"AI/ML, ERP, Milestone Tracking, Program Management, Risk Management, Stakeholder Management
Deterministic refreshed score: 6 profile skills mentioned
title alignment 2.5/3.0
domain signals 13",C:\Users\bsing\OneDrive\Documents\Projects\ApplyPilot\portable_applypilot\software-pm\resume_generation_unique_company_2026-05-21\resumes\0009_RemoteHunter_Brianna Singer_resume_Senior Program Manager.pdf,approved,,,C:\Users\bsing\OneDrive\Documents\Projects\ApplyPilot\portable_applypilot\software-pm\resume_generation_unique_company_2026-05-21\resumes\0009_RemoteHunter_Brianna Singer_resume_Senior Program Manager.pdf,,,Remote,,,,,2026-05-20T23:38:50.206073+00:00,not_checked_network_restricted,Added from ApplyPilot DB; outbound link checking was blocked in sandbox.
,,C:\Users\bsing\OneDrive\Documents\Projects\ApplyPilot\portable_applypilot\software-pm\resume_generation_unique_company_2026-05-21\resumes\0010_Intracom Telecom_Brianna Singer_resume_Technical Project Manager.pdf,10,Technical Project Manager,,Intracom Telecom,https://www.linkedin.com/jobs/view/4416231186,remote,"AWS, Confluence, ERP, Google Cloud, Jira, Program Management, Retrospectives, SDLC, Sprint Planning, Stakeholder Management, Trello
Deterministic refreshed score: 11 profile skills mentioned
title alignment 3.0/3.0
domain signals 14",C:\Users\bsing\OneDrive\Documents\Projects\ApplyPilot\portable_applypilot\software-pm\resume_generation_unique_company_2026-05-21\resumes\0010_Intracom Telecom_Brianna Singer_resume_Technical Project Manager.pdf,approved,,,C:\Users\bsing\OneDrive\Documents\Projects\ApplyPilot\portable_applypilot\software-pm\resume_generation_unique_company_2026-05-21\resumes\0010_Intracom Telecom_Brianna Singer_resume_Technical Project Manager.pdf,,,Remote,,,,,2026-05-20T23:32:56.497262+00:00,not_checked_network_restricted,Added from ApplyPilot DB; outbound link checking was blocked in sandbox.
,,C:\Users\bsing\OneDrive\Documents\Projects\ApplyPilot\portable_applypilot\software-pm\resume_generation_unique_company_2026-05-21\resumes\0011_Covenant HR_Brianna Singer_resume_Sr Technical Project Manager.pdf,10,Sr Technical Project Manager,,Covenant HR,https://www.linkedin.com/jobs/view/4416425599,remote,"Change Management, ERP, Jira, Kanban, Requirements Gathering, Smartsheet, Stakeholder Management
Deterministic refreshed score: 7 profile skills mentioned
title alignment 3.0/3.0
domain signals 15",C:\Users\bsing\OneDrive\Documents\Projects\ApplyPilot\portable_applypilot\software-pm\resume_generation_unique_company_2026-05-21\resumes\0011_Covenant HR_Brianna Singer_resume_Sr Technical Project Manager.pdf,approved,,,C:\Users\bsing\OneDrive\Documents\Projects\ApplyPilot\portable_applypilot\software-pm\resume_generation_unique_company_2026-05-21\resumes\0011_Covenant HR_Brianna Singer_resume_Sr Technical Project Manager.pdf,,,Remote,,,,,2026-05-20T23:32:56.497262+00:00,not_checked_network_restricted,Added from ApplyPilot DB; outbound link checking was blocked in sandbox.
,,C:\Users\bsing\OneDrive\Documents\Projects\ApplyPilot\portable_applypilot\software-pm\resume_generation_unique_company_2026-05-21\resumes\0012_Morson Edge_Brianna Singer_resume_Project Manager.pdf,10,Project Manager,,Morson Edge,https://www.linkedin.com/jobs/view/4413316999,hybrid,"Change Management, Confluence, ERP, Jira, Power BI, Smartsheet, Stakeholder Management
Deterministic refreshed score: 7 profile skills mentioned
title alignment 2.5/3.0
domain signals 13",C:\Users\bsing\OneDrive\Documents\Projects\ApplyPilot\portable_applypilot\software-pm\resume_generation_unique_company_2026-05-21\resumes\0012_Morson Edge_Brianna Singer_resume_Project Manager.pdf,approved,,,C:\Users\bsing\OneDrive\Documents\Projects\ApplyPilot\portable_applypilot\software-pm\resume_generation_unique_company_2026-05-21\resumes\0012_Morson Edge_Brianna Singer_resume_Project Manager.pdf,,,Remote,,,,,2026-05-20T23:32:56.497262+00:00,not_checked_network_restricted,Added from ApplyPilot DB; outbound link checking was blocked in sandbox.
,,C:\Users\bsing\OneDrive\Documents\Projects\ApplyPilot\portable_applypilot\software-pm\resume_generation_unique_company_2026-05-21\resumes\0013_Rallyware_Brianna Singer_resume_Project Manager.pdf,10,Project Manager,,Rallyware,https://www.linkedin.com/jobs/view/4417383211,remote,"Confluence, ERP, Jira, Presentation Skills, Smartsheet, Stakeholder Management
Deterministic refreshed score: 6 profile skills mentioned
title alignment 2.5/3.0
domain signals 13",C:\Users\bsing\OneDrive\Documents\Projects\ApplyPilot\portable_applypilot\software-pm\resume_generation_unique_company_2026-05-21\resumes\0013_Rallyware_Brianna Singer_resume_Project Manager.pdf,approved,,,C:\Users\bsing\OneDrive\Documents\Projects\ApplyPilot\portable_applypilot\software-pm\resume_generation_unique_company_2026-05-21\resumes\0013_Rallyware_Brianna Singer_resume_Project Manager.pdf,,,Remote,,,,,2026-05-20T23:32:56.497262+00:00,not_checked_network_restricted,Added from ApplyPilot DB; outbound link checking was blocked in sandbox.
,,C:\Users\bsing\OneDrive\Documents\Projects\ApplyPilot\portable_applypilot\software-pm\resume_generation_unique_company_2026-05-21\resumes\0014_Hadron Talent -Hadronfinsys_Brianna Singer_resume_Infrastructure Project Manager ITIL.pdf,10,Infrastructure Project Manager ITIL,,Hadron Talent -Hadronfinsys,https://www.linkedin.com/jobs/view/4417352029,hybrid,"AWS, Change Management, ERP, Resource Planning, ServiceNow, Stakeholder Management
Deterministic refreshed score: 6 profile skills mentioned
title alignment 2.5/3.0
domain signals 13",C:\Users\bsing\OneDrive\Documents\Projects\ApplyPilot\portable_applypilot\software-pm\resume_generation_unique_company_2026-05-21\resumes\0014_Hadron Talent -Hadronfinsys_Brianna Singer_resume_Infrastructure Project Manager ITIL.pdf,approved,,,C:\Users\bsing\OneDrive\Documents\Projects\ApplyPilot\portable_applypilot\software-pm\resume_generation_unique_company_2026-05-21\resumes\0014_Hadron Talent -Hadronfinsys_Brianna Singer_resume_Infrastructure Project Manager ITIL.pdf,,,Remote,,,,,2026-05-20T23:32:56.497262+00:00,not_checked_network_restricted,Added from ApplyPilot DB; outbound link checking was blocked in sandbox.
,,C:\Users\bsing\OneDrive\Documents\Projects\ApplyPilot\portable_applypilot\software-pm\resume_generation_unique_company_2026-05-21\resumes\0015_CRYOPORT SYSTEMS_Brianna Singer_resume_Program Manager.pdf,10,Program Manager,,CRYOPORT SYSTEMS,https://cryoport.wd12.myworkdayjobs.com/en-US/external/job/Remote---USA/Program-Manager_JR101549,remote,"ERP, Jira, Presentation Skills, Program Management, Smartsheet, SOPs
Deterministic refreshed score: 6 profile skills mentioned
title alignment 2.5/3.0
domain signals 14",C:\Users\bsing\OneDrive\Documents\Projects\ApplyPilot\portable_applypilot\software-pm\resume_generation_unique_company_2026-05-21\resumes\0015_CRYOPORT SYSTEMS_Brianna Singer_resume_Program Manager.pdf,approved,,,C:\Users\bsing\OneDrive\Documents\Projects\ApplyPilot\portable_applypilot\software-pm\resume_generation_unique_company_2026-05-21\resumes\0015_CRYOPORT SYSTEMS_Brianna Singer_resume_Program Manager.pdf,,,"Remote, US (Remote)",https://cryoport.wd12.myworkdayjobs.com/en-US/external/job/Remote---USA/Program-Manager_JR101549,,,,2026-05-20T23:29:02.788372+00:00,not_checked_network_restricted,Added from ApplyPilot DB; outbound link checking was blocked in sandbox.
,,C:\Users\bsing\OneDrive\Documents\Projects\ApplyPilot\portable_applypilot\software-pm\resume_generation_unique_company_2026-05-21\resumes\0016_Landmark_Brianna Singer_resume_Senior Technical Project Manager.pdf,10,Senior Technical Project Manager,,Landmark,https://www.linkedin.com/jobs/view/4417360375,hybrid,"AWS, Data Governance Frameworks, Data Pipelines, ERP, Program Management
Deterministic refreshed score: 5 profile skills mentioned
title alignment 3.0/3.0
domain signals 14",C:\Users\bsing\OneDrive\Documents\Projects\ApplyPilot\portable_applypilot\software-pm\resume_generation_unique_company_2026-05-21\resumes\0016_Landmark_Brianna Singer_resume_Senior Technical Project Manager.pdf,approved,,,C:\Users\bsing\OneDrive\Documents\Projects\ApplyPilot\portable_applypilot\software-pm\resume_generation_unique_company_2026-05-21\resumes\0016_Landmark_Brianna Singer_resume_Senior Technical Project Manager.pdf,,,,,,,,2026-05-20T23:24:40.954702+00:00,not_checked_network_restricted,Added from ApplyPilot DB; outbound link checking was blocked in sandbox.
,no blockchain projects allowed,C:\Users\bsing\OneDrive\Documents\Projects\ApplyPilot\portable_applypilot\software-pm\resume_generation_unique_company_2026-05-21\resumes\0017_Block Labs_Brianna Singer_resume_Technical Project Manager - iGaming.pdf,10,Technical Project Manager - iGaming,,Block Labs,https://www.linkedin.com/jobs/view/4373355270,unknown,"Software Project Management, SDLC, Stakeholder Management, Customer Success, Change Management, QA Coordination, Risk Management, Release Coordination
Deterministic profile match: 8 profile skills mentioned; title alignment 3.0/3.0; domain signals 10.",C:\Users\bsing\OneDrive\Documents\Projects\ApplyPilot\portable_applypilot\software-pm\resume_generation_unique_company_2026-05-21\resumes\0017_Block Labs_Brianna Singer_resume_Technical Project Manager - iGaming.pdf,approved,,,C:\Users\bsing\OneDrive\Documents\Projects\ApplyPilot\portable_applypilot\software-pm\resume_generation_unique_company_2026-05-21\resumes\0017_Block Labs_Brianna Singer_resume_Technical Project Manager - iGaming.pdf,,,,,,,,2026-05-19T03:28:48.056786+00:00,not_checked_network_restricted,Not finalized: outbound link checking was blocked in sandbox.
,,C:\Users\bsing\OneDrive\Documents\Projects\ApplyPilot\portable_applypilot\software-pm\resume_generation_unique_company_2026-05-21\resumes\0018_Marchon Partners_Brianna Singer_resume_Senior Project Manager.pdf,10,Senior Project Manager,,Marchon Partners,https://www.linkedin.com/jobs/view/4413722617,hybrid,"Agile Scrum, Hybrid Project Management, Software Project Management, Kanban, SDLC, Lean Product Development, Root Cause Analysis, Data Governance Frameworks, Stakeholder Management, Change Management, Risk Management
Deterministic profile match: 11 profile skills mentioned; title alignment 2.0/3.0; domain signals 10.",C:\Users\bsing\OneDrive\Documents\Projects\ApplyPilot\portable_applypilot\software-pm\resume_generation_unique_company_2026-05-21\resumes\0018_Marchon Partners_Brianna Singer_resume_Senior Project Manager.pdf,approved,,,C:\Users\bsing\OneDrive\Documents\Projects\ApplyPilot\portable_applypilot\software-pm\resume_generation_unique_company_2026-05-21\resumes\0018_Marchon Partners_Brianna Singer_resume_Senior Project Manager.pdf,,,Remote,,,,,2026-05-14T21:33:49.397717+00:00,not_checked_network_restricted,Added from ApplyPilot DB; outbound link checking was blocked in sandbox.
,,C:\Users\bsing\OneDrive\Documents\Projects\ApplyPilot\portable_applypilot\software-pm\resume_generation_unique_company_2026-05-21\resumes\0019_Motorola Solutions_Brianna Singer_resume_Project Manager.pdf,9,Project Manager,1,Motorola Solutions,https://motorolasolutions.wd5.myworkdayjobs.com/Careers/job/Texas-Remote-Work/Project-Manager_R64951,remote,"ERP, SAFe, Smartsheet, Stakeholder Management
Deterministic refreshed score: 4 profile skills mentioned
title alignment 2.5/3.0
domain signals 11",C:\Users\bsing\OneDrive\Documents\Projects\ApplyPilot\portable_applypilot\software-pm\resume_generation_unique_company_2026-05-21\resumes\0019_Motorola Solutions_Brianna Singer_resume_Project Manager.pdf,approved,,,C:\Users\bsing\OneDrive\Documents\Projects\ApplyPilot\portable_applypilot\software-pm\resume_generation_unique_company_2026-05-21\resumes\0019_Motorola Solutions_Brianna Singer_resume_Project Manager.pdf,,,"Texas Remote Work, More...",https://motorolasolutions.wd5.myworkdayjobs.com/Careers/job/Texas-Remote-Work/Project-Manager_R64951,,,,2026-05-20T23:46:42.550881+00:00,not_checked_network_restricted,Added from ApplyPilot DB; outbound link checking was blocked in sandbox.
,,C:\Users\bsing\OneDrive\Documents\Projects\ApplyPilot\portable_applypilot\software-pm\resume_generation_unique_company_2026-05-21\resumes\0020_Whisker Labs_Brianna Singer_resume_Technical Project Manager.pdf,9,Technical Project Manager,,Whisker Labs,https://www.indeed.com/viewjob?jk=e933c38ab6a3da7b,remote,"ERP, Jira, SAFe, Stakeholder Management
Deterministic refreshed score: 4 profile skills mentioned
title alignment 3.0/3.0
domain signals 12",C:\Users\bsing\OneDrive\Documents\Projects\ApplyPilot\portable_applypilot\software-pm\resume_generation_unique_company_2026-05-21\resumes\0020_Whisker Labs_Brianna Singer_resume_Technical Project Manager.pdf,approved,,,C:\Users\bsing\OneDrive\Documents\Projects\ApplyPilot\portable_applypilot\software-pm\resume_generation_unique_company_2026-05-21\resumes\0020_Whisker Labs_Brianna Singer_resume_Technical Project Manager.pdf,,,"Remote, US (Remote)",https://ats.rippling.com/whisker-labs-careers/jobs/693118a3-9404-43cf-a3b6-9395a284c99f?jobSite=Indeed,,,,2026-05-20T23:42:26.572633+00:00,not_checked_network_restricted,Added from ApplyPilot DB; outbound link checking was blocked in sandbox.
,,"C:\Users\bsing\OneDrive\Documents\Projects\ApplyPilot\portable_applypilot\software-pm\resume_generation_unique_company_2026-05-21\resumes\0021_Figma_Brianna Singer_resume_Technical Program Manager, Security.pdf",9,"Technical Program Manager, Security",1,Figma,https://www.linkedin.com/jobs/view/4406244744,remote,"AI/ML, ERP, Figma, Notion
Deterministic refreshed score: 4 profile skills mentioned
title alignment 3.0/3.0
domain signals 11","C:\Users\bsing\OneDrive\Documents\Projects\ApplyPilot\portable_applypilot\software-pm\resume_generation_unique_company_2026-05-21\resumes\0021_Figma_Brianna Singer_resume_Technical Program Manager, Security.pdf",approved,,,"C:\Users\bsing\OneDrive\Documents\Projects\ApplyPilot\portable_applypilot\software-pm\resume_generation_unique_company_2026-05-21\resumes\0021_Figma_Brianna Singer_resume_Technical Program Manager, Security.pdf",,,Remote,,,,,2026-05-20T23:38:50.206073+00:00,not_checked_network_restricted,Added from ApplyPilot DB; outbound link checking was blocked in sandbox.
,,"C:\Users\bsing\OneDrive\Documents\Projects\ApplyPilot\portable_applypilot\software-pm\resume_generation_unique_company_2026-05-21\resumes\0022_Stripe_Brianna Singer_resume_Technical Program Manager, Risk.pdf",9,"Technical Program Manager, Risk",1,Stripe,https://www.linkedin.com/jobs/view/4413490621,hybrid,"ERP, Program Management, Python, SQL
Deterministic refreshed score: 4 profile skills mentioned
title alignment 3.0/3.0
domain signals 8","C:\Users\bsing\OneDrive\Documents\Projects\ApplyPilot\portable_applypilot\software-pm\resume_generation_unique_company_2026-05-21\resumes\0022_Stripe_Brianna Singer_resume_Technical Program Manager, Risk.pdf",approved,,,"C:\Users\bsing\OneDrive\Documents\Projects\ApplyPilot\portable_applypilot\software-pm\resume_generation_unique_company_2026-05-21\resumes\0022_Stripe_Brianna Singer_resume_Technical Program Manager, Risk.pdf",,,Remote,,,,,2026-05-20T23:38:50.206073+00:00,not_checked_network_restricted,Added from ApplyPilot DB; outbound link checking was blocked in sandbox.
,,C:\Users\bsing\OneDrive\Documents\Projects\ApplyPilot\portable_applypilot\software-pm\resume_generation_unique_company_2026-05-21\resumes\0023_Academian Inc_Brianna Singer_resume_Technical Program Manager.pdf,9,Technical Program Manager,,Academian Inc,https://www.linkedin.com/jobs/view/4413652323,unknown,"ERP, Kanban, Program Management, SAFe, Stakeholder Management
Deterministic refreshed score: 5 profile skills mentioned
title alignment 3.0/3.0
domain signals 10",C:\Users\bsing\OneDrive\Documents\Projects\ApplyPilot\portable_applypilot\software-pm\resume_generation_unique_company_2026-05-21\resumes\0023_Academian Inc_Brianna Singer_resume_Technical Program Manager.pdf,approved,,,C:\Users\bsing\OneDrive\Documents\Projects\ApplyPilot\portable_applypilot\software-pm\resume_generation_unique_company_2026-05-21\resumes\0023_Academian Inc_Brianna Singer_resume_Technical Program Manager.pdf,,,,,,,,2026-05-20T23:38:50.206073+00:00,not_checked_network_restricted,Added from ApplyPilot DB; outbound link checking was blocked in sandbox.
,,C:\Users\bsing\OneDrive\Documents\Projects\ApplyPilot\portable_applypilot\software-pm\resume_generation_unique_company_2026-05-21\resumes\0024_Körber Supply Chain_Brianna Singer_resume_Senior Program Manager.pdf,9,Senior Program Manager,,Körber Supply Chain,https://www.linkedin.com/jobs/view/4416278645,remote,"ERP, Program Management, Resource Planning, Risk Management, SAFe, Stakeholder Management, Technical Documentation
Deterministic refreshed score: 7 profile skills mentioned
title alignment 2.5/3.0
domain signals 10",C:\Users\bsing\OneDrive\Documents\Projects\ApplyPilot\portable_applypilot\software-pm\resume_generation_unique_company_2026-05-21\resumes\0024_Körber Supply Chain_Brianna Singer_resume_Senior Program Manager.pdf,approved,,,C:\Users\bsing\OneDrive\Documents\Projects\ApplyPilot\portable_applypilot\software-pm\resume_generation_unique_company_2026-05-21\resumes\0024_Körber Supply Chain_Brianna Singer_resume_Senior Program Manager.pdf,,,Remote,,,,,2026-05-20T23:38:50.206073+00:00,not_checked_network_restricted,Added from ApplyPilot DB; outbound link checking was blocked in sandbox.
,,C:\Users\bsing\OneDrive\Documents\Projects\ApplyPilot\portable_applypilot\software-pm\resume_generation_unique_company_2026-05-21\resumes\0025_Caylent_Brianna Singer_resume_Senior Project Manager.pdf,9,Senior Project Manager,,Caylent,https://www.linkedin.com/jobs/view/4416333267,remote,"AWS, Roadmap Planning, SAFe, SDLC
Deterministic refreshed score: 4 profile skills mentioned
title alignment 2.5/3.0
domain signals 14",C:\Users\bsing\OneDrive\Documents\Projects\ApplyPilot\portable_applypilot\software-pm\resume_generation_unique_company_2026-05-21\resumes\0025_Caylent_Brianna Singer_resume_Senior Project Manager.pdf,approved,,,C:\Users\bsing\OneDrive\Documents\Projects\ApplyPilot\portable_applypilot\software-pm\resume_generation_unique_company_2026-05-21\resumes\0025_Caylent_Brianna Singer_resume_Senior Project Manager.pdf,,,Remote,,,,,2026-05-20T23:34:51.899289+00:00,not_checked_network_restricted,Added from ApplyPilot DB; outbound link checking was blocked in sandbox.
,,"C:\Users\bsing\OneDrive\Documents\Projects\ApplyPilot\portable_applypilot\software-pm\resume_generation_unique_company_2026-05-21\resumes\0026_CI&T_Brianna Singer_resume_Senior Project Manager, Brazil.pdf",9,"Senior Project Manager, Brazil",,CI&T,https://www.linkedin.com/jobs/view/4417387243,unknown,"Confluence, Jira, Retrospectives, Sprint Planning
Deterministic refreshed score: 4 profile skills mentioned
title alignment 2.5/3.0
domain signals 12","C:\Users\bsing\OneDrive\Documents\Projects\ApplyPilot\portable_applypilot\software-pm\resume_generation_unique_company_2026-05-21\resumes\0026_CI&T_Brianna Singer_resume_Senior Project Manager, Brazil.pdf",approved,,,"C:\Users\bsing\OneDrive\Documents\Projects\ApplyPilot\portable_applypilot\software-pm\resume_generation_unique_company_2026-05-21\resumes\0026_CI&T_Brianna Singer_resume_Senior Project Manager, Brazil.pdf",,,,,,,,2026-05-20T23:32:56.497262+00:00,not_checked_network_restricted,Added from ApplyPilot DB; outbound link checking was blocked in sandbox.
,,,9,Project Manager,,Fidel Group,https://www.linkedin.com/jobs/view/4416169743,remote,"Confluence, Jira, Risk Management, Trello
Deterministic refreshed score: 4 profile skills mentioned
title alignment 2.5/3.0
domain signals 15",,missing_job_description,No full job description found in ApplyPilot DB or fetched from URL.,,,,,Remote,,,,,2026-05-20T23:32:56.497262+00:00,not_checked_network_restricted,Added from ApplyPilot DB; outbound link checking was blocked in sandbox.
,,C:\Users\bsing\OneDrive\Documents\Projects\ApplyPilot\portable_applypilot\software-pm\resume_generation_unique_company_2026-05-21\resumes\0028_Blue Ridge Consultants Atlassian Solution Par_Brianna Singer_resume_Technical Project Manager.pdf,9,Technical Project Manager,,Blue Ridge Consultants | Atlassian Solution Partner,https://www.linkedin.com/jobs/view/4413353064,remote,"Confluence, ERP, Jira, Stakeholder Management
Deterministic refreshed score: 4 profile skills mentioned
title alignment 3.0/3.0
domain signals 12",C:\Users\bsing\OneDrive\Documents\Projects\ApplyPilot\portable_applypilot\software-pm\resume_generation_unique_company_2026-05-21\resumes\0028_Blue Ridge Consultants Atlassian Solution Par_Brianna Singer_resume_Technical Project Manager.pdf,approved,,,C:\Users\bsing\OneDrive\Documents\Projects\ApplyPilot\portable_applypilot\software-pm\resume_generation_unique_company_2026-05-21\resumes\0028_Blue Ridge Consultants Atlassian Solution Par_Brianna Singer_resume_Technical Project Manager.pdf,,,Remote,,,,,2026-05-20T23:30:56.351886+00:00,not_checked_network_restricted,Added from ApplyPilot DB; outbound link checking was blocked in sandbox.
,,C:\Users\bsing\OneDrive\Documents\Projects\ApplyPilot\portable_applypilot\software-pm\resume_generation_unique_company_2026-05-21\resumes\0029_Envision_Brianna Singer_resume_TECHNICAL DELIVERY MANAGER III- ITIL Infrastructure projects.pdf,9,TECHNICAL DELIVERY MANAGER III- ITIL/ Infrastructure projects,,Envision,https://www.linkedin.com/jobs/view/4417014534,unknown,"AWS, Confluence, ERP, Jira, Retrospectives, ServiceNow, Smartsheet
Deterministic refreshed score: 7 profile skills mentioned
title alignment 2.0/3.0
domain signals 16",C:\Users\bsing\OneDrive\Documents\Projects\ApplyPilot\portable_applypilot\software-pm\resume_generation_unique_company_2026-05-21\resumes\0029_Envision_Brianna Singer_resume_TECHNICAL DELIVERY MANAGER III- ITIL Infrastructure projects.pdf,approved,,,C:\Users\bsing\OneDrive\Documents\Projects\ApplyPilot\portable_applypilot\software-pm\resume_generation_unique_company_2026-05-21\resumes\0029_Envision_Brianna Singer_resume_TECHNICAL DELIVERY MANAGER III- ITIL Infrastructure projects.pdf,,,,,,,,2026-05-20T23:30:56.351886+00:00,not_checked_network_restricted,Added from ApplyPilot DB; outbound link checking was blocked in sandbox.
,,C:\Users\bsing\OneDrive\Documents\Projects\ApplyPilot\portable_applypilot\software-pm\resume_generation_unique_company_2026-05-21\resumes\0030_LeadStack Inc_Brianna Singer_resume_Senior Project Manager.pdf,9,Senior Project Manager,,LeadStack Inc.,https://www.linkedin.com/jobs/view/4416259804,hybrid,"Change Management, ERP, Program Management, Risk Management
Deterministic refreshed score: 4 profile skills mentioned
title alignment 2.5/3.0
domain signals 12",C:\Users\bsing\OneDrive\Documents\Projects\ApplyPilot\portable_applypilot\software-pm\resume_generation_unique_company_2026-05-21\resumes\0030_LeadStack Inc_Brianna Singer_resume_Senior Project Manager.pdf,approved,,,C:\Users\bsing\OneDrive\Documents\Projects\ApplyPilot\portable_applypilot\software-pm\resume_generation_unique_company_2026-05-21\resumes\0030_LeadStack Inc_Brianna Singer_resume_Senior Project Manager.pdf,,,Remote,,,,,2026-05-20T23:30:56.351886+00:00,not_checked_network_restricted,Added from ApplyPilot DB; outbound link checking was blocked in sandbox.
,,C:\Users\bsing\OneDrive\Documents\Projects\ApplyPilot\portable_applypilot\software-pm\resume_generation_unique_company_2026-05-21\resumes\0031_magentIQ_Brianna Singer_resume_Senior Technical Project Manager (Remote Philippines).pdf,9,Senior Technical Project Manager (Remote | Philippines),,magentIQ,https://www.linkedin.com/jobs/view/4405980941,hybrid,"Jira, Resource Planning, Smartsheet, Stakeholder Management
Deterministic refreshed score: 4 profile skills mentioned
title alignment 3.0/3.0
domain signals 10",C:\Users\bsing\OneDrive\Documents\Projects\ApplyPilot\portable_applypilot\software-pm\resume_generation_unique_company_2026-05-21\resumes\0031_magentIQ_Brianna Singer_resume_Senior Technical Project Manager (Remote Philippines).pdf,approved,,,C:\Users\bsing\OneDrive\Documents\Projects\ApplyPilot\portable_applypilot\software-pm\resume_generation_unique_company_2026-05-21\resumes\0031_magentIQ_Brianna Singer_resume_Senior Technical Project Manager (Remote Philippines).pdf,,,Remote,,,,,2026-05-20T23:29:02.788372+00:00,not_checked_network_restricted,Added from ApplyPilot DB; outbound link checking was blocked in sandbox.
,,"C:\Users\bsing\OneDrive\Documents\Projects\ApplyPilot\portable_applypilot\software-pm\resume_generation_unique_company_2026-05-21\resumes\0032_KAI Partners, Inc_Brianna Singer_resume_Senior Project Manager - Accela & Municipal Permitting Systems.pdf",9,Senior Project Manager – Accela & Municipal Permitting Systems,,"KAI Partners, Inc.",https://www.indeed.com/viewjob?jk=b36648fef081c048,remote,"Change Management, ERP, Program Management, Roadmap Planning
Deterministic refreshed score: 4 profile skills mentioned
title alignment 2.5/3.0
domain signals 13","C:\Users\bsing\OneDrive\Documents\Projects\ApplyPilot\portable_applypilot\software-pm\resume_generation_unique_company_2026-05-21\resumes\0032_KAI Partners, Inc_Brianna Singer_resume_Senior Project Manager - Accela & Municipal Permitting Systems.pdf",approved,,,"C:\Users\bsing\OneDrive\Documents\Projects\ApplyPilot\portable_applypilot\software-pm\resume_generation_unique_company_2026-05-21\resumes\0032_KAI Partners, Inc_Brianna Singer_resume_Senior Project Manager - Accela & Municipal Permitting Systems.pdf",,,"Remote, US (Remote)",https://app.jobvite.com/CompanyJobs/Job.aspx?j=oTU9Afwg&s=Indeed,,,,2026-05-20T23:29:02.788372+00:00,not_checked_network_restricted,Added from ApplyPilot DB; outbound link checking was blocked in sandbox.
,,C:\Users\bsing\OneDrive\Documents\Projects\ApplyPilot\portable_applypilot\software-pm\resume_generation_unique_company_2026-05-21\resumes\0033_Tech9_Brianna Singer_resume_Senior Project Manager.pdf,9,Senior Project Manager,,Tech9,https://www.linkedin.com/jobs/view/4417363872,hybrid,"AWS, Python, Sprint Planning, Stakeholder Management
Deterministic refreshed score: 4 profile skills mentioned
title alignment 2.5/3.0
domain signals 18",C:\Users\bsing\OneDrive\Documents\Projects\ApplyPilot\portable_applypilot\software-pm\resume_generation_unique_company_2026-05-21\resumes\0033_Tech9_Brianna Singer_resume_Senior Project Manager.pdf,approved,,,C:\Users\bsing\OneDrive\Documents\Projects\ApplyPilot\portable_applypilot\software-pm\resume_generation_unique_company_2026-05-21\resumes\0033_Tech9_Brianna Singer_resume_Senior Project Manager.pdf,,,Remote,,,,,2026-05-20T23:29:02.788372+00:00,not_checked_network_restricted,Added from ApplyPilot DB; outbound link checking was blocked in sandbox.
,,C:\Users\bsing\OneDrive\Documents\Projects\ApplyPilot\portable_applypilot\software-pm\resume_generation_unique_company_2026-05-21\resumes\0034_Inizio Partners_Brianna Singer_resume_Senior Delivery Manager.pdf,9,Senior Delivery Manager,,Inizio Partners,https://www.linkedin.com/jobs/view/4416961760,remote,"AWS, Data Warehousing, ERP, Python, Roadmap Planning, SDLC, SQL, Stakeholder Management
Deterministic refreshed score: 8 profile skills mentioned
title alignment 2.0/3.0
domain signals 10",C:\Users\bsing\OneDrive\Documents\Projects\ApplyPilot\portable_applypilot\software-pm\resume_generation_unique_company_2026-05-21\resumes\0034_Inizio Partners_Brianna Singer_resume_Senior Delivery Manager.pdf,approved,,,C:\Users\bsing\OneDrive\Documents\Projects\ApplyPilot\portable_applypilot\software-pm\resume_generation_unique_company_2026-05-21\resumes\0034_Inizio Partners_Brianna Singer_resume_Senior Delivery Manager.pdf,,,Remote,,,,,2026-05-20T23:29:02.788372+00:00,not_checked_network_restricted,Added from ApplyPilot DB; outbound link checking was blocked in sandbox.
,,C:\Users\bsing\OneDrive\Documents\Projects\ApplyPilot\portable_applypilot\software-pm\resume_generation_unique_company_2026-05-21\resumes\0035_Coastal_Brianna Singer_resume_Project Manager II (FINS).pdf,9,Project Manager II (FINS),,Coastal,https://www.indeed.com/viewjob?jk=0f755846bbb2eaf0,remote,"AWS, Change Management, Mentoring, Presentation Skills, Snowflake
Deterministic refreshed score: 5 profile skills mentioned
title alignment 2.5/3.0
domain signals 9",C:\Users\bsing\OneDrive\Documents\Projects\ApplyPilot\portable_applypilot\software-pm\resume_generation_unique_company_2026-05-21\resumes\0035_Coastal_Brianna Singer_resume_Project Manager II (FINS).pdf,approved,,,C:\Users\bsing\OneDrive\Documents\Projects\ApplyPilot\portable_applypilot\software-pm\resume_generation_unique_company_2026-05-21\resumes\0035_Coastal_Brianna Singer_resume_Project Manager II (FINS).pdf,,,"Remote, US (Remote)",https://recruitingbypaycor.com/career/JobIntroduction.action?id=8a7887a19de07068019e1779c5075a5f&source=Indeed+Free,,,,2026-05-20T23:29:02.788372+00:00,not_checked_network_restricted,Added from ApplyPilot DB; outbound link checking was blocked in sandbox.
,,C:\Users\bsing\OneDrive\Documents\Projects\ApplyPilot\portable_applypilot\software-pm\resume_generation_unique_company_2026-05-21\resumes\0036_Dayforce_Brianna Singer_resume_Implementation Project Manager.pdf,9,Implementation Project Manager,,Dayforce,https://www.linkedin.com/jobs/view/4398441768,remote,"Change Management, ERP, Risk Management, Smartsheet
Deterministic refreshed score: 4 profile skills mentioned
title alignment 2.5/3.0
domain signals 13",C:\Users\bsing\OneDrive\Documents\Projects\ApplyPilot\portable_applypilot\software-pm\resume_generation_unique_company_2026-05-21\resumes\0036_Dayforce_Brianna Singer_resume_Implementation Project Manager.pdf,approved,,,C:\Users\bsing\OneDrive\Documents\Projects\ApplyPilot\portable_applypilot\software-pm\resume_generation_unique_company_2026-05-21\resumes\0036_Dayforce_Brianna Singer_resume_Implementation Project Manager.pdf,,,Remote,,,,,2026-05-20T23:29:02.788372+00:00,not_checked_network_restricted,Added from ApplyPilot DB; outbound link checking was blocked in sandbox.
,,C:\Users\bsing\OneDrive\Documents\Projects\ApplyPilot\portable_applypilot\software-pm\resume_generation_unique_company_2026-05-21\resumes\0037_Synergy BIS_Brianna Singer_resume_Sr. Program Manager.pdf,9,Sr. Program Manager,,Synergy BIS,https://www.indeed.com/viewjob?jk=4865a66279edf64c,remote,"Agile Scrum, Sprint Planning, SAFe, Software Project Management, Stakeholder Management, Program Management, Technical Documentation, Risk Management, Jira, Confluence
Deterministic profile match: 10 profile skills mentioned; title alignment 1.5/3.0; domain signals 11.",C:\Users\bsing\OneDrive\Documents\Projects\ApplyPilot\portable_applypilot\software-pm\resume_generation_unique_company_2026-05-21\resumes\0037_Synergy BIS_Brianna Singer_resume_Sr. Program Manager.pdf,approved,,,C:\Users\bsing\OneDrive\Documents\Projects\ApplyPilot\portable_applypilot\software-pm\resume_generation_unique_company_2026-05-21\resumes\0037_Synergy BIS_Brianna Singer_resume_Sr. Program Manager.pdf,,,"Remote, US (Remote)",https://app.jobvite.com/CompanyJobs/Job.aspx?j=oec8zfwR&s=Indeed,,,,2026-05-19T03:26:29.194443+00:00,not_checked_network_restricted,Not finalized: outbound link checking was blocked in sandbox.
,,C:\Users\bsing\OneDrive\Documents\Projects\ApplyPilot\portable_applypilot\software-pm\resume_generation_unique_company_2026-05-21\resumes\0038_Velera_Brianna Singer_resume_Interaction Intelligence Program Manager - Remote.pdf,9,Interaction Intelligence Program Manager - Remote,,Velera,https://www.indeed.com/viewjob?jk=a515dac95b14d29d,remote,"Software Project Management, Data Governance Frameworks, Program Management, Technical Documentation, Presentation Skills, Customer Success, Change Management, Training Enablement, Deployment Workflows, Data Pipelines, Legal Technology
Deterministic profile match: 11 profile skills mentioned; title alignment 1.5/3.0; domain signals 8.",C:\Users\bsing\OneDrive\Documents\Projects\ApplyPilot\portable_applypilot\software-pm\resume_generation_unique_company_2026-05-21\resumes\0038_Velera_Brianna Singer_resume_Interaction Intelligence Program Manager - Remote.pdf,approved,,,C:\Users\bsing\OneDrive\Documents\Projects\ApplyPilot\portable_applypilot\software-pm\resume_generation_unique_company_2026-05-21\resumes\0038_Velera_Brianna Singer_resume_Interaction Intelligence Program Manager - Remote.pdf,,,"Remote, US (Remote)",https://velera.wd5.myworkdayjobs.com/en-US/VeleraCareers/job/Remote-USA/Manager--QA-Member-Experience---Remote_9237,,,,2026-05-19T03:26:29.194443+00:00,not_checked_network_restricted,Not finalized: outbound link checking was blocked in sandbox.
,,C:\Users\bsing\OneDrive\Documents\Projects\ApplyPilot\portable_applypilot\software-pm\resume_generation_unique_company_2026-05-21\resumes\0039_Kruncher_Brianna Singer_resume_Founding Technical Project Manager.pdf,9,Founding Technical Project Manager,,Kruncher,https://www.linkedin.com/jobs/view/4415892213,hybrid,"Hybrid Project Management, Software Project Management, Program Management, Customer Success, Jira, Confluence, Notion
Deterministic profile match: 7 profile skills mentioned; title alignment 3.0/3.0; domain signals 11.",C:\Users\bsing\OneDrive\Documents\Projects\ApplyPilot\portable_applypilot\software-pm\resume_generation_unique_company_2026-05-21\resumes\0039_Kruncher_Brianna Singer_resume_Founding Technical Project Manager.pdf,approved,,,C:\Users\bsing\OneDrive\Documents\Projects\ApplyPilot\portable_applypilot\software-pm\resume_generation_unique_company_2026-05-21\resumes\0039_Kruncher_Brianna Singer_resume_Founding Technical Project Manager.pdf,Remote,,Remote,,,,,2026-05-19T03:25:28.289938+00:00,not_checked_network_restricted,Not finalized: outbound link checking was blocked in sandbox.
,,C:\Users\bsing\OneDrive\Documents\Projects\ApplyPilot\portable_applypilot\software-pm\resume_generation_unique_company_2026-05-21\resumes\0040_Abnormal AI_Brianna Singer_resume_Technical Program Manager.pdf,9,Technical Program Manager,,Abnormal AI,https://www.linkedin.com/jobs/view/4413783610,unknown,"SQL, Agile Scrum, Software Project Management, Program Management, Customer Success, Resource Planning, AI/ML, Jira
Deterministic profile match: 8 profile skills mentioned; title alignment 2.0/3.0; domain signals 11.",C:\Users\bsing\OneDrive\Documents\Projects\ApplyPilot\portable_applypilot\software-pm\resume_generation_unique_company_2026-05-21\resumes\0040_Abnormal AI_Brianna Singer_resume_Technical Program Manager.pdf,approved,,,C:\Users\bsing\OneDrive\Documents\Projects\ApplyPilot\portable_applypilot\software-pm\resume_generation_unique_company_2026-05-21\resumes\0040_Abnormal AI_Brianna Singer_resume_Technical Program Manager.pdf,,,,https://www.linkedin.com/signup/cold-join?source=jobs_registration&session_redirect=https%3A%2F%2Fwww.linkedin.com%2Fjobs%2Fview%2Ftechnical-program-manager-at-abnormal-ai-4413783610&trk=public_jobs_apply-link-offsite_contextual-sign-in-modal_join-link,,,,2026-05-14T21:46:30.549281+00:00,not_checked_network_restricted,Not finalized: outbound link checking was blocked in sandbox.
,,C:\Users\bsing\OneDrive\Documents\Projects\ApplyPilot\portable_applypilot\software-pm\resume_generation_unique_company_2026-05-21\resumes\0041_Twilio_Brianna Singer_resume_Staff Product Manager - Enterprise AI.pdf,9,Staff Product Manager - Enterprise AI,1,Twilio,https://www.indeed.com/viewjob?jk=7fe92a95cee1b2fb,remote,"SQL, Stakeholder Management, Program Management, Requirements Gathering, Customer Success, Change Management, Training Enablement, ERP, AI/ML, Risk Management, Workflow Automation, Distributed Systems Concepts, Legal Technology
Deterministic profile match: 13 profile skills mentioned; title alignment 1.0/3.0; domain signals 8.",C:\Users\bsing\OneDrive\Documents\Projects\ApplyPilot\portable_applypilot\software-pm\resume_generation_unique_company_2026-05-21\resumes\0041_Twilio_Brianna Singer_resume_Staff Product Manager - Enterprise AI.pdf,approved,,,C:\Users\bsing\OneDrive\Documents\Projects\ApplyPilot\portable_applypilot\software-pm\resume_generation_unique_company_2026-05-21\resumes\0041_Twilio_Brianna Singer_resume_Staff Product Manager - Enterprise AI.pdf,,,"Remote, US (Remote)",https://jobs.twilio.com/careers/job/1099553537887?domain=twilio.com,,,,2026-05-14T21:46:30.549281+00:00,not_checked_network_restricted,Not finalized: outbound link checking was blocked in sandbox.
,,C:\Users\bsing\OneDrive\Documents\Projects\ApplyPilot\portable_applypilot\software-pm\resume_generation_unique_company_2026-05-21\resumes\0042_BeyondTrust_Brianna Singer_resume_Senior Technical Program Manager- Remote.pdf,9,Senior Technical Program Manager- Remote,,BeyondTrust,https://www.linkedin.com/jobs/view/4413742907,remote,"Agile Scrum, Software Project Management, Kanban, Program Management, Customer Success, Risk Management, Jira, Confluence, GitHub
Deterministic profile match: 9 profile skills mentioned; title alignment 2.0/3.0; domain signals 11.",C:\Users\bsing\OneDrive\Documents\Projects\ApplyPilot\portable_applypilot\software-pm\resume_generation_unique_company_2026-05-21\resumes\0042_BeyondTrust_Brianna Singer_resume_Senior Technical Program Manager- Remote.pdf,approved,,,C:\Users\bsing\OneDrive\Documents\Projects\ApplyPilot\portable_applypilot\software-pm\resume_generation_unique_company_2026-05-21\resumes\0042_BeyondTrust_Brianna Singer_resume_Senior Technical Program Manager- Remote.pdf,,,Remote,https://www.linkedin.com/signup/cold-join?source=jobs_registration&session_redirect=https%3A%2F%2Fca.linkedin.com%2Fjobs%2Fview%2Fsenior-technical-program-manager-remote-at-beyondtrust-4413742907&trk=public_jobs_apply-link-offsite_contextual-sign-in-modal_join-link,,,,2026-05-14T21:46:30.549281+00:00,not_checked_network_restricted,Not finalized: outbound link checking was blocked in sandbox.
,,C:\Users\bsing\OneDrive\Documents\Projects\ApplyPilot\portable_applypilot\software-pm\resume_generation_unique_company_2026-05-21\resumes\0043_Insight Global_Brianna Singer_resume_Technical Project Manager.pdf,9,Technical Project Manager,,Insight Global,https://www.linkedin.com/jobs/view/4413194470,remote,"Sprint Planning, Software Project Management, Program Management, Technical Documentation, Sprint Reviews, Workflow Automation, GitHub
Deterministic profile match: 7 profile skills mentioned; title alignment 3.0/3.0; domain signals 10.",C:\Users\bsing\OneDrive\Documents\Projects\ApplyPilot\portable_applypilot\software-pm\resume_generation_unique_company_2026-05-21\resumes\0043_Insight Global_Brianna Singer_resume_Technical Project Manager.pdf,approved,,,C:\Users\bsing\OneDrive\Documents\Projects\ApplyPilot\portable_applypilot\software-pm\resume_generation_unique_company_2026-05-21\resumes\0043_Insight Global_Brianna Singer_resume_Technical Project Manager.pdf,,,Remote,,,,,2026-05-14T21:44:13.352357+00:00,not_checked_network_restricted,Not finalized: outbound link checking was blocked in sandbox.
,,"C:\Users\bsing\OneDrive\Documents\Projects\ApplyPilot\portable_applypilot\software-pm\resume_generation_unique_company_2026-05-21\resumes\0044_Cohere_Brianna Singer_resume_Technical Program Manager, North Delivery & Release Operations.pdf",9,"Technical Program Manager, North Delivery & Release Operations",,Cohere,https://www.linkedin.com/jobs/view/4404297144,remote,"Software Project Management, Program Management, Customer Success, AI/ML, Release Coordination, Deployment Workflows, Jira, GitHub
Deterministic profile match: 8 profile skills mentioned; title alignment 2.0/3.0; domain signals 9.","C:\Users\bsing\OneDrive\Documents\Projects\ApplyPilot\portable_applypilot\software-pm\resume_generation_unique_company_2026-05-21\resumes\0044_Cohere_Brianna Singer_resume_Technical Program Manager, North Delivery & Release Operations.pdf",approved,,,"C:\Users\bsing\OneDrive\Documents\Projects\ApplyPilot\portable_applypilot\software-pm\resume_generation_unique_company_2026-05-21\resumes\0044_Cohere_Brianna Singer_resume_Technical Program Manager, North Delivery & Release Operations.pdf",,,Remote,https://www.linkedin.com/signup/cold-join?source=jobs_registration&session_redirect=https%3A%2F%2Fuk.linkedin.com%2Fjobs%2Fview%2Ftechnical-program-manager-north-delivery-release-operations-at-cohere-4404297144&trk=public_jobs_apply-link-offsite_contextual-sign-in-modal_join-link,,,,2026-05-14T21:44:13.352357+00:00,not_checked_network_restricted,Not finalized: outbound link checking was blocked in sandbox.
,,C:\Users\bsing\OneDrive\Documents\Projects\ApplyPilot\portable_applypilot\software-pm\resume_generation_unique_company_2026-05-21\resumes\0045_Focus Systems Inc_Brianna Singer_resume_Project Manager - SaaS Transformation (1875).pdf,9,Project Manager - SaaS Transformation (1875),,Focus Systems Inc.,https://www.linkedin.com/jobs/view/4414736282,remote,"SAFe, Software Project Management, Stakeholder Management, Program Management, Requirements Gathering, Resource Planning, Risk Management, Power BI
Deterministic profile match: 8 profile skills mentioned; title alignment 2.0/3.0; domain signals 8.",C:\Users\bsing\OneDrive\Documents\Projects\ApplyPilot\portable_applypilot\software-pm\resume_generation_unique_company_2026-05-21\resumes\0045_Focus Systems Inc_Brianna Singer_resume_Project Manager - SaaS Transformation (1875).pdf,approved,,,C:\Users\bsing\OneDrive\Documents\Projects\ApplyPilot\portable_applypilot\software-pm\resume_generation_unique_company_2026-05-21\resumes\0045_Focus Systems Inc_Brianna Singer_resume_Project Manager - SaaS Transformation (1875).pdf,,,Remote,,,,,2026-05-14T21:44:13.352357+00:00,not_checked_network_restricted,Not finalized: outbound link checking was blocked in sandbox.
,,C:\Users\bsing\OneDrive\Documents\Projects\ApplyPilot\portable_applypilot\software-pm\resume_generation_unique_company_2026-05-21\resumes\0046_Zillow_Brianna Singer_resume_Principal Technical Program Manager.pdf,9,Principal Technical Program Manager,1,Zillow,https://www.linkedin.com/jobs/view/4383330524,remote,"Postmortems, Program Management, Mentoring, Customer Success, Change Management, AI/ML, Risk Management, Workflow Automation
Deterministic profile match: 8 profile skills mentioned; title alignment 2.0/3.0; domain signals 8.",C:\Users\bsing\OneDrive\Documents\Projects\ApplyPilot\portable_applypilot\software-pm\resume_generation_unique_company_2026-05-21\resumes\0046_Zillow_Brianna Singer_resume_Principal Technical Program Manager.pdf,approved,,,C:\Users\bsing\OneDrive\Documents\Projects\ApplyPilot\portable_applypilot\software-pm\resume_generation_unique_company_2026-05-21\resumes\0046_Zillow_Brianna Singer_resume_Principal Technical Program Manager.pdf,,,Remote,https://www.linkedin.com/signup/cold-join?source=jobs_registration&session_redirect=https%3A%2F%2Fwww.linkedin.com%2Fjobs%2Fview%2Fprincipal-technical-program-manager-at-zillow-4383330524&trk=public_jobs_apply-link-offsite_contextual-sign-in-modal_join-link,,,,2026-05-14T21:44:13.352357+00:00,not_checked_network_restricted,Not finalized: outbound link checking was blocked in sandbox.
,,C:\Users\bsing\OneDrive\Documents\Projects\ApplyPilot\portable_applypilot\software-pm\resume_generation_unique_company_2026-05-21\resumes\0047_LMI_Brianna Singer_resume_Technical Program Manager.pdf,9,Technical Program Manager,,LMI,https://www.indeed.com/viewjob?jk=f2861c93a7b4adca,remote,"Agile Scrum, Software Project Management, Stakeholder Management, Program Management, Technical Documentation, Roadmap Planning, Change Management, AWS
Deterministic profile match: 8 profile skills mentioned; title alignment 2.0/3.0; domain signals 11.",C:\Users\bsing\OneDrive\Documents\Projects\ApplyPilot\portable_applypilot\software-pm\resume_generation_unique_company_2026-05-21\resumes\0047_LMI_Brianna Singer_resume_Technical Program Manager.pdf,approved,,,C:\Users\bsing\OneDrive\Documents\Projects\ApplyPilot\portable_applypilot\software-pm\resume_generation_unique_company_2026-05-21\resumes\0047_LMI_Brianna Singer_resume_Technical Program Manager.pdf,,,"Remote, US (Remote)",https://careers-lmi.icims.com/jobs/14021/job?utm_source=indeed_integration&iis=Job%20Board&iisn=Indeed&indeed-apply-token=73a2d2b2a8d6d5c0a62696875eaebd669103652d3f0c2cd5445d3e66b1592b0f,,,,2026-05-14T21:40:03.505024+00:00,not_checked_network_restricted,Not finalized: outbound link checking was blocked in sandbox.
,,C:\Users\bsing\OneDrive\Documents\Projects\ApplyPilot\portable_applypilot\software-pm\resume_generation_unique_company_2026-05-21\resumes\0048_Outsourcey_Brianna Singer_resume_Project Manager.pdf,9,Project Manager,,Outsourcey,https://www.linkedin.com/jobs/view/4413274924,remote,"Agile Scrum, Sprint Planning, Stakeholder Management, Program Management, Change Management, KPI Tracking, Risk Management, Jira, Confluence
Deterministic profile match: 9 profile skills mentioned; title alignment 2.0/3.0; domain signals 7.",C:\Users\bsing\OneDrive\Documents\Projects\ApplyPilot\portable_applypilot\software-pm\resume_generation_unique_company_2026-05-21\resumes\0048_Outsourcey_Brianna Singer_resume_Project Manager.pdf,approved,,,C:\Users\bsing\OneDrive\Documents\Projects\ApplyPilot\portable_applypilot\software-pm\resume_generation_unique_company_2026-05-21\resumes\0048_Outsourcey_Brianna Singer_resume_Project Manager.pdf,,,Remote,,,,,2026-05-14T21:40:03.505024+00:00,not_checked_network_restricted,Not finalized: outbound link checking was blocked in sandbox.
,,C:\Users\bsing\OneDrive\Documents\Projects\ApplyPilot\portable_applypilot\software-pm\resume_generation_unique_company_2026-05-21\resumes\0049_Pinnacle Method Consulting_Brianna Singer_resume_Agile Project Manager.pdf,9,Agile Project Manager,,Pinnacle Method Consulting,https://www.linkedin.com/jobs/view/4414436932,remote,"Agile Scrum, Sprint Planning, SAFe, Kanban, Retrospectives, Sprint Reviews, Risk Management, Jira
Deterministic profile match: 8 profile skills mentioned; title alignment 2.5/3.0; domain signals 11.",C:\Users\bsing\OneDrive\Documents\Projects\ApplyPilot\portable_applypilot\software-pm\resume_generation_unique_company_2026-05-21\resumes\0049_Pinnacle Method Consulting_Brianna Singer_resume_Agile Project Manager.pdf,approved,,,C:\Users\bsing\OneDrive\Documents\Projects\ApplyPilot\portable_applypilot\software-pm\resume_generation_unique_company_2026-05-21\resumes\0049_Pinnacle Method Consulting_Brianna Singer_resume_Agile Project Manager.pdf,,,Remote,,,,,2026-05-14T21:40:03.505024+00:00,not_checked_network_restricted,Not finalized: outbound link checking was blocked in sandbox.
,,C:\Users\bsing\OneDrive\Documents\Projects\ApplyPilot\portable_applypilot\software-pm\resume_generation_unique_company_2026-05-21\resumes\0050_BairesDev_Brianna Singer_resume_AI Technical Project Manager - Remote Work.pdf,9,AI Technical Project Manager - Remote Work,,BairesDev,https://www.linkedin.com/jobs/view/4414154751,remote,"Software Project Management, Program Management, Technical Documentation, Deployment Workflows, Workflow Automation, Jira
Deterministic profile match: 6 profile skills mentioned; title alignment 3.0/3.0; domain signals 7.",C:\Users\bsing\OneDrive\Documents\Projects\ApplyPilot\portable_applypilot\software-pm\resume_generation_unique_company_2026-05-21\resumes\0050_BairesDev_Brianna Singer_resume_AI Technical Project Manager - Remote Work.pdf,approved,,,C:\Users\bsing\OneDrive\Documents\Projects\ApplyPilot\portable_applypilot\software-pm\resume_generation_unique_company_2026-05-21\resumes\0050_BairesDev_Brianna Singer_resume_AI Technical Project Manager - Remote Work.pdf,,,Remote,,,,,2026-05-14T21:37:59.870693+00:00,not_checked_network_restricted,Not finalized: outbound link checking was blocked in sandbox.
,,C:\Users\bsing\OneDrive\Documents\Projects\ApplyPilot\portable_applypilot\software-pm\resume_generation_unique_company_2026-05-21\resumes\0051_Net2Source (N2S)_Brianna Singer_resume_Sr. Project Manager.pdf,9,Sr. Project Manager,,Net2Source (N2S),https://www.linkedin.com/jobs/view/4410995300,hybrid,"Agile Scrum, Hybrid Project Management, Stakeholder Management, Program Management, Technical Documentation, Change Management, Scheduling Management, Risk Management, AWS
Deterministic profile match: 9 profile skills mentioned; title alignment 2.0/3.0; domain signals 7.",C:\Users\bsing\OneDrive\Documents\Projects\ApplyPilot\portable_applypilot\software-pm\resume_generation_unique_company_2026-05-21\resumes\0051_Net2Source (N2S)_Brianna Singer_resume_Sr. Project Manager.pdf,approved,,,C:\Users\bsing\OneDrive\Documents\Projects\ApplyPilot\portable_applypilot\software-pm\resume_generation_unique_company_2026-05-21\resumes\0051_Net2Source (N2S)_Brianna Singer_resume_Sr. Project Manager.pdf,Remote,,Remote,,,,,2026-05-14T21:36:03.741595+00:00,not_checked_network_restricted,Not finalized: outbound link checking was blocked in sandbox.
,,C:\Users\bsing\OneDrive\Documents\Projects\ApplyPilot\portable_applypilot\software-pm\resume_generation_unique_company_2026-05-21\resumes\0052_mSupply_Brianna Singer_resume_Senior IT Project Manager - US.pdf,9,Senior IT Project Manager - US,,mSupply,https://www.linkedin.com/jobs/view/4409618751,hybrid,"Hybrid Project Management, Program Management, Change Management, Resource Planning, ERP, Risk Management, Workflow Automation, Jira
Deterministic profile match: 8 profile skills mentioned; title alignment 2.5/3.0; domain signals 9.",C:\Users\bsing\OneDrive\Documents\Projects\ApplyPilot\portable_applypilot\software-pm\resume_generation_unique_company_2026-05-21\resumes\0052_mSupply_Brianna Singer_resume_Senior IT Project Manager - US.pdf,approved,,,C:\Users\bsing\OneDrive\Documents\Projects\ApplyPilot\portable_applypilot\software-pm\resume_generation_unique_company_2026-05-21\resumes\0052_mSupply_Brianna Singer_resume_Senior IT Project Manager - US.pdf,Remote,,Remote,,,,,2026-05-14T21:36:03.741595+00:00,not_checked_network_restricted,Not finalized: outbound link checking was blocked in sandbox.
,,C:\Users\bsing\OneDrive\Documents\Projects\ApplyPilot\portable_applypilot\software-pm\resume_generation_unique_company_2026-05-21\resumes\0053_CSG_Brianna Singer_resume_Project Manager.pdf,9,Project Manager,,CSG,https://www.indeed.com/viewjob?jk=77035283329ced6e,hybrid,"Hybrid Project Management, SAFe, Software Project Management, Stakeholder Management, Program Management, Mentoring, Customer Success, Resource Planning, Risk Management
Deterministic profile match: 9 profile skills mentioned; title alignment 2.0/3.0; domain signals 7.",C:\Users\bsing\OneDrive\Documents\Projects\ApplyPilot\portable_applypilot\software-pm\resume_generation_unique_company_2026-05-21\resumes\0053_CSG_Brianna Singer_resume_Project Manager.pdf,approved,,,C:\Users\bsing\OneDrive\Documents\Projects\ApplyPilot\portable_applypilot\software-pm\resume_generation_unique_company_2026-05-21\resumes\0053_CSG_Brianna Singer_resume_Project Manager.pdf,"Remote, US (Remote)",,"Remote, US (Remote)",https://csgi.wd5.myworkdayjobs.com/en-US/CSGCareers/job/United-States-Remote/Project-Manager_31900-1,,,,2026-05-14T21:36:03.741595+00:00,not_checked_network_restricted,Not finalized: outbound link checking was blocked in sandbox.
,,C:\Users\bsing\OneDrive\Documents\Projects\ApplyPilot\portable_applypilot\software-pm\resume_generation_unique_company_2026-05-21\resumes\0054_Atos_Brianna Singer_resume_PROJECT MANAGER.pdf,9,PROJECT MANAGER,,Atos,https://www.indeed.com/viewjob?jk=3348aa4af1cdee09,remote,"Agile Scrum, SAFe, Lean Product Development, Data Governance Frameworks, Stakeholder Management, Program Management, Presentation Skills, Customer Success
Deterministic profile match: 8 profile skills mentioned; title alignment 2.0/3.0; domain signals 10.",C:\Users\bsing\OneDrive\Documents\Projects\ApplyPilot\portable_applypilot\software-pm\resume_generation_unique_company_2026-05-21\resumes\0054_Atos_Brianna Singer_resume_PROJECT MANAGER.pdf,approved,,,C:\Users\bsing\OneDrive\Documents\Projects\ApplyPilot\portable_applypilot\software-pm\resume_generation_unique_company_2026-05-21\resumes\0054_Atos_Brianna Singer_resume_PROJECT MANAGER.pdf,,,"Remote, US (Remote)",https://jobs.atos.net/job/Remote-Home-PROJECT-MANAGER/1392538133/,,,,2026-05-14T21:36:03.741595+00:00,not_checked_network_restricted,Not finalized: outbound link checking was blocked in sandbox.
,,C:\Users\bsing\OneDrive\Documents\Projects\ApplyPilot\portable_applypilot\software-pm\resume_generation_unique_company_2026-05-21\resumes\0055_Attentive_Brianna Singer_resume_Implementation Project Manager.pdf,9,Implementation Project Manager,,Attentive,https://www.linkedin.com/jobs/view/4413755360,unknown,"Data Governance Frameworks, Stakeholder Management, Customer Success, Risk Management, Data Pipelines, Jira, Smartsheet
Deterministic profile match: 7 profile skills mentioned; title alignment 2.5/3.0; domain signals 11.",C:\Users\bsing\OneDrive\Documents\Projects\ApplyPilot\portable_applypilot\software-pm\resume_generation_unique_company_2026-05-21\resumes\0055_Attentive_Brianna Singer_resume_Implementation Project Manager.pdf,approved,,,C:\Users\bsing\OneDrive\Documents\Projects\ApplyPilot\portable_applypilot\software-pm\resume_generation_unique_company_2026-05-21\resumes\0055_Attentive_Brianna Singer_resume_Implementation Project Manager.pdf,,,,,,,,2026-05-14T21:36:03.741595+00:00,not_checked_network_restricted,Not finalized: outbound link checking was blocked in sandbox.
,,C:\Users\bsing\OneDrive\Documents\Projects\ApplyPilot\portable_applypilot\software-pm\resume_generation_unique_company_2026-05-21\resumes\0056_Norstella_Brianna Singer_resume_Technical Project Manager.pdf,9,Technical Project Manager,,Norstella,https://www.indeed.com/viewjob?jk=40ba07f0b140f9a4,remote,"Program Management, Technical Documentation, Presentation Skills, Customer Success, Change Management, Risk Management, Deployment Workflows
Deterministic profile match: 7 profile skills mentioned; title alignment 3.0/3.0; domain signals 5.",C:\Users\bsing\OneDrive\Documents\Projects\ApplyPilot\portable_applypilot\software-pm\resume_generation_unique_company_2026-05-21\resumes\0056_Norstella_Brianna Singer_resume_Technical Project Manager.pdf,approved,,,C:\Users\bsing\OneDrive\Documents\Projects\ApplyPilot\portable_applypilot\software-pm\resume_generation_unique_company_2026-05-21\resumes\0056_Norstella_Brianna Singer_resume_Technical Project Manager.pdf,,,"Remote, US (Remote)",https://careers.norstella.com/jobs/17733290-technical-project-manager?tm_job=R-1957&tm_event=view&tm_company=90918,,,,2026-05-14T21:33:49.397717+00:00,not_checked_network_restricted,Not finalized: outbound link checking was blocked in sandbox.
,,C:\Users\bsing\OneDrive\Documents\Projects\ApplyPilot\portable_applypilot\software-pm\resume_generation_unique_company_2026-05-21\resumes\0057_Yalo_Brianna Singer_resume_Technical Project Manager.pdf,9,Technical Project Manager,,Yalo,https://www.linkedin.com/jobs/view/4410354262,unknown,"Python, Agile Scrum, SDLC, AWS, Power BI, Jira, Google Cloud
Deterministic profile match: 7 profile skills mentioned; title alignment 3.0/3.0; domain signals 10.",C:\Users\bsing\OneDrive\Documents\Projects\ApplyPilot\portable_applypilot\software-pm\resume_generation_unique_company_2026-05-21\resumes\0057_Yalo_Brianna Singer_resume_Technical Project Manager.pdf,approved,,,C:\Users\bsing\OneDrive\Documents\Projects\ApplyPilot\portable_applypilot\software-pm\resume_generation_unique_company_2026-05-21\resumes\0057_Yalo_Brianna Singer_resume_Technical Project Manager.pdf,,,,,,,,2026-05-14T21:33:49.397717+00:00,not_checked_network_restricted,Not finalized: outbound link checking was blocked in sandbox.
,,C:\Users\bsing\OneDrive\Documents\Projects\ApplyPilot\portable_applypilot\software-pm\resume_generation_unique_company_2026-05-21\resumes\0058_Softengine_Brianna Singer_resume_SAP Business One Acumatica Project Manager.pdf,9,SAP Business One / Acumatica Project Manager,,Softengine,https://www.indeed.com/viewjob?jk=c8da88956170e590,hybrid,"Hybrid Project Management, Software Project Management, Stakeholder Management, Customer Success, Change Management, Resource Planning, ERP, Risk Management, Jira, Smartsheet
Deterministic profile match: 10 profile skills mentioned; title alignment 2.0/3.0; domain signals 9.",C:\Users\bsing\OneDrive\Documents\Projects\ApplyPilot\portable_applypilot\software-pm\resume_generation_unique_company_2026-05-21\resumes\0058_Softengine_Brianna Singer_resume_SAP Business One Acumatica Project Manager.pdf,approved,,,C:\Users\bsing\OneDrive\Documents\Projects\ApplyPilot\portable_applypilot\software-pm\resume_generation_unique_company_2026-05-21\resumes\0058_Softengine_Brianna Singer_resume_SAP Business One Acumatica Project Manager.pdf,"Remote, US (Remote)",,"Remote, US (Remote)",https://ats.rippling.com/softengine/jobs/e71dfd14-1e77-4c0d-bb14-c55675502820?jobSite=Indeed,,,,2026-05-14T21:33:49.397717+00:00,not_checked_network_restricted,Not finalized: outbound link checking was blocked in sandbox.
,,"C:\Users\bsing\OneDrive\Documents\Projects\ApplyPilot\portable_applypilot\software-pm\resume_generation_unique_company_2026-05-21\resumes\0059_Slipstream IT_Brianna Singer_resume_Program Manager - CRM Migration, Enterprise Transformation.pdf",9,"Program Manager - CRM Migration, Enterprise Transformation",,Slipstream IT,https://www.indeed.com/viewjob?jk=b4a8d655651d77dc,hybrid,"Hybrid Project Management, Software Project Management, Stakeholder Management, Program Management, Technical Documentation, Change Management, Resource Planning, ERP, Risk Management, Jira, Smartsheet
Deterministic profile match: 11 profile skills mentioned; title alignment 1.5/3.0; domain signals 13.","C:\Users\bsing\OneDrive\Documents\Projects\ApplyPilot\portable_applypilot\software-pm\resume_generation_unique_company_2026-05-21\resumes\0059_Slipstream IT_Brianna Singer_resume_Program Manager - CRM Migration, Enterprise Transformation.pdf",approved,,,"C:\Users\bsing\OneDrive\Documents\Projects\ApplyPilot\portable_applypilot\software-pm\resume_generation_unique_company_2026-05-21\resumes\0059_Slipstream IT_Brianna Singer_resume_Program Manager - CRM Migration, Enterprise Transformation.pdf","Remote, US (Remote)",,"Remote, US (Remote)",https://slipstream-it.hrmdirect.com/employment/view.php?req=3714901&jbsrc=1014&location=5dfa8151-0284-6a25-5521-43b65c119c0f,,,,2026-05-14T21:33:49.397717+00:00,not_checked_network_restricted,Not finalized: outbound link checking was blocked in sandbox.
,,C:\Users\bsing\OneDrive\Documents\Projects\ApplyPilot\portable_applypilot\software-pm\resume_generation_unique_company_2026-05-21\resumes\0060_Experian_Brianna Singer_resume_Lead Technical Project Manager - Remote.pdf,9,Lead Technical Project Manager - Remote,1,Experian,https://www.linkedin.com/jobs/view/4414517661,hybrid,"Hybrid Project Management, Software Project Management, SDLC, Program Management, Change Management, Jira, Confluence
Deterministic profile match: 7 profile skills mentioned; title alignment 3.0/3.0; domain signals 8.",C:\Users\bsing\OneDrive\Documents\Projects\ApplyPilot\portable_applypilot\software-pm\resume_generation_unique_company_2026-05-21\resumes\0060_Experian_Brianna Singer_resume_Lead Technical Project Manager - Remote.pdf,approved,,,C:\Users\bsing\OneDrive\Documents\Projects\ApplyPilot\portable_applypilot\software-pm\resume_generation_unique_company_2026-05-21\resumes\0060_Experian_Brianna Singer_resume_Lead Technical Project Manager - Remote.pdf,Remote,,Remote,,,,,2026-05-14T21:33:49.397717+00:00,not_checked_network_restricted,Not finalized: outbound link checking was blocked in sandbox.
,,C:\Users\bsing\OneDrive\Documents\Projects\ApplyPilot\portable_applypilot\software-pm\resume_generation_unique_company_2026-05-21\resumes\0061_Blu Omega LLC_Brianna Singer_resume_Project Manager.pdf,9,Project Manager,,Blu Omega LLC,https://www.indeed.com/viewjob?jk=ebf35f23353de952,hybrid,"Hybrid Project Management, Retrospectives, Stakeholder Management, Program Management, Technical Documentation, Risk Management, Jira, Legal Technology
Deterministic profile match: 8 profile skills mentioned; title alignment 2.0/3.0; domain signals 9.",C:\Users\bsing\OneDrive\Documents\Projects\ApplyPilot\portable_applypilot\software-pm\resume_generation_unique_company_2026-05-21\resumes\0061_Blu Omega LLC_Brianna Singer_resume_Project Manager.pdf,approved,,,C:\Users\bsing\OneDrive\Documents\Projects\ApplyPilot\portable_applypilot\software-pm\resume_generation_unique_company_2026-05-21\resumes\0061_Blu Omega LLC_Brianna Singer_resume_Project Manager.pdf,"Remote, US (Remote)",,"Remote, US (Remote)",https://bluomega.com/wp-content/plugins/bullhorn-oscp/#/jobs/2139,,,,2026-05-14T21:31:37.952938+00:00,not_checked_network_restricted,Not finalized: outbound link checking was blocked in sandbox.
,,"C:\Users\bsing\OneDrive\Documents\Projects\ApplyPilot\portable_applypilot\software-pm\resume_generation_unique_company_2026-05-21\resumes\0062_Deepgram_Brianna Singer_resume_Technical Program Manager, Research.pdf",9,"Technical Program Manager, Research",,Deepgram,https://www.indeed.com/viewjob?jk=4b3aacc67f60b535,remote,"Software Project Management, Stakeholder Management, Program Management, Change Management, Training Enablement, AI/ML, Risk Management, Data Pipelines
Deterministic profile match: 8 profile skills mentioned; title alignment 2.0/3.0; domain signals 10.","C:\Users\bsing\OneDrive\Documents\Projects\ApplyPilot\portable_applypilot\software-pm\resume_generation_unique_company_2026-05-21\resumes\0062_Deepgram_Brianna Singer_resume_Technical Program Manager, Research.pdf",approved,,,"C:\Users\bsing\OneDrive\Documents\Projects\ApplyPilot\portable_applypilot\software-pm\resume_generation_unique_company_2026-05-21\resumes\0062_Deepgram_Brianna Singer_resume_Technical Program Manager, Research.pdf",,,"Remote, US (Remote)",https://jobs.ashbyhq.com/Deepgram/69d7f329-968a-4c9d-a0b4-972f83f1206c?employmentType=FullTime,,,,2026-05-14T21:29:36.448824+00:00,not_checked_network_restricted,Not finalized: outbound link checking was blocked in sandbox.
,,C:\Users\bsing\OneDrive\Documents\Projects\ApplyPilot\portable_applypilot\software-pm\resume_generation_unique_company_2026-05-21\resumes\0063_Precision Medicine Group_Brianna Singer_resume_Senior IT Project Manager.pdf,9,Senior IT Project Manager,,Precision Medicine Group,https://www.linkedin.com/jobs/view/4404432328,hybrid,"Hybrid Project Management, SAFe, OKRs, Data Governance Frameworks, Stakeholder Management, Program Management, Roadmap Planning, Change Management, Risk Management, Policy Automation
Deterministic profile match: 10 profile skills mentioned; title alignment 2.5/3.0; domain signals 6.",C:\Users\bsing\OneDrive\Documents\Projects\ApplyPilot\portable_applypilot\software-pm\resume_generation_unique_company_2026-05-21\resumes\0063_Precision Medicine Group_Brianna Singer_resume_Senior IT Project Manager.pdf,approved,,,C:\Users\bsing\OneDrive\Documents\Projects\ApplyPilot\portable_applypilot\software-pm\resume_generation_unique_company_2026-05-21\resumes\0063_Precision Medicine Group_Brianna Singer_resume_Senior IT Project Manager.pdf,,,,,,,,2026-05-14T21:29:36.448824+00:00,not_checked_network_restricted,Not finalized: outbound link checking was blocked in sandbox.
,,"C:\Users\bsing\OneDrive\Documents\Projects\ApplyPilot\portable_applypilot\software-pm\resume_generation_unique_company_2026-05-21\resumes\0064_SureTest, Inc_Brianna Singer_resume_Product Manager.pdf",9,Product Manager,,"SureTest, Inc.",https://www.indeed.com/viewjob?jk=04e550a5110df027,remote,"SDLC, Acceptance Criteria Frameworks, CI/CD Collaboration, Program Management, Technical Documentation, QA Coordination, Release Coordination, Deployment Workflows, Jira, Playwright, Smartsheet
Deterministic profile match: 11 profile skills mentioned; title alignment 1.0/3.0; domain signals 9.","C:\Users\bsing\OneDrive\Documents\Projects\ApplyPilot\portable_applypilot\software-pm\resume_generation_unique_company_2026-05-21\resumes\0064_SureTest, Inc_Brianna Singer_resume_Product Manager.pdf",approved,,,"C:\Users\bsing\OneDrive\Documents\Projects\ApplyPilot\portable_applypilot\software-pm\resume_generation_unique_company_2026-05-21\resumes\0064_SureTest, Inc_Brianna Singer_resume_Product Manager.pdf",,,"Remote, US (Remote)",http://www.indeed.com/job/product-manager-04e550a5110df027,,,,2026-05-14T21:29:36.448824+00:00,not_checked_network_restricted,Not finalized: outbound link checking was blocked in sandbox.
,,C:\Users\bsing\OneDrive\Documents\Projects\ApplyPilot\portable_applypilot\software-pm\resume_generation_unique_company_2026-05-21\resumes\0065_Wilson & Sterling Consulting_Brianna Singer_resume_Information Technology Project Manager.pdf,9,Information Technology Project Manager,,Wilson & Sterling Consulting,https://www.linkedin.com/jobs/view/4413952427,hybrid,"Hybrid Project Management, Software Project Management, Kanban, SDLC, Stakeholder Management, Program Management, Change Management, Risk Management, Jira, Confluence
Deterministic profile match: 10 profile skills mentioned; title alignment 2.0/3.0; domain signals 8.",C:\Users\bsing\OneDrive\Documents\Projects\ApplyPilot\portable_applypilot\software-pm\resume_generation_unique_company_2026-05-21\resumes\0065_Wilson & Sterling Consulting_Brianna Singer_resume_Information Technology Project Manager.pdf,approved,,,C:\Users\bsing\OneDrive\Documents\Projects\ApplyPilot\portable_applypilot\software-pm\resume_generation_unique_company_2026-05-21\resumes\0065_Wilson & Sterling Consulting_Brianna Singer_resume_Information Technology Project Manager.pdf,Remote,,Remote,,,,,2026-05-14T21:29:36.448824+00:00,not_checked_network_restricted,Not finalized: outbound link checking was blocked in sandbox.
,,"C:\Users\bsing\OneDrive\Documents\Projects\ApplyPilot\portable_applypilot\software-pm\resume_generation_unique_company_2026-05-21\resumes\0066_Mitsubishi Electric Power Products, Inc_Brianna Singer_resume_Project Manager - Operational Excellence.pdf",8,Project Manager - Operational Excellence,,"Mitsubishi Electric Power Products, Inc.",https://www.linkedin.com/jobs/view/4416699805,hybrid,"Change Management, ERP
Deterministic refreshed score: 2 profile skills mentioned
title alignment 2.5/3.0
domain signals 8","C:\Users\bsing\OneDrive\Documents\Projects\ApplyPilot\portable_applypilot\software-pm\resume_generation_unique_company_2026-05-21\resumes\0066_Mitsubishi Electric Power Products, Inc_Brianna Singer_resume_Project Manager - Operational Excellence.pdf",approved,,,"C:\Users\bsing\OneDrive\Documents\Projects\ApplyPilot\portable_applypilot\software-pm\resume_generation_unique_company_2026-05-21\resumes\0066_Mitsubishi Electric Power Products, Inc_Brianna Singer_resume_Project Manager - Operational Excellence.pdf",,,,,,,,2026-05-20T23:42:26.572633+00:00,not_checked_network_restricted,Added from ApplyPilot DB; outbound link checking was blocked in sandbox.
,,C:\Users\bsing\OneDrive\Documents\Projects\ApplyPilot\portable_applypilot\software-pm\resume_generation_unique_company_2026-05-21\resumes\0067_RedHelm_Brianna Singer_resume_Project Manager (Remote).pdf,8,Project Manager (Remote),,RedHelm,https://www.linkedin.com/jobs/view/4413625849,remote,"AWS, Jira, Risk Management
Deterministic refreshed score: 3 profile skills mentioned
title alignment 2.5/3.0
domain signals 12",C:\Users\bsing\OneDrive\Documents\Projects\ApplyPilot\portable_applypilot\software-pm\resume_generation_unique_company_2026-05-21\resumes\0067_RedHelm_Brianna Singer_resume_Project Manager (Remote).pdf,approved,,,C:\Users\bsing\OneDrive\Documents\Projects\ApplyPilot\portable_applypilot\software-pm\resume_generation_unique_company_2026-05-21\resumes\0067_RedHelm_Brianna Singer_resume_Project Manager (Remote).pdf,,,Remote,,,,,2026-05-20T23:42:26.572633+00:00,not_checked_network_restricted,Added from ApplyPilot DB; outbound link checking was blocked in sandbox.
,,C:\Users\bsing\OneDrive\Documents\Projects\ApplyPilot\portable_applypilot\software-pm\resume_generation_unique_company_2026-05-21\resumes\0068_Medable_Brianna Singer_resume_Project Manager.pdf,8,Project Manager,,Medable,https://www.linkedin.com/jobs/view/4359417589,remote,"Change Management, ERP
Deterministic refreshed score: 2 profile skills mentioned
title alignment 2.5/3.0
domain signals 10",C:\Users\bsing\OneDrive\Documents\Projects\ApplyPilot\portable_applypilot\software-pm\resume_generation_unique_company_2026-05-21\resumes\0068_Medable_Brianna Singer_resume_Project Manager.pdf,approved,,,C:\Users\bsing\OneDrive\Documents\Projects\ApplyPilot\portable_applypilot\software-pm\resume_generation_unique_company_2026-05-21\resumes\0068_Medable_Brianna Singer_resume_Project Manager.pdf,,,Remote,,,,,2026-05-20T23:42:26.572633+00:00,not_checked_network_restricted,Added from ApplyPilot DB; outbound link checking was blocked in sandbox.
,,C:\Users\bsing\OneDrive\Documents\Projects\ApplyPilot\portable_applypilot\software-pm\resume_generation_unique_company_2026-05-21\resumes\0069_L&T Technology Services_Brianna Singer_resume_Program Manager.pdf,8,Program Manager,,L&T Technology Services,https://www.linkedin.com/jobs/view/4415968339,unknown,"ERP, Power BI
Deterministic refreshed score: 2 profile skills mentioned
title alignment 2.5/3.0
domain signals 9",C:\Users\bsing\OneDrive\Documents\Projects\ApplyPilot\portable_applypilot\software-pm\resume_generation_unique_company_2026-05-21\resumes\0069_L&T Technology Services_Brianna Singer_resume_Program Manager.pdf,approved,,,C:\Users\bsing\OneDrive\Documents\Projects\ApplyPilot\portable_applypilot\software-pm\resume_generation_unique_company_2026-05-21\resumes\0069_L&T Technology Services_Brianna Singer_resume_Program Manager.pdf,,,,,,,,2026-05-20T23:42:26.572633+00:00,not_checked_network_restricted,Added from ApplyPilot DB; outbound link checking was blocked in sandbox.
,,C:\Users\bsing\OneDrive\Documents\Projects\ApplyPilot\portable_applypilot\software-pm\resume_generation_unique_company_2026-05-21\resumes\0070_Sycomp_Brianna Singer_resume_LATAM Decom Project Manager.pdf,8,LATAM Decom Project Manager,,Sycomp,https://www.linkedin.com/jobs/view/4415706531,remote,"Program Management, SOPs
Deterministic refreshed score: 2 profile skills mentioned
title alignment 2.5/3.0
domain signals 8",C:\Users\bsing\OneDrive\Documents\Projects\ApplyPilot\portable_applypilot\software-pm\resume_generation_unique_company_2026-05-21\resumes\0070_Sycomp_Brianna Singer_resume_LATAM Decom Project Manager.pdf,approved,,,C:\Users\bsing\OneDrive\Documents\Projects\ApplyPilot\portable_applypilot\software-pm\resume_generation_unique_company_2026-05-21\resumes\0070_Sycomp_Brianna Singer_resume_LATAM Decom Project Manager.pdf,,,Remote,,,,,2026-05-20T23:42:26.572633+00:00,not_checked_network_restricted,Added from ApplyPilot DB; outbound link checking was blocked in sandbox.
,,C:\Users\bsing\OneDrive\Documents\Projects\ApplyPilot\portable_applypilot\software-pm\resume_generation_unique_company_2026-05-21\resumes\0071_Zoomph_Brianna Singer_resume_AI Quality Program Manager.pdf,8,AI Quality Program Manager,,Zoomph,https://www.indeed.com/viewjob?jk=919bdf0c8f073d62,remote,"AI/ML, AWS, Customer Success, Program Management
Deterministic refreshed score: 4 profile skills mentioned
title alignment 2.5/3.0
domain signals 9",C:\Users\bsing\OneDrive\Documents\Projects\ApplyPilot\portable_applypilot\software-pm\resume_generation_unique_company_2026-05-21\resumes\0071_Zoomph_Brianna Singer_resume_AI Quality Program Manager.pdf,approved,,,C:\Users\bsing\OneDrive\Documents\Projects\ApplyPilot\portable_applypilot\software-pm\resume_generation_unique_company_2026-05-21\resumes\0071_Zoomph_Brianna Singer_resume_AI Quality Program Manager.pdf,,,"Remote, US (Remote)",https://zoomph.bamboohr.com/careers/106?source=indeed&src=indeed&postedDate=2026-05-19,,,,2026-05-20T23:42:26.572633+00:00,not_checked_network_restricted,Added from ApplyPilot DB; outbound link checking was blocked in sandbox.
,,C:\Users\bsing\OneDrive\Documents\Projects\ApplyPilot\portable_applypilot\software-pm\resume_generation_unique_company_2026-05-21\resumes\0072_Higher Oak_Brianna Singer_resume_Technical Program Manager (Customer Experience) - LATAM.pdf,8,Technical Program Manager (Customer Experience) - LATAM,,Higher Oak,https://www.linkedin.com/jobs/view/4416690709,unknown,"JavaScript
Deterministic refreshed score: 1 profile skills mentioned
title alignment 3.0/3.0
domain signals 11",C:\Users\bsing\OneDrive\Documents\Projects\ApplyPilot\portable_applypilot\software-pm\resume_generation_unique_company_2026-05-21\resumes\0072_Higher Oak_Brianna Singer_resume_Technical Program Manager (Customer Experience) - LATAM.pdf,approved,,,C:\Users\bsing\OneDrive\Documents\Projects\ApplyPilot\portable_applypilot\software-pm\resume_generation_unique_company_2026-05-21\resumes\0072_Higher Oak_Brianna Singer_resume_Technical Program Manager (Customer Experience) - LATAM.pdf,,,,,,,,2026-05-20T23:38:50.206073+00:00,not_checked_network_restricted,Added from ApplyPilot DB; outbound link checking was blocked in sandbox.
,,C:\Users\bsing\OneDrive\Documents\Projects\ApplyPilot\portable_applypilot\software-pm\resume_generation_unique_company_2026-05-21\resumes\0073_Clear_Brianna Singer_resume_Technical Program Manager.pdf,8,Technical Program Manager,,Clear.,https://www.linkedin.com/jobs/view/4415766901,unknown,"Risk Management, Stakeholder Management
Deterministic refreshed score: 2 profile skills mentioned
title alignment 3.0/3.0
domain signals 6",C:\Users\bsing\OneDrive\Documents\Projects\ApplyPilot\portable_applypilot\software-pm\resume_generation_unique_company_2026-05-21\resumes\0073_Clear_Brianna Singer_resume_Technical Program Manager.pdf,approved,,,C:\Users\bsing\OneDrive\Documents\Projects\ApplyPilot\portable_applypilot\software-pm\resume_generation_unique_company_2026-05-21\resumes\0073_Clear_Brianna Singer_resume_Technical Program Manager.pdf,,,,,,,,2026-05-20T23:38:50.206073+00:00,not_checked_network_restricted,Added from ApplyPilot DB; outbound link checking was blocked in sandbox.
,,C:\Users\bsing\OneDrive\Documents\Projects\ApplyPilot\portable_applypilot\software-pm\resume_generation_unique_company_2026-05-21\resumes\0074_Calculated Hire_Brianna Singer_resume_Senior Program Manager.pdf,8,Senior Program Manager,,Calculated Hire,https://www.linkedin.com/jobs/view/4415796997,unknown,"Change Management, ERP, Risk Management, Stakeholder Management
Deterministic refreshed score: 4 profile skills mentioned
title alignment 2.5/3.0
domain signals 9",C:\Users\bsing\OneDrive\Documents\Projects\ApplyPilot\portable_applypilot\software-pm\resume_generation_unique_company_2026-05-21\resumes\0074_Calculated Hire_Brianna Singer_resume_Senior Program Manager.pdf,approved,,,C:\Users\bsing\OneDrive\Documents\Projects\ApplyPilot\portable_applypilot\software-pm\resume_generation_unique_company_2026-05-21\resumes\0074_Calculated Hire_Brianna Singer_resume_Senior Program Manager.pdf,,,,,,,,2026-05-20T23:38:50.206073+00:00,not_checked_network_restricted,Added from ApplyPilot DB; outbound link checking was blocked in sandbox.
,,C:\Users\bsing\OneDrive\Documents\Projects\ApplyPilot\portable_applypilot\software-pm\resume_generation_unique_company_2026-05-21\resumes\0075_Interactive Resources - iR_Brianna Singer_resume_Senior Program Manager.pdf,8,Senior Program Manager,,Interactive Resources - iR,https://www.linkedin.com/jobs/view/4417330234,remote,"Change Management, ERP, Program Management, Stakeholder Management
Deterministic refreshed score: 4 profile skills mentioned
title alignment 2.5/3.0
domain signals 5",C:\Users\bsing\OneDrive\Documents\Projects\ApplyPilot\portable_applypilot\software-pm\resume_generation_unique_company_2026-05-21\resumes\0075_Interactive Resources - iR_Brianna Singer_resume_Senior Program Manager.pdf,approved,,,C:\Users\bsing\OneDrive\Documents\Projects\ApplyPilot\portable_applypilot\software-pm\resume_generation_unique_company_2026-05-21\resumes\0075_Interactive Resources - iR_Brianna Singer_resume_Senior Program Manager.pdf,,,Remote,,,,,2026-05-20T23:38:50.206073+00:00,not_checked_network_restricted,Added from ApplyPilot DB; outbound link checking was blocked in sandbox.
,,C:\Users\bsing\OneDrive\Documents\Projects\ApplyPilot\portable_applypilot\software-pm\resume_generation_unique_company_2026-05-21\resumes\0076_NVIDIA_Brianna Singer_resume_Senior Customer Technical Program Manager - Data Center.pdf,8,Senior Customer Technical Program Manager - Data Center,1,NVIDIA,https://www.linkedin.com/jobs/view/4395488144,unknown,"ERP, Program Management
Deterministic refreshed score: 2 profile skills mentioned
title alignment 3.0/3.0
domain signals 10",C:\Users\bsing\OneDrive\Documents\Projects\ApplyPilot\portable_applypilot\software-pm\resume_generation_unique_company_2026-05-21\resumes\0076_NVIDIA_Brianna Singer_resume_Senior Customer Technical Program Manager - Data Center.pdf,approved,,,C:\Users\bsing\OneDrive\Documents\Projects\ApplyPilot\portable_applypilot\software-pm\resume_generation_unique_company_2026-05-21\resumes\0076_NVIDIA_Brianna Singer_resume_Senior Customer Technical Program Manager - Data Center.pdf,,,,,,,,2026-05-20T23:38:50.206073+00:00,not_checked_network_restricted,Added from ApplyPilot DB; outbound link checking was blocked in sandbox.
,,C:\Users\bsing\OneDrive\Documents\Projects\ApplyPilot\portable_applypilot\software-pm\resume_generation_unique_company_2026-05-21\resumes\0077_Veeva Systems_Brianna Singer_resume_Project Manager - RTSM.pdf,8,Project Manager - RTSM,,Veeva Systems,https://www.indeed.com/viewjob?jk=809423229f147bf1,remote,"AWS, Customer Success, ERP, Presentation Skills
Deterministic refreshed score: 4 profile skills mentioned
title alignment 2.5/3.0
domain signals 8",C:\Users\bsing\OneDrive\Documents\Projects\ApplyPilot\portable_applypilot\software-pm\resume_generation_unique_company_2026-05-21\resumes\0077_Veeva Systems_Brianna Singer_resume_Project Manager - RTSM.pdf,approved,,,C:\Users\bsing\OneDrive\Documents\Projects\ApplyPilot\portable_applypilot\software-pm\resume_generation_unique_company_2026-05-21\resumes\0077_Veeva Systems_Brianna Singer_resume_Project Manager - RTSM.pdf,,,"Remote, US (Remote)",https://veevasystems.contacthr.com/152162102,,,,2026-05-20T23:38:50.206073+00:00,not_checked_network_restricted,Added from ApplyPilot DB; outbound link checking was blocked in sandbox.
,,C:\Users\bsing\OneDrive\Documents\Projects\ApplyPilot\portable_applypilot\software-pm\resume_generation_unique_company_2026-05-21\resumes\0078_Microsoft_Brianna Singer_resume_Program Manager (contract).pdf,8,Program Manager (contract),1,Microsoft,https://www.indeed.com/viewjob?jk=fc501e7f432fe8ce,remote,"Change Management, ERP, Program Management
Deterministic refreshed score: 3 profile skills mentioned
title alignment 2.5/3.0
domain signals 8",C:\Users\bsing\OneDrive\Documents\Projects\ApplyPilot\portable_applypilot\software-pm\resume_generation_unique_company_2026-05-21\resumes\0078_Microsoft_Brianna Singer_resume_Program Manager (contract).pdf,approved,,,C:\Users\bsing\OneDrive\Documents\Projects\ApplyPilot\portable_applypilot\software-pm\resume_generation_unique_company_2026-05-21\resumes\0078_Microsoft_Brianna Singer_resume_Program Manager (contract).pdf,,,"Remote, US (Remote)",https://us.microsoft.talentnet.community/jobs/66c2fba9-4e37-4616-8ac4-4315aa40978d,,,,2026-05-20T23:38:50.206073+00:00,not_checked_network_restricted,Added from ApplyPilot DB; outbound link checking was blocked in sandbox.
,,C:\Users\bsing\OneDrive\Documents\Projects\ApplyPilot\portable_applypilot\software-pm\resume_generation_unique_company_2026-05-21\resumes\0079_Upstart_Brianna Singer_resume_Principal Technical Program Manager.pdf,8,Principal Technical Program Manager,,Upstart,https://www.linkedin.com/jobs/view/4407474986,remote,"Program Management
Deterministic refreshed score: 1 profile skills mentioned
title alignment 3.0/3.0
domain signals 12",C:\Users\bsing\OneDrive\Documents\Projects\ApplyPilot\portable_applypilot\software-pm\resume_generation_unique_company_2026-05-21\resumes\0079_Upstart_Brianna Singer_resume_Principal Technical Program Manager.pdf,approved,,,C:\Users\bsing\OneDrive\Documents\Projects\ApplyPilot\portable_applypilot\software-pm\resume_generation_unique_company_2026-05-21\resumes\0079_Upstart_Brianna Singer_resume_Principal Technical Program Manager.pdf,,,Remote,,,,,2026-05-20T23:38:50.206073+00:00,not_checked_network_restricted,Added from ApplyPilot DB; outbound link checking was blocked in sandbox.
,,C:\Users\bsing\OneDrive\Documents\Projects\ApplyPilot\portable_applypilot\software-pm\resume_generation_unique_company_2026-05-21\resumes\0080_Flex Databases_Brianna Singer_resume_Senior Project Manager (eClinical).pdf,8,Senior Project Manager (eClinical),,Flex Databases,https://www.linkedin.com/jobs/view/4417312016,remote,"ERP, Stakeholder Management
Deterministic refreshed score: 2 profile skills mentioned
title alignment 2.5/3.0
domain signals 8",C:\Users\bsing\OneDrive\Documents\Projects\ApplyPilot\portable_applypilot\software-pm\resume_generation_unique_company_2026-05-21\resumes\0080_Flex Databases_Brianna Singer_resume_Senior Project Manager (eClinical).pdf,approved,,,C:\Users\bsing\OneDrive\Documents\Projects\ApplyPilot\portable_applypilot\software-pm\resume_generation_unique_company_2026-05-21\resumes\0080_Flex Databases_Brianna Singer_resume_Senior Project Manager (eClinical).pdf,,,Remote,,,,,2026-05-20T23:34:51.899289+00:00,not_checked_network_restricted,Added from ApplyPilot DB; outbound link checking was blocked in sandbox.
,,C:\Users\bsing\OneDrive\Documents\Projects\ApplyPilot\portable_applypilot\software-pm\resume_generation_unique_company_2026-05-21\resumes\0081_Imagine Learning_Brianna Singer_resume_Senior Project Manager.pdf,8,Senior Project Manager,,Imagine Learning,https://www.linkedin.com/jobs/view/4415939483,hybrid,"AWS, Confluence, Jira, Smartsheet
Deterministic refreshed score: 4 profile skills mentioned
title alignment 2.5/3.0
domain signals 10",C:\Users\bsing\OneDrive\Documents\Projects\ApplyPilot\portable_applypilot\software-pm\resume_generation_unique_company_2026-05-21\resumes\0081_Imagine Learning_Brianna Singer_resume_Senior Project Manager.pdf,approved,,,C:\Users\bsing\OneDrive\Documents\Projects\ApplyPilot\portable_applypilot\software-pm\resume_generation_unique_company_2026-05-21\resumes\0081_Imagine Learning_Brianna Singer_resume_Senior Project Manager.pdf,,,Remote,,,,,2026-05-20T23:34:51.899289+00:00,not_checked_network_restricted,Added from ApplyPilot DB; outbound link checking was blocked in sandbox.
,,C:\Users\bsing\OneDrive\Documents\Projects\ApplyPilot\portable_applypilot\software-pm\resume_generation_unique_company_2026-05-21\resumes\0082_Arkhya Tech. Inc_Brianna Singer_resume_Project Manager.pdf,8,Project Manager,,Arkhya Tech. Inc.,https://www.linkedin.com/jobs/view/4416961536,hybrid,"ERP, Risk Management, ServiceNow, Stakeholder Management
Deterministic refreshed score: 4 profile skills mentioned
title alignment 2.5/3.0
domain signals 7",C:\Users\bsing\OneDrive\Documents\Projects\ApplyPilot\portable_applypilot\software-pm\resume_generation_unique_company_2026-05-21\resumes\0082_Arkhya Tech. Inc_Brianna Singer_resume_Project Manager.pdf,approved,,,C:\Users\bsing\OneDrive\Documents\Projects\ApplyPilot\portable_applypilot\software-pm\resume_generation_unique_company_2026-05-21\resumes\0082_Arkhya Tech. Inc_Brianna Singer_resume_Project Manager.pdf,,,,,,,,2026-05-20T23:33:58.872161+00:00,not_checked_network_restricted,Added from ApplyPilot DB; outbound link checking was blocked in sandbox.
,,C:\Users\bsing\OneDrive\Documents\Projects\ApplyPilot\portable_applypilot\software-pm\resume_generation_unique_company_2026-05-21\resumes\0083_Celonis_Brianna Singer_resume_Lead Project Manager.pdf,8,Lead Project Manager,,Celonis,https://www.linkedin.com/jobs/view/4413635048,hybrid,"ERP, Mentoring, SAFe
Deterministic refreshed score: 3 profile skills mentioned
title alignment 2.5/3.0
domain signals 11",C:\Users\bsing\OneDrive\Documents\Projects\ApplyPilot\portable_applypilot\software-pm\resume_generation_unique_company_2026-05-21\resumes\0083_Celonis_Brianna Singer_resume_Lead Project Manager.pdf,approved,,,C:\Users\bsing\OneDrive\Documents\Projects\ApplyPilot\portable_applypilot\software-pm\resume_generation_unique_company_2026-05-21\resumes\0083_Celonis_Brianna Singer_resume_Lead Project Manager.pdf,,,Remote,,,,,2026-05-20T23:33:58.872161+00:00,not_checked_network_restricted,Added from ApplyPilot DB; outbound link checking was blocked in sandbox.
,,C:\Users\bsing\OneDrive\Documents\Projects\ApplyPilot\portable_applypilot\software-pm\resume_generation_unique_company_2026-05-21\resumes\0084_NextLink Labs_Brianna Singer_resume_Project Manager - Brazil.pdf,8,Project Manager - Brazil,,NextLink Labs,https://www.linkedin.com/jobs/view/4417006618,hybrid,"Confluence, Jira, Sprint Reviews
Deterministic refreshed score: 3 profile skills mentioned
title alignment 2.5/3.0
domain signals 11",C:\Users\bsing\OneDrive\Documents\Projects\ApplyPilot\portable_applypilot\software-pm\resume_generation_unique_company_2026-05-21\resumes\0084_NextLink Labs_Brianna Singer_resume_Project Manager - Brazil.pdf,approved,,,C:\Users\bsing\OneDrive\Documents\Projects\ApplyPilot\portable_applypilot\software-pm\resume_generation_unique_company_2026-05-21\resumes\0084_NextLink Labs_Brianna Singer_resume_Project Manager - Brazil.pdf,,,Remote,,,,,2026-05-20T23:32:56.497262+00:00,not_checked_network_restricted,Added from ApplyPilot DB; outbound link checking was blocked in sandbox.
,,C:\Users\bsing\OneDrive\Documents\Projects\ApplyPilot\portable_applypilot\software-pm\resume_generation_unique_company_2026-05-21\resumes\0085_indeed_Brianna Singer_resume_Project Manager.pdf,8,Project Manager,1,indeed,https://www.indeed.com/viewjob?jk=fc91df8caea38f63,remote,"ERP, Presentation Skills, Resource Planning
Deterministic refreshed score: 3 profile skills mentioned
title alignment 2.5/3.0
domain signals 7",C:\Users\bsing\OneDrive\Documents\Projects\ApplyPilot\portable_applypilot\software-pm\resume_generation_unique_company_2026-05-21\resumes\0085_indeed_Brianna Singer_resume_Project Manager.pdf,approved,,,C:\Users\bsing\OneDrive\Documents\Projects\ApplyPilot\portable_applypilot\software-pm\resume_generation_unique_company_2026-05-21\resumes\0085_indeed_Brianna Singer_resume_Project Manager.pdf,,,"Remote, US (Remote)",https://yesholdingsllcndb7555.applytojob.com/apply/wFlKkFEfdd/Project-Manager?source=INDE&~,,,,2026-05-20T23:32:56.497262+00:00,not_checked_network_restricted,Added from ApplyPilot DB; outbound link checking was blocked in sandbox.
,,C:\Users\bsing\OneDrive\Documents\Projects\ApplyPilot\portable_applypilot\software-pm\resume_generation_unique_company_2026-05-21\resumes\0086_Altudo_Brianna Singer_resume_Project Manager.pdf,8,Project Manager,,Altudo,https://www.linkedin.com/jobs/view/4415941523,onsite,"Jira, ServiceNow, Stakeholder Management
Deterministic refreshed score: 3 profile skills mentioned
title alignment 2.5/3.0
domain signals 11",C:\Users\bsing\OneDrive\Documents\Projects\ApplyPilot\portable_applypilot\software-pm\resume_generation_unique_company_2026-05-21\resumes\0086_Altudo_Brianna Singer_resume_Project Manager.pdf,approved,,,C:\Users\bsing\OneDrive\Documents\Projects\ApplyPilot\portable_applypilot\software-pm\resume_generation_unique_company_2026-05-21\resumes\0086_Altudo_Brianna Singer_resume_Project Manager.pdf,,,,,,,,2026-05-20T23:32:56.497262+00:00,not_checked_network_restricted,Added from ApplyPilot DB; outbound link checking was blocked in sandbox.
,,C:\Users\bsing\OneDrive\Documents\Projects\ApplyPilot\portable_applypilot\software-pm\resume_generation_unique_company_2026-05-21\resumes\0087_RMI_Brianna Singer_resume_Project Manager.pdf,8,Project Manager,,RMI,https://www.linkedin.com/jobs/view/4353981175,unknown,"ERP, Presentation Skills, Risk Management
Deterministic refreshed score: 3 profile skills mentioned
title alignment 2.5/3.0
domain signals 8",C:\Users\bsing\OneDrive\Documents\Projects\ApplyPilot\portable_applypilot\software-pm\resume_generation_unique_company_2026-05-21\resumes\0087_RMI_Brianna Singer_resume_Project Manager.pdf,approved,,,C:\Users\bsing\OneDrive\Documents\Projects\ApplyPilot\portable_applypilot\software-pm\resume_generation_unique_company_2026-05-21\resumes\0087_RMI_Brianna Singer_resume_Project Manager.pdf,,,,,,,,2026-05-20T23:32:56.497262+00:00,not_checked_network_restricted,Added from ApplyPilot DB; outbound link checking was blocked in sandbox.
,,C:\Users\bsing\OneDrive\Documents\Projects\ApplyPilot\portable_applypilot\software-pm\resume_generation_unique_company_2026-05-21\resumes\0088_Humana_Brianna Singer_resume_Senior Product Manager.pdf,8,Senior Product Manager,1,Humana,https://www.indeed.com/viewjob?jk=b4d17727066af5e1,remote,"ERP, Jira, Risk Management, SAFe, SDLC, Stakeholder Management
Deterministic refreshed score: 6 profile skills mentioned
title alignment 1.5/3.0
domain signals 12",C:\Users\bsing\OneDrive\Documents\Projects\ApplyPilot\portable_applypilot\software-pm\resume_generation_unique_company_2026-05-21\resumes\0088_Humana_Brianna Singer_resume_Senior Product Manager.pdf,approved,,,C:\Users\bsing\OneDrive\Documents\Projects\ApplyPilot\portable_applypilot\software-pm\resume_generation_unique_company_2026-05-21\resumes\0088_Humana_Brianna Singer_resume_Senior Product Manager.pdf,,,"Remote, US (Remote)",https://click.appcast.io/t/LystLFhU9UDOuqzouwVfsCvwS5iqfLJAadRe1kStqog=,,,,2026-05-20T23:30:56.351886+00:00,not_checked_network_restricted,Added from ApplyPilot DB; outbound link checking was blocked in sandbox.
,,"C:\Users\bsing\OneDrive\Documents\Projects\ApplyPilot\portable_applypilot\software-pm\resume_generation_unique_company_2026-05-21\resumes\0089_reddit_Brianna Singer_resume_Principal Technical Program Manager, Performance.pdf",8,"Principal Technical Program Manager, Performance",1,reddit,https://www.indeed.com/viewjob?jk=1ec90721649c16b6,remote,"Program Management
Deterministic refreshed score: 1 profile skills mentioned
title alignment 3.0/3.0
domain signals 9","C:\Users\bsing\OneDrive\Documents\Projects\ApplyPilot\portable_applypilot\software-pm\resume_generation_unique_company_2026-05-21\resumes\0089_reddit_Brianna Singer_resume_Principal Technical Program Manager, Performance.pdf",approved,,,"C:\Users\bsing\OneDrive\Documents\Projects\ApplyPilot\portable_applypilot\software-pm\resume_generation_unique_company_2026-05-21\resumes\0089_reddit_Brianna Singer_resume_Principal Technical Program Manager, Performance.pdf",,,"Remote, US (Remote)",https://job-boards.greenhouse.io/reddit/jobs/7947049,,,,2026-05-20T23:30:56.351886+00:00,not_checked_network_restricted,Added from ApplyPilot DB; outbound link checking was blocked in sandbox.
,,C:\Users\bsing\OneDrive\Documents\Projects\ApplyPilot\portable_applypilot\software-pm\resume_generation_unique_company_2026-05-21\resumes\0090_The Phoenix Group_Brianna Singer_resume_CRM project manager.pdf,8,CRM project manager,,The Phoenix Group,https://www.linkedin.com/jobs/view/4413616747,unknown,"Change Management, ERP
Deterministic refreshed score: 2 profile skills mentioned
title alignment 2.5/3.0
domain signals 9",C:\Users\bsing\OneDrive\Documents\Projects\ApplyPilot\portable_applypilot\software-pm\resume_generation_unique_company_2026-05-21\resumes\0090_The Phoenix Group_Brianna Singer_resume_CRM project manager.pdf,approved,,,C:\Users\bsing\OneDrive\Documents\Projects\ApplyPilot\portable_applypilot\software-pm\resume_generation_unique_company_2026-05-21\resumes\0090_The Phoenix Group_Brianna Singer_resume_CRM project manager.pdf,,,,,,,,2026-05-20T23:30:01.148192+00:00,not_checked_network_restricted,Added from ApplyPilot DB; outbound link checking was blocked in sandbox.
,,C:\Users\bsing\OneDrive\Documents\Projects\ApplyPilot\portable_applypilot\software-pm\resume_generation_unique_company_2026-05-21\resumes\0091_Cotiviti_Brianna Singer_resume_Technical Project Manager.pdf,8,Technical Project Manager,,Cotiviti,https://www.indeed.com/viewjob?jk=516a313e9c055d46,remote,"ERP
Deterministic refreshed score: 1 profile skills mentioned
title alignment 3.0/3.0
domain signals 10",C:\Users\bsing\OneDrive\Documents\Projects\ApplyPilot\portable_applypilot\software-pm\resume_generation_unique_company_2026-05-21\resumes\0091_Cotiviti_Brianna Singer_resume_Technical Project Manager.pdf,approved,,,C:\Users\bsing\OneDrive\Documents\Projects\ApplyPilot\portable_applypilot\software-pm\resume_generation_unique_company_2026-05-21\resumes\0091_Cotiviti_Brianna Singer_resume_Technical Project Manager.pdf,,,"Remote, US (Remote)",https://careers-cotiviti.icims.com/jobs/19123/job?utm_source=indeed_integration&iis=Job%20Board&iisn=Indeed&indeed-apply-token=73a2d2b2a8d6d5c0a62696875eaebd669103652d3f0c2cd5445d3e66b1592b0f,,,,2026-05-20T23:29:02.788372+00:00,not_checked_network_restricted,Added from ApplyPilot DB; outbound link checking was blocked in sandbox.
,,C:\Users\bsing\OneDrive\Documents\Projects\ApplyPilot\portable_applypilot\software-pm\resume_generation_unique_company_2026-05-21\resumes\0092_BX Studio_Brianna Singer_resume_Senior website Project Manager.pdf,8,Senior website Project Manager,,BX Studio,https://www.linkedin.com/jobs/view/4416131757,remote,"ERP, Jira, Trello
Deterministic refreshed score: 3 profile skills mentioned
title alignment 2.5/3.0
domain signals 8",C:\Users\bsing\OneDrive\Documents\Projects\ApplyPilot\portable_applypilot\software-pm\resume_generation_unique_company_2026-05-21\resumes\0092_BX Studio_Brianna Singer_resume_Senior website Project Manager.pdf,approved,,,C:\Users\bsing\OneDrive\Documents\Projects\ApplyPilot\portable_applypilot\software-pm\resume_generation_unique_company_2026-05-21\resumes\0092_BX Studio_Brianna Singer_resume_Senior website Project Manager.pdf,,,Remote,,,,,2026-05-20T23:29:02.788372+00:00,not_checked_network_restricted,Added from ApplyPilot DB; outbound link checking was blocked in sandbox.
,,C:\Users\bsing\OneDrive\Documents\Projects\ApplyPilot\portable_applypilot\software-pm\resume_generation_unique_company_2026-05-21\resumes\0093_PROJECTUS_Brianna Singer_resume_Senior Technical Project Manager - EHR Interoperability.pdf,8,Senior Technical Project Manager – EHR Interoperability,,PROJECTUS,https://www.linkedin.com/jobs/view/4416699134,remote,"Deterministic refreshed score: 0 profile skills mentioned
title alignment 3.0/3.0
domain signals 9",C:\Users\bsing\OneDrive\Documents\Projects\ApplyPilot\portable_applypilot\software-pm\resume_generation_unique_company_2026-05-21\resumes\0093_PROJECTUS_Brianna Singer_resume_Senior Technical Project Manager - EHR Interoperability.pdf,approved,,,C:\Users\bsing\OneDrive\Documents\Projects\ApplyPilot\portable_applypilot\software-pm\resume_generation_unique_company_2026-05-21\resumes\0093_PROJECTUS_Brianna Singer_resume_Senior Technical Project Manager - EHR Interoperability.pdf,,,Remote,,,,,2026-05-20T23:29:02.788372+00:00,not_checked_network_restricted,Added from ApplyPilot DB; outbound link checking was blocked in sandbox.
,,C:\Users\bsing\OneDrive\Documents\Projects\ApplyPilot\portable_applypilot\software-pm\resume_generation_unique_company_2026-05-21\resumes\0094_Welocalize_Brianna Singer_resume_Senior Project Manager - Life Sciences.pdf,8,Senior Project Manager - Life Sciences,,Welocalize,https://www.linkedin.com/jobs/view/4415948210,unknown,"ERP, Stakeholder Management
Deterministic refreshed score: 2 profile skills mentioned
title alignment 2.5/3.0
domain signals 9",C:\Users\bsing\OneDrive\Documents\Projects\ApplyPilot\portable_applypilot\software-pm\resume_generation_unique_company_2026-05-21\resumes\0094_Welocalize_Brianna Singer_resume_Senior Project Manager - Life Sciences.pdf,approved,,,C:\Users\bsing\OneDrive\Documents\Projects\ApplyPilot\portable_applypilot\software-pm\resume_generation_unique_company_2026-05-21\resumes\0094_Welocalize_Brianna Singer_resume_Senior Project Manager - Life Sciences.pdf,,,,,,,,2026-05-20T23:29:02.788372+00:00,not_checked_network_restricted,Added from ApplyPilot DB; outbound link checking was blocked in sandbox.
,,C:\Users\bsing\OneDrive\Documents\Projects\ApplyPilot\portable_applypilot\software-pm\resume_generation_unique_company_2026-05-21\resumes\0095_FinThrive_Brianna Singer_resume_Senior Project Manager.pdf,8,Senior Project Manager,,FinThrive,https://www.linkedin.com/jobs/view/4407507101,unknown,"AWS, Change Management, ERP
Deterministic refreshed score: 3 profile skills mentioned
title alignment 2.5/3.0
domain signals 7",C:\Users\bsing\OneDrive\Documents\Projects\ApplyPilot\portable_applypilot\software-pm\resume_generation_unique_company_2026-05-21\resumes\0095_FinThrive_Brianna Singer_resume_Senior Project Manager.pdf,approved,,,C:\Users\bsing\OneDrive\Documents\Projects\ApplyPilot\portable_applypilot\software-pm\resume_generation_unique_company_2026-05-21\resumes\0095_FinThrive_Brianna Singer_resume_Senior Project Manager.pdf,,,,,,,,2026-05-20T23:29:02.788372+00:00,not_checked_network_restricted,Added from ApplyPilot DB; outbound link checking was blocked in sandbox.
,,C:\Users\bsing\OneDrive\Documents\Projects\ApplyPilot\portable_applypilot\software-pm\resume_generation_unique_company_2026-05-21\resumes\0096_Clearsense_Brianna Singer_resume_Senior Project Manager.pdf,8,Senior Project Manager,,Clearsense,https://www.linkedin.com/jobs/view/4417324880,remote,"Jira, Mentoring, Smartsheet, Stakeholder Management
Deterministic refreshed score: 4 profile skills mentioned
title alignment 2.5/3.0
domain signals 9",C:\Users\bsing\OneDrive\Documents\Projects\ApplyPilot\portable_applypilot\software-pm\resume_generation_unique_company_2026-05-21\resumes\0096_Clearsense_Brianna Singer_resume_Senior Project Manager.pdf,approved,,,C:\Users\bsing\OneDrive\Documents\Projects\ApplyPilot\portable_applypilot\software-pm\resume_generation_unique_company_2026-05-21\resumes\0096_Clearsense_Brianna Singer_resume_Senior Project Manager.pdf,,,Remote,,,,,2026-05-20T23:29:02.788372+00:00,not_checked_network_restricted,Added from ApplyPilot DB; outbound link checking was blocked in sandbox.
,,C:\Users\bsing\OneDrive\Documents\Projects\ApplyPilot\portable_applypilot\software-pm\resume_generation_unique_company_2026-05-21\resumes\0097_Luxoft_Brianna Singer_resume_Senior Project Manager.pdf,8,Senior Project Manager,,Luxoft,https://www.linkedin.com/jobs/view/4417067422,unknown,"Kanban, Program Management, SDLC
Deterministic refreshed score: 3 profile skills mentioned
title alignment 2.5/3.0
domain signals 7",C:\Users\bsing\OneDrive\Documents\Projects\ApplyPilot\portable_applypilot\software-pm\resume_generation_unique_company_2026-05-21\resumes\0097_Luxoft_Brianna Singer_resume_Senior Project Manager.pdf,approved,,,C:\Users\bsing\OneDrive\Documents\Projects\ApplyPilot\portable_applypilot\software-pm\resume_generation_unique_company_2026-05-21\resumes\0097_Luxoft_Brianna Singer_resume_Senior Project Manager.pdf,,,,,,,,2026-05-20T23:29:02.788372+00:00,not_checked_network_restricted,Added from ApplyPilot DB; outbound link checking was blocked in sandbox.
,,"C:\Users\bsing\OneDrive\Documents\Projects\ApplyPilot\portable_applypilot\software-pm\resume_generation_unique_company_2026-05-21\resumes\0098_CrowdStrike_Brianna Singer_resume_Program Manager, Product Security (Remote USA or Canada).pdf",8,"Program Manager, Product Security (Remote USA or Canada)",,CrowdStrike,https://www.indeed.com/viewjob?jk=f5f3474d043bc67e,remote,"SAFe, SDLC
Deterministic refreshed score: 2 profile skills mentioned
title alignment 2.5/3.0
domain signals 11","C:\Users\bsing\OneDrive\Documents\Projects\ApplyPilot\portable_applypilot\software-pm\resume_generation_unique_company_2026-05-21\resumes\0098_CrowdStrike_Brianna Singer_resume_Program Manager, Product Security (Remote USA or Canada).pdf",approved,,,"C:\Users\bsing\OneDrive\Documents\Projects\ApplyPilot\portable_applypilot\software-pm\resume_generation_unique_company_2026-05-21\resumes\0098_CrowdStrike_Brianna Singer_resume_Program Manager, Product Security (Remote USA or Canada).pdf",,,"Remote, US (Remote)",https://crowdstrike.wd5.myworkdayjobs.com/en-US/crowdstrikecareers/job/USA---Remote/Program-Manager--Product-Security--Remote--CAN-_R28718,,,,2026-05-20T23:29:02.788372+00:00,not_checked_network_restricted,Added from ApplyPilot DB; outbound link checking was blocked in sandbox.
,,C:\Users\bsing\OneDrive\Documents\Projects\ApplyPilot\portable_applypilot\software-pm\resume_generation_unique_company_2026-05-21\resumes\0099_DaCodes_Brianna Singer_resume_IT Project Manager - LATAM - English Required.pdf,8,IT Project Manager - LATAM - English Required,,DaCodes.,https://www.linkedin.com/jobs/view/4417344820,unknown,"Confluence, ERP, Jira, Kanban, Trello
Deterministic refreshed score: 5 profile skills mentioned
title alignment 2.5/3.0
domain signals 6",C:\Users\bsing\OneDrive\Documents\Projects\ApplyPilot\portable_applypilot\software-pm\resume_generation_unique_company_2026-05-21\resumes\0099_DaCodes_Brianna Singer_resume_IT Project Manager - LATAM - English Required.pdf,approved,,,C:\Users\bsing\OneDrive\Documents\Projects\ApplyPilot\portable_applypilot\software-pm\resume_generation_unique_company_2026-05-21\resumes\0099_DaCodes_Brianna Singer_resume_IT Project Manager - LATAM - English Required.pdf,,,,,,,,2026-05-20T23:29:02.788372+00:00,not_checked_network_restricted,Added from ApplyPilot DB; outbound link checking was blocked in sandbox.
,,C:\Users\bsing\OneDrive\Documents\Projects\ApplyPilot\portable_applypilot\software-pm\resume_generation_unique_company_2026-05-21\resumes\0100_Talkdesk_Brianna Singer_resume_CX Manager.pdf,8,CX Manager,,Talkdesk,https://www.indeed.com/viewjob?jk=ed47171ac4a744b7,hybrid,"Change Management, Customer Success, ERP, Risk Management
Deterministic refreshed score: 4 profile skills mentioned
title alignment 1.0/3.0
domain signals 18",C:\Users\bsing\OneDrive\Documents\Projects\ApplyPilot\portable_applypilot\software-pm\resume_generation_unique_company_2026-05-21\resumes\0100_Talkdesk_Brianna Singer_resume_CX Manager.pdf,approved,,,C:\Users\bsing\OneDrive\Documents\Projects\ApplyPilot\portable_applypilot\software-pm\resume_generation_unique_company_2026-05-21\resumes\0100_Talkdesk_Brianna Singer_resume_CX Manager.pdf,,,"Remote, US (Remote)",https://grnh.se/g1ays92a1us,,,,2026-05-20T23:29:02.788372+00:00,not_checked_network_restricted,Added from ApplyPilot DB; outbound link checking was blocked in sandbox.
,,C:\Users\bsing\OneDrive\Documents\Projects\ApplyPilot\portable_applypilot\software-pm\resume_generation_unique_company_2026-05-21\resumes\0101_Contabo_Brianna Singer_resume_Technical Project Manager - Datacenter & Infrastructure (all genders)(EN).pdf,8,Technical Project Manager – Datacenter & Infrastructure (all genders)(EN),,Contabo,https://www.linkedin.com/jobs/view/4415701017,hybrid,"Hybrid Project Management, Program Management, Change Management, Jira, Confluence
Deterministic profile match: 5 profile skills mentioned; title alignment 3.0/3.0; domain signals 5.",C:\Users\bsing\OneDrive\Documents\Projects\ApplyPilot\portable_applypilot\software-pm\resume_generation_unique_company_2026-05-21\resumes\0101_Contabo_Brianna Singer_resume_Technical Project Manager - Datacenter & Infrastructure (all genders)(EN).pdf,approved,,,C:\Users\bsing\OneDrive\Documents\Projects\ApplyPilot\portable_applypilot\software-pm\resume_generation_unique_company_2026-05-21\resumes\0101_Contabo_Brianna Singer_resume_Technical Project Manager - Datacenter & Infrastructure (all genders)(EN).pdf,Remote,,Remote,,,,,2026-05-19T03:45:43.877251+00:00,not_checked_network_restricted,Not finalized: outbound link checking was blocked in sandbox.
,,C:\Users\bsing\OneDrive\Documents\Projects\ApplyPilot\portable_applypilot\software-pm\resume_generation_unique_company_2026-05-21\resumes\0102_Joinrs_Brianna Singer_resume_Project Manager.pdf,8,Project Manager,,Joinrs,https://www.linkedin.com/jobs/view/4416089701,remote,"Agile Scrum, Software Project Management, Stakeholder Management, Program Management, Customer Success, Sprint Reviews
Deterministic profile match: 6 profile skills mentioned; title alignment 2.0/3.0; domain signals 10.",C:\Users\bsing\OneDrive\Documents\Projects\ApplyPilot\portable_applypilot\software-pm\resume_generation_unique_company_2026-05-21\resumes\0102_Joinrs_Brianna Singer_resume_Project Manager.pdf,approved,,,C:\Users\bsing\OneDrive\Documents\Projects\ApplyPilot\portable_applypilot\software-pm\resume_generation_unique_company_2026-05-21\resumes\0102_Joinrs_Brianna Singer_resume_Project Manager.pdf,,,Remote,,,,,2026-05-19T03:45:43.877251+00:00,not_checked_network_restricted,Not finalized: outbound link checking was blocked in sandbox.
,,"C:\Users\bsing\OneDrive\Documents\Projects\ApplyPilot\portable_applypilot\software-pm\resume_generation_unique_company_2026-05-21\resumes\0103_Pinterest_Brianna Singer_resume_Technical Program Manager II, Advanced Technology Group.pdf",8,"Technical Program Manager II, Advanced Technology Group",1,Pinterest,https://www.linkedin.com/jobs/view/4406806356,onsite,"SQL, Program Management, Change Management, AI/ML, Jira, Google Sheets, Legal Technology
Deterministic profile match: 7 profile skills mentioned; title alignment 2.0/3.0; domain signals 6.","C:\Users\bsing\OneDrive\Documents\Projects\ApplyPilot\portable_applypilot\software-pm\resume_generation_unique_company_2026-05-21\resumes\0103_Pinterest_Brianna Singer_resume_Technical Program Manager II, Advanced Technology Group.pdf",approved,,,"C:\Users\bsing\OneDrive\Documents\Projects\ApplyPilot\portable_applypilot\software-pm\resume_generation_unique_company_2026-05-21\resumes\0103_Pinterest_Brianna Singer_resume_Technical Program Manager II, Advanced Technology Group.pdf",,,,,,,,2026-05-19T03:41:57.324976+00:00,not_checked_network_restricted,Not finalized: outbound link checking was blocked in sandbox.
,,"C:\Users\bsing\OneDrive\Documents\Projects\ApplyPilot\portable_applypilot\software-pm\resume_generation_unique_company_2026-05-21\resumes\0104_ACV Auctions_Brianna Singer_resume_Product Manager III, Order Management Systems.pdf",8,"Product Manager III, Order Management Systems",,ACV Auctions,https://www.indeed.com/viewjob?jk=79c66015d67709d9,remote,"SQL, Program Management, Presentation Skills, Roadmap Planning, Mentoring, Customer Success, ERP, Risk Management, Workflow Automation, Legal Technology
Deterministic profile match: 10 profile skills mentioned; title alignment 1.0/3.0; domain signals 9.","C:\Users\bsing\OneDrive\Documents\Projects\ApplyPilot\portable_applypilot\software-pm\resume_generation_unique_company_2026-05-21\resumes\0104_ACV Auctions_Brianna Singer_resume_Product Manager III, Order Management Systems.pdf",approved,,,"C:\Users\bsing\OneDrive\Documents\Projects\ApplyPilot\portable_applypilot\software-pm\resume_generation_unique_company_2026-05-21\resumes\0104_ACV Auctions_Brianna Singer_resume_Product Manager III, Order Management Systems.pdf",,,"Remote, US (Remote)",https://jobs.dayforcehcm.com/en-US/acv/CANDIDATEPORTAL/jobs/35006,,,,2026-05-19T03:41:57.324976+00:00,not_checked_network_restricted,Not finalized: outbound link checking was blocked in sandbox.
,,"C:\Users\bsing\OneDrive\Documents\Projects\ApplyPilot\portable_applypilot\software-pm\resume_generation_unique_company_2026-05-21\resumes\0105_GoFundMe_Brianna Singer_resume_Staff Technical Program Manager, Security.pdf",8,"Staff Technical Program Manager, Security",1,GoFundMe,https://www.linkedin.com/jobs/view/4397407515,hybrid,"SAFe, Stakeholder Management, Program Management, Roadmap Planning, Change Management, Resource Planning, Risk Management
Deterministic profile match: 7 profile skills mentioned; title alignment 2.0/3.0; domain signals 7.","C:\Users\bsing\OneDrive\Documents\Projects\ApplyPilot\portable_applypilot\software-pm\resume_generation_unique_company_2026-05-21\resumes\0105_GoFundMe_Brianna Singer_resume_Staff Technical Program Manager, Security.pdf",approved,,,"C:\Users\bsing\OneDrive\Documents\Projects\ApplyPilot\portable_applypilot\software-pm\resume_generation_unique_company_2026-05-21\resumes\0105_GoFundMe_Brianna Singer_resume_Staff Technical Program Manager, Security.pdf",Remote,,Remote,,,,,2026-05-19T03:39:44.477961+00:00,not_checked_network_restricted,Not finalized: outbound link checking was blocked in sandbox.
,,C:\Users\bsing\OneDrive\Documents\Projects\ApplyPilot\portable_applypilot\software-pm\resume_generation_unique_company_2026-05-21\resumes\0106_Wellhub_Brianna Singer_resume_Staff Program Manager.pdf,8,Staff Program Manager,,Wellhub,https://www.linkedin.com/jobs/view/4383124588,hybrid,"Hybrid Project Management, Software Project Management, OKRs, Program Management, Risk Management, Jira
Deterministic profile match: 6 profile skills mentioned; title alignment 1.5/3.0; domain signals 8.",C:\Users\bsing\OneDrive\Documents\Projects\ApplyPilot\portable_applypilot\software-pm\resume_generation_unique_company_2026-05-21\resumes\0106_Wellhub_Brianna Singer_resume_Staff Program Manager.pdf,approved,,,C:\Users\bsing\OneDrive\Documents\Projects\ApplyPilot\portable_applypilot\software-pm\resume_generation_unique_company_2026-05-21\resumes\0106_Wellhub_Brianna Singer_resume_Staff Program Manager.pdf,Remote,,Remote,,,,,2026-05-19T03:39:44.477961+00:00,not_checked_network_restricted,Not finalized: outbound link checking was blocked in sandbox.
,,C:\Users\bsing\OneDrive\Documents\Projects\ApplyPilot\portable_applypilot\software-pm\resume_generation_unique_company_2026-05-21\resumes\0107_Calix_Brianna Singer_resume_Senior Technical Program Manager (TelecomNetwork).pdf,8,Senior Technical Program Manager (Telecom/Network),,Calix,https://www.linkedin.com/jobs/view/4345046430,remote,"Software Project Management, Stakeholder Management, Program Management, Change Management, Jira, Confluence
Deterministic profile match: 6 profile skills mentioned; title alignment 2.0/3.0; domain signals 6.",C:\Users\bsing\OneDrive\Documents\Projects\ApplyPilot\portable_applypilot\software-pm\resume_generation_unique_company_2026-05-21\resumes\0107_Calix_Brianna Singer_resume_Senior Technical Program Manager (TelecomNetwork).pdf,approved,,,C:\Users\bsing\OneDrive\Documents\Projects\ApplyPilot\portable_applypilot\software-pm\resume_generation_unique_company_2026-05-21\resumes\0107_Calix_Brianna Singer_resume_Senior Technical Program Manager (TelecomNetwork).pdf,,,Remote,,,,,2026-05-19T03:39:44.477961+00:00,not_checked_network_restricted,Not finalized: outbound link checking was blocked in sandbox.
,,C:\Users\bsing\OneDrive\Documents\Projects\ApplyPilot\portable_applypilot\software-pm\resume_generation_unique_company_2026-05-21\resumes\0108_Porch Group_Brianna Singer_resume_Senior Technical Program Manager.pdf,8,Senior Technical Program Manager,,Porch Group,https://www.linkedin.com/jobs/view/4406620916,remote,"Program Management, Technical Documentation, Change Management, Resource Planning, Jira, Confluence
Deterministic profile match: 6 profile skills mentioned; title alignment 2.0/3.0; domain signals 9.",C:\Users\bsing\OneDrive\Documents\Projects\ApplyPilot\portable_applypilot\software-pm\resume_generation_unique_company_2026-05-21\resumes\0108_Porch Group_Brianna Singer_resume_Senior Technical Program Manager.pdf,approved,,,C:\Users\bsing\OneDrive\Documents\Projects\ApplyPilot\portable_applypilot\software-pm\resume_generation_unique_company_2026-05-21\resumes\0108_Porch Group_Brianna Singer_resume_Senior Technical Program Manager.pdf,,,Remote,,,,,2026-05-19T03:39:44.477961+00:00,not_checked_network_restricted,Not finalized: outbound link checking was blocked in sandbox.
,,"C:\Users\bsing\OneDrive\Documents\Projects\ApplyPilot\portable_applypilot\software-pm\resume_generation_unique_company_2026-05-21\resumes\0109_Aledade, Inc_Brianna Singer_resume_Senior Technical Product Manager (Patient Engagement Experimentation), Remote.pdf",8,"Senior Technical Product Manager (Patient Engagement Experimentation), Remote",,"Aledade, Inc.",https://www.indeed.com/viewjob?jk=8e95aee161aa1d0f,remote,"SQL, Agile Scrum, A/B Testing, Program Management, Customer Success, Risk Management, System Monitoring, PostgreSQL, Mixpanel
Deterministic profile match: 9 profile skills mentioned; title alignment 1.0/3.0; domain signals 8.","C:\Users\bsing\OneDrive\Documents\Projects\ApplyPilot\portable_applypilot\software-pm\resume_generation_unique_company_2026-05-21\resumes\0109_Aledade, Inc_Brianna Singer_resume_Senior Technical Product Manager (Patient Engagement Experimentation), Remote.pdf",approved,,,"C:\Users\bsing\OneDrive\Documents\Projects\ApplyPilot\portable_applypilot\software-pm\resume_generation_unique_company_2026-05-21\resumes\0109_Aledade, Inc_Brianna Singer_resume_Senior Technical Product Manager (Patient Engagement Experimentation), Remote.pdf",,,"Remote, US (Remote)",https://jobs.lever.co/aledade/72f96b6c-9170-407d-827e-9cc4a3c66f08?lever-source=Indeed,,,,2026-05-19T03:39:44.477961+00:00,not_checked_network_restricted,Not finalized: outbound link checking was blocked in sandbox.
,,C:\Users\bsing\OneDrive\Documents\Projects\ApplyPilot\portable_applypilot\software-pm\resume_generation_unique_company_2026-05-21\resumes\0110_Empresa Confidencial_Brianna Singer_resume_Senior Project Manager.pdf,8,Senior Project Manager,,Empresa Confidencial,https://www.linkedin.com/jobs/view/4416269081,hybrid,"Hybrid Project Management, SAFe, Software Project Management, Stakeholder Management, Program Management, Jira, Trello
Deterministic profile match: 7 profile skills mentioned; title alignment 2.0/3.0; domain signals 7.",C:\Users\bsing\OneDrive\Documents\Projects\ApplyPilot\portable_applypilot\software-pm\resume_generation_unique_company_2026-05-21\resumes\0110_Empresa Confidencial_Brianna Singer_resume_Senior Project Manager.pdf,approved,,,C:\Users\bsing\OneDrive\Documents\Projects\ApplyPilot\portable_applypilot\software-pm\resume_generation_unique_company_2026-05-21\resumes\0110_Empresa Confidencial_Brianna Singer_resume_Senior Project Manager.pdf,Remote,,Remote,,,,,2026-05-19T03:39:44.477961+00:00,not_checked_network_restricted,Not finalized: outbound link checking was blocked in sandbox.
,,C:\Users\bsing\OneDrive\Documents\Projects\ApplyPilot\portable_applypilot\software-pm\resume_generation_unique_company_2026-05-21\resumes\0111_Fluxon_Brianna Singer_resume_Senior Technical Project Manager.pdf,8,Senior Technical Project Manager,,Fluxon,https://www.linkedin.com/jobs/view/4357458815,remote,"Stakeholder Management, Program Management, Technical Documentation, Jira, Confluence
Deterministic profile match: 5 profile skills mentioned; title alignment 3.0/3.0; domain signals 5.",C:\Users\bsing\OneDrive\Documents\Projects\ApplyPilot\portable_applypilot\software-pm\resume_generation_unique_company_2026-05-21\resumes\0111_Fluxon_Brianna Singer_resume_Senior Technical Project Manager.pdf,approved,,,C:\Users\bsing\OneDrive\Documents\Projects\ApplyPilot\portable_applypilot\software-pm\resume_generation_unique_company_2026-05-21\resumes\0111_Fluxon_Brianna Singer_resume_Senior Technical Project Manager.pdf,,,Remote,,,,,2026-05-19T03:35:32.190761+00:00,not_checked_network_restricted,Not finalized: outbound link checking was blocked in sandbox.
,,C:\Users\bsing\OneDrive\Documents\Projects\ApplyPilot\portable_applypilot\software-pm\resume_generation_unique_company_2026-05-21\resumes\0112_Providge Consulting_Brianna Singer_resume_Project Manager.pdf,8,Project Manager,,Providge Consulting,https://www.linkedin.com/jobs/view/4416270128,hybrid,"Hybrid Project Management, Data Governance Frameworks, Stakeholder Management, Program Management, Presentation Skills, ERP, Risk Management, Jira, Smartsheet
Deterministic profile match: 9 profile skills mentioned; title alignment 2.0/3.0; domain signals 6.",C:\Users\bsing\OneDrive\Documents\Projects\ApplyPilot\portable_applypilot\software-pm\resume_generation_unique_company_2026-05-21\resumes\0112_Providge Consulting_Brianna Singer_resume_Project Manager.pdf,approved,,,C:\Users\bsing\OneDrive\Documents\Projects\ApplyPilot\portable_applypilot\software-pm\resume_generation_unique_company_2026-05-21\resumes\0112_Providge Consulting_Brianna Singer_resume_Project Manager.pdf,Remote,,Remote,,,,,2026-05-19T03:35:32.190761+00:00,not_checked_network_restricted,Not finalized: outbound link checking was blocked in sandbox.
,,C:\Users\bsing\OneDrive\Documents\Projects\ApplyPilot\portable_applypilot\software-pm\resume_generation_unique_company_2026-05-21\resumes\0113_Pingle Studio_Brianna Singer_resume_Middle Art Project Manager.pdf,8,Middle Art Project Manager,,Pingle Studio,https://www.linkedin.com/jobs/view/4412248957,remote,"Agile Scrum, Sprint Planning, Milestone Tracking, Program Management, Technical Documentation, Presentation Skills, Sprint Reviews, Jira, Confluence
Deterministic profile match: 9 profile skills mentioned; title alignment 2.0/3.0; domain signals 6.",C:\Users\bsing\OneDrive\Documents\Projects\ApplyPilot\portable_applypilot\software-pm\resume_generation_unique_company_2026-05-21\resumes\0113_Pingle Studio_Brianna Singer_resume_Middle Art Project Manager.pdf,approved,,,C:\Users\bsing\OneDrive\Documents\Projects\ApplyPilot\portable_applypilot\software-pm\resume_generation_unique_company_2026-05-21\resumes\0113_Pingle Studio_Brianna Singer_resume_Middle Art Project Manager.pdf,,,Remote,,,,,2026-05-19T03:35:32.190761+00:00,not_checked_network_restricted,Not finalized: outbound link checking was blocked in sandbox.
,,C:\Users\bsing\OneDrive\Documents\Projects\ApplyPilot\portable_applypilot\software-pm\resume_generation_unique_company_2026-05-21\resumes\0114_CME Corp_Brianna Singer_resume_Project Manager Adminstrator.pdf,8,Project Manager Adminstrator,,CME Corp,https://www.indeed.com/viewjob?jk=1185e419f3c6fbf4,remote,"Software Project Management, Program Management, Requirements Gathering, Change Management, Scheduling Management, ERP, SOPs
Deterministic profile match: 7 profile skills mentioned; title alignment 2.0/3.0; domain signals 5.",C:\Users\bsing\OneDrive\Documents\Projects\ApplyPilot\portable_applypilot\software-pm\resume_generation_unique_company_2026-05-21\resumes\0114_CME Corp_Brianna Singer_resume_Project Manager Adminstrator.pdf,approved,,,C:\Users\bsing\OneDrive\Documents\Projects\ApplyPilot\portable_applypilot\software-pm\resume_generation_unique_company_2026-05-21\resumes\0114_CME Corp_Brianna Singer_resume_Project Manager Adminstrator.pdf,,,"Remote, US (Remote)",http://www.indeed.com/job/project-manager-adminstrator-1185e419f3c6fbf4,,,,2026-05-19T03:33:24.221345+00:00,not_checked_network_restricted,Not finalized: outbound link checking was blocked in sandbox.
,,"C:\Users\bsing\OneDrive\Documents\Projects\ApplyPilot\portable_applypilot\software-pm\resume_generation_unique_company_2026-05-21\resumes\0115_DealerOn, Inc_Brianna Singer_resume_Product Manager.pdf",8,Product Manager,,"DealerOn, Inc.",https://www.indeed.com/viewjob?jk=0a843e7c3579e944,remote,"Agile Scrum, Sprint Planning, Stakeholder Management, Technical Documentation, Roadmap Planning, Customer Success, Training Enablement, Jira, Confluence, Figma
Deterministic profile match: 10 profile skills mentioned; title alignment 1.0/3.0; domain signals 13.","C:\Users\bsing\OneDrive\Documents\Projects\ApplyPilot\portable_applypilot\software-pm\resume_generation_unique_company_2026-05-21\resumes\0115_DealerOn, Inc_Brianna Singer_resume_Product Manager.pdf",approved,,,"C:\Users\bsing\OneDrive\Documents\Projects\ApplyPilot\portable_applypilot\software-pm\resume_generation_unique_company_2026-05-21\resumes\0115_DealerOn, Inc_Brianna Singer_resume_Product Manager.pdf",,,"Remote, US (Remote)",https://ats.rippling.com/dealeron/jobs/0206d61a-6c74-4f97-885c-8782ca08bb0f?jobSite=Indeed,,,,2026-05-19T03:33:24.221345+00:00,not_checked_network_restricted,Not finalized: outbound link checking was blocked in sandbox.
,,,8,Junior Healthcare IT Project Manager,,Jobs via Dice,https://www.linkedin.com/jobs/view/4415750182,unknown,"Program Management, Technical Documentation, Change Management, Risk Management, Deployment Workflows, Data Pipelines
Deterministic profile match: 6 profile skills mentioned; title alignment 2.5/3.0; domain signals 4.",,missing_job_description,No full job description found in ApplyPilot DB or fetched from URL.,,,,,,,,,,2026-05-19T03:30:57.247300+00:00,not_checked_network_restricted,Not finalized: outbound link checking was blocked in sandbox.
,,C:\Users\bsing\OneDrive\Documents\Projects\ApplyPilot\portable_applypilot\software-pm\resume_generation_unique_company_2026-05-21\resumes\0117_American Workforce Solutions_Brianna Singer_resume_Sr. Project Manager -- Telecoms and OpEx.pdf,8,Sr. Project Manager -- Telecoms and OpEx,,American Workforce Solutions,https://www.linkedin.com/jobs/view/4415727668,remote,"SDLC, Stakeholder Management, Change Management, ERP, Risk Management, Jira, Confluence
Deterministic profile match: 7 profile skills mentioned; title alignment 2.0/3.0; domain signals 8.",C:\Users\bsing\OneDrive\Documents\Projects\ApplyPilot\portable_applypilot\software-pm\resume_generation_unique_company_2026-05-21\resumes\0117_American Workforce Solutions_Brianna Singer_resume_Sr. Project Manager -- Telecoms and OpEx.pdf,approved,,,C:\Users\bsing\OneDrive\Documents\Projects\ApplyPilot\portable_applypilot\software-pm\resume_generation_unique_company_2026-05-21\resumes\0117_American Workforce Solutions_Brianna Singer_resume_Sr. Project Manager -- Telecoms and OpEx.pdf,,,Remote,,,,,2026-05-19T03:28:48.056786+00:00,not_checked_network_restricted,Not finalized: outbound link checking was blocked in sandbox.
,,C:\Users\bsing\OneDrive\Documents\Projects\ApplyPilot\portable_applypilot\software-pm\resume_generation_unique_company_2026-05-21\resumes\0118_Finch Computing_Brianna Singer_resume_Scrum MasterTechnical Documentation.pdf,8,Scrum Master/Technical Documentation,,Finch Computing,https://www.indeed.com/viewjob?jk=08ce5e6121a6433e,remote,"Agile Scrum, Sprint Planning, Retrospectives, Technical Documentation, Sprint Reviews, Deployment Workflows, AWS, Jira
Deterministic profile match: 8 profile skills mentioned; title alignment 1.5/3.0; domain signals 8.",C:\Users\bsing\OneDrive\Documents\Projects\ApplyPilot\portable_applypilot\software-pm\resume_generation_unique_company_2026-05-21\resumes\0118_Finch Computing_Brianna Singer_resume_Scrum MasterTechnical Documentation.pdf,approved,,,C:\Users\bsing\OneDrive\Documents\Projects\ApplyPilot\portable_applypilot\software-pm\resume_generation_unique_company_2026-05-21\resumes\0118_Finch Computing_Brianna Singer_resume_Scrum MasterTechnical Documentation.pdf,,,"Remote, US (Remote)",https://finchai.com/about/#Careers?gnk=job&gni=8a78879e9db1e8bc019dd4e62c5d4d32&gns=Indeed+Free,,,,2026-05-19T03:28:48.056786+00:00,not_checked_network_restricted,Not finalized: outbound link checking was blocked in sandbox.
,,C:\Users\bsing\OneDrive\Documents\Projects\ApplyPilot\portable_applypilot\software-pm\resume_generation_unique_company_2026-05-21\resumes\0119_NexGen Technologies Inc_Brianna Singer_resume_Program Manager (Federal Government Experience Required).pdf,8,Program Manager (Federal Government Experience Required),,NexGen Technologies Inc.,https://www.indeed.com/viewjob?jk=d2a02505851abe0e,hybrid,"Hybrid Project Management, SAFe, Software Project Management, Stakeholder Management, Program Management, Change Management, Risk Management
Deterministic profile match: 7 profile skills mentioned; title alignment 1.5/3.0; domain signals 9.",C:\Users\bsing\OneDrive\Documents\Projects\ApplyPilot\portable_applypilot\software-pm\resume_generation_unique_company_2026-05-21\resumes\0119_NexGen Technologies Inc_Brianna Singer_resume_Program Manager (Federal Government Experience Required).pdf,approved,,,C:\Users\bsing\OneDrive\Documents\Projects\ApplyPilot\portable_applypilot\software-pm\resume_generation_unique_company_2026-05-21\resumes\0119_NexGen Technologies Inc_Brianna Singer_resume_Program Manager (Federal Government Experience Required).pdf,"Remote, US (Remote)",,"Remote, US (Remote)",https://ht-jobs.net/gfwkaix?s=in,,,,2026-05-19T03:28:48.056786+00:00,not_checked_network_restricted,Not finalized: outbound link checking was blocked in sandbox.
,,C:\Users\bsing\OneDrive\Documents\Projects\ApplyPilot\portable_applypilot\software-pm\resume_generation_unique_company_2026-05-21\resumes\0120_JSR Tech Consulting_Brianna Singer_resume_IT Project Manager (Medical Affairs Systems).pdf,8,IT Project Manager (Medical Affairs Systems),,JSR Tech Consulting,https://www.linkedin.com/jobs/view/4410858477,unknown,"Agile Scrum, SDLC, Stakeholder Management, Technical Documentation, Presentation Skills, Requirements Gathering, Change Management
Deterministic profile match: 7 profile skills mentioned; title alignment 2.5/3.0; domain signals 6.",C:\Users\bsing\OneDrive\Documents\Projects\ApplyPilot\portable_applypilot\software-pm\resume_generation_unique_company_2026-05-21\resumes\0120_JSR Tech Consulting_Brianna Singer_resume_IT Project Manager (Medical Affairs Systems).pdf,approved,,,C:\Users\bsing\OneDrive\Documents\Projects\ApplyPilot\portable_applypilot\software-pm\resume_generation_unique_company_2026-05-21\resumes\0120_JSR Tech Consulting_Brianna Singer_resume_IT Project Manager (Medical Affairs Systems).pdf,,,,,,,,2026-05-19T03:28:48.056786+00:00,not_checked_network_restricted,Not finalized: outbound link checking was blocked in sandbox.
,,C:\Users\bsing\OneDrive\Documents\Projects\ApplyPilot\portable_applypilot\software-pm\resume_generation_unique_company_2026-05-21\resumes\0121_Amaris Consulting_Brianna Singer_resume_Senior Project Manager.pdf,8,Senior Project Manager,,Amaris Consulting,https://www.linkedin.com/jobs/view/4412274392,remote,"Stakeholder Management, Program Management, Change Management, Risk Management, Jira, Confluence
Deterministic profile match: 6 profile skills mentioned; title alignment 2.0/3.0; domain signals 8.",C:\Users\bsing\OneDrive\Documents\Projects\ApplyPilot\portable_applypilot\software-pm\resume_generation_unique_company_2026-05-21\resumes\0121_Amaris Consulting_Brianna Singer_resume_Senior Project Manager.pdf,approved,,,C:\Users\bsing\OneDrive\Documents\Projects\ApplyPilot\portable_applypilot\software-pm\resume_generation_unique_company_2026-05-21\resumes\0121_Amaris Consulting_Brianna Singer_resume_Senior Project Manager.pdf,,,Remote,,,,,2026-05-19T03:26:29.194443+00:00,not_checked_network_restricted,Not finalized: outbound link checking was blocked in sandbox.
,,"C:\Users\bsing\OneDrive\Documents\Projects\ApplyPilot\portable_applypilot\software-pm\resume_generation_unique_company_2026-05-21\resumes\0122_Qualcomm_Brianna Singer_resume_Project Manager - E-commerce - Qualcomm, flexible on location within EuropeRemote.pdf",8,"Project Manager - E-commerce - Qualcomm, flexible on location within Europe/Remote",,Qualcomm,https://www.indeed.com/viewjob?jk=f66f728f935966c4,remote,"Software Project Management, A/B Testing, Stakeholder Management, Roadmap Planning, Customer Success, Resource Planning
Deterministic profile match: 6 profile skills mentioned; title alignment 2.0/3.0; domain signals 7.","C:\Users\bsing\OneDrive\Documents\Projects\ApplyPilot\portable_applypilot\software-pm\resume_generation_unique_company_2026-05-21\resumes\0122_Qualcomm_Brianna Singer_resume_Project Manager - E-commerce - Qualcomm, flexible on location within EuropeRemote.pdf",approved,,,"C:\Users\bsing\OneDrive\Documents\Projects\ApplyPilot\portable_applypilot\software-pm\resume_generation_unique_company_2026-05-21\resumes\0122_Qualcomm_Brianna Singer_resume_Project Manager - E-commerce - Qualcomm, flexible on location within EuropeRemote.pdf",,,"Remote, US (Remote)",https://app.eightfold.ai/careers/job/446717760161?domain=qualcomm.com,,,,2026-05-19T03:26:29.194443+00:00,not_checked_network_restricted,Not finalized: outbound link checking was blocked in sandbox.
,,C:\Users\bsing\OneDrive\Documents\Projects\ApplyPilot\portable_applypilot\software-pm\resume_generation_unique_company_2026-05-21\resumes\0123_FROQ FAR EAST BRAND SERVICES PRIVATE LIMITED_Brianna Singer_resume_Information Technology Project Manager.pdf,8,Information Technology Project Manager,,FROQ FAR EAST BRAND SERVICES PRIVATE LIMITED,https://www.linkedin.com/jobs/view/4415605074,unknown,"Agile Scrum, Stakeholder Management, Technical Documentation, Requirements Gathering, Change Management, Resource Planning, ERP, Risk Management, Deployment Workflows
Deterministic profile match: 9 profile skills mentioned; title alignment 2.0/3.0; domain signals 6.",C:\Users\bsing\OneDrive\Documents\Projects\ApplyPilot\portable_applypilot\software-pm\resume_generation_unique_company_2026-05-21\resumes\0123_FROQ FAR EAST BRAND SERVICES PRIVATE LIMITED_Brianna Singer_resume_Information Technology Project Manager.pdf,approved,,,C:\Users\bsing\OneDrive\Documents\Projects\ApplyPilot\portable_applypilot\software-pm\resume_generation_unique_company_2026-05-21\resumes\0123_FROQ FAR EAST BRAND SERVICES PRIVATE LIMITED_Brianna Singer_resume_Information Technology Project Manager.pdf,,,,,,,,2026-05-19T03:26:29.194443+00:00,not_checked_network_restricted,Not finalized: outbound link checking was blocked in sandbox.
,,C:\Users\bsing\OneDrive\Documents\Projects\ApplyPilot\portable_applypilot\software-pm\resume_generation_unique_company_2026-05-21\resumes\0124_Symplast_Brianna Singer_resume_Implementation Project Manager.pdf,8,Implementation Project Manager,,Symplast,https://www.linkedin.com/jobs/view/4416257843,remote,"Software Project Management, Technical Documentation, Customer Success, Change Management, Workflow Automation
Deterministic profile match: 5 profile skills mentioned; title alignment 2.5/3.0; domain signals 7.",C:\Users\bsing\OneDrive\Documents\Projects\ApplyPilot\portable_applypilot\software-pm\resume_generation_unique_company_2026-05-21\resumes\0124_Symplast_Brianna Singer_resume_Implementation Project Manager.pdf,approved,,,C:\Users\bsing\OneDrive\Documents\Projects\ApplyPilot\portable_applypilot\software-pm\resume_generation_unique_company_2026-05-21\resumes\0124_Symplast_Brianna Singer_resume_Implementation Project Manager.pdf,,,Remote,,,,,2026-05-19T03:26:29.194443+00:00,not_checked_network_restricted,Not finalized: outbound link checking was blocked in sandbox.
,,,8,IT Project Manager,,Remote Recruitment,https://www.linkedin.com/jobs/view/4412289859,remote,"Agile Scrum, Sprint Planning, Retrospectives, Stakeholder Management, Resource Planning, Jira
Deterministic profile match: 6 profile skills mentioned; title alignment 2.5/3.0; domain signals 7.",,missing_job_description,No full job description found in ApplyPilot DB or fetched from URL.,,,,,Remote,,,,,2026-05-19T03:26:29.194443+00:00,not_checked_network_restricted,Not finalized: outbound link checking was blocked in sandbox.
,,C:\Users\bsing\OneDrive\Documents\Projects\ApplyPilot\portable_applypilot\software-pm\resume_generation_unique_company_2026-05-21\resumes\0126_BIP US_Brianna Singer_resume_Senior Project Manager.pdf,8,Senior Project Manager,,BIP US,https://www.linkedin.com/jobs/view/4412844336,remote,"Software Project Management, Stakeholder Management, Program Management, Mentoring, Change Management, Resource Planning, Risk Management
Deterministic profile match: 7 profile skills mentioned; title alignment 2.0/3.0; domain signals 8.",C:\Users\bsing\OneDrive\Documents\Projects\ApplyPilot\portable_applypilot\software-pm\resume_generation_unique_company_2026-05-21\resumes\0126_BIP US_Brianna Singer_resume_Senior Project Manager.pdf,approved,,,C:\Users\bsing\OneDrive\Documents\Projects\ApplyPilot\portable_applypilot\software-pm\resume_generation_unique_company_2026-05-21\resumes\0126_BIP US_Brianna Singer_resume_Senior Project Manager.pdf,,,Remote,,,,,2026-05-19T03:25:28.289938+00:00,not_checked_network_restricted,Not finalized: outbound link checking was blocked in sandbox.
,,C:\Users\bsing\OneDrive\Documents\Projects\ApplyPilot\portable_applypilot\software-pm\resume_generation_unique_company_2026-05-21\resumes\0127_Moderna_Brianna Singer_resume_Sr. GxP Product Manager.pdf,8,Sr. GxP Product Manager,,Moderna,https://modernatx.wd1.myworkdayjobs.com/M_tx/job/Cambridge-Massachusetts/GxP-Product-Manager_R19011-1,onsite,"Sprint Planning, SDLC, Technical Documentation, Roadmap Planning, Change Management, KPI Tracking, Jira, Confluence, Legal Technology
Deterministic profile match: 9 profile skills mentioned; title alignment 1.0/3.0; domain signals 10.",C:\Users\bsing\OneDrive\Documents\Projects\ApplyPilot\portable_applypilot\software-pm\resume_generation_unique_company_2026-05-21\resumes\0127_Moderna_Brianna Singer_resume_Sr. GxP Product Manager.pdf,approved,,,C:\Users\bsing\OneDrive\Documents\Projects\ApplyPilot\portable_applypilot\software-pm\resume_generation_unique_company_2026-05-21\resumes\0127_Moderna_Brianna Singer_resume_Sr. GxP Product Manager.pdf,,,,https://modernatx.wd1.myworkdayjobs.com/M_tx/job/Cambridge-Massachusetts/GxP-Product-Manager_R19011-1,,,,2026-05-14T22:12:00.818278+00:00,not_checked_network_restricted,Not finalized: outbound link checking was blocked in sandbox.
,,C:\Users\bsing\OneDrive\Documents\Projects\ApplyPilot\portable_applypilot\software-pm\resume_generation_unique_company_2026-05-21\resumes\0128_Thomson Reuters_Brianna Singer_resume_UX Research Ops - Program Manager.pdf,8,UX Research Ops – Program Manager ,,Thomson Reuters,https://thomsonreuters.wd5.myworkdayjobs.com/External_Career_Site/job/United-States-of-America-Eagan-Minnesota/Senior-UX-Producer_JREQ197377-1,hybrid,"SAFe, Data Governance Frameworks, Stakeholder Management, Program Management, Data Pipelines, Legal Technology
Deterministic profile match: 6 profile skills mentioned; title alignment 1.5/3.0; domain signals 9.",C:\Users\bsing\OneDrive\Documents\Projects\ApplyPilot\portable_applypilot\software-pm\resume_generation_unique_company_2026-05-21\resumes\0128_Thomson Reuters_Brianna Singer_resume_UX Research Ops - Program Manager.pdf,approved,,,C:\Users\bsing\OneDrive\Documents\Projects\ApplyPilot\portable_applypilot\software-pm\resume_generation_unique_company_2026-05-21\resumes\0128_Thomson Reuters_Brianna Singer_resume_UX Research Ops - Program Manager.pdf,,,,https://thomsonreuters.wd5.myworkdayjobs.com/External_Career_Site/job/United-States-of-America-Eagan-Minnesota/Senior-UX-Producer_JREQ197377-1,,,,2026-05-14T22:01:57.065581+00:00,not_checked_network_restricted,Not finalized: outbound link checking was blocked in sandbox.
,,C:\Users\bsing\OneDrive\Documents\Projects\ApplyPilot\portable_applypilot\software-pm\resume_generation_unique_company_2026-05-21\resumes\0129_Dutchie_Brianna Singer_resume_Revenue Operations Project Manager.pdf,8,Revenue Operations Project Manager,,Dutchie,https://www.linkedin.com/jobs/view/4392101954,unknown,"SAFe, Software Project Management, Stakeholder Management, Program Management, Customer Success, Change Management, Resource Planning, HubSpot
Deterministic profile match: 8 profile skills mentioned; title alignment 2.0/3.0; domain signals 7.",C:\Users\bsing\OneDrive\Documents\Projects\ApplyPilot\portable_applypilot\software-pm\resume_generation_unique_company_2026-05-21\resumes\0129_Dutchie_Brianna Singer_resume_Revenue Operations Project Manager.pdf,approved,,,C:\Users\bsing\OneDrive\Documents\Projects\ApplyPilot\portable_applypilot\software-pm\resume_generation_unique_company_2026-05-21\resumes\0129_Dutchie_Brianna Singer_resume_Revenue Operations Project Manager.pdf,,,,,,,,2026-05-14T21:48:33.976678+00:00,not_checked_network_restricted,Not finalized: outbound link checking was blocked in sandbox.
,,C:\Users\bsing\OneDrive\Documents\Projects\ApplyPilot\portable_applypilot\software-pm\resume_generation_unique_company_2026-05-21\resumes\0130_Panorama Education_Brianna Singer_resume_Project Manager I (East Region).pdf,8,Project Manager I (East Region),,Panorama Education,https://www.linkedin.com/jobs/view/4413722958,remote,"Stakeholder Management, Program Management, Change Management, QA Coordination, Training Enablement
Deterministic profile match: 5 profile skills mentioned; title alignment 2.0/3.0; domain signals 8.",C:\Users\bsing\OneDrive\Documents\Projects\ApplyPilot\portable_applypilot\software-pm\resume_generation_unique_company_2026-05-21\resumes\0130_Panorama Education_Brianna Singer_resume_Project Manager I (East Region).pdf,approved,,,C:\Users\bsing\OneDrive\Documents\Projects\ApplyPilot\portable_applypilot\software-pm\resume_generation_unique_company_2026-05-21\resumes\0130_Panorama Education_Brianna Singer_resume_Project Manager I (East Region).pdf,,,Remote,,,,,2026-05-14T21:48:33.976678+00:00,not_checked_network_restricted,Not finalized: outbound link checking was blocked in sandbox.
,,C:\Users\bsing\OneDrive\Documents\Projects\ApplyPilot\portable_applypilot\software-pm\resume_generation_unique_company_2026-05-21\resumes\0131_BayOne Solutions_Brianna Singer_resume_Technical Program Manager.pdf,8,Technical Program Manager,,BayOne Solutions,https://www.linkedin.com/jobs/view/4393045819,remote,"Stakeholder Management, Program Management, Resource Planning, Risk Management, Jira, Smartsheet
Deterministic profile match: 6 profile skills mentioned; title alignment 2.0/3.0; domain signals 6.",C:\Users\bsing\OneDrive\Documents\Projects\ApplyPilot\portable_applypilot\software-pm\resume_generation_unique_company_2026-05-21\resumes\0131_BayOne Solutions_Brianna Singer_resume_Technical Program Manager.pdf,approved,,,C:\Users\bsing\OneDrive\Documents\Projects\ApplyPilot\portable_applypilot\software-pm\resume_generation_unique_company_2026-05-21\resumes\0131_BayOne Solutions_Brianna Singer_resume_Technical Program Manager.pdf,,,Remote,,,,,2026-05-14T21:46:30.549281+00:00,not_checked_network_restricted,Not finalized: outbound link checking was blocked in sandbox.
,,C:\Users\bsing\OneDrive\Documents\Projects\ApplyPilot\portable_applypilot\software-pm\resume_generation_unique_company_2026-05-21\resumes\0132_Tredence Inc_Brianna Singer_resume_Technical Program Manager.pdf,8,Technical Program Manager,,Tredence Inc.,https://www.linkedin.com/jobs/view/4414589594,unknown,"Agile Scrum, SAFe, Stakeholder Management, Program Management, Databricks, Google Analytics, Google Cloud
Deterministic profile match: 7 profile skills mentioned; title alignment 2.0/3.0; domain signals 9.",C:\Users\bsing\OneDrive\Documents\Projects\ApplyPilot\portable_applypilot\software-pm\resume_generation_unique_company_2026-05-21\resumes\0132_Tredence Inc_Brianna Singer_resume_Technical Program Manager.pdf,approved,,,C:\Users\bsing\OneDrive\Documents\Projects\ApplyPilot\portable_applypilot\software-pm\resume_generation_unique_company_2026-05-21\resumes\0132_Tredence Inc_Brianna Singer_resume_Technical Program Manager.pdf,,,,,,,,2026-05-14T21:46:30.549281+00:00,not_checked_network_restricted,Not finalized: outbound link checking was blocked in sandbox.
,,"C:\Users\bsing\OneDrive\Documents\Projects\ApplyPilot\portable_applypilot\software-pm\resume_generation_unique_company_2026-05-21\resumes\0133_Airbnb_Brianna Singer_resume_Senior Technical Program Manager, Hosting Services.pdf",8,"Senior Technical Program Manager, Hosting Services",,Airbnb,https://www.linkedin.com/jobs/view/4394934830,remote,"Software Project Management, A/B Testing, Program Management, Change Management, AI/ML, Deployment Workflows
Deterministic profile match: 6 profile skills mentioned; title alignment 2.0/3.0; domain signals 6.","C:\Users\bsing\OneDrive\Documents\Projects\ApplyPilot\portable_applypilot\software-pm\resume_generation_unique_company_2026-05-21\resumes\0133_Airbnb_Brianna Singer_resume_Senior Technical Program Manager, Hosting Services.pdf",approved,,,"C:\Users\bsing\OneDrive\Documents\Projects\ApplyPilot\portable_applypilot\software-pm\resume_generation_unique_company_2026-05-21\resumes\0133_Airbnb_Brianna Singer_resume_Senior Technical Program Manager, Hosting Services.pdf",,,Remote,https://www.linkedin.com/signup/cold-join?source=jobs_registration&session_redirect=https%3A%2F%2Fwww.linkedin.com%2Fjobs%2Fview%2Fsenior-technical-program-manager-hosting-services-at-airbnb-4394934830&trk=public_jobs_apply-link-offsite_contextual-sign-in-modal_join-link,,,,2026-05-14T21:44:13.352357+00:00,not_checked_network_restricted,Not finalized: outbound link checking was blocked in sandbox.
,,C:\Users\bsing\OneDrive\Documents\Projects\ApplyPilot\portable_applypilot\software-pm\resume_generation_unique_company_2026-05-21\resumes\0134_Plusgrade_Brianna Singer_resume_Project Manager.pdf,8,Project Manager,,Plusgrade,https://www.linkedin.com/jobs/view/4414607384,unknown,"Ecommerce Workflows, Software Project Management, Stakeholder Management, Program Management, Technical Documentation, Risk Management
Deterministic profile match: 6 profile skills mentioned; title alignment 2.0/3.0; domain signals 8.",C:\Users\bsing\OneDrive\Documents\Projects\ApplyPilot\portable_applypilot\software-pm\resume_generation_unique_company_2026-05-21\resumes\0134_Plusgrade_Brianna Singer_resume_Project Manager.pdf,approved,,,C:\Users\bsing\OneDrive\Documents\Projects\ApplyPilot\portable_applypilot\software-pm\resume_generation_unique_company_2026-05-21\resumes\0134_Plusgrade_Brianna Singer_resume_Project Manager.pdf,,,,,,,,2026-05-14T21:44:13.352357+00:00,not_checked_network_restricted,Not finalized: outbound link checking was blocked in sandbox.
,,C:\Users\bsing\OneDrive\Documents\Projects\ApplyPilot\portable_applypilot\software-pm\resume_generation_unique_company_2026-05-21\resumes\0135_Five9_Brianna Singer_resume_Professional Services Program Manager.pdf,8,Professional Services Program Manager,,Five9,https://www.linkedin.com/jobs/view/4382823450,hybrid,"Agile Scrum, Hybrid Project Management, Software Project Management, Kanban, Program Management, Customer Success, ServiceNow
Deterministic profile match: 7 profile skills mentioned; title alignment 1.5/3.0; domain signals 9.",C:\Users\bsing\OneDrive\Documents\Projects\ApplyPilot\portable_applypilot\software-pm\resume_generation_unique_company_2026-05-21\resumes\0135_Five9_Brianna Singer_resume_Professional Services Program Manager.pdf,approved,,,C:\Users\bsing\OneDrive\Documents\Projects\ApplyPilot\portable_applypilot\software-pm\resume_generation_unique_company_2026-05-21\resumes\0135_Five9_Brianna Singer_resume_Professional Services Program Manager.pdf,Remote,,Remote,https://www.linkedin.com/signup/cold-join?source=jobs_registration&session_redirect=https%3A%2F%2Fwww.linkedin.com%2Fjobs%2Fview%2Fprofessional-services-program-manager-at-five9-4382823450&trk=public_jobs_apply-link-offsite_contextual-sign-in-modal_join-link,,,,2026-05-14T21:44:13.352357+00:00,not_checked_network_restricted,Not finalized: outbound link checking was blocked in sandbox.
,,C:\Users\bsing\OneDrive\Documents\Projects\ApplyPilot\portable_applypilot\software-pm\resume_generation_unique_company_2026-05-21\resumes\0136_Telix Pharmaceuticals Limited_Brianna Singer_resume_Senior Project Manager - Therapeutics.pdf,8,Senior Project Manager - Therapeutics,,Telix Pharmaceuticals Limited,https://www.linkedin.com/jobs/view/4402303128,hybrid,"Hybrid Project Management, Software Project Management, Milestone Tracking, Program Management, Change Management, Scheduling Management, Resource Planning, Risk Management, Smartsheet
Deterministic profile match: 9 profile skills mentioned; title alignment 2.0/3.0; domain signals 4.",C:\Users\bsing\OneDrive\Documents\Projects\ApplyPilot\portable_applypilot\software-pm\resume_generation_unique_company_2026-05-21\resumes\0136_Telix Pharmaceuticals Limited_Brianna Singer_resume_Senior Project Manager - Therapeutics.pdf,approved,,,C:\Users\bsing\OneDrive\Documents\Projects\ApplyPilot\portable_applypilot\software-pm\resume_generation_unique_company_2026-05-21\resumes\0136_Telix Pharmaceuticals Limited_Brianna Singer_resume_Senior Project Manager - Therapeutics.pdf,Remote,,Remote,https://www.linkedin.com/signup/cold-join?source=jobs_registration&session_redirect=https%3A%2F%2Fwww.linkedin.com%2Fjobs%2Fview%2Fsenior-project-manager-therapeutics-at-telix-pharmaceuticals-limited-4402303128&trk=public_jobs_apply-link-offsite_contextual-sign-in-modal_join-link,,,,2026-05-14T21:42:01.891331+00:00,not_checked_network_restricted,Not finalized: outbound link checking was blocked in sandbox.
,,C:\Users\bsing\OneDrive\Documents\Projects\ApplyPilot\portable_applypilot\software-pm\resume_generation_unique_company_2026-05-21\resumes\0137_CloudIngest_Brianna Singer_resume_Scrum Master for Data Center to Cloud Migration.pdf,8,Scrum Master for Data Center to Cloud Migration,,CloudIngest,https://www.linkedin.com/jobs/view/4414222802,hybrid,"Agile Scrum, Hybrid Project Management, Sprint Planning, Retrospectives, Stakeholder Management, Roadmap Planning, Sprint Reviews, AWS, Google Cloud
Deterministic profile match: 9 profile skills mentioned; title alignment 1.5/3.0; domain signals 13.",C:\Users\bsing\OneDrive\Documents\Projects\ApplyPilot\portable_applypilot\software-pm\resume_generation_unique_company_2026-05-21\resumes\0137_CloudIngest_Brianna Singer_resume_Scrum Master for Data Center to Cloud Migration.pdf,approved,,,C:\Users\bsing\OneDrive\Documents\Projects\ApplyPilot\portable_applypilot\software-pm\resume_generation_unique_company_2026-05-21\resumes\0137_CloudIngest_Brianna Singer_resume_Scrum Master for Data Center to Cloud Migration.pdf,Remote,,Remote,,,,,2026-05-14T21:42:01.891331+00:00,not_checked_network_restricted,Not finalized: outbound link checking was blocked in sandbox.
,,C:\Users\bsing\OneDrive\Documents\Projects\ApplyPilot\portable_applypilot\software-pm\resume_generation_unique_company_2026-05-21\resumes\0138_Applied Information Sciences_Brianna Singer_resume_Project Manager.pdf,8,Project Manager,,Applied Information Sciences,https://www.indeed.com/viewjob?jk=f79ce79094ebd6cc,hybrid,"Agile Scrum, Hybrid Project Management, Stakeholder Management, Customer Success, Resource Planning, Risk Management, GitHub
Deterministic profile match: 7 profile skills mentioned; title alignment 2.0/3.0; domain signals 8.",C:\Users\bsing\OneDrive\Documents\Projects\ApplyPilot\portable_applypilot\software-pm\resume_generation_unique_company_2026-05-21\resumes\0138_Applied Information Sciences_Brianna Singer_resume_Project Manager.pdf,approved,,,C:\Users\bsing\OneDrive\Documents\Projects\ApplyPilot\portable_applypilot\software-pm\resume_generation_unique_company_2026-05-21\resumes\0138_Applied Information Sciences_Brianna Singer_resume_Project Manager.pdf,"Remote, US (Remote)",,"Remote, US (Remote)",https://appliedis.wd5.myworkdayjobs.com/en-US/AIS_Careers/job/USA-Remote/Project-Manager_JR2026001199,,,,2026-05-14T21:42:01.891331+00:00,not_checked_network_restricted,Not finalized: outbound link checking was blocked in sandbox.
,,"C:\Users\bsing\OneDrive\Documents\Projects\ApplyPilot\portable_applypilot\software-pm\resume_generation_unique_company_2026-05-21\resumes\0139_Simpson Thacher & Bartlett LLP_Brianna Singer_resume_Project Manager, PMO.pdf",8,"Project Manager, PMO",,Simpson Thacher & Bartlett LLP,https://www.linkedin.com/jobs/view/4414644861,onsite,"Agile Scrum, Software Project Management, Stakeholder Management, Program Management, Presentation Skills, Change Management, Risk Management
Deterministic profile match: 7 profile skills mentioned; title alignment 2.0/3.0; domain signals 7.","C:\Users\bsing\OneDrive\Documents\Projects\ApplyPilot\portable_applypilot\software-pm\resume_generation_unique_company_2026-05-21\resumes\0139_Simpson Thacher & Bartlett LLP_Brianna Singer_resume_Project Manager, PMO.pdf",approved,,,"C:\Users\bsing\OneDrive\Documents\Projects\ApplyPilot\portable_applypilot\software-pm\resume_generation_unique_company_2026-05-21\resumes\0139_Simpson Thacher & Bartlett LLP_Brianna Singer_resume_Project Manager, PMO.pdf",,,,https://www.linkedin.com/signup/cold-join?source=jobs_registration&session_redirect=https%3A%2F%2Fwww.linkedin.com%2Fjobs%2Fview%2Fproject-manager-pmo-at-simpson-thacher-bartlett-llp-4414644861&trk=public_jobs_apply-link-offsite_contextual-sign-in-modal_join-link,,,,2026-05-14T21:41:03.898519+00:00,not_checked_network_restricted,Not finalized: outbound link checking was blocked in sandbox.
,,C:\Users\bsing\OneDrive\Documents\Projects\ApplyPilot\portable_applypilot\software-pm\resume_generation_unique_company_2026-05-21\resumes\0140_ROI Healthcare Solutions_Brianna Singer_resume_UKG Kronos Project Manager.pdf,8,UKG Kronos Project Manager,,ROI Healthcare Solutions,https://www.linkedin.com/jobs/view/4405424192,hybrid,"Hybrid Project Management, Stakeholder Management, Requirements Gathering, Change Management, Scheduling Management, Risk Management
Deterministic profile match: 6 profile skills mentioned; title alignment 2.0/3.0; domain signals 8.",C:\Users\bsing\OneDrive\Documents\Projects\ApplyPilot\portable_applypilot\software-pm\resume_generation_unique_company_2026-05-21\resumes\0140_ROI Healthcare Solutions_Brianna Singer_resume_UKG Kronos Project Manager.pdf,approved,,,C:\Users\bsing\OneDrive\Documents\Projects\ApplyPilot\portable_applypilot\software-pm\resume_generation_unique_company_2026-05-21\resumes\0140_ROI Healthcare Solutions_Brianna Singer_resume_UKG Kronos Project Manager.pdf,Remote,,Remote,,,,,2026-05-14T21:40:03.505024+00:00,not_checked_network_restricted,Not finalized: outbound link checking was blocked in sandbox.
,,C:\Users\bsing\OneDrive\Documents\Projects\ApplyPilot\portable_applypilot\software-pm\resume_generation_unique_company_2026-05-21\resumes\0141_RedStream Technology_Brianna Singer_resume_Project Manager.pdf,8,Project Manager,,RedStream Technology,https://www.linkedin.com/jobs/view/4412168034,hybrid,"Agile Scrum, Hybrid Project Management, Software Project Management, Program Management, Risk Management, Jira
Deterministic profile match: 6 profile skills mentioned; title alignment 2.0/3.0; domain signals 8.",C:\Users\bsing\OneDrive\Documents\Projects\ApplyPilot\portable_applypilot\software-pm\resume_generation_unique_company_2026-05-21\resumes\0141_RedStream Technology_Brianna Singer_resume_Project Manager.pdf,approved,,,C:\Users\bsing\OneDrive\Documents\Projects\ApplyPilot\portable_applypilot\software-pm\resume_generation_unique_company_2026-05-21\resumes\0141_RedStream Technology_Brianna Singer_resume_Project Manager.pdf,Remote,,Remote,,,,,2026-05-14T21:40:03.505024+00:00,not_checked_network_restricted,Not finalized: outbound link checking was blocked in sandbox.
,,C:\Users\bsing\OneDrive\Documents\Projects\ApplyPilot\portable_applypilot\software-pm\resume_generation_unique_company_2026-05-21\resumes\0142_OP_Brianna Singer_resume_Project Coordinator (Scrum).pdf,8,Project Coordinator (Scrum),,OP,https://www.linkedin.com/jobs/view/4412998036,unknown,"Agile Scrum, Sprint Planning, SAFe, Software Project Management, Retrospectives, Stakeholder Management, Technical Documentation, Scheduling Management, Resource Planning, Sprint Reviews, Power BI, Jira, Confluence
Deterministic profile match: 13 profile skills mentioned; title alignment 0.0/3.0; domain signals 11.",C:\Users\bsing\OneDrive\Documents\Projects\ApplyPilot\portable_applypilot\software-pm\resume_generation_unique_company_2026-05-21\resumes\0142_OP_Brianna Singer_resume_Project Coordinator (Scrum).pdf,approved,,,C:\Users\bsing\OneDrive\Documents\Projects\ApplyPilot\portable_applypilot\software-pm\resume_generation_unique_company_2026-05-21\resumes\0142_OP_Brianna Singer_resume_Project Coordinator (Scrum).pdf,,,,https://mx.linkedin.com/jobs/view/project-manager-at-apply-digital-4408801974?refId=BKuOHf7dME%2BQqksa9GSJ0Q%3D%3D&trackingId=SV1J4OOJRiGgUOFakEHa7g%3D%3D,,,,2026-05-14T21:40:03.505024+00:00,not_checked_network_restricted,Not finalized: outbound link checking was blocked in sandbox.
,,C:\Users\bsing\OneDrive\Documents\Projects\ApplyPilot\portable_applypilot\software-pm\resume_generation_unique_company_2026-05-21\resumes\0143_System Automation Corporation_Brianna Singer_resume_Associate Project Manager.pdf,8,Associate Project Manager,,System Automation Corporation,https://www.linkedin.com/jobs/view/4410608301,remote,"Agile Scrum, Software Project Management, Program Management, Technical Documentation, Scheduling Management, ERP, System Monitoring
Deterministic profile match: 7 profile skills mentioned; title alignment 2.0/3.0; domain signals 11.",C:\Users\bsing\OneDrive\Documents\Projects\ApplyPilot\portable_applypilot\software-pm\resume_generation_unique_company_2026-05-21\resumes\0143_System Automation Corporation_Brianna Singer_resume_Associate Project Manager.pdf,approved,,,C:\Users\bsing\OneDrive\Documents\Projects\ApplyPilot\portable_applypilot\software-pm\resume_generation_unique_company_2026-05-21\resumes\0143_System Automation Corporation_Brianna Singer_resume_Associate Project Manager.pdf,,,Remote,https://www.linkedin.com/signup/cold-join?source=jobs_registration&session_redirect=https%3A%2F%2Fwww.linkedin.com%2Fjobs%2Fview%2Fassociate-project-manager-at-system-automation-corporation-4410608301&trk=public_jobs_apply-link-offsite_contextual-sign-in-modal_join-link,,,,2026-05-14T21:40:03.505024+00:00,not_checked_network_restricted,Not finalized: outbound link checking was blocked in sandbox.
,,C:\Users\bsing\OneDrive\Documents\Projects\ApplyPilot\portable_applypilot\software-pm\resume_generation_unique_company_2026-05-21\resumes\0144_Rezilient Health_Brianna Singer_resume_Technical Project Manager.pdf,8,Technical Project Manager,,Rezilient Health,https://www.linkedin.com/jobs/view/4413433932,unknown,"Python, SQL, Technical Documentation, SOPs, Google Sheets
Deterministic profile match: 5 profile skills mentioned; title alignment 3.0/3.0; domain signals 7.",C:\Users\bsing\OneDrive\Documents\Projects\ApplyPilot\portable_applypilot\software-pm\resume_generation_unique_company_2026-05-21\resumes\0144_Rezilient Health_Brianna Singer_resume_Technical Project Manager.pdf,approved,,,C:\Users\bsing\OneDrive\Documents\Projects\ApplyPilot\portable_applypilot\software-pm\resume_generation_unique_company_2026-05-21\resumes\0144_Rezilient Health_Brianna Singer_resume_Technical Project Manager.pdf,,,,,,,,2026-05-14T21:37:59.870693+00:00,not_checked_network_restricted,Not finalized: outbound link checking was blocked in sandbox.
,,C:\Users\bsing\OneDrive\Documents\Projects\ApplyPilot\portable_applypilot\software-pm\resume_generation_unique_company_2026-05-21\resumes\0145_Makse Group_Brianna Singer_resume_Workday Certified Project Manager.pdf,8,Workday Certified Project Manager,,Makse Group,https://www.indeed.com/viewjob?jk=d03e1ae8b82ab7c5,remote,"Milestone Tracking, Stakeholder Management, Technical Documentation, Change Management, Scheduling Management, Resource Planning, Risk Management, Google Sheets
Deterministic profile match: 8 profile skills mentioned; title alignment 2.0/3.0; domain signals 5.",C:\Users\bsing\OneDrive\Documents\Projects\ApplyPilot\portable_applypilot\software-pm\resume_generation_unique_company_2026-05-21\resumes\0145_Makse Group_Brianna Singer_resume_Workday Certified Project Manager.pdf,approved,,,C:\Users\bsing\OneDrive\Documents\Projects\ApplyPilot\portable_applypilot\software-pm\resume_generation_unique_company_2026-05-21\resumes\0145_Makse Group_Brianna Singer_resume_Workday Certified Project Manager.pdf,,,"Remote, US (Remote)",https://maksegroup.wd12.myworkdayjobs.com/en-US/openings/job/Remote---US/Certified-Workday-Project-Manager_JR100112,,,,2026-05-14T21:36:03.741595+00:00,not_checked_network_restricted,Not finalized: outbound link checking was blocked in sandbox.
,,C:\Users\bsing\OneDrive\Documents\Projects\ApplyPilot\portable_applypilot\software-pm\resume_generation_unique_company_2026-05-21\resumes\0146_DMI_Brianna Singer_resume_Technical Project Manager.pdf,8,Technical Project Manager,,DMI,https://www.indeed.com/viewjob?jk=f0dd499f62ac41ff,remote,"Stakeholder Management, Customer Success, Change Management, Risk Management
Deterministic profile match: 4 profile skills mentioned; title alignment 3.0/3.0; domain signals 5.",C:\Users\bsing\OneDrive\Documents\Projects\ApplyPilot\portable_applypilot\software-pm\resume_generation_unique_company_2026-05-21\resumes\0146_DMI_Brianna Singer_resume_Technical Project Manager.pdf,approved,,,C:\Users\bsing\OneDrive\Documents\Projects\ApplyPilot\portable_applypilot\software-pm\resume_generation_unique_company_2026-05-21\resumes\0146_DMI_Brianna Singer_resume_Technical Project Manager.pdf,,,"Remote, US (Remote)",https://careers-dminc.icims.com/jobs/28710/job?utm_source=indeed_integration&iis=Job%20Board&iisn=Indeed&indeed-apply-token=73a2d2b2a8d6d5c0a62696875eaebd669103652d3f0c2cd5445d3e66b1592b0f,,,,2026-05-14T21:36:03.741595+00:00,not_checked_network_restricted,Not finalized: outbound link checking was blocked in sandbox.
,,C:\Users\bsing\OneDrive\Documents\Projects\ApplyPilot\portable_applypilot\software-pm\resume_generation_unique_company_2026-05-21\resumes\0147_Medallion_Brianna Singer_resume_Implementation Project Manager.pdf,8,Implementation Project Manager,,Medallion,https://www.indeed.com/viewjob?jk=1ad5fe317dde2b99,remote,"Stakeholder Management, Customer Success, System Monitoring, Jira
Deterministic profile match: 4 profile skills mentioned; title alignment 2.5/3.0; domain signals 9.",C:\Users\bsing\OneDrive\Documents\Projects\ApplyPilot\portable_applypilot\software-pm\resume_generation_unique_company_2026-05-21\resumes\0147_Medallion_Brianna Singer_resume_Implementation Project Manager.pdf,approved,,,C:\Users\bsing\OneDrive\Documents\Projects\ApplyPilot\portable_applypilot\software-pm\resume_generation_unique_company_2026-05-21\resumes\0147_Medallion_Brianna Singer_resume_Implementation Project Manager.pdf,,,"Remote, US (Remote)",https://grnh.se/jyvmc15r9us,,,,2026-05-14T21:36:03.741595+00:00,not_checked_network_restricted,Not finalized: outbound link checking was blocked in sandbox.
,,C:\Users\bsing\OneDrive\Documents\Projects\ApplyPilot\portable_applypilot\software-pm\resume_generation_unique_company_2026-05-21\resumes\0148_IQVIA_Brianna Singer_resume_Sr. IT Project Manager.pdf,8,Sr. IT Project Manager,,IQVIA,https://www.linkedin.com/jobs/view/4404433702,hybrid,"Hybrid Project Management, Software Project Management, SDLC, Lean Product Development, Resource Planning, Risk Management, Jira
Deterministic profile match: 7 profile skills mentioned; title alignment 2.5/3.0; domain signals 6.",C:\Users\bsing\OneDrive\Documents\Projects\ApplyPilot\portable_applypilot\software-pm\resume_generation_unique_company_2026-05-21\resumes\0148_IQVIA_Brianna Singer_resume_Sr. IT Project Manager.pdf,approved,,,C:\Users\bsing\OneDrive\Documents\Projects\ApplyPilot\portable_applypilot\software-pm\resume_generation_unique_company_2026-05-21\resumes\0148_IQVIA_Brianna Singer_resume_Sr. IT Project Manager.pdf,,,,,,,,2026-05-14T21:33:49.397717+00:00,not_checked_network_restricted,Not finalized: outbound link checking was blocked in sandbox.
,,C:\Users\bsing\OneDrive\Documents\Projects\ApplyPilot\portable_applypilot\software-pm\resume_generation_unique_company_2026-05-21\resumes\0149_Ellucian_Brianna Singer_resume_Senior Project Manager (SystemwideHigher EducationSaaSERP).pdf,8,Senior Project Manager (Systemwide/Higher Education/SaaS/ERP),,Ellucian,https://www.indeed.com/viewjob?jk=b2086b083c174cc7,remote,"Program Management, Mentoring, Customer Success, Change Management, Resource Planning, ERP, Risk Management
Deterministic profile match: 7 profile skills mentioned; title alignment 2.0/3.0; domain signals 9.",C:\Users\bsing\OneDrive\Documents\Projects\ApplyPilot\portable_applypilot\software-pm\resume_generation_unique_company_2026-05-21\resumes\0149_Ellucian_Brianna Singer_resume_Senior Project Manager (SystemwideHigher EducationSaaSERP).pdf,approved,,,C:\Users\bsing\OneDrive\Documents\Projects\ApplyPilot\portable_applypilot\software-pm\resume_generation_unique_company_2026-05-21\resumes\0149_Ellucian_Brianna Singer_resume_Senior Project Manager (SystemwideHigher EducationSaaSERP).pdf,,,"Remote, US (Remote)",https://careers.ellucian.com/jobs/7474/job?utm_source=indeed_integration&iis=Job%20Board&iisn=Indeed&indeed-apply-token=73a2d2b2a8d6d5c0a62696875eaebd669103652d3f0c2cd5445d3e66b1592b0f,,,,2026-05-14T21:33:49.397717+00:00,not_checked_network_restricted,Not finalized: outbound link checking was blocked in sandbox.
,,C:\Users\bsing\OneDrive\Documents\Projects\ApplyPilot\portable_applypilot\software-pm\resume_generation_unique_company_2026-05-21\resumes\0150_nesto_Brianna Singer_resume_Senior Project Manager.pdf,8,Senior Project Manager,,nesto,https://www.linkedin.com/jobs/view/4395286349,unknown,"Agile Scrum, Stakeholder Management, Technical Documentation, Change Management, Risk Management, Jira
Deterministic profile match: 6 profile skills mentioned; title alignment 2.0/3.0; domain signals 9.",C:\Users\bsing\OneDrive\Documents\Projects\ApplyPilot\portable_applypilot\software-pm\resume_generation_unique_company_2026-05-21\resumes\0150_nesto_Brianna Singer_resume_Senior Project Manager.pdf,approved,,,C:\Users\bsing\OneDrive\Documents\Projects\ApplyPilot\portable_applypilot\software-pm\resume_generation_unique_company_2026-05-21\resumes\0150_nesto_Brianna Singer_resume_Senior Project Manager.pdf,,,,,,,,2026-05-14T21:33:49.397717+00:00,not_checked_network_restricted,Not finalized: outbound link checking was blocked in sandbox.
,,C:\Users\bsing\OneDrive\Documents\Projects\ApplyPilot\portable_applypilot\software-pm\resume_generation_unique_company_2026-05-21\resumes\0151_e4health_Brianna Singer_resume_Oracle ERP Project Manager.pdf,8,Oracle ERP Project Manager,,e4health,https://www.indeed.com/viewjob?jk=8e4533f796a6eeb1,remote,"SAFe, Program Management, Technical Documentation, Presentation Skills, ERP, Risk Management, Deployment Workflows, System Monitoring
Deterministic profile match: 8 profile skills mentioned; title alignment 2.0/3.0; domain signals 5.",C:\Users\bsing\OneDrive\Documents\Projects\ApplyPilot\portable_applypilot\software-pm\resume_generation_unique_company_2026-05-21\resumes\0151_e4health_Brianna Singer_resume_Oracle ERP Project Manager.pdf,approved,,,C:\Users\bsing\OneDrive\Documents\Projects\ApplyPilot\portable_applypilot\software-pm\resume_generation_unique_company_2026-05-21\resumes\0151_e4health_Brianna Singer_resume_Oracle ERP Project Manager.pdf,,,"Remote, US (Remote)",https://recruiting.paylocity.com/Recruiting/Jobs/Details/3592205,,,,2026-05-14T21:33:49.397717+00:00,not_checked_network_restricted,Not finalized: outbound link checking was blocked in sandbox.
,,C:\Users\bsing\OneDrive\Documents\Projects\ApplyPilot\portable_applypilot\software-pm\resume_generation_unique_company_2026-05-21\resumes\0152_Northrop Grumman_Brianna Singer_resume_Information Systems Project Manager.pdf,8,Information Systems Project Manager,1,Northrop Grumman,https://www.indeed.com/viewjob?jk=d9a31766dc6a869a,remote,"Agile Scrum, Program Management, Change Management, Scheduling Management, Risk Management, Jira, Confluence
Deterministic profile match: 7 profile skills mentioned; title alignment 2.0/3.0; domain signals 6.",C:\Users\bsing\OneDrive\Documents\Projects\ApplyPilot\portable_applypilot\software-pm\resume_generation_unique_company_2026-05-21\resumes\0152_Northrop Grumman_Brianna Singer_resume_Information Systems Project Manager.pdf,approved,,,C:\Users\bsing\OneDrive\Documents\Projects\ApplyPilot\portable_applypilot\software-pm\resume_generation_unique_company_2026-05-21\resumes\0152_Northrop Grumman_Brianna Singer_resume_Information Systems Project Manager.pdf,,,"Remote, US (Remote)",https://jsv3.recruitics.com/redirect?rx_cid=3658&rx_jobId=R10232622&rx_url=https%3A%2F%2Fjobs.northropgrumman.com%2Fcareers%2Fjob%2F1340071695500%3Fcode%3DJB-17946%26domain%3Dngc.com%26rx_a%3D0%26rx_c%3D%26rx_ch%3Djobp4p%26rx_group%3D288254%26rx_id%3D8752792d-4ecc-11f1-a11c-f7ac312d4d1c%26rx_job%3DR10232622%26rx_medium%3Dcpc%26rx_r%3Dnone%26rx_source%3Dindeed%26rx_ts%3D20260514T200413Z%26rx_vp%3Dcpc%26source%3DJB-17946%26utm_audience%3Dprospectivetalentemployees%26utm_campaign%3Dta-general%26utm_content%3Djobfeed%26utm_format%3Dcpl%26utm_medium%3Djobboard%26utm_source%3Dindeed,,,,2026-05-14T21:33:49.397717+00:00,not_checked_network_restricted,Not finalized: outbound link checking was blocked in sandbox.
,,C:\Users\bsing\OneDrive\Documents\Projects\ApplyPilot\portable_applypilot\software-pm\resume_generation_unique_company_2026-05-21\resumes\0153_Acorns_Brianna Singer_resume_Technical Program Manager.pdf,8,Technical Program Manager,,Acorns,https://www.linkedin.com/jobs/view/4393223315,remote,"SQL, SAFe, Program Management, Change Management, Risk Management
Deterministic profile match: 5 profile skills mentioned; title alignment 2.0/3.0; domain signals 9.",C:\Users\bsing\OneDrive\Documents\Projects\ApplyPilot\portable_applypilot\software-pm\resume_generation_unique_company_2026-05-21\resumes\0153_Acorns_Brianna Singer_resume_Technical Program Manager.pdf,approved,,,C:\Users\bsing\OneDrive\Documents\Projects\ApplyPilot\portable_applypilot\software-pm\resume_generation_unique_company_2026-05-21\resumes\0153_Acorns_Brianna Singer_resume_Technical Program Manager.pdf,,,Remote,,,,,2026-05-14T21:31:37.952938+00:00,not_checked_network_restricted,Not finalized: outbound link checking was blocked in sandbox.
,,C:\Users\bsing\OneDrive\Documents\Projects\ApplyPilot\portable_applypilot\software-pm\resume_generation_unique_company_2026-05-21\resumes\0154_Capgemini_Brianna Singer_resume_System Analyst Technical Product Manager.pdf,8,System Analyst / Technical Product Manager,1,Capgemini,https://www.indeed.com/viewjob?jk=721dad35c27480c4,remote,"SQL, Agile Scrum, Stakeholder Management, Technical Documentation, Roadmap Planning, Change Management, ERP, Power BI
Deterministic profile match: 8 profile skills mentioned; title alignment 1.0/3.0; domain signals 11.",C:\Users\bsing\OneDrive\Documents\Projects\ApplyPilot\portable_applypilot\software-pm\resume_generation_unique_company_2026-05-21\resumes\0154_Capgemini_Brianna Singer_resume_System Analyst Technical Product Manager.pdf,approved,,,C:\Users\bsing\OneDrive\Documents\Projects\ApplyPilot\portable_applypilot\software-pm\resume_generation_unique_company_2026-05-21\resumes\0154_Capgemini_Brianna Singer_resume_System Analyst Technical Product Manager.pdf,,,"Remote, US (Remote)",https://capgemini.talentnet.community/jobs/bb0a0b96-47a8-4e8a-a7b4-3cac7b97ec60,,,,2026-05-14T21:31:37.952938+00:00,not_checked_network_restricted,Not finalized: outbound link checking was blocked in sandbox.
,,C:\Users\bsing\OneDrive\Documents\Projects\ApplyPilot\portable_applypilot\software-pm\resume_generation_unique_company_2026-05-21\resumes\0155_Westernacher Consulting_Brianna Singer_resume_Senior SAP Project Manager.pdf,8,Senior SAP Project Manager,,Westernacher Consulting,https://www.linkedin.com/jobs/view/4413777498,remote,"Data Governance Frameworks, Stakeholder Management, Change Management, Resource Planning, Risk Management, Jira, Smartsheet
Deterministic profile match: 7 profile skills mentioned; title alignment 2.0/3.0; domain signals 6.",C:\Users\bsing\OneDrive\Documents\Projects\ApplyPilot\portable_applypilot\software-pm\resume_generation_unique_company_2026-05-21\resumes\0155_Westernacher Consulting_Brianna Singer_resume_Senior SAP Project Manager.pdf,approved,,,C:\Users\bsing\OneDrive\Documents\Projects\ApplyPilot\portable_applypilot\software-pm\resume_generation_unique_company_2026-05-21\resumes\0155_Westernacher Consulting_Brianna Singer_resume_Senior SAP Project Manager.pdf,,,Remote,,,,,2026-05-14T21:31:37.952938+00:00,not_checked_network_restricted,Not finalized: outbound link checking was blocked in sandbox.
,,C:\Users\bsing\OneDrive\Documents\Projects\ApplyPilot\portable_applypilot\software-pm\resume_generation_unique_company_2026-05-21\resumes\0156_Principal Financial Group_Brianna Singer_resume_Product Manager 1 - (AI Focus).pdf,8,Product Manager 1 - (AI Focus),,Principal Financial Group,https://www.indeed.com/viewjob?jk=a22f6bcc0fa2c1e3,hybrid,"Hybrid Project Management, Experimentation Frameworks, Data Governance Frameworks, Stakeholder Management, Program Management, Technical Documentation, AI/ML, Risk Management, Data Pipelines, Jira, Confluence
Deterministic profile match: 11 profile skills mentioned; title alignment 1.0/3.0; domain signals 7.",C:\Users\bsing\OneDrive\Documents\Projects\ApplyPilot\portable_applypilot\software-pm\resume_generation_unique_company_2026-05-21\resumes\0156_Principal Financial Group_Brianna Singer_resume_Product Manager 1 - (AI Focus).pdf,approved,,,C:\Users\bsing\OneDrive\Documents\Projects\ApplyPilot\portable_applypilot\software-pm\resume_generation_unique_company_2026-05-21\resumes\0156_Principal Financial Group_Brianna Singer_resume_Product Manager 1 - (AI Focus).pdf,"Remote, US (Remote)",,"Remote, US (Remote)",https://careers.principal.com/us/jobs/51132/job?utm_source=indeed_integration&iis=Job%20Board&iisn=Indeed&indeed-apply-token=73a2d2b2a8d6d5c0a62696875eaebd669103652d3f0c2cd5445d3e66b1592b0f,,,,2026-05-14T21:31:37.952938+00:00,not_checked_network_restricted,Not finalized: outbound link checking was blocked in sandbox.
,,C:\Users\bsing\OneDrive\Documents\Projects\ApplyPilot\portable_applypilot\software-pm\resume_generation_unique_company_2026-05-21\resumes\0157_AEM Corporation_Brianna Singer_resume_Deputy Program Manager.pdf,8,Deputy Program Manager,,AEM Corporation,https://www.indeed.com/viewjob?jk=765050bba19fe700,remote,"Agile Scrum, Sprint Planning, SAFe, Data Governance Frameworks, Stakeholder Management, Program Management, Risk Management, System Monitoring, AWS
Deterministic profile match: 9 profile skills mentioned; title alignment 1.5/3.0; domain signals 9.",C:\Users\bsing\OneDrive\Documents\Projects\ApplyPilot\portable_applypilot\software-pm\resume_generation_unique_company_2026-05-21\resumes\0157_AEM Corporation_Brianna Singer_resume_Deputy Program Manager.pdf,approved,,,C:\Users\bsing\OneDrive\Documents\Projects\ApplyPilot\portable_applypilot\software-pm\resume_generation_unique_company_2026-05-21\resumes\0157_AEM Corporation_Brianna Singer_resume_Deputy Program Manager.pdf,,,"Remote, US (Remote)",http://www.indeed.com/job/deputy-program-manager-765050bba19fe700,,,,2026-05-14T21:31:37.952938+00:00,not_checked_network_restricted,Not finalized: outbound link checking was blocked in sandbox.
,,"C:\Users\bsing\OneDrive\Documents\Projects\ApplyPilot\portable_applypilot\software-pm\resume_generation_unique_company_2026-05-21\resumes\0158_Horizon Media_Brianna Singer_resume_Sr. Project Manager, Program Management - Product & Data.pdf",8,"Sr. Project Manager, Program Management - Product & Data",,Horizon Media,https://www.linkedin.com/jobs/view/4411512224,unknown,"SAFe, Data Governance Frameworks, Stakeholder Management, Program Management, Risk Management, Jira, Legal Technology
Deterministic profile match: 7 profile skills mentioned; title alignment 2.0/3.0; domain signals 9.","C:\Users\bsing\OneDrive\Documents\Projects\ApplyPilot\portable_applypilot\software-pm\resume_generation_unique_company_2026-05-21\resumes\0158_Horizon Media_Brianna Singer_resume_Sr. Project Manager, Program Management - Product & Data.pdf",approved,,,"C:\Users\bsing\OneDrive\Documents\Projects\ApplyPilot\portable_applypilot\software-pm\resume_generation_unique_company_2026-05-21\resumes\0158_Horizon Media_Brianna Singer_resume_Sr. Project Manager, Program Management - Product & Data.pdf",,,,,,,,2026-05-14T21:30:36.685596+00:00,not_checked_network_restricted,Not finalized: outbound link checking was blocked in sandbox.
,,C:\Users\bsing\OneDrive\Documents\Projects\ApplyPilot\portable_applypilot\software-pm\resume_generation_unique_company_2026-05-21\resumes\0159_Penta Consulting_Brianna Singer_resume_Technical Project Manager.pdf,8,Technical Project Manager,,Penta Consulting,https://www.linkedin.com/jobs/view/4413463784,unknown,"Stakeholder Management, Program Management, Resource Planning
Deterministic profile match: 3 profile skills mentioned; title alignment 3.0/3.0; domain signals 6.",C:\Users\bsing\OneDrive\Documents\Projects\ApplyPilot\portable_applypilot\software-pm\resume_generation_unique_company_2026-05-21\resumes\0159_Penta Consulting_Brianna Singer_resume_Technical Project Manager.pdf,approved,,,C:\Users\bsing\OneDrive\Documents\Projects\ApplyPilot\portable_applypilot\software-pm\resume_generation_unique_company_2026-05-21\resumes\0159_Penta Consulting_Brianna Singer_resume_Technical Project Manager.pdf,,,,,,,,2026-05-14T21:29:36.448824+00:00,not_checked_network_restricted,Not finalized: outbound link checking was blocked in sandbox.
,,"C:\Users\bsing\OneDrive\Documents\Projects\ApplyPilot\portable_applypilot\software-pm\resume_generation_unique_company_2026-05-21\resumes\0160_GitHub_Brianna Singer_resume_Staff Program Manager, Product Operations.pdf",8,"Staff Program Manager, Product Operations",1,GitHub,https://www.indeed.com/viewjob?jk=c6fb61021e627e50,remote,"Software Project Management, Stakeholder Management, Program Management, Customer Success, Change Management, VS Code, GitHub
Deterministic profile match: 7 profile skills mentioned; title alignment 1.5/3.0; domain signals 8.","C:\Users\bsing\OneDrive\Documents\Projects\ApplyPilot\portable_applypilot\software-pm\resume_generation_unique_company_2026-05-21\resumes\0160_GitHub_Brianna Singer_resume_Staff Program Manager, Product Operations.pdf",approved,,,"C:\Users\bsing\OneDrive\Documents\Projects\ApplyPilot\portable_applypilot\software-pm\resume_generation_unique_company_2026-05-21\resumes\0160_GitHub_Brianna Singer_resume_Staff Program Manager, Product Operations.pdf",,,"Remote, US (Remote)",https://www.github.careers/jobs/5336/job?utm_source=indeed_integration&iis=Job%20Board&iisn=Indeed&indeed-apply-token=73a2d2b2a8d6d5c0a62696875eaebd669103652d3f0c2cd5445d3e66b1592b0f,,,,2026-05-14T21:29:36.448824+00:00,not_checked_network_restricted,Not finalized: outbound link checking was blocked in sandbox.
,,C:\Users\bsing\OneDrive\Documents\Projects\ApplyPilot\portable_applypilot\software-pm\resume_generation_unique_company_2026-05-21\resumes\0161_BlastX Consulting_Brianna Singer_resume_Senior Project Manager.pdf,8,Senior Project Manager,,BlastX Consulting,https://www.linkedin.com/jobs/view/4409076916,remote,"Agile Scrum, Retrospectives, Technical Documentation, Customer Success, Change Management, Resource Planning, Risk Management, Jira, Confluence
Deterministic profile match: 9 profile skills mentioned; title alignment 2.0/3.0; domain signals 6.",C:\Users\bsing\OneDrive\Documents\Projects\ApplyPilot\portable_applypilot\software-pm\resume_generation_unique_company_2026-05-21\resumes\0161_BlastX Consulting_Brianna Singer_resume_Senior Project Manager.pdf,approved,,,C:\Users\bsing\OneDrive\Documents\Projects\ApplyPilot\portable_applypilot\software-pm\resume_generation_unique_company_2026-05-21\resumes\0161_BlastX Consulting_Brianna Singer_resume_Senior Project Manager.pdf,,,Remote,,,,,2026-05-14T21:29:36.448824+00:00,not_checked_network_restricted,Not finalized: outbound link checking was blocked in sandbox.
,,C:\Users\bsing\OneDrive\Documents\Projects\ApplyPilot\portable_applypilot\software-pm\resume_generation_unique_company_2026-05-21\resumes\0162_Helic & Co_Brianna Singer_resume_Scrum Master.pdf,8,Scrum Master,,Helic & Co.,https://www.linkedin.com/jobs/view/4414622235,unknown,"Agile Scrum, Sprint Planning, SAFe, SDLC, Retrospectives, Sprint Reviews, Jira, Confluence
Deterministic profile match: 8 profile skills mentioned; title alignment 1.5/3.0; domain signals 6.",C:\Users\bsing\OneDrive\Documents\Projects\ApplyPilot\portable_applypilot\software-pm\resume_generation_unique_company_2026-05-21\resumes\0162_Helic & Co_Brianna Singer_resume_Scrum Master.pdf,approved,,,C:\Users\bsing\OneDrive\Documents\Projects\ApplyPilot\portable_applypilot\software-pm\resume_generation_unique_company_2026-05-21\resumes\0162_Helic & Co_Brianna Singer_resume_Scrum Master.pdf,,,,,,,,2026-05-14T21:29:36.448824+00:00,not_checked_network_restricted,Not finalized: outbound link checking was blocked in sandbox.
,,"C:\Users\bsing\OneDrive\Documents\Projects\ApplyPilot\portable_applypilot\software-pm\resume_generation_unique_company_2026-05-21\resumes\0163_Blossom_Brianna Singer_resume_Project Manager, Card Program Implementations.pdf",8,"Project Manager, Card Program Implementations",,Blossom,https://www.linkedin.com/jobs/view/4413754553,unknown,"SQL, Stakeholder Management, Program Management, Risk Management, Jira, Smartsheet
Deterministic profile match: 6 profile skills mentioned; title alignment 2.0/3.0; domain signals 8.","C:\Users\bsing\OneDrive\Documents\Projects\ApplyPilot\portable_applypilot\software-pm\resume_generation_unique_company_2026-05-21\resumes\0163_Blossom_Brianna Singer_resume_Project Manager, Card Program Implementations.pdf",approved,,,"C:\Users\bsing\OneDrive\Documents\Projects\ApplyPilot\portable_applypilot\software-pm\resume_generation_unique_company_2026-05-21\resumes\0163_Blossom_Brianna Singer_resume_Project Manager, Card Program Implementations.pdf",,,,,,,,2026-05-14T21:29:36.448824+00:00,not_checked_network_restricted,Not finalized: outbound link checking was blocked in sandbox.
,,C:\Users\bsing\OneDrive\Documents\Projects\ApplyPilot\portable_applypilot\software-pm\resume_generation_unique_company_2026-05-21\resumes\0164_OpenLoop_Brianna Singer_resume_IT Project Manager.pdf,8,IT Project Manager,,OpenLoop,https://www.linkedin.com/jobs/view/4413874019,remote,"Agile Scrum, Retrospectives, Jira, Smartsheet
Deterministic profile match: 4 profile skills mentioned; title alignment 2.5/3.0; domain signals 7.",C:\Users\bsing\OneDrive\Documents\Projects\ApplyPilot\portable_applypilot\software-pm\resume_generation_unique_company_2026-05-21\resumes\0164_OpenLoop_Brianna Singer_resume_IT Project Manager.pdf,approved,,,C:\Users\bsing\OneDrive\Documents\Projects\ApplyPilot\portable_applypilot\software-pm\resume_generation_unique_company_2026-05-21\resumes\0164_OpenLoop_Brianna Singer_resume_IT Project Manager.pdf,,,Remote,,,,,2026-05-14T21:29:36.448824+00:00,not_checked_network_restricted,Not finalized: outbound link checking was blocked in sandbox.
,,C:\Users\bsing\OneDrive\Documents\Projects\ApplyPilot\portable_applypilot\software-pm\resume_generation_unique_company_2026-05-21\resumes\0165_Guidewire_Brianna Singer_resume_Associate Technical Program Manager.pdf,8,Associate Technical Program Manager,,Guidewire,https://www.indeed.com/viewjob?jk=bc42251231ad736e,remote,"Software Project Management, Program Management, Customer Success, Risk Management, Jira, Confluence
Deterministic profile match: 6 profile skills mentioned; title alignment 2.0/3.0; domain signals 10.",C:\Users\bsing\OneDrive\Documents\Projects\ApplyPilot\portable_applypilot\software-pm\resume_generation_unique_company_2026-05-21\resumes\0165_Guidewire_Brianna Singer_resume_Associate Technical Program Manager.pdf,approved,,,C:\Users\bsing\OneDrive\Documents\Projects\ApplyPilot\portable_applypilot\software-pm\resume_generation_unique_company_2026-05-21\resumes\0165_Guidewire_Brianna Singer_resume_Associate Technical Program Manager.pdf,,,"Remote, US (Remote)",https://www.guidewire.com/about/careers/jobs/associate-technical-program-manager-jr_14800/,,,,2026-05-14T21:29:36.448824+00:00,not_checked_network_restricted,Not finalized: outbound link checking was blocked in sandbox.
,,,7,Digital Content Producer/ Project Manager,,ASSOULINE,https://www.linkedin.com/jobs/view/4415930598,unknown,"ERP
Deterministic refreshed score: 1 profile skills mentioned
title alignment 2.5/3.0
domain signals 5",,,,,,,,,,,,,2026-05-20T23:45:18.467228+00:00,not_checked_network_restricted,Added from ApplyPilot DB; outbound link checking was blocked in sandbox.
,,,7,"Senior Product Manager, Fireblocks Trust Company",,Fireblocks,https://www.linkedin.com/jobs/view/4367964366,remote,"ERP, Risk Management
Deterministic refreshed score: 2 profile skills mentioned
title alignment 1.5/3.0
domain signals 10",,,,,,,,Remote,,,,,2026-05-20T23:43:31.957086+00:00,not_checked_network_restricted,Added from ApplyPilot DB; outbound link checking was blocked in sandbox.
,,,7,Senior Service Delivery Manager with AWS,,E-IT,https://www.linkedin.com/jobs/view/4416198537,hybrid,"AWS, Customer Success, ERP, Stakeholder Management
Deterministic refreshed score: 4 profile skills mentioned
title alignment 2.0/3.0
domain signals 6",,,,,,,,,,,,,2026-05-20T23:42:26.572633+00:00,not_checked_network_restricted,Added from ApplyPilot DB; outbound link checking was blocked in sandbox.
,,,7,Program Manager,,Hays,https://www.linkedin.com/jobs/view/4413323062,unknown,"AWS, Stakeholder Management
Deterministic refreshed score: 2 profile skills mentioned
title alignment 2.5/3.0
domain signals 6",,,,,,,,,,,,,2026-05-20T23:42:26.572633+00:00,not_checked_network_restricted,Added from ApplyPilot DB; outbound link checking was blocked in sandbox.
,,,7,Digital Transformation Project Manager,,World Vision,https://www.linkedin.com/jobs/view/4408272617,hybrid,"Change Management, ERP, Risk Management, SAFe
Deterministic refreshed score: 4 profile skills mentioned
title alignment 2.5/3.0
domain signals 13
Experience cap applied: job asks for 75 years, more than 3 years above candidate's 4 years",,,,,,,,,,,,,2026-05-20T23:42:26.572633+00:00,not_checked_network_restricted,Added from ApplyPilot DB; outbound link checking was blocked in sandbox.
,,,7,Technical Program Manager-  P&C Insurance (Policy and Claims lifecycle) and Reinsurance,,Ahura Workforce Solutions,https://www.linkedin.com/jobs/view/4416306702,remote,"Data Pipelines, ERP, Program Management, Risk Management, Snowflake, SQL, Stakeholder Management
Deterministic refreshed score: 7 profile skills mentioned
title alignment 3.0/3.0
domain signals 14
Experience cap applied: job asks for 15 years, more than 3 years above candidate's 4 years",,,,,,,,Remote,,,,,2026-05-20T23:38:50.206073+00:00,not_checked_network_restricted,Added from ApplyPilot DB; outbound link checking was blocked in sandbox.
,,,7,Technical Program Manager | $1/hr Remote,,LegalTrustAI,https://www.linkedin.com/jobs/view/4415798109,remote,"Deterministic refreshed score: 0 profile skills mentioned
title alignment 3.0/3.0
domain signals 4",,,,,,,,Remote,,,,,2026-05-20T23:38:50.206073+00:00,not_checked_network_restricted,Added from ApplyPilot DB; outbound link checking was blocked in sandbox.
,,,7,Technical Program Manager | $1/hr Remote,,Crossing Hurdles,https://www.linkedin.com/jobs/view/4415783858,remote,"Deterministic refreshed score: 0 profile skills mentioned
title alignment 3.0/3.0
domain signals 4",,,,,,,,Remote,,,,,2026-05-20T23:38:50.206073+00:00,not_checked_network_restricted,Added from ApplyPilot DB; outbound link checking was blocked in sandbox.
,,,7,Sr. Program Manager (Community Blueprint),,SPECTRAFORCE,https://www.linkedin.com/jobs/view/4417394323,remote,"AWS, Change Management, Program Management
Deterministic refreshed score: 3 profile skills mentioned
title alignment 2.5/3.0
domain signals 6",,,,,,,,Remote,,,,,2026-05-20T23:38:50.206073+00:00,not_checked_network_restricted,Added from ApplyPilot DB; outbound link checking was blocked in sandbox.
,,,7,Senior Technical Program Manager,,Qcells North America,https://www.linkedin.com/jobs/view/4416347032,remote,"AWS, ERP, SAFe
Deterministic refreshed score: 3 profile skills mentioned
title alignment 3.0/3.0
domain signals 8
Experience cap applied: job asks for 10 years, more than 3 years above candidate's 4 years",,,,,,,,Remote,,,,,2026-05-20T23:38:50.206073+00:00,not_checked_network_restricted,Added from ApplyPilot DB; outbound link checking was blocked in sandbox.
,,,7,"Senior Manager, Technical Operations",,Adquick,https://www.indeed.com/viewjob?jk=c1124c7416d648a3,remote,"AWS, Change Management, Customer Success, Program Management, Workflow Automation
Deterministic refreshed score: 5 profile skills mentioned
title alignment 1.0/3.0
domain signals 10",,,,,,,,"Remote, US (Remote)",https://adquick.breezy.hr/p/0d241d66fb8a-senior-manager-technical-operations?source=indeed,,,,2026-05-20T23:38:50.206073+00:00,not_checked_network_restricted,Added from ApplyPilot DB; outbound link checking was blocked in sandbox.
,,,7,Project Manager Level III (Fluent in Korean),,Elevaris Medical Devices,https://www.indeed.com/viewjob?jk=d5afa28e3ee4eba9,remote,"ERP
Deterministic refreshed score: 1 profile skills mentioned
title alignment 2.5/3.0
domain signals 6",,,,,,,,"Remote, US (Remote)",https://ats.rippling.com/elevaris-medical-devices/jobs/f55e9e5a-55e5-4ef6-bbdc-e1174b0dc448?jobSite=Indeed,,,,2026-05-20T23:38:50.206073+00:00,not_checked_network_restricted,Added from ApplyPilot DB; outbound link checking was blocked in sandbox.
,,,7,Program Manager - Electric Utility Consulting,,Dash Power Partners,https://www.indeed.com/viewjob?jk=d856b45ce88bb82b,remote,"ERP, Program Management, SAFe, Stakeholder Management
Deterministic refreshed score: 4 profile skills mentioned
title alignment 2.5/3.0
domain signals 10
Experience cap applied: job asks for 15 years, more than 3 years above candidate's 4 years",,,,,,,,"Remote, US (Remote)",http://www.indeed.com/job/program-manager-electric-utility-consulting-d856b45ce88bb82b,,,,2026-05-20T23:38:50.206073+00:00,not_checked_network_restricted,Added from ApplyPilot DB; outbound link checking was blocked in sandbox.
,,,7,Product Manager,,Noodle,https://www.indeed.com/viewjob?jk=61f79f19f4dbaa07,remote,"ERP, Presentation Skills, Risk Management
Deterministic refreshed score: 3 profile skills mentioned
title alignment 1.5/3.0
domain signals 8",,,,,,,,"Remote, US (Remote)",https://jobs.lever.co/noodle/cee296e8-7cf8-4f52-bf2f-42bcb7a02f02?lever-source=Indeed,,,,2026-05-20T23:38:50.206073+00:00,not_checked_network_restricted,Added from ApplyPilot DB; outbound link checking was blocked in sandbox.
,,,7,Lead Product Manager,,Bankrate,https://www.indeed.com/viewjob?jk=da9181ebd0d5edbe,remote,"ERP, SAFe, Stakeholder Management
Deterministic refreshed score: 3 profile skills mentioned
title alignment 1.5/3.0
domain signals 9",,,,,,,,"Remote, US (Remote)",https://grnh.se/onv6jfof1us,,,,2026-05-20T23:38:50.206073+00:00,not_checked_network_restricted,Added from ApplyPilot DB; outbound link checking was blocked in sandbox.
,,,7,Frontline Technical Services Manager - Bilingual (Spanish/English),,Net at Work,https://www.indeed.com/viewjob?jk=42164e009cfc629a,remote,"AWS, ERP, Root Cause Analysis, SOPs
Deterministic refreshed score: 4 profile skills mentioned
title alignment 1.0/3.0
domain signals 8",,,,,,,,"Remote, US (Remote)",https://ats.rippling.com/netatwork/jobs/84996b3c-23a0-45a9-a3f9-f523b573e64a?jobSite=Indeed,,,,2026-05-20T23:38:50.206073+00:00,not_checked_network_restricted,Added from ApplyPilot DB; outbound link checking was blocked in sandbox.
,,,7,Associate Project Manager (Req #1270),,Bailiwick,https://www.indeed.com/viewjob?jk=a81093723d0fa2a1,remote,"AWS, ERP
Deterministic refreshed score: 2 profile skills mentioned
title alignment 2.5/3.0
domain signals 6",,,,,,,,"Remote, US (Remote)",https://job-boards.greenhouse.io/bailiwick/jobs/4247329009,,,,2026-05-20T23:38:50.206073+00:00,not_checked_network_restricted,Added from ApplyPilot DB; outbound link checking was blocked in sandbox.
,,,7,Senior Strategic Project Manager (f/m/x) - remote,,refurbed,https://www.linkedin.com/jobs/view/4405680734,remote,"OKRs
Deterministic refreshed score: 1 profile skills mentioned
title alignment 2.5/3.0
domain signals 6",,,,,,,,Remote,,,,,2026-05-20T23:34:51.899289+00:00,not_checked_network_restricted,Added from ApplyPilot DB; outbound link checking was blocked in sandbox.
,,,7,Project Manager,,Artemis ARC,https://www.indeed.com/viewjob?jk=0d320696d9718e51,remote,"ERP, Jira
Deterministic refreshed score: 2 profile skills mentioned
title alignment 2.5/3.0
domain signals 9
Experience cap applied: job asks for 8 years, more than 3 years above candidate's 4 years",,,,,,,,"Remote, US (Remote)",https://artemisarc-aptiveresources.icims.com/jobs/4343/job?utm_source=indeed_integration&iis=Job%20Board&iisn=Indeed&indeed-apply-token=73a2d2b2a8d6d5c0a62696875eaebd669103652d3f0c2cd5445d3e66b1592b0f,,,,2026-05-20T23:34:51.899289+00:00,not_checked_network_restricted,Added from ApplyPilot DB; outbound link checking was blocked in sandbox.
,,,7,"Senior Program Manager, Accessibility",1,Twitch,https://www.linkedin.com/jobs/view/4395919487,unknown,"Figma, Jira
Deterministic refreshed score: 2 profile skills mentioned
title alignment 2.5/3.0
domain signals 5",,,,,,,,,,,,,2026-05-20T23:33:58.872161+00:00,not_checked_network_restricted,Added from ApplyPilot DB; outbound link checking was blocked in sandbox.
,,,7,ServiceNow Manager,,BCS365,https://www.indeed.com/viewjob?jk=32950de0cc798ac9,remote,"AWS, ERP, Requirements Gathering, ServiceNow
Deterministic refreshed score: 4 profile skills mentioned
title alignment 1.0/3.0
domain signals 10",,,,,,,,"Remote, US (Remote)",https://bcs365.pinpointhq.com/postings/b9b21b77-d67d-4a63-97cd-ae625337b573?utm_medium=job_board&utm_source=indeed,,,,2026-05-20T23:32:56.497262+00:00,not_checked_network_restricted,Added from ApplyPilot DB; outbound link checking was blocked in sandbox.
,,,7,Senior Project Manager,,Systematix,https://www.linkedin.com/jobs/view/4416180178,hybrid,"ERP, Jira, Risk Management, ServiceNow, Smartsheet, Stakeholder Management
Deterministic refreshed score: 6 profile skills mentioned
title alignment 2.5/3.0
domain signals 12
Experience cap applied: job asks for 50 years, more than 3 years above candidate's 4 years",,,,,,,,Remote,,,,,2026-05-20T23:32:56.497262+00:00,not_checked_network_restricted,Added from ApplyPilot DB; outbound link checking was blocked in sandbox.
,,,7,PMO Manager,,"Adswerve, Inc.",https://www.linkedin.com/jobs/view/4407524169,remote,"Change Management, ERP, Jira
Deterministic refreshed score: 3 profile skills mentioned
title alignment 1.0/3.0
domain signals 13",,,,,,,,Remote,,,,,2026-05-20T23:32:56.497262+00:00,not_checked_network_restricted,Added from ApplyPilot DB; outbound link checking was blocked in sandbox.
,,,7,Junior Project Manager,,NineTwoThree AI Studio,https://www.linkedin.com/jobs/view/4416668014,remote,"Kanban
Deterministic refreshed score: 1 profile skills mentioned
title alignment 2.5/3.0
domain signals 7",,,,,,,,Remote,,,,,2026-05-20T23:32:56.497262+00:00,not_checked_network_restricted,Added from ApplyPilot DB; outbound link checking was blocked in sandbox.
,,,7,Business Analyst - Commercial Residential Property Insurance,,Windward Risk Managers,https://www.indeed.com/viewjob?jk=151af413db17e9f5,remote,"SDLC
Deterministic refreshed score: 1 profile skills mentioned
title alignment 1.5/3.0
domain signals 11",,,,,,,,"Remote, US (Remote)",https://www.paycomonline.net/v4/ats/web.php/portal/504D94435D806FEB17F4704FAD70B1A1/jobs/387278?source=Indeed,,,,2026-05-20T23:32:56.497262+00:00,not_checked_network_restricted,Added from ApplyPilot DB; outbound link checking was blocked in sandbox.
,,,7,Technical Project Manager,,Maitsys,https://www.linkedin.com/jobs/view/4415941180,unknown,"Change Management, ERP, Jira, SDLC, Smartsheet, Stakeholder Management
Deterministic refreshed score: 6 profile skills mentioned
title alignment 3.0/3.0
domain signals 13
Experience cap applied: job asks for 10 years, more than 3 years above candidate's 4 years",,,,,,,,,,,,,2026-05-20T23:30:56.351886+00:00,not_checked_network_restricted,Added from ApplyPilot DB; outbound link checking was blocked in sandbox.
,,,7,Sr. Digital Product Manager- Physical AI,,World Wide Technology,https://www.indeed.com/viewjob?jk=25cba4993cbc46ab,remote,"AI/ML, SAFe
Deterministic refreshed score: 2 profile skills mentioned
title alignment 1.5/3.0
domain signals 12",,,,,,,,"Remote, US (Remote)",https://recruiting.adp.com/srccsh/public/RTI.home?r=5001185461100&c=2166501&d=WWTExternalCareerSite&rb=INDEED&idUnique=5001185461100,,,,2026-05-20T23:30:56.351886+00:00,not_checked_network_restricted,Added from ApplyPilot DB; outbound link checking was blocked in sandbox.
,,,7,Sr. Customer Success Manager,,AGFA,https://www.indeed.com/viewjob?jk=8fa80277977d0eb5,remote,"Customer Success, ERP, Presentation Skills, SAFe
Deterministic refreshed score: 4 profile skills mentioned
title alignment 1.0/3.0
domain signals 9",,,,,,,,"Remote, US (Remote)",https://careers.agfa.com/HealthCare/job/Remote-Sr_-Customer-Success-Manager/1395303833/,,,,2026-05-20T23:30:56.351886+00:00,not_checked_network_restricted,Added from ApplyPilot DB; outbound link checking was blocked in sandbox.
,,,7,"Senior Revenue Intelligence Operations Manager, Marketing",,Veeam Software,https://www.indeed.com/viewjob?jk=acc627cc9716ec53,remote,"Confluence, ERP, Mentoring, SAFe, Stakeholder Management
Deterministic refreshed score: 5 profile skills mentioned
title alignment 1.0/3.0
domain signals 10",,,,,,,,"Remote, US (Remote)",https://job-boards.eu.greenhouse.io/veeamsoftware/jobs/4850239101,,,,2026-05-20T23:30:56.351886+00:00,not_checked_network_restricted,Added from ApplyPilot DB; outbound link checking was blocked in sandbox.
,,,7,Senior Project Controls Manager (Data Center),,Cumming Group,https://www.indeed.com/viewjob?jk=73de66e33d1274c0,remote,"AWS, ERP, Power BI, Risk Management
Deterministic refreshed score: 4 profile skills mentioned
title alignment 1.0/3.0
domain signals 9",,,,,,,,"Remote, US (Remote)",https://cumminggroup.wd1.myworkdayjobs.com/en-US/CGC/job/Remote---USA/Senior-Project-Controls-Manager--Data-Center-_JR102509,,,,2026-05-20T23:30:56.351886+00:00,not_checked_network_restricted,Added from ApplyPilot DB; outbound link checking was blocked in sandbox.
,,,7,"Principal Customer Success Manager, Technical",,Agiloft,https://www.indeed.com/viewjob?jk=ccb9ceef5dfa9133,remote,"AWS, Change Management, Customer Success, ERP
Deterministic refreshed score: 4 profile skills mentioned
title alignment 1.0/3.0
domain signals 9",,,,,,,,"Remote, US (Remote)",https://jobs.lever.co/agiloft/93302380-46ec-4206-963f-923302fe8511?lever-source=Indeed,,,,2026-05-20T23:30:56.351886+00:00,not_checked_network_restricted,Added from ApplyPilot DB; outbound link checking was blocked in sandbox.
,,,7,IT Systems & DevOps Manager,,System1 Group,https://www.indeed.com/viewjob?jk=dc0a9ba7f90ff32d,hybrid,"Mentoring, Python
Deterministic refreshed score: 2 profile skills mentioned
title alignment 1.0/3.0
domain signals 12",,,,,,,,"Remote, US (Remote)",https://system1.applytojob.com/apply/gY6ivoI92G/IT-Systems-DevOps-Manager,,,,2026-05-20T23:30:56.351886+00:00,not_checked_network_restricted,Added from ApplyPilot DB; outbound link checking was blocked in sandbox.
,,,7,EBS Technical Project Manager,,Hyqoo,https://www.linkedin.com/jobs/view/4415915887,remote,"Deterministic refreshed score: 0 profile skills mentioned
title alignment 3.0/3.0
domain signals 6",,,,,,,,Remote,,,,,2026-05-20T23:30:56.351886+00:00,not_checked_network_restricted,Added from ApplyPilot DB; outbound link checking was blocked in sandbox.
,,,7,Data Delivery Manager,,EPAM Systems,https://www.linkedin.com/jobs/view/4413301986,remote,"AWS, Data Warehousing, Databricks, ERP, Risk Management, SAFe
Deterministic refreshed score: 6 profile skills mentioned
title alignment 2.0/3.0
domain signals 11
Experience cap applied: job asks for 10 years, more than 3 years above candidate's 4 years",,,,,,,,Remote,,,,,2026-05-20T23:30:56.351886+00:00,not_checked_network_restricted,Added from ApplyPilot DB; outbound link checking was blocked in sandbox.
,,,7,Sr. Project Manager,,Health-E Commerce,https://www.indeed.com/viewjob?jk=3ef6ef4f19f98852,remote,"Deterministic refreshed score: 0 profile skills mentioned
title alignment 2.5/3.0
domain signals 9",,,,,,,,"Remote, US (Remote)",https://grnh.se/ax1a5gqr2us,,,,2026-05-20T23:29:02.788372+00:00,not_checked_network_restricted,Added from ApplyPilot DB; outbound link checking was blocked in sandbox.
,,,7,Sr. Project Manager,,The Chemours Company,https://www.linkedin.com/jobs/view/4416937990,unknown,"AWS, SAFe
Deterministic refreshed score: 2 profile skills mentioned
title alignment 2.5/3.0
domain signals 4",,,,,,,,,,,,,2026-05-20T23:29:02.788372+00:00,not_checked_network_restricted,Added from ApplyPilot DB; outbound link checking was blocked in sandbox.
,,,7,Service Delivery/ Sr. Operations/Project/ Program Manager - AI/LLM Projects,,Innodata Inc.,https://www.linkedin.com/jobs/view/4416144697,unknown,"Mentoring
Deterministic refreshed score: 1 profile skills mentioned
title alignment 2.5/3.0
domain signals 7",,,,,,,,,,,,,2026-05-20T23:29:02.788372+00:00,not_checked_network_restricted,Added from ApplyPilot DB; outbound link checking was blocked in sandbox.
,,,7,"Senior Project Manager ($75/hr, up to $1,500/week)",,Ethos,https://www.linkedin.com/jobs/view/4400000860,remote,"Risk Management
Deterministic refreshed score: 1 profile skills mentioned
title alignment 2.5/3.0
domain signals 6",,,,,,,,Remote,,,,,2026-05-20T23:29:02.788372+00:00,not_checked_network_restricted,Added from ApplyPilot DB; outbound link checking was blocked in sandbox.
,,,7,Senior Project Manager,,Enzo Tech Group,https://www.linkedin.com/jobs/view/4417369060,remote,"ERP, Stakeholder Management
Deterministic refreshed score: 2 profile skills mentioned
title alignment 2.5/3.0
domain signals 7",,,,,,,,Remote,,,,,2026-05-20T23:29:02.788372+00:00,not_checked_network_restricted,Added from ApplyPilot DB; outbound link checking was blocked in sandbox.
,,,7,Senior Implementation Manager,,Tilt,https://www.indeed.com/viewjob?jk=cca5903a54e469f1,remote,"AWS, Customer Success, ERP
Deterministic refreshed score: 3 profile skills mentioned
title alignment 2.0/3.0
domain signals 7",,,,,,,,"Remote, US (Remote)",https://ht-jobs.net/umbosr1?s=in,,,,2026-05-20T23:29:02.788372+00:00,not_checked_network_restricted,Added from ApplyPilot DB; outbound link checking was blocked in sandbox.
,,,7,Senior IT Project Manager,,PLANET TECHNOLOGIES,https://www.indeed.com/viewjob?jk=ac4a94ba76d9efb3,remote,"Change Management, ERP, Risk Management
Deterministic refreshed score: 3 profile skills mentioned
title alignment 2.5/3.0
domain signals 14",,,,,,,,"Remote, US (Remote)",https://jobs.lever.co/planettechnologies/bb1a548e-a1d5-4204-b886-3f934934298f,,,,2026-05-20T23:29:02.788372+00:00,not_checked_network_restricted,Added from ApplyPilot DB; outbound link checking was blocked in sandbox.
,,,7,NIH NIAID Program Manager,,Everforth ECS,https://www.indeed.com/viewjob?jk=2a30f8d0c56b5461,remote,"Change Management, ERP, Program Management, Stakeholder Management
Deterministic refreshed score: 4 profile skills mentioned
title alignment 2.5/3.0
domain signals 13",,,,,,,,"Remote, US (Remote)",https://recruiting.adp.com/srccsh/public/RTI.home?r=5001152049106&c=2201039&d=ExternalCareerSite&rb=INDEED&idUnique=5001152049106,,,,2026-05-20T23:29:02.788372+00:00,not_checked_network_restricted,Added from ApplyPilot DB; outbound link checking was blocked in sandbox.
,,,7,Implementations Manager (MANTL),,Alkami Technology,https://www.indeed.com/viewjob?jk=0eaa13d8fb4bf476,remote,"AWS, ERP, Jira
Deterministic refreshed score: 3 profile skills mentioned
title alignment 1.0/3.0
domain signals 12",,,,,,,,"Remote, US (Remote)",https://alkami.wd12.myworkdayjobs.com/en-US/alkami/job/US-Remote/Implementations-Manager--MANTL-_JR-000667,,,,2026-05-20T23:29:02.788372+00:00,not_checked_network_restricted,Added from ApplyPilot DB; outbound link checking was blocked in sandbox.
,,,7,"Implementation Manager, Middle Market (0500) Accounts",,The Cigna Group,https://www.indeed.com/viewjob?jk=320b1fa96356c323,remote,"AWS, ERP
Deterministic refreshed score: 2 profile skills mentioned
title alignment 2.0/3.0
domain signals 7",,,,,,,,"Remote, US (Remote)",https://jobs.thecignagroup.com/us/en/job/CIGNUS26006230EXTERNALENUS/Implementation-Manager-Middle-Market-0500-Accounts?utm_source=indeed&utm_medium=phenom-feeds,,,,2026-05-20T23:29:02.788372+00:00,not_checked_network_restricted,Added from ApplyPilot DB; outbound link checking was blocked in sandbox.
,,,7,Community Impact Advisor / Project Manager,,Simtech Solutions Inc,https://www.indeed.com/viewjob?jk=54012637d65a5c08,remote,"Requirements Gathering, Trello
Deterministic refreshed score: 2 profile skills mentioned
title alignment 2.5/3.0
domain signals 7",,,,,,,,"Remote, US (Remote)",http://www.indeed.com/job/community-impact-advisor-project-manager-54012637d65a5c08,,,,2026-05-20T23:29:02.788372+00:00,not_checked_network_restricted,Added from ApplyPilot DB; outbound link checking was blocked in sandbox.
,,,7,Bilingual Japanese IT Project Manager – ERP / Microsoft Dynamics,,Alpha Global Search LLC,https://www.linkedin.com/jobs/view/4413341695,onsite,"ERP
Deterministic refreshed score: 1 profile skills mentioned
title alignment 2.5/3.0
domain signals 7",,,,,,,,,,,,,2026-05-20T23:24:40.954702+00:00,not_checked_network_restricted,Added from ApplyPilot DB; outbound link checking was blocked in sandbox.
,,,7,Digital Project Manager -Mexico & Nicaragua-,,HireBoost,https://www.linkedin.com/jobs/view/4407600866,remote,"Software Project Management, Scheduling Management, Risk Management, Google Sheets, Google Analytics, Figma
Deterministic profile match: 6 profile skills mentioned; title alignment 2.0/3.0; domain signals 4.",,,,,,,,Remote,,,,,2026-05-19T03:47:58.625216+00:00,not_checked_network_restricted,Not finalized: outbound link checking was blocked in sandbox.
,,,7,SAP Project Manager with S/4 Hana,,YASH Technologies,https://www.linkedin.com/jobs/view/4415465283,hybrid,"Hybrid Project Management, Stakeholder Management, Program Management, Technical Documentation
Deterministic profile match: 4 profile skills mentioned; title alignment 2.0/3.0; domain signals 6.",,,,,,Remote,,Remote,,,,,2026-05-19T03:45:43.877251+00:00,not_checked_network_restricted,Not finalized: outbound link checking was blocked in sandbox.
,,,7,MSP Project Manager,,BruntWork,https://www.linkedin.com/jobs/view/4412251277,remote,"Software Project Management, Milestone Tracking, Change Management, AWS, Jira
Deterministic profile match: 5 profile skills mentioned; title alignment 2.0/3.0; domain signals 6.",,,,,,,,Remote,,,,,2026-05-19T03:45:43.877251+00:00,not_checked_network_restricted,Not finalized: outbound link checking was blocked in sandbox.
,,,7,"Product Manager, Integrations",,Doma Technology,https://www.indeed.com/viewjob?jk=c1ae688645690a13,remote,"Program Management, Risk Management, System Monitoring, Workflow Automation, Jira, Confluence
Deterministic profile match: 6 profile skills mentioned; title alignment 1.0/3.0; domain signals 9.",,,,,,,,"Remote, US (Remote)",https://grnh.se/v0904mat1us,,,,2026-05-19T03:41:57.324976+00:00,not_checked_network_restricted,Not finalized: outbound link checking was blocked in sandbox.
,,,7,Digital Product Manager,,OVME,https://www.indeed.com/viewjob?jk=edbe99a8e33581f4,remote,"Program Management, Technical Documentation, Change Management, Training Enablement, Power BI
Deterministic profile match: 5 profile skills mentioned; title alignment 1.0/3.0; domain signals 8.",,,,,,,,"Remote, US (Remote)",https://ovme.pinpointhq.com/postings/e0af6af5-cf7f-489a-84f2-3fadd6cbf142?utm_medium=job_board&utm_source=indeed,,,,2026-05-19T03:41:57.324976+00:00,not_checked_network_restricted,Not finalized: outbound link checking was blocked in sandbox.
,,,7,Technical Program Manager,,Machinify,https://www.linkedin.com/jobs/view/4412821161,unknown,"Software Project Management, Program Management, Risk Management, Release Coordination
Deterministic profile match: 4 profile skills mentioned; title alignment 2.0/3.0; domain signals 7.",,,,,,,,,,,,,2026-05-19T03:39:44.477961+00:00,not_checked_network_restricted,Not finalized: outbound link checking was blocked in sandbox.
,,,7,Software Developer,,BJC HealthCare,https://www.indeed.com/viewjob?jk=2658bbd439b05621,remote,"Python, SQL, JavaScript, Agile Scrum, Sprint Planning, SDLC, Retrospectives, CI/CD Collaboration, Technical Documentation, Sprint Reviews, Data Pipelines, AWS, Google Cloud
Deterministic profile match: 13 profile skills mentioned; title alignment 0.0/3.0; domain signals 12. Title relevance penalty 1.0 applied.",,,,,,,,"Remote, US (Remote)",https://dentalfamilyandkidss.simplicant.com/jobs/60982-software-developer/detail?utm_campaign=job-board&utm_medium=web&utm_source=indeed,,,,2026-05-19T03:39:44.477961+00:00,not_checked_network_restricted,Not finalized: outbound link checking was blocked in sandbox.
,requires 15 years of experience,,7,Senior Staff Technical Program Manager,,MongoDB,https://www.linkedin.com/jobs/view/4344648784,hybrid,"Python, Google Apps Script, Policy Automation, MongoDB, AWS, Jira, Google Analytics, Google Cloud
Deterministic profile match: 8 profile skills mentioned; title alignment 2.0/3.0; domain signals 9.
Experience cap applied: job asks for 15 years, more than 3 years above candidate's 4 years; capped score at 7.",,,,,,Remote,,Remote,,,,,2026-05-19T03:39:44.477961+00:00,not_checked_network_restricted,Not finalized: outbound link checking was blocked in sandbox.
,,,7,"Program Manager, Q&R Digital",,Avantor,https://www.linkedin.com/jobs/view/4405354528,unknown,"Software Project Management, Stakeholder Management, Program Management, Change Management, Resource Planning, Risk Management
Deterministic profile match: 6 profile skills mentioned; title alignment 1.5/3.0; domain signals 7.",,,,,,,,,,,,,2026-05-19T03:39:44.477961+00:00,not_checked_network_restricted,Not finalized: outbound link checking was blocked in sandbox.
,,,7,Program Manager UAT,,Applicantz,https://www.linkedin.com/jobs/view/4416290126,remote,"Software Project Management, Stakeholder Management, Program Management, Scheduling Management, Release Coordination, Jira
Deterministic profile match: 6 profile skills mentioned; title alignment 1.5/3.0; domain signals 7.",,,,,,,,Remote,,,,,2026-05-19T03:39:44.477961+00:00,not_checked_network_restricted,Not finalized: outbound link checking was blocked in sandbox.
,requires 10 years of experience,,7,Program Manager,,Confidential,https://www.linkedin.com/jobs/view/4416091902,remote,"Agile Scrum, Software Project Management, Stakeholder Management, Program Management, Roadmap Planning, Change Management, Resource Planning, Risk Management, Jira, Smartsheet
Deterministic profile match: 10 profile skills mentioned; title alignment 1.5/3.0; domain signals 9.
Experience cap applied: job asks for 10 years, more than 3 years above candidate's 4 years; capped score at 7.",,,,,,,,Remote,,,,,2026-05-19T03:39:44.477961+00:00,not_checked_network_restricted,Not finalized: outbound link checking was blocked in sandbox.
,,,7,Principal Program Manager,1,Autodesk,https://www.linkedin.com/jobs/view/4415672542,hybrid,"Hybrid Project Management, Software Project Management, Stakeholder Management, Program Management, Customer Success, Change Management, Risk Management
Deterministic profile match: 7 profile skills mentioned; title alignment 1.5/3.0; domain signals 3.",,,,,,Remote,,Remote,,,,,2026-05-19T03:39:44.477961+00:00,not_checked_network_restricted,Not finalized: outbound link checking was blocked in sandbox.
,,,7,Integration Engineer,,HARVEY,https://www.indeed.com/viewjob?jk=035fba8048e6cc20,remote,"Python, JavaScript, Root Cause Analysis, Program Management, Technical Documentation, Mentoring, Observability Concepts, System Monitoring, Data Pipelines, Data Warehousing, Snowflake, VS Code
Deterministic profile match: 12 profile skills mentioned; title alignment 0.0/3.0; domain signals 7. Title relevance penalty 1.0 applied.",,,,,,,,"Remote, US (Remote)",https://jobs.ashbyhq.com/harvey/9cb5be7c-24ea-406d-975b-83342a6dee39,,,,2026-05-19T03:39:44.477961+00:00,not_checked_network_restricted,Not finalized: outbound link checking was blocked in sandbox.
,,,7,Python Developer,,BV Teck,https://www.indeed.com/viewjob?jk=80b4ec4ddf5614d5,remote,"Python, SQL, SDLC, Mentoring, Customer Success, Observability Concepts, System Monitoring, Policy Automation, Distributed Systems Concepts, PostgreSQL, AWS
Deterministic profile match: 11 profile skills mentioned; title alignment 0.0/3.0; domain signals 13. Title relevance penalty 1.0 applied.",,,,,,,,"Remote, US (Remote)",https://brightvisiontechnologies.applytojob.com/apply/5DjtRC8DMF/Python-Developer?source=INDE&~,,,,2026-05-19T03:35:32.190761+00:00,not_checked_network_restricted,Not finalized: outbound link checking was blocked in sandbox.
,,,7,Project Manager (Fintech),,MindTech,https://www.linkedin.com/jobs/view/4412813634,unknown,"Sprint Planning, Retrospectives, Roadmap Planning, Sprint Reviews, Jira, Trello
Deterministic profile match: 6 profile skills mentioned; title alignment 2.0/3.0; domain signals 5.",,,,,,,,,,,,,2026-05-19T03:35:32.190761+00:00,not_checked_network_restricted,Not finalized: outbound link checking was blocked in sandbox.
,,,7,Project Manager # 26-11732,,US Tech Solutions,https://www.linkedin.com/jobs/view/4412846251,unknown,"Sprint Planning, Experimentation Frameworks, Retrospectives, Stakeholder Management, Program Management, Technical Documentation, Change Management, Resource Planning, Sprint Reviews
Deterministic profile match: 9 profile skills mentioned; title alignment 2.0/3.0; domain signals 6.
Experience cap applied: job asks for 10 years, more than 3 years above candidate's 4 years; capped score at 7.",,,,,,,,,,,,,2026-05-19T03:35:32.190761+00:00,not_checked_network_restricted,Not finalized: outbound link checking was blocked in sandbox.
,,,7,Project Manager,,Advanced Bio-Logic Solutions Corp.,https://www.linkedin.com/jobs/view/4412828925,remote,"Sprint Planning, Retrospectives, Stakeholder Management, Program Management, Technical Documentation, Change Management, Resource Planning, Sprint Reviews
Deterministic profile match: 8 profile skills mentioned; title alignment 2.0/3.0; domain signals 6.
Experience cap applied: job asks for 10 years, more than 3 years above candidate's 4 years; capped score at 7.",,,,,,,,Remote,,,,,2026-05-19T03:35:32.190761+00:00,not_checked_network_restricted,Not finalized: outbound link checking was blocked in sandbox.
,,,7,Project Manager,,OLIVER | The Brandtech Group,https://www.linkedin.com/jobs/view/4405960750,remote,"Software Project Management, Stakeholder Management, Jira, Smartsheet
Deterministic profile match: 4 profile skills mentioned; title alignment 2.0/3.0; domain signals 8.",,,,,,,,Remote,,,,,2026-05-19T03:35:32.190761+00:00,not_checked_network_restricted,Not finalized: outbound link checking was blocked in sandbox.
,,,7,Project Manager,,CSI,https://www.linkedin.com/jobs/view/4416245193,unknown,"Software Project Management, Stakeholder Management, Customer Success, Risk Management
Deterministic profile match: 4 profile skills mentioned; title alignment 2.0/3.0; domain signals 6.",,,,,,,,,,,,,2026-05-19T03:35:32.190761+00:00,not_checked_network_restricted,Not finalized: outbound link checking was blocked in sandbox.
,,,7,"Lead/Principal Product Designer, Design Systems",,Energage,https://www.indeed.com/viewjob?jk=61e27f32cd0c396f,remote,"Agile Scrum, Lean Product Development, Data Governance Frameworks, Program Management, Change Management, Confluence, VS Code, Notion, Google Analytics, Figma
Deterministic profile match: 10 profile skills mentioned; title alignment 0.0/3.0; domain signals 7.",,,,,,,,"Remote, US (Remote)",https://grnh.se/c460o7c72us,,,,2026-05-19T03:35:32.190761+00:00,not_checked_network_restricted,Not finalized: outbound link checking was blocked in sandbox.
,,,7,Automation and Workflow Engineering - Sr ServiceNow Developer,,Golden 1 Credit Union,https://www.indeed.com/viewjob?jk=3bde0f93f079abe6,remote,"SQL, JavaScript, Software Project Management, SDLC, A/B Testing, Technical Documentation, Requirements Gathering, Mentoring, Deployment Workflows, Workflow Automation, ServiceNow
Deterministic profile match: 11 profile skills mentioned; title alignment 0.0/3.0; domain signals 9. Title relevance penalty 1.0 applied.",,,,,,,,"Remote, US (Remote)",https://jobs.dayforcehcm.com/en-US/golden1/CANDIDATEPORTAL/jobs/49191,,,,2026-05-19T03:35:32.190761+00:00,not_checked_network_restricted,Not finalized: outbound link checking was blocked in sandbox.
,,,7,Agile Project Manager,,Scoutit,https://www.linkedin.com/jobs/view/4415602985,unknown,"Sprint Planning, Retrospectives, Sprint Reviews
Deterministic profile match: 3 profile skills mentioned; title alignment 2.5/3.0; domain signals 5.",,,,,,,,,,,,,2026-05-19T03:35:32.190761+00:00,not_checked_network_restricted,Not finalized: outbound link checking was blocked in sandbox.
,,,7,Senior Technical Program Manager,,Grow Therapy,https://www.linkedin.com/jobs/view/4393892567,hybrid,"Hybrid Project Management, Software Project Management, Program Management, Legal Technology
Deterministic profile match: 4 profile skills mentioned; title alignment 2.0/3.0; domain signals 6.",,,,,,Remote,,Remote,,,,,2026-05-19T03:34:24.090303+00:00,not_checked_network_restricted,Not finalized: outbound link checking was blocked in sandbox.
,,,7,Technical Project Manager,,Peraton,https://www.linkedin.com/jobs/view/4415724760,remote,"SAFe, Program Management, Technical Documentation, Scheduling Management
Deterministic profile match: 4 profile skills mentioned; title alignment 3.0/3.0; domain signals 3.",,,,,,,,Remote,,,,,2026-05-19T03:33:24.221345+00:00,not_checked_network_restricted,Not finalized: outbound link checking was blocked in sandbox.
,,,7,Senior Engineer - Workforce Tools & Integrations,,College Board,https://www.indeed.com/viewjob?jk=4b7456a15eee8c9d,hybrid,"JavaScript, Agile Scrum, Sprint Planning, CI/CD Collaboration, Technical Documentation, Customer Success, Sprint Reviews, AI/ML, Deployment Workflows, Okta Integration Workflows, AWS, Jira, GitHub
Deterministic profile match: 13 profile skills mentioned; title alignment 0.0/3.0; domain signals 12. Title relevance penalty 1.0 applied.",,,,,,"Remote, US (Remote)",,"Remote, US (Remote)",https://collegeboard.wd1.myworkdayjobs.com/en-US/Careers/job/Remote---USA/Senior-Engineer---Workforce-Tools---Integrations_REQ002664,,,,2026-05-19T03:33:24.221345+00:00,not_checked_network_restricted,Not finalized: outbound link checking was blocked in sandbox.
,,,7,Project Manager,,Computer Services Inc.,https://www.indeed.com/viewjob?jk=b1ec610436fc2b03,remote,"Software Project Management, Stakeholder Management, Customer Success, Risk Management
Deterministic profile match: 4 profile skills mentioned; title alignment 2.0/3.0; domain signals 6.",,,,,,,,"Remote, US (Remote)",https://csiweb.wd1.myworkdayjobs.com/en-US/CSI_Careers/job/Remote-USA/Project-Manager_R-100543,,,,2026-05-19T03:33:24.221345+00:00,not_checked_network_restricted,Not finalized: outbound link checking was blocked in sandbox.
,,,7,Group Manager - Enterprise Applications,,Brookhaven National Laboratory,https://www.indeed.com/viewjob?jk=50235166373d2993,remote,"SAFe, Software Project Management, Stakeholder Management, Program Management, Technical Documentation, Roadmap Planning, Customer Success, Resource Planning, ERP, Risk Management, Database Access Governance
Deterministic profile match: 11 profile skills mentioned; title alignment 0.0/3.0; domain signals 11. Title relevance penalty 1.0 applied.",,,,,,,,"Remote, US (Remote)",https://bnl.wd1.myworkdayjobs.com/en-US/Externa/job/Remote/Group-Manager---Enterprise-Applications_JR102471,,,,2026-05-19T03:33:24.221345+00:00,not_checked_network_restricted,Not finalized: outbound link checking was blocked in sandbox.
,,,7,"Sr. Program Manager, Enterprise Growth & Capital Programs",,Jabil,https://www.indeed.com/viewjob?jk=dbe0330f565bf21b,remote,"Stakeholder Management, Program Management, Requirements Gathering, Customer Success, Change Management, KPI Tracking, Resource Planning, Risk Management
Deterministic profile match: 8 profile skills mentioned; title alignment 1.5/3.0; domain signals 5.",,,,,,,,"Remote, US (Remote)",https://jabil.wd5.myworkdayjobs.com/en-US/Jabil_Careers/job/Remote---USA/Sr-Program-Manager--Enterprise-Growth---Capital-Programs_J2450747,,,,2026-05-19T03:30:57.247300+00:00,not_checked_network_restricted,Not finalized: outbound link checking was blocked in sandbox.
,,,7,Senior Project Manager of E-Commerce,,Southend Pharmacy,https://www.linkedin.com/jobs/view/4412821721,unknown,"Stakeholder Management, Program Management, QA Coordination, SOPs, Release Coordination
Deterministic profile match: 5 profile skills mentioned; title alignment 2.0/3.0; domain signals 5.",,,,,,,,,,,,,2026-05-19T03:30:57.247300+00:00,not_checked_network_restricted,Not finalized: outbound link checking was blocked in sandbox.
,,,7,Program Manager Equity (A&E),,Bureau Veritas,https://www.indeed.com/viewjob?jk=8b0ee849710ec157,remote,"SAFe, Software Project Management, Program Management, Customer Success, Change Management, Resource Planning, Risk Management
Deterministic profile match: 7 profile skills mentioned; title alignment 1.5/3.0; domain signals 5.",,,,,,,,"Remote, US (Remote)",https://jobs.bureauveritas.com/gb/en/job/209138,,,,2026-05-19T03:30:57.247300+00:00,not_checked_network_restricted,Not finalized: outbound link checking was blocked in sandbox.
,,,7,Technical Project Manager,,Netskope,https://www.linkedin.com/jobs/view/4416434210,unknown,"Technical Documentation, Customer Success
Deterministic profile match: 2 profile skills mentioned; title alignment 3.0/3.0; domain signals 7.",,,,,,,,,,,,,2026-05-19T03:28:48.056786+00:00,not_checked_network_restricted,Not finalized: outbound link checking was blocked in sandbox.
,,,7,ServiceNow Program Manager,,eCIFM Solutions Inc,https://www.indeed.com/viewjob?jk=6f86c1a5af989d14,remote,"Software Project Management, Stakeholder Management, Program Management, Change Management, Risk Management, ServiceNow
Deterministic profile match: 6 profile skills mentioned; title alignment 1.5/3.0; domain signals 5.",,,,,,,,"Remote, US (Remote)",http://www.indeed.com/job/servicenow-program-manager-6f86c1a5af989d14,,,,2026-05-19T03:28:48.056786+00:00,not_checked_network_restricted,Not finalized: outbound link checking was blocked in sandbox.
,,,7,Senior Project Manager (100% Remote),,The Mom Project,https://www.linkedin.com/jobs/view/4416440317,remote,"Software Project Management, Stakeholder Management, Requirements Gathering, Mentoring, Risk Management
Deterministic profile match: 5 profile skills mentioned; title alignment 2.0/3.0; domain signals 4.",,,,,,,,Remote,,,,,2026-05-19T03:28:48.056786+00:00,not_checked_network_restricted,Not finalized: outbound link checking was blocked in sandbox.
,,,7,Senior Project Manager,,Juniper Square,https://www.linkedin.com/jobs/view/4393888616,remote,"Stakeholder Management, Requirements Gathering, Customer Success, Change Management, Risk Management
Deterministic profile match: 5 profile skills mentioned; title alignment 2.0/3.0; domain signals 5.",,,,,,,,Remote,,,,,2026-05-19T03:28:48.056786+00:00,not_checked_network_restricted,Not finalized: outbound link checking was blocked in sandbox.
,,,7,Project Manager,,By Light Professional IT Services,https://www.indeed.com/viewjob?jk=040cfa962ea99a29,remote,"Software Project Management, Change Management, Resource Planning, AI/ML, Risk Management
Deterministic profile match: 5 profile skills mentioned; title alignment 2.0/3.0; domain signals 7.",,,,,,,,"Remote, US (Remote)",https://jobs-bylight.icims.com/jobs/10995/job?utm_source=indeed_integration&iis=Job%20Board&iisn=Indeed&indeed-apply-token=73a2d2b2a8d6d5c0a62696875eaebd669103652d3f0c2cd5445d3e66b1592b0f,,,,2026-05-19T03:28:48.056786+00:00,not_checked_network_restricted,Not finalized: outbound link checking was blocked in sandbox.
,,,7,Senior Project Manager - Technical,,Red Hat,https://www.linkedin.com/jobs/view/4405971526,remote,"Software Project Management, Change Management, Scheduling Management, Risk Management
Deterministic profile match: 4 profile skills mentioned; title alignment 2.0/3.0; domain signals 7.",,,,,,,,Remote,,,,,2026-05-19T03:26:29.194443+00:00,not_checked_network_restricted,Not finalized: outbound link checking was blocked in sandbox.
,,,7,Senior Project Manager - Banking Software,,VeriPark,https://www.linkedin.com/jobs/view/4392522073,hybrid,"Agile Scrum, Hybrid Project Management, Software Project Management, Stakeholder Management, Program Management, Customer Success
Deterministic profile match: 6 profile skills mentioned; title alignment 2.0/3.0; domain signals 9.
Experience cap applied: job asks for 10 years, more than 3 years above candidate's 4 years; capped score at 7.",,,,,,Remote,,Remote,,,,,2026-05-19T03:26:29.194443+00:00,not_checked_network_restricted,Not finalized: outbound link checking was blocked in sandbox.
,,,7,Senior Project Manager (Workfront and Banking exp needed),,Morph Enterprise,https://www.linkedin.com/jobs/view/4415676911,unknown,"Software Project Management, Stakeholder Management, Requirements Gathering, Mentoring, Risk Management
Deterministic profile match: 5 profile skills mentioned; title alignment 2.0/3.0; domain signals 4.",,,,,,,,,,,,,2026-05-19T03:26:29.194443+00:00,not_checked_network_restricted,Not finalized: outbound link checking was blocked in sandbox.
,,,7,Senior Project Manager,,Haystack,https://www.linkedin.com/jobs/view/4412240490,remote,"Software Project Management, Stakeholder Management, Change Management, Resource Planning, Risk Management
Deterministic profile match: 5 profile skills mentioned; title alignment 2.0/3.0; domain signals 4.",,,,,,,,Remote,,,,,2026-05-19T03:26:29.194443+00:00,not_checked_network_restricted,Not finalized: outbound link checking was blocked in sandbox.
,,,7,Senior Product manager -Contractor Role – PIU Based Compensation (No Salary),,FactfindersPro,https://www.indeed.com/viewjob?jk=6f6aed379ed41146,remote,"Python, SQL, Sprint Planning, A/B Testing, Program Management, Roadmap Planning, Customer Success
Deterministic profile match: 7 profile skills mentioned; title alignment 1.0/3.0; domain signals 8.",,,,,,,,"Remote, US (Remote)",http://www.indeed.com/job/senior-product-manager-contractor-role-piu-based-compensation-no-salary-6f6aed379ed41146,,,,2026-05-19T03:26:29.194443+00:00,not_checked_network_restricted,Not finalized: outbound link checking was blocked in sandbox.
,,,7,Senior Business Architect / Engagement Manager,,KT2i Inc,https://www.indeed.com/viewjob?jk=abcaf6b8911a0d73,remote,"Agile Scrum, Sprint Planning, Software Project Management, Stakeholder Management, Program Management, Technical Documentation, Presentation Skills, Change Management, QA Coordination, Sprint Reviews, ERP, Release Coordination, Deployment Workflows, Workflow Automation, Snowflake
Deterministic profile match: 15 profile skills mentioned; title alignment 0.0/3.0; domain signals 13. Title relevance penalty 1.0 applied.",,,,,,,,"Remote, US (Remote)",http://www.indeed.com/job/senior-business-architect-engagement-manager-abcaf6b8911a0d73,,,,2026-05-19T03:26:29.194443+00:00,not_checked_network_restricted,Not finalized: outbound link checking was blocked in sandbox.
,,,7,Project Manager,,Parsons,https://www.indeed.com/viewjob?jk=f51f9694f138e1ea,remote,"SAFe, Software Project Management, Program Management, Technical Documentation, Customer Success, Scheduling Management, Risk Management
Deterministic profile match: 7 profile skills mentioned; title alignment 2.0/3.0; domain signals 2.",,,,,,,,"Remote, US (Remote)",https://jobs.parsons.com/jobs/project-manager-virtual-r-180971-jobs--project-program-management--,,,,2026-05-19T03:26:29.194443+00:00,not_checked_network_restricted,Not finalized: outbound link checking was blocked in sandbox.
,,,7,Information Technology Project Manager,,Beacon Hill,https://www.linkedin.com/jobs/view/4416240554,remote,"Software Project Management, Technical Documentation, Presentation Skills, Jira, Confluence
Deterministic profile match: 5 profile skills mentioned; title alignment 2.0/3.0; domain signals 7.",,,,,,,,Remote,,,,,2026-05-19T03:26:29.194443+00:00,not_checked_network_restricted,Not finalized: outbound link checking was blocked in sandbox.
,,,7,IT Project Manager (remote),,Automation Consulting,https://www.linkedin.com/jobs/view/4415738395,remote,"Change Management, QA Coordination, Jira, Confluence, Figma
Deterministic profile match: 5 profile skills mentioned; title alignment 2.5/3.0; domain signals 5.",,,,,,,,Remote,,,,,2026-05-19T03:26:29.194443+00:00,not_checked_network_restricted,Not finalized: outbound link checking was blocked in sandbox.
,,,7,Healthcare IT Project Manager - Critical Support I,,Oracle,https://www.linkedin.com/jobs/view/4383073317,unknown,"Stakeholder Management, Risk Management
Deterministic profile match: 2 profile skills mentioned; title alignment 2.5/3.0; domain signals 6.",,,,,,,,,,,,,2026-05-19T03:26:29.194443+00:00,not_checked_network_restricted,Not finalized: outbound link checking was blocked in sandbox.
,,,7,"Dir, Solution Delivery",,NASCO,https://www.indeed.com/viewjob?jk=bfa0207fcc85cbd3,hybrid,"Hybrid Project Management, Software Project Management, Stakeholder Management, Program Management, Technical Documentation, Roadmap Planning, Customer Success, Training Enablement, Resource Planning, Risk Management, Legal Technology
Deterministic profile match: 11 profile skills mentioned; title alignment 0.0/3.0; domain signals 13. Title relevance penalty 1.0 applied.",,,,,,"Remote, US (Remote)",,"Remote, US (Remote)",https://careers-nasco.icims.com/jobs/4309/job?utm_source=indeed_integration&iis=Job%20Board&iisn=Indeed&indeed-apply-token=73a2d2b2a8d6d5c0a62696875eaebd669103652d3f0c2cd5445d3e66b1592b0f,,,,2026-05-19T03:26:29.194443+00:00,not_checked_network_restricted,Not finalized: outbound link checking was blocked in sandbox.
,,,7,Senior Program Manager,,Ad Hoc,https://www.indeed.com/viewjob?jk=d4b12486b1d1b140,remote,"Agile Scrum, SAFe, Software Project Management, Program Management, Customer Success, Change Management
Deterministic profile match: 6 profile skills mentioned; title alignment 1.5/3.0; domain signals 5.",,,,,,,,"Remote, US (Remote)",https://adhoc.hrmdirect.com/employment/view.php?req=3715422&jbsrc=1014&location=4400ba57-164e-8aae-6767-e570c8a49188,,,,2026-05-14T21:52:47.996850+00:00,not_checked_network_restricted,Not finalized: outbound link checking was blocked in sandbox.
,,,7,"Senior Manager, Indicator Enablement",,Save the Children,https://www.indeed.com/viewjob?jk=8a6315187d1010c3,hybrid,"Agile Scrum, Hybrid Project Management, SAFe, Data Governance Frameworks, Stakeholder Management, Program Management, Technical Documentation, Training Enablement, Risk Management, Release Coordination, System Monitoring
Deterministic profile match: 11 profile skills mentioned; title alignment 0.0/3.0; domain signals 8. Title relevance penalty 1.0 applied.",,,,,,"Remote, US (Remote)",,"Remote, US (Remote)",https://www.savethechildren.net/careers/apply/details?jid=16424,,,,2026-05-14T21:52:47.996850+00:00,not_checked_network_restricted,Not finalized: outbound link checking was blocked in sandbox.
,,,7,Marketing Operations Specialist,,HealthcareLive,https://www.indeed.com/viewjob?jk=df1308a8e20e9b52,remote,"SQL, JavaScript, Data Governance Frameworks, Program Management, Technical Documentation, SOPs, Audit Logging, Workflow Automation, VS Code, Google Sheets, Google Cloud, HubSpot
Deterministic profile match: 12 profile skills mentioned; title alignment 0.0/3.0; domain signals 9. Title relevance penalty 1.0 applied.",,,,,,,,"Remote, US (Remote)",http://www.indeed.com/job/marketing-operations-specialist-df1308a8e20e9b52,,,,2026-05-14T21:52:47.996850+00:00,not_checked_network_restricted,Not finalized: outbound link checking was blocked in sandbox.
,,,7,Junior Project Manager,,ViewLift,https://www.linkedin.com/jobs/view/4414631775,hybrid,"Hybrid Project Management, Stakeholder Management, Requirements Gathering, Resource Planning, Risk Management
Deterministic profile match: 5 profile skills mentioned; title alignment 2.0/3.0; domain signals 5.",,,,,,,,,,,,,2026-05-14T21:51:42.690108+00:00,not_checked_network_restricted,Not finalized: outbound link checking was blocked in sandbox.
,,,7,Technical Program Manager - Infrastructure Engineering,,Netflix,https://www.linkedin.com/jobs/view/4394894613,unknown,"Program Management, Customer Success, AI/ML, Data Pipelines, AWS
Deterministic profile match: 5 profile skills mentioned; title alignment 2.0/3.0; domain signals 5.",,,,,,,,,,,,,2026-05-14T21:50:40.094592+00:00,not_checked_network_restricted,Not finalized: outbound link checking was blocked in sandbox.
,,,7,ServiceNow Project Manager,,Intuitive.ai,https://www.linkedin.com/jobs/view/4414147186,remote,"Stakeholder Management, AI/ML, Risk Management, ServiceNow
Deterministic profile match: 4 profile skills mentioned; title alignment 2.0/3.0; domain signals 8.",,,,,,,,Remote,,,,,2026-05-14T21:50:40.094592+00:00,not_checked_network_restricted,Not finalized: outbound link checking was blocked in sandbox.
,,,7,Project Manager - HR Service Support,,A P Ventures LLC,https://www.indeed.com/viewjob?jk=82f398b28709fdbb,remote,"Program Management, Customer Success, AI/ML, Risk Management, Policy Automation
Deterministic profile match: 5 profile skills mentioned; title alignment 2.0/3.0; domain signals 5.",,,,,,,,"Remote, US (Remote)",https://secure6.saashr.com/ta/6198131.jobs?ShowJob=705054211,,,,2026-05-14T21:50:40.094592+00:00,not_checked_network_restricted,Not finalized: outbound link checking was blocked in sandbox.
,,,7,Project Manager,,Focus GTS,https://www.linkedin.com/jobs/view/4413584303,remote,"Software Project Management, Stakeholder Management, Program Management, Presentation Skills, Customer Success, Change Management, Resource Planning
Deterministic profile match: 7 profile skills mentioned; title alignment 2.0/3.0; domain signals 7.
Experience cap applied: job asks for 8 years, more than 3 years above candidate's 4 years; capped score at 7.",,,,,,,,Remote,,,,,2026-05-14T21:50:40.094592+00:00,not_checked_network_restricted,Not finalized: outbound link checking was blocked in sandbox.
,,,7,IT/OT Project Manager,,Cognizant,https://www.linkedin.com/jobs/view/4413424239,unknown,"Stakeholder Management, Program Management, Technical Documentation, Roadmap Planning, Change Management, Risk Management
Deterministic profile match: 6 profile skills mentioned; title alignment 2.0/3.0; domain signals 5.",,,,,,,,,,,,,2026-05-14T21:50:40.094592+00:00,not_checked_network_restricted,Not finalized: outbound link checking was blocked in sandbox.
,,,7,IT Solutions Project Manager - Supply Chain Planning Systems,,"ERP Logic Israel, SAP Partner",https://www.linkedin.com/jobs/view/4411174756,unknown,"Stakeholder Management, Presentation Skills, ERP
Deterministic profile match: 3 profile skills mentioned; title alignment 2.0/3.0; domain signals 9.",C:\Users\bsing\.applypilot\tailored_resumes\software-pm\095_7_ERP_Logic_Israel_SAP_IT_Solutions_Project_Manager_-_Supply_Chain_Planni.txt,failed_validation,Company 'Sakhi' missing from experience; Company 'The Samaritans of New York' missing from experience,,,,,,,,,,2026-05-14T21:50:40.094592+00:00,not_checked_network_restricted,Not finalized: outbound link checking was blocked in sandbox.
,,,7,Azure Certified Project Manager,,Amazech Solutions,https://www.linkedin.com/jobs/view/4411169645,unknown,"Agile Scrum, Software Project Management, Stakeholder Management
Deterministic profile match: 3 profile skills mentioned; title alignment 2.0/3.0; domain signals 7.",,,,,,,,,,,,,2026-05-14T21:50:40.094592+00:00,not_checked_network_restricted,Not finalized: outbound link checking was blocked in sandbox.
,,,7,Practices Senior Manager — Enterprise Collaboration & Technical Transformation Leader,1,Salesforce,https://www.linkedin.com/jobs/view/4413708190,unknown,"Python, JavaScript, Data Governance Frameworks, Stakeholder Management, Program Management, Presentation Skills, Customer Success, Change Management, Training Enablement, Deployment Workflows, Policy Automation, Jira, GitHub
Deterministic profile match: 13 profile skills mentioned; title alignment 0.0/3.0; domain signals 12. Title relevance penalty 1.0 applied.",,,,,,,,,,,,,2026-05-14T21:49:36.838746+00:00,not_checked_network_restricted,Not finalized: outbound link checking was blocked in sandbox.
,,,7,"Technical Program Manager, Data Center Design",1,Google,https://www.linkedin.com/jobs/view/4414469435,hybrid,"Hybrid Project Management, Program Management, Requirements Gathering, Change Management, Scheduling Management, Resource Planning
Deterministic profile match: 6 profile skills mentioned; title alignment 2.0/3.0; domain signals 3.",,,,,,Remote,,Remote,,,,,2026-05-14T21:46:30.549281+00:00,not_checked_network_restricted,Not finalized: outbound link checking was blocked in sandbox.
,,,7,Technical Program Manager [210085],,Skill,https://www.linkedin.com/jobs/view/4414655570,unknown,"Program Management, Change Management, Deployment Workflows, Okta Integration Workflows
Deterministic profile match: 4 profile skills mentioned; title alignment 2.0/3.0; domain signals 6.",,,,,,,,,,,,,2026-05-14T21:46:30.549281+00:00,not_checked_network_restricted,Not finalized: outbound link checking was blocked in sandbox.
,,,7,"Sr. Technical Program Manager, Professional Services - Digital Native Business (DNB)",1,Databricks,https://www.linkedin.com/jobs/view/4410122055,unknown,"Program Management, Customer Success, Change Management, Risk Management, Databricks
Deterministic profile match: 5 profile skills mentioned; title alignment 2.0/3.0; domain signals 6.",,,,,,,,,https://www.linkedin.com/signup/cold-join?source=jobs_registration&session_redirect=https%3A%2F%2Fwww.linkedin.com%2Fjobs%2Fview%2Fsr-technical-program-manager-professional-services-digital-native-business-dnb-at-databricks-4410122055&trk=public_jobs_apply-link-offsite_contextual-sign-in-modal_join-link,,,,2026-05-14T21:46:30.549281+00:00,not_checked_network_restricted,Not finalized: outbound link checking was blocked in sandbox.
,,,7,Sr. Program Manager,,AEVEX,https://www.linkedin.com/jobs/view/4393245464,remote,"Software Project Management, Program Management, Presentation Skills, Customer Success, Risk Management, System Monitoring
Deterministic profile match: 6 profile skills mentioned; title alignment 1.5/3.0; domain signals 6.",,,,,,,,Remote,https://www.linkedin.com/signup/cold-join?source=jobs_registration&session_redirect=https%3A%2F%2Fwww.linkedin.com%2Fjobs%2Fview%2Fsr-program-manager-at-aevex-4393245464&trk=public_jobs_apply-link-offsite_contextual-sign-in-modal_join-link,,,,2026-05-14T21:46:30.549281+00:00,not_checked_network_restricted,Not finalized: outbound link checking was blocked in sandbox.
,,,7,Senior Treasury Management Product Manager – Integrated Receivables,,Fifth Third Bank,https://www.indeed.com/viewjob?jk=585ea699793ae747,remote,"Training Enablement, ERP, Risk Management, Distributed Systems Concepts, Legal Technology
Deterministic profile match: 5 profile skills mentioned; title alignment 1.0/3.0; domain signals 9.",,,,,,,,"Remote, US (Remote)",https://fifththird.wd5.myworkdayjobs.com/en-US/53careers/job/Virtual/Senior-Treasury-Management-Product-Manager---Integrated-Receivables_R68123,,,,2026-05-14T21:46:30.549281+00:00,not_checked_network_restricted,Not finalized: outbound link checking was blocked in sandbox.
,,,7,Senior Strategic Procurement Program Manager,,Omada Health,https://www.linkedin.com/jobs/view/4402475978,remote,"Program Management, Roadmap Planning, Change Management, Risk Management, System Monitoring
Deterministic profile match: 5 profile skills mentioned; title alignment 1.5/3.0; domain signals 6.",,,,,,,,Remote,,,,,2026-05-14T21:46:30.549281+00:00,not_checked_network_restricted,Not finalized: outbound link checking was blocked in sandbox.
,,,7,VPP Program Manager,,Qcells,https://www.indeed.com/viewjob?jk=e53caa261b496633,remote,"Python, SQL, Program Management, Policy Automation, Power BI
Deterministic profile match: 5 profile skills mentioned; title alignment 1.5/3.0; domain signals 6.",,,,,,,,"Remote, US (Remote)",https://careers.qcells.com/jobs/17736935-vpp-program-manager?tm_job=2439&tm_event=view&tm_company=92338,,,,2026-05-14T21:44:13.352357+00:00,not_checked_network_restricted,Not finalized: outbound link checking was blocked in sandbox.
,,,7,Technical Program Manager,,Hanson Consulting Group,https://www.linkedin.com/jobs/view/4413843297,unknown,"Sprint Planning, Software Project Management, Program Management, Release Coordination
Deterministic profile match: 4 profile skills mentioned; title alignment 2.0/3.0; domain signals 6.",C:\Users\bsing\.applypilot\tailored_resumes\software-pm\037_8_Hanson_Consulting_Gr_Technical_Program_Manager.txt,failed_validation,Company 'Sakhi' missing from experience; Company 'The Samaritans of New York' missing from experience,,,,,,,,,,2026-05-14T21:44:13.352357+00:00,not_checked_network_restricted,Not finalized: outbound link checking was blocked in sandbox.
,,,7,"Senior Technical Program Manager, Ads",,Instacart,https://www.linkedin.com/jobs/view/4411244403,remote,"SAFe, Software Project Management, Program Management, AI/ML
Deterministic profile match: 4 profile skills mentioned; title alignment 2.0/3.0; domain signals 6.",,,,,,,,Remote,https://www.linkedin.com/signup/cold-join?source=jobs_registration&session_redirect=https%3A%2F%2Fwww.linkedin.com%2Fjobs%2Fview%2Fsenior-technical-program-manager-ads-at-instacart-4411244403&trk=public_jobs_apply-link-offsite_contextual-sign-in-modal_join-link,,,,2026-05-14T21:44:13.352357+00:00,not_checked_network_restricted,Not finalized: outbound link checking was blocked in sandbox.
,,,7,"Senior Manager, Technical Program Management",,Icertis,https://www.linkedin.com/jobs/view/4280179505,hybrid,"Agile Scrum, Hybrid Project Management, Software Project Management, SDLC, Stakeholder Management, Program Management, AI/ML, Risk Management, Jira, Confluence
Deterministic profile match: 10 profile skills mentioned; title alignment 0.0/3.0; domain signals 13.",,,,,,,,,https://www.linkedin.com/signup/cold-join?source=jobs_registration&session_redirect=https%3A%2F%2Fin.linkedin.com%2Fjobs%2Fview%2Fsenior-manager-technical-program-management-at-icertis-4280179505&trk=public_jobs_apply-link-offsite_contextual-sign-in-modal_join-link,,,,2026-05-14T21:44:13.352357+00:00,not_checked_network_restricted,Not finalized: outbound link checking was blocked in sandbox.
,,,7,"Program Manager, Major Deployments (South East)",,Skydio,https://www.linkedin.com/jobs/view/4393237737,unknown,"Software Project Management, Program Management, Customer Success, Scheduling Management, Risk Management
Deterministic profile match: 5 profile skills mentioned; title alignment 1.5/3.0; domain signals 7.",,,,,,,,,,,,,2026-05-14T21:44:13.352357+00:00,not_checked_network_restricted,Not finalized: outbound link checking was blocked in sandbox.
,,,7,Program Manager – non-CO2 Mitigation,,GE Aerospace,https://www.linkedin.com/jobs/view/4413497887,remote,"Software Project Management, Stakeholder Management, Program Management, Customer Success, Risk Management
Deterministic profile match: 5 profile skills mentioned; title alignment 1.5/3.0; domain signals 6.",,,,,,,,Remote,https://www.linkedin.com/signup/cold-join?source=jobs_registration&session_redirect=https%3A%2F%2Fuk.linkedin.com%2Fjobs%2Fview%2Fprogram-manager-%25E2%2580%2593-non-co2-mitigation-at-ge-aerospace-4413497887&trk=public_jobs_apply-link-offsite_contextual-sign-in-modal_join-link,,,,2026-05-14T21:44:13.352357+00:00,not_checked_network_restricted,Not finalized: outbound link checking was blocked in sandbox.
,,,7,Junior Product Life Cycle Program Manager,,Ciena,https://www.linkedin.com/jobs/view/4402765363,unknown,"Software Project Management, Program Management, Technical Documentation, Customer Success, Change Management, Risk Management
Deterministic profile match: 6 profile skills mentioned; title alignment 1.5/3.0; domain signals 5.",C:\Users\bsing\.applypilot\tailored_resumes\software-pm\096_7_Ciena_Junior_Product_Life_Cycle_Program_Manager.txt,failed_validation,Missing required field: projects,,,,,,https://www.linkedin.com/signup/cold-join?source=jobs_registration&session_redirect=https%3A%2F%2Fwww.linkedin.com%2Fjobs%2Fview%2Fjunior-product-life-cycle-program-manager-at-ciena-4402765363&trk=public_jobs_apply-link-offsite_contextual-sign-in-modal_join-link,,,,2026-05-14T21:44:13.352357+00:00,not_checked_network_restricted,Not finalized: outbound link checking was blocked in sandbox.
,,,7,Senior Project Manager,,Percepta,https://www.linkedin.com/jobs/view/4413466716,remote,"Software Project Management, Stakeholder Management, Program Management, Presentation Skills, Requirements Gathering, Mentoring, Change Management, KPI Tracking, Risk Management, Smartsheet
Deterministic profile match: 10 profile skills mentioned; title alignment 2.0/3.0; domain signals 6.
Experience cap applied: job asks for 8 years, more than 3 years above candidate's 4 years; capped score at 7.",,,,,,,,Remote,https://www.linkedin.com/signup/cold-join?source=jobs_registration&session_redirect=https%3A%2F%2Fwww.linkedin.com%2Fjobs%2Fview%2Fsenior-project-manager-at-percepta-4413466716&trk=public_jobs_apply-link-offsite_contextual-sign-in-modal_join-link,,,,2026-05-14T21:42:01.891331+00:00,not_checked_network_restricted,Not finalized: outbound link checking was blocked in sandbox.
,,,7,"Principal Program Manager, Product Operations, Circle Payments Network",,Circle,https://www.linkedin.com/jobs/view/4401660582,hybrid,"SQL, Stakeholder Management, Program Management, Technical Documentation, Jira
Deterministic profile match: 5 profile skills mentioned; title alignment 1.5/3.0; domain signals 11.",,,,,,,,,https://www.linkedin.com/signup/cold-join?source=jobs_registration&session_redirect=https%3A%2F%2Fwww.linkedin.com%2Fjobs%2Fview%2Fprincipal-program-manager-product-operations-circle-payments-network-at-circle-4401660582&trk=public_jobs_apply-link-offsite_contextual-sign-in-modal_join-link,,,,2026-05-14T21:41:03.898519+00:00,not_checked_network_restricted,Not finalized: outbound link checking was blocked in sandbox.
,,,7,Senior Product Owner/Manager - Broker-Dealer & RIA,,Penn Mutual,https://www.indeed.com/viewjob?jk=87fe3515635e429f,remote,"Sprint Planning, Software Project Management, Stakeholder Management, Technical Documentation, Roadmap Planning, Sprint Reviews, Risk Management, Deployment Workflows, Jira, Legal Technology
Deterministic profile match: 10 profile skills mentioned; title alignment 0.0/3.0; domain signals 11.",,,,,,,,"Remote, US (Remote)",https://pennmutual.wd1.myworkdayjobs.com/en-US/_penn-careers/job/Remote---United-States/Senior-Product-Owner-Manager_R-100586,,,,2026-05-14T21:40:03.505024+00:00,not_checked_network_restricted,Not finalized: outbound link checking was blocked in sandbox.
,,,7,Project Manager-ITIL,,Ampstek,https://www.linkedin.com/jobs/view/4413528572,hybrid,"Hybrid Project Management, Stakeholder Management, Change Management, ServiceNow
Deterministic profile match: 4 profile skills mentioned; title alignment 2.0/3.0; domain signals 6.",,,,,,Remote,,Remote,,,,,2026-05-14T21:40:03.505024+00:00,not_checked_network_restricted,Not finalized: outbound link checking was blocked in sandbox.
,,,7,Project Manager,,Latacora,https://www.linkedin.com/jobs/view/4411768378,remote,"Program Management, Roadmap Planning, Scheduling Management, Resource Planning, Jira
Deterministic profile match: 5 profile skills mentioned; title alignment 2.0/3.0; domain signals 4.",,,,,,,,Remote,,,,,2026-05-14T21:40:03.505024+00:00,not_checked_network_restricted,Not finalized: outbound link checking was blocked in sandbox.
,,,7,Marketing Project Manager,,Batesville,https://www.linkedin.com/jobs/view/4412994141,unknown,"Software Project Management, Program Management, Customer Success, Resource Planning, Workflow Automation
Deterministic profile match: 5 profile skills mentioned; title alignment 2.0/3.0; domain signals 6.",,,,,,,,,https://www.linkedin.com/signup/cold-join?source=jobs_registration&session_redirect=https%3A%2F%2Fwww.linkedin.com%2Fjobs%2Fview%2Fmarketing-project-manager-at-batesville-4412994141&trk=public_jobs_apply-link-offsite_contextual-sign-in-modal_join-link,,,,2026-05-14T21:40:03.505024+00:00,not_checked_network_restricted,Not finalized: outbound link checking was blocked in sandbox.
,,,7,Junior Project Manager,,Ruby Labs,https://www.linkedin.com/jobs/view/4414258750,remote,"Sprint Planning, Software Project Management, Acceptance Criteria Frameworks, Technical Documentation, Jira
Deterministic profile match: 5 profile skills mentioned; title alignment 2.0/3.0; domain signals 7.",C:\Users\bsing\.applypilot\tailored_resumes\software-pm\097_7_Ruby_Labs_Junior_Project_Manager.txt,failed_validation,Company 'Sakhi' missing from experience; Company 'The Samaritans of New York' missing from experience,Banned words: detail-oriented,,,,Remote,https://www.linkedin.com/signup/cold-join?source=jobs_registration&session_redirect=https%3A%2F%2Fes.linkedin.com%2Fjobs%2Fview%2Fjunior-project-manager-at-ruby-labs-4414258750&trk=public_jobs_apply-link-offsite_contextual-sign-in-modal_join-link,,,,2026-05-14T21:40:03.505024+00:00,not_checked_network_restricted,Not finalized: outbound link checking was blocked in sandbox.
,,,7,Service Delivery Manager,,Pythian,https://www.linkedin.com/jobs/view/4410123046,remote,"Agile Scrum, Software Project Management, Kanban, SDLC, Data Governance Frameworks, Stakeholder Management, Technical Documentation, Customer Success, Change Management, Resource Planning, Risk Management, System Monitoring, Snowflake, AWS, Google Analytics, Google Cloud
Deterministic profile match: 16 profile skills mentioned; title alignment 0.0/3.0; domain signals 11. Title relevance penalty 1.0 applied.",,,,,,,,Remote,,,,,2026-05-14T21:37:59.870693+00:00,not_checked_network_restricted,Not finalized: outbound link checking was blocked in sandbox.
,,,7,Senior Salesforce Project Manager,,Plative,https://www.linkedin.com/jobs/view/4411521740,unknown,"Mentoring, Risk Management, Jira
Deterministic profile match: 3 profile skills mentioned; title alignment 2.0/3.0; domain signals 7.",,,,,,,,,,,,,2026-05-14T21:37:59.870693+00:00,not_checked_network_restricted,Not finalized: outbound link checking was blocked in sandbox.
,,,7,Senior RHEL Engineer / Team Lead,,Trilogy Innovations,https://www.indeed.com/viewjob?jk=629aa8a71efcd907,hybrid,"Hybrid Project Management, Software Project Management, Milestone Tracking, Root Cause Analysis, CI/CD Collaboration, Program Management, Customer Success, Change Management, Deployment Workflows, Workflow Automation, Policy Automation, Data Pipelines, Legal Technology
Deterministic profile match: 13 profile skills mentioned; title alignment 0.0/3.0; domain signals 7. Title relevance penalty 1.0 applied.",,,,,,"Remote, US (Remote)",,"Remote, US (Remote)",https://trilogyinnovations.applytojob.com/apply/OSql8q502D/Senior-RHEL-Engineer-Team-Lead?source=INDE&~,,,,2026-05-14T21:37:59.870693+00:00,not_checked_network_restricted,Not finalized: outbound link checking was blocked in sandbox.
,,,7,Product Owner,,Realtime Clinical Trial Management Systems,https://www.indeed.com/viewjob?jk=3a4de16dfbca176c,remote,"Agile Scrum, Sprint Planning, Retrospectives, Acceptance Criteria Frameworks, Program Management, Technical Documentation, Roadmap Planning, Sprint Reviews, Jira
Deterministic profile match: 9 profile skills mentioned; title alignment 0.0/3.0; domain signals 15.",C:\Users\bsing\.applypilot\tailored_resumes\software-pm\018_8_Realtime_Clinical_Tr_Product_Owner.txt,failed_validation,Company 'Sakhi' missing from experience; Company 'The Samaritans of New York' missing from experience,,,,,"Remote, US (Remote)",https://workforcenow.adp.com/mascsr/default/mdf/recruitment/recruitment.html?cid=9054646f-9aae-42c8-8167-93d86fefbae4&ccId=19000101_000001&jobId=573528&source=IN&lang=en_US,,,,2026-05-14T21:37:59.870693+00:00,not_checked_network_restricted,Not finalized: outbound link checking was blocked in sandbox.
,,,7,Utility Integration Program Manager,,EnergyHub,https://www.indeed.com/viewjob?jk=d4f389da7bda342b,remote,"Machine Learning Frameworks, Program Management, Customer Success, Change Management, Resource Planning
Deterministic profile match: 5 profile skills mentioned; title alignment 1.5/3.0; domain signals 11.",,,,,,,,"Remote, US (Remote)",https://job-boards.greenhouse.io/energyhub/jobs/8533502002,,,,2026-05-14T21:36:03.741595+00:00,not_checked_network_restricted,Not finalized: outbound link checking was blocked in sandbox.
,,,7,Senior Project Manager - ServiceNow Implementation,,Engenious,https://www.linkedin.com/jobs/view/4413984945,hybrid,"Hybrid Project Management, Stakeholder Management, Risk Management, ServiceNow
Deterministic profile match: 4 profile skills mentioned; title alignment 2.0/3.0; domain signals 6.",,,,,,,,,,,,,2026-05-14T21:36:03.741595+00:00,not_checked_network_restricted,Not finalized: outbound link checking was blocked in sandbox.
,,,7,Senior Program Manager – Health IT / EHR Deployment (REMOTE),,Koniag Government Services,https://www.indeed.com/viewjob?jk=a13534ad249fba27,remote,"Data Governance Frameworks, Stakeholder Management, Program Management, Customer Success, Risk Management
Deterministic profile match: 5 profile skills mentioned; title alignment 1.5/3.0; domain signals 7.",,,,,,,,"Remote, US (Remote)",https://jobs.dayforcehcm.com/en-US/kgs/CANDIDATEPORTAL/jobs/8296,,,,2026-05-14T21:36:03.741595+00:00,not_checked_network_restricted,Not finalized: outbound link checking was blocked in sandbox.
,,,7,Remote Implementation Project Manager (ONESOURCE),,Piper Companies,https://www.linkedin.com/jobs/view/4413816358,remote,"Software Project Management, Change Management, ERP, Legal Technology
Deterministic profile match: 4 profile skills mentioned; title alignment 2.5/3.0; domain signals 5.",,,,,,,,Remote,,,,,2026-05-14T21:36:03.741595+00:00,not_checked_network_restricted,Not finalized: outbound link checking was blocked in sandbox.
,,,7,Utility Billing/Customer Information System (CIS) Implementation Project Manager,,BerryDunn,https://www.indeed.com/viewjob?jk=0d20e3aba7b07cda,hybrid,"Hybrid Project Management, Software Project Management, Requirements Gathering, Change Management
Deterministic profile match: 4 profile skills mentioned; title alignment 2.5/3.0; domain signals 5.",,,,,,"Remote, US (Remote)",,"Remote, US (Remote)",https://careers-berrydunn.icims.com/jobs/3826/utility-billing-customer-information-system-%28cis%29-implementation-project-manager/job,,,,2026-05-14T21:33:49.397717+00:00,not_checked_network_restricted,Not finalized: outbound link checking was blocked in sandbox.
,,,7,Technical Client Engagement Manager,,Aspira,https://www.indeed.com/viewjob?jk=1eb7a61564811435,remote,"Sprint Planning, Software Project Management, Stakeholder Management, Technical Documentation, Change Management, QA Coordination, Scheduling Management, Sprint Reviews, Risk Management, Release Coordination, Deployment Workflows, System Monitoring, Jira, Confluence
Deterministic profile match: 14 profile skills mentioned; title alignment 0.0/3.0; domain signals 9. Title relevance penalty 1.0 applied.",C:\Users\bsing\.applypilot\tailored_resumes\software-pm\035_8_Aspira_Technical_Client_Engagement_Manager.txt,failed_validation,Missing required field: projects,,,,,"Remote, US (Remote)",https://grnh.se/b53rq2v19us,,,,2026-05-14T21:33:49.397717+00:00,not_checked_network_restricted,Not finalized: outbound link checking was blocked in sandbox.
,,,7,Sr. Program Manager,,Lynx,https://www.indeed.com/viewjob?jk=0157c941519dcfca,hybrid,"Agile Scrum, Hybrid Project Management, Software Project Management, Program Management, Presentation Skills, Customer Success, Jira, Confluence
Deterministic profile match: 8 profile skills mentioned; title alignment 1.5/3.0; domain signals 5.",,,,,,"Remote, US (Remote)",,"Remote, US (Remote)",https://ats.rippling.com/lynx-software-technologies/jobs/c88c6829-60cc-427f-971c-46bb0f535b34?jobSite=Indeed,,,,2026-05-14T21:33:49.397717+00:00,not_checked_network_restricted,Not finalized: outbound link checking was blocked in sandbox.
,,,7,Senior Project Manager - Oncology,,Precision For Medicine,https://www.linkedin.com/jobs/view/4391850994,unknown,"Software Project Management, Program Management, Presentation Skills, Change Management, SOPs, Risk Management
Deterministic profile match: 6 profile skills mentioned; title alignment 2.0/3.0; domain signals 5.",,,,,,,,,,,,,2026-05-14T21:33:49.397717+00:00,not_checked_network_restricted,Not finalized: outbound link checking was blocked in sandbox.
,,,7,Product Operations Analyst,,Interlace Health,https://www.indeed.com/viewjob?jk=df9ef801f49fdb39,remote,"Agile Scrum, Sprint Planning, Software Project Management, Technical Documentation, Change Management, Release Coordination, Jira, Confluence
Deterministic profile match: 8 profile skills mentioned; title alignment 0.0/3.0; domain signals 12.",,,,,,,,"Remote, US (Remote)",https://interlacehealth.applytojob.com/apply/BirEd5b4gv/Product-Operations-Analyst?source=INDE&~,,,,2026-05-14T21:33:49.397717+00:00,not_checked_network_restricted,Not finalized: outbound link checking was blocked in sandbox.
,,,7,Information Technology Project Manager,,Apprize Technology Solutions,https://www.linkedin.com/jobs/view/4411182687,remote,"Agile Scrum, Kanban, Stakeholder Management, Technical Documentation
Deterministic profile match: 4 profile skills mentioned; title alignment 2.0/3.0; domain signals 7.",,,,,,,,Remote,,,,,2026-05-14T21:33:49.397717+00:00,not_checked_network_restricted,Not finalized: outbound link checking was blocked in sandbox.
,,,7,Engagement Manager,,Neo4j,https://www.indeed.com/viewjob?jk=2387e083dc5a0c83,remote,"Software Project Management, Presentation Skills, Customer Success, Resource Planning, Risk Management, Snowflake, Databricks, MongoDB, Jira, Legal Technology, Google Analytics, Google Cloud
Deterministic profile match: 12 profile skills mentioned; title alignment 0.0/3.0; domain signals 11. Title relevance penalty 1.0 applied.",,,,,,,,"Remote, US (Remote)",https://boards.greenhouse.io/neo4j/jobs/4681406006?gh_jid=4681406006,,,,2026-05-14T21:33:49.397717+00:00,not_checked_network_restricted,Not finalized: outbound link checking was blocked in sandbox.
,,,7,Technical Project Manager,,MANTECH,https://www.indeed.com/viewjob?jk=e0d7afed313dc9ea,remote,"Technical Documentation, Resource Planning, Risk Management
Deterministic profile match: 3 profile skills mentioned; title alignment 3.0/3.0; domain signals 5.",C:\Users\bsing\.applypilot\tailored_resumes\software-pm\041_8_MANTECH_Technical_Project_Manager.txt,failed_validation,Company 'Sakhi' missing from experience; Company 'The Samaritans of New York' missing from experience,Banned words: proven track record,,,,"Remote, US (Remote)",https://careers.mantech.com/en_US/careers/JobDetail/Technical-Project-Manager/63789,,,,2026-05-14T21:31:37.952938+00:00,not_checked_network_restricted,Not finalized: outbound link checking was blocked in sandbox.
,,,7,Senior Project Manager,,"IDR, Inc.",https://www.linkedin.com/jobs/view/4413572804,remote,"Program Management, Jira, Confluence
Deterministic profile match: 3 profile skills mentioned; title alignment 2.0/3.0; domain signals 8.",,,,,,,,Remote,,,,,2026-05-14T21:31:37.952938+00:00,not_checked_network_restricted,Not finalized: outbound link checking was blocked in sandbox.
,,,7,Technical Project Manager,,Reboot Monkey,https://www.linkedin.com/jobs/view/4414640222,hybrid,"Hybrid Project Management, Resource Planning, Jira, ServiceNow
Deterministic profile match: 4 profile skills mentioned; title alignment 3.0/3.0; domain signals 3.",,,,,,Remote,,Remote,,,,,2026-05-14T21:29:36.448824+00:00,not_checked_network_restricted,Not finalized: outbound link checking was blocked in sandbox.
,,,7,Technical Business Analyst-Veeva Vault,,Newpage Digital Healthcare solutions,https://www.indeed.com/viewjob?jk=f6abe54644d6cb07,remote,"Agile Scrum, Sprint Planning, SAFe, Software Project Management, SDLC, Lean Product Development, Retrospectives, Stakeholder Management, Technical Documentation, Requirements Gathering, QA Coordination, Sprint Reviews, Jira, Confluence
Deterministic profile match: 14 profile skills mentioned; title alignment 0.0/3.0; domain signals 14. Title relevance penalty 1.0 applied.",,,,,,,,"Remote, US (Remote)",https://newpage.io/careers/z5G7h3l6a1kMvyS65NP3c40jNNCid8R-dJh3jwMp5dc=,,,,2026-05-14T21:29:36.448824+00:00,not_checked_network_restricted,Not finalized: outbound link checking was blocked in sandbox.
,,,7,Senior Information Technology Project Manager,,Motion Recruitment,https://www.linkedin.com/jobs/view/4413905293,remote,"Software Project Management, SDLC, Stakeholder Management, Risk Management, Jira
Deterministic profile match: 5 profile skills mentioned; title alignment 2.0/3.0; domain signals 7.",,,,,,,,Remote,,,,,2026-05-14T21:29:36.448824+00:00,not_checked_network_restricted,Not finalized: outbound link checking was blocked in sandbox.
,,,7,Scrum Master,,Optomi,https://www.linkedin.com/jobs/view/4414704697,remote,"Agile Scrum, Sprint Planning, SAFe, Retrospectives, Stakeholder Management, Program Management, Sprint Reviews
Deterministic profile match: 7 profile skills mentioned; title alignment 1.5/3.0; domain signals 6.",,,,,,,,Remote,,,,,2026-05-14T21:29:36.448824+00:00,not_checked_network_restricted,Not finalized: outbound link checking was blocked in sandbox.
,,,7,Program Manager,,TISTA Science and Technology Corporation,https://www.indeed.com/viewjob?jk=1b824511b6d45fb2,remote,"Agile Scrum, SAFe, Software Project Management, Program Management, Technical Documentation, Change Management, Resource Planning, Risk Management
Deterministic profile match: 8 profile skills mentioned; title alignment 1.5/3.0; domain signals 7.
Experience cap applied: job asks for 10 years, more than 3 years above candidate's 4 years; capped score at 7.",,,,,,,,"Remote, US (Remote)",https://careers.tistatech.com/jobs/5881/job?utm_source=indeed_integration&iis=Job%20Board&iisn=Indeed&indeed-apply-token=73a2d2b2a8d6d5c0a62696875eaebd669103652d3f0c2cd5445d3e66b1592b0f,,,,2026-05-14T21:29:36.448824+00:00,not_checked_network_restricted,Not finalized: outbound link checking was blocked in sandbox.
,,,7,Cybersecurity Operations Program Manager,,Electrosoft Services Inc,https://www.indeed.com/viewjob?jk=e3668061d8faebf6,remote,"Software Project Management, SDLC, Stakeholder Management, Program Management, Resource Planning, Risk Management
Deterministic profile match: 6 profile skills mentioned; title alignment 1.5/3.0; domain signals 7.",,,,,,,,"Remote, US (Remote)",https://job-boards.greenhouse.io/electrosoft/jobs/4201763009,,,,2026-05-14T21:29:36.448824+00:00,not_checked_network_restricted,Not finalized: outbound link checking was blocked in sandbox.
,,,6,"Senior Manager, Creative Operations",,Milk Makeup,https://www.linkedin.com/jobs/view/4415927983,hybrid,"SAFe
Deterministic refreshed score: 1 profile skills mentioned
title alignment 1.0/3.0
domain signals 8",,,,,,,,,,,,,2026-05-20T23:45:18.467228+00:00,not_checked_network_restricted,Added from ApplyPilot DB; outbound link checking was blocked in sandbox.
,,,6,Project Manager,,RED Global,https://www.linkedin.com/jobs/view/4416150407,unknown,"Deterministic refreshed score: 0 profile skills mentioned
title alignment 2.5/3.0
domain signals 5",,,,,,,,,,,,,2026-05-20T23:42:26.572633+00:00,not_checked_network_restricted,Added from ApplyPilot DB; outbound link checking was blocked in sandbox.
,,,6,Content Project Manager - Part Time,,AllSTEM Connections,https://www.linkedin.com/jobs/view/4415941338,remote,"Customer Success
Deterministic refreshed score: 1 profile skills mentioned
title alignment 2.5/3.0
domain signals 4",,,,,,,,Remote,,,,,2026-05-20T23:42:26.572633+00:00,not_checked_network_restricted,Added from ApplyPilot DB; outbound link checking was blocked in sandbox.
,,,6,"Senior Product Marketing Manager,",,R1 RCM,https://www.indeed.com/viewjob?jk=822d7ef0b1eaf520,remote,"Customer Success
Deterministic refreshed score: 1 profile skills mentioned
title alignment 1.0/3.0
domain signals 9",,,,,,,,"Remote, US (Remote)",https://r1rcm.wd1.myworkdayjobs.com/en-US/R1RCM/job/Remote-USA/Senior-Product-Marketing-Manager-_R260000003358,,,,2026-05-20T23:38:50.206073+00:00,not_checked_network_restricted,Added from ApplyPilot DB; outbound link checking was blocked in sandbox.
,,,6,"Project Manager, Capital Projects",,Harrington Process Solutions,https://www.indeed.com/viewjob?jk=f61f18700f8c995f,remote,"Deterministic refreshed score: 0 profile skills mentioned
title alignment 2.5/3.0
domain signals 2",,,,,,,,"Remote, US (Remote)",https://jobs.dayforcehcm.com/en-US/harrington/CANDIDATEPORTAL/jobs/3339,,,,2026-05-20T23:38:50.206073+00:00,not_checked_network_restricted,Added from ApplyPilot DB; outbound link checking was blocked in sandbox.
,,,6,Product Manager – Lab Equipment Services,,Technical Safety Services,https://www.indeed.com/viewjob?jk=8cc02f172e4d8ded,remote,"SAFe, Stakeholder Management
Deterministic refreshed score: 2 profile skills mentioned
title alignment 1.5/3.0
domain signals 3",,,,,,,,"Remote, US (Remote)",https://technicalsafetyservices.applytojob.com/apply/9HGRe8gH5k/Product-Manager-Lab-Equipment-Services?source=INDE&~,,,,2026-05-20T23:38:50.206073+00:00,not_checked_network_restricted,Added from ApplyPilot DB; outbound link checking was blocked in sandbox.
,,,6,Product Manager - Commercial Multi-Peril,,American Family Insurance,https://www.indeed.com/viewjob?jk=3a433a02b3891338,remote,"AWS, ERP, Root Cause Analysis
Deterministic refreshed score: 3 profile skills mentioned
title alignment 1.5/3.0
domain signals 6",,,,,,,,"Remote, US (Remote)",https://amfam.wd1.myworkdayjobs.com/en-US/Careers/job/Remote-Work/Product-Manager---Commercial-Multi-Peril_R38806,,,,2026-05-20T23:38:50.206073+00:00,not_checked_network_restricted,Added from ApplyPilot DB; outbound link checking was blocked in sandbox.
,,,6,Product Manager,,Acquia,https://www.indeed.com/viewjob?jk=feb394b1b447442e,remote,"Deterministic refreshed score: 0 profile skills mentioned
title alignment 1.5/3.0
domain signals 10",,,,,,,,"Remote, US (Remote)",https://grnh.se/9297wjtk1us,,,,2026-05-20T23:38:50.206073+00:00,not_checked_network_restricted,Added from ApplyPilot DB; outbound link checking was blocked in sandbox.
,,,6,Data Privacy and Compliance Engineering Program Manager,,INSPYR Solutions,https://www.linkedin.com/jobs/view/4414257689,remote,"AWS, ERP, Presentation Skills
Deterministic refreshed score: 3 profile skills mentioned
title alignment 1.5/3.0
domain signals 8",,,,,,,,Remote,,,,,2026-05-20T23:38:50.206073+00:00,not_checked_network_restricted,Added from ApplyPilot DB; outbound link checking was blocked in sandbox.
,,,6,Project Manager,,MMG,https://www.linkedin.com/jobs/view/4416269521,onsite,"SAFe
Deterministic refreshed score: 1 profile skills mentioned
title alignment 2.5/3.0
domain signals 1",,,,,,,,,,,,,2026-05-20T23:35:50.486677+00:00,not_checked_network_restricted,Added from ApplyPilot DB; outbound link checking was blocked in sandbox.
,,,6,Proposal Manager - Aviation,,GFT,https://www.indeed.com/viewjob?jk=82ca3dcf661a5280,remote,"ERP, Mentoring, Resource Planning
Deterministic refreshed score: 3 profile skills mentioned
title alignment 1.0/3.0
domain signals 8",,,,,,,,"Remote, US (Remote)",https://careers-gannettfleming.icims.com/jobs/14145/job?utm_source=indeed_integration&iis=Job%20Board&iisn=Indeed&indeed-apply-token=73a2d2b2a8d6d5c0a62696875eaebd669103652d3f0c2cd5445d3e66b1592b0f,,,,2026-05-20T23:32:56.497262+00:00,not_checked_network_restricted,Added from ApplyPilot DB; outbound link checking was blocked in sandbox.
,,,6,"Manager, IT Business Services Portfolio",,Radiology Partners,https://www.indeed.com/viewjob?jk=663c42682d9d9e4f,remote,"SAFe
Deterministic refreshed score: 1 profile skills mentioned
title alignment 1.0/3.0
domain signals 12",,,,,,,,"Remote, US (Remote)",https://radpartners.avature.net/careersmarketplace/JobDetail/Manager-IT-Business-Services-Portfolio/19989,,,,2026-05-20T23:32:56.497262+00:00,not_checked_network_restricted,Added from ApplyPilot DB; outbound link checking was blocked in sandbox.
,,,6,"Manager, Document Operations",,OneSource Virtual,https://www.indeed.com/viewjob?jk=ac3ad7f8cca06b05,remote,"Change Management
Deterministic refreshed score: 1 profile skills mentioned
title alignment 1.0/3.0
domain signals 11",,,,,,,,"Remote, US (Remote)",https://vhr-osvhr.wd1.myworkdayjobs.com/en-US/OSV_External_Career_Site/job/US-Remote/Manager--Document-Operations_REQ-2026-150,,,,2026-05-20T23:32:56.497262+00:00,not_checked_network_restricted,Added from ApplyPilot DB; outbound link checking was blocked in sandbox.
,,,6,Full Stack Developer,,TCPWave,https://www.indeed.com/viewjob?jk=3aa550f557c45270,hybrid,"AI/ML, AWS, ERP, GitHub, Google Cloud, JavaScript, Jira, MongoDB, PostgreSQL, Python, Retrospectives, Sprint Planning, SQL, Technical Documentation
Deterministic refreshed score: 14 profile skills mentioned
title alignment 0.0/3.0
domain signals 16",,,,,,,,"Remote, US (Remote)",http://www.indeed.com/job/full-stack-developer-3aa550f557c45270,,,,2026-05-20T23:32:56.497262+00:00,not_checked_network_restricted,Added from ApplyPilot DB; outbound link checking was blocked in sandbox.
,,,6,Tech Lead - Delivery Manager,,Dexian Brasil,https://www.linkedin.com/jobs/view/4416196911,unknown,"Deterministic refreshed score: 0 profile skills mentioned
title alignment 2.0/3.0
domain signals 5",,,,,,,,,,,,,2026-05-20T23:30:56.351886+00:00,not_checked_network_restricted,Added from ApplyPilot DB; outbound link checking was blocked in sandbox.
,,,6,"Staff Customer Success Manager, Majors (Financial Services) New",,Chainguard,https://www.indeed.com/viewjob?jk=aba2567f3eecc649,remote,"Customer Success, ERP, Snowflake
Deterministic refreshed score: 3 profile skills mentioned
title alignment 1.0/3.0
domain signals 9",,,,,,,,"Remote, US (Remote)",https://job-boards.greenhouse.io/chainguard/jobs/4682909006,,,,2026-05-20T23:30:56.351886+00:00,not_checked_network_restricted,Added from ApplyPilot DB; outbound link checking was blocked in sandbox.
,,,6,"Senior Manager, Customer and Product Training",,GrowthZone,https://www.indeed.com/viewjob?jk=0034abfdeb16a179,remote,"Customer Success, HubSpot, Mentoring, Resource Planning
Deterministic refreshed score: 4 profile skills mentioned
title alignment 1.0/3.0
domain signals 5",,,,,,,,"Remote, US (Remote)",https://www.growthzone.com/careers?gnk=job&gni=8a7883a89e235a19019e4329565e15dd&gns=Indeed+Free,,,,2026-05-20T23:30:56.351886+00:00,not_checked_network_restricted,Added from ApplyPilot DB; outbound link checking was blocked in sandbox.
,,,6,Senior Delivery Manager (Ref:itDvp),,RSight®,https://www.linkedin.com/jobs/view/4417316413,unknown,"Deterministic refreshed score: 0 profile skills mentioned
title alignment 2.0/3.0
domain signals 5",,,,,,,,,,,,,2026-05-20T23:30:56.351886+00:00,not_checked_network_restricted,Added from ApplyPilot DB; outbound link checking was blocked in sandbox.
,,,6,Paid Ads Manager,,Mover Search Marketing,https://www.indeed.com/viewjob?jk=edfd90375f3d649a,remote,"A/B Testing
Deterministic refreshed score: 1 profile skills mentioned
title alignment 1.0/3.0
domain signals 7",,,,,,,,"Remote, US (Remote)",http://www.indeed.com/job/paid-ads-manager-edfd90375f3d649a,,,,2026-05-20T23:30:56.351886+00:00,not_checked_network_restricted,Added from ApplyPilot DB; outbound link checking was blocked in sandbox.
,,,6,"Manager, Field Marketing",,Skillable,https://www.indeed.com/viewjob?jk=5cb71eb0d199a0cf,remote,"AWS, ERP, HubSpot
Deterministic refreshed score: 3 profile skills mentioned
title alignment 1.0/3.0
domain signals 8",,,,,,,,"Remote, US (Remote)",https://ats.rippling.com/skillable-careers/jobs/45d5f270-38c8-4b4a-a57d-24ebab6baf90?jobSite=Indeed,,,,2026-05-20T23:30:56.351886+00:00,not_checked_network_restricted,Added from ApplyPilot DB; outbound link checking was blocked in sandbox.
,,,6,Community Manager - Open Source,,AKUITY,https://www.indeed.com/viewjob?jk=effb0bebcc3aa0d6,remote,"ERP, GitHub
Deterministic refreshed score: 2 profile skills mentioned
title alignment 1.0/3.0
domain signals 7",,,,,,,,"Remote, US (Remote)",https://job-boards.greenhouse.io/akuity/jobs/4181022009,,,,2026-05-20T23:30:56.351886+00:00,not_checked_network_restricted,Added from ApplyPilot DB; outbound link checking was blocked in sandbox.
,,,6,Accounting Manager,,Hasenbank Accounting Services LLC,https://www.indeed.com/viewjob?jk=74ca159b145920e5,remote,"ERP, Mentoring
Deterministic refreshed score: 2 profile skills mentioned
title alignment 1.0/3.0
domain signals 8",,,,,,,,"Remote, US (Remote)",http://www.indeed.com/job/accounting-manager-74ca159b145920e5,,,,2026-05-20T23:30:56.351886+00:00,not_checked_network_restricted,Added from ApplyPilot DB; outbound link checking was blocked in sandbox.
,,,6,Sr. Project Manager – Architecture,,InfiCare Staffing,https://www.linkedin.com/jobs/view/4415904119,hybrid,"Deterministic refreshed score: 0 profile skills mentioned
title alignment 2.5/3.0
domain signals 1",,,,,,,,Remote,,,,,2026-05-20T23:30:01.148192+00:00,not_checked_network_restricted,Added from ApplyPilot DB; outbound link checking was blocked in sandbox.
,,,6,"Sr. Manager, Technical Delivery Management",,Shift Paradigm,https://www.indeed.com/viewjob?jk=fba02c20bd638d40,remote,"ERP
Deterministic refreshed score: 1 profile skills mentioned
title alignment 1.0/3.0
domain signals 12",,,,,,,,"Remote, US (Remote)",https://shiftparadigm.applytojob.com/apply/g5H1eCbxDO/Sr-Manager-Technical-Delivery-Management?source=INDE&~,,,,2026-05-20T23:29:02.788372+00:00,not_checked_network_restricted,Added from ApplyPilot DB; outbound link checking was blocked in sandbox.
,,,6,Project Manager - Field Service,,"Delta Star, Inc.",https://www.indeed.com/viewjob?jk=5f3114a440b30668,remote,"ERP, Program Management, SOPs
Deterministic refreshed score: 3 profile skills mentioned
title alignment 1.5/3.0
domain signals 9",,,,,,,,"Remote, US (Remote)",https://jobs.dayforcehcm.com/en-US/deltastar/CANDIDATEPORTAL/jobs/1195,,,,2026-05-20T23:29:02.788372+00:00,not_checked_network_restricted,Added from ApplyPilot DB; outbound link checking was blocked in sandbox.
,,,6,Project Coordinator,,Foundant Technologies,https://www.indeed.com/viewjob?jk=ed9a02a579422623,remote,"Deterministic refreshed score: 0 profile skills mentioned
title alignment 1.0/3.0
domain signals 13",,,,,,,,"Remote, US (Remote)",https://ats.rippling.com/foundant-careers/jobs/a9fdfeec-0bb3-4c42-9a69-000cd35b89bf?jobSite=Indeed,,,,2026-05-20T23:29:02.788372+00:00,not_checked_network_restricted,Added from ApplyPilot DB; outbound link checking was blocked in sandbox.
,,,6,Manager Implementation Project Management Ops,,Paylocity,https://www.linkedin.com/jobs/view/4407455744,remote,"AWS
Deterministic refreshed score: 1 profile skills mentioned
title alignment 1.0/3.0
domain signals 11",,,,,,,,Remote,,,,,2026-05-20T23:29:02.788372+00:00,not_checked_network_restricted,Added from ApplyPilot DB; outbound link checking was blocked in sandbox.
,,,6,Contact Center / BPO Account Manager,,TP,https://www.indeed.com/viewjob?jk=b4e86f5cd2ad6128,remote,"ERP, SAFe
Deterministic refreshed score: 2 profile skills mentioned
title alignment 1.0/3.0
domain signals 6",,,,,,,,"Remote, US (Remote)",https://careersus-teleperformance.icims.com/jobs/82453/job?utm_source=indeed_integration&iis=Job%20Board&iisn=Indeed&indeed-apply-token=73a2d2b2a8d6d5c0a62696875eaebd669103652d3f0c2cd5445d3e66b1592b0f,,,,2026-05-20T23:29:02.788372+00:00,not_checked_network_restricted,Added from ApplyPilot DB; outbound link checking was blocked in sandbox.
,,,6,Senior Project Manager,,52X Consulting LLC,https://www.linkedin.com/jobs/view/4416186199,unknown,"Mentoring
Deterministic refreshed score: 1 profile skills mentioned
title alignment 2.5/3.0
domain signals 4",,,,,,,,,,,,,2026-05-20T23:24:40.954702+00:00,not_checked_network_restricted,Added from ApplyPilot DB; outbound link checking was blocked in sandbox.
,,,6,Marketing Project Manager,,The Fountain Group,https://www.linkedin.com/jobs/view/4416274788,remote,"Software Project Management, Stakeholder Management, Requirements Gathering
Deterministic profile match: 3 profile skills mentioned; title alignment 2.0/3.0; domain signals 5.",,,,,,,,Remote,,,,,2026-05-19T03:47:58.625216+00:00,not_checked_network_restricted,Not finalized: outbound link checking was blocked in sandbox.
,,,6,Customer Program Manager | DX,,Atlassian,https://www.linkedin.com/jobs/view/4416493026,remote,"Software Project Management, Program Management, Customer Success, Change Management, GitHub
Deterministic profile match: 5 profile skills mentioned; title alignment 1.5/3.0; domain signals 3.",,,,,,,,Remote,,,,,2026-05-19T03:47:58.625216+00:00,not_checked_network_restricted,Not finalized: outbound link checking was blocked in sandbox.
,,,6,Project Manager - E-invoicing + AI SaaS,,Recommend Recruitment Ltd,https://www.linkedin.com/jobs/view/4412276001,hybrid,"Hybrid Project Management, Stakeholder Management, Customer Success
Deterministic profile match: 3 profile skills mentioned; title alignment 2.0/3.0; domain signals 6.",,,,,,Remote,,Remote,,,,,2026-05-19T03:45:43.877251+00:00,not_checked_network_restricted,Not finalized: outbound link checking was blocked in sandbox.
,,,6,Project Manager,,PeopleX Inc. Active Connector Group,https://www.linkedin.com/jobs/view/4415467819,remote,"Customer Success, AI/ML
Deterministic profile match: 2 profile skills mentioned; title alignment 2.0/3.0; domain signals 5.",,,,,,,,Remote,,,,,2026-05-19T03:45:43.877251+00:00,not_checked_network_restricted,Not finalized: outbound link checking was blocked in sandbox.
,,,6,Program Manager,,HCLTech,https://www.linkedin.com/jobs/view/4416200519,unknown,"Data Governance Frameworks, Stakeholder Management, Program Management, Scheduling Management
Deterministic profile match: 4 profile skills mentioned; title alignment 1.5/3.0; domain signals 3.",,,,,,,,,,,,,2026-05-19T03:45:43.877251+00:00,not_checked_network_restricted,Not finalized: outbound link checking was blocked in sandbox.
,,,6,Principal Client Onboarding & Implementation Manager,,Ometria,https://www.linkedin.com/jobs/view/4403953672,remote,"Stakeholder Management, Technical Documentation, Roadmap Planning, Resource Planning, Risk Management
Deterministic profile match: 5 profile skills mentioned; title alignment 0.0/3.0; domain signals 9.",,,,,,,,Remote,,,,,2026-05-19T03:44:41.785105+00:00,not_checked_network_restricted,Not finalized: outbound link checking was blocked in sandbox.
,,,6,Technical Program Manager (Coupa / Icertis),,JMD Technologies Inc.,https://www.linkedin.com/jobs/view/4413808288,remote,"Stakeholder Management, Program Management
Deterministic profile match: 2 profile skills mentioned; title alignment 2.0/3.0; domain signals 5.",,,,,,,,Remote,,,,,2026-05-19T03:41:57.324976+00:00,not_checked_network_restricted,Not finalized: outbound link checking was blocked in sandbox.
,,,6,"Staff Product Manager, Healthcare",,GoTo,https://www.indeed.com/viewjob?jk=03fc81952da2ef1c,remote,"Program Management, Customer Success, Change Management
Deterministic profile match: 3 profile skills mentioned; title alignment 1.0/3.0; domain signals 6.",,,,,,,,"Remote, US (Remote)",https://goto.wd5.myworkdayjobs.com/en-US/GoToCareers/job/Remote-US/Staff-Product-Manager--Healthcare_R26-2089,,,,2026-05-19T03:41:57.324976+00:00,not_checked_network_restricted,Not finalized: outbound link checking was blocked in sandbox.
,,,6,"Senior Program Manager, Dedicated Workplace Teams",,Spring Health,https://www.linkedin.com/jobs/view/4397575685,remote,"Stakeholder Management, Program Management, Customer Success, Change Management, Legal Technology
Deterministic profile match: 5 profile skills mentioned; title alignment 1.5/3.0; domain signals 4.",,,,,,,,Remote,,,,,2026-05-19T03:41:57.324976+00:00,not_checked_network_restricted,Not finalized: outbound link checking was blocked in sandbox.
,,,6,Senior Consultant - Digital Program Manager - Healthcare,,Nordic Global,https://www.linkedin.com/jobs/view/4113940193,unknown,"Stakeholder Management, Program Management, Change Management
Deterministic profile match: 3 profile skills mentioned; title alignment 1.5/3.0; domain signals 6.",,,,,,,,,,,,,2026-05-19T03:41:57.324976+00:00,not_checked_network_restricted,Not finalized: outbound link checking was blocked in sandbox.
,,,6,Project Manager (Multiple Levels),,Noblis,https://www.indeed.com/viewjob?jk=19f1e64d2fc0f306,hybrid,"Hybrid Project Management, Program Management, Change Management
Deterministic profile match: 3 profile skills mentioned; title alignment 2.0/3.0; domain signals 2.",,,,,,"Remote, US (Remote)",,"Remote, US (Remote)",https://careers.noblis.org/jobs/27111/job?utm_source=indeed_integration&iis=Job%20Board&iisn=Indeed&indeed-apply-token=73a2d2b2a8d6d5c0a62696875eaebd669103652d3f0c2cd5445d3e66b1592b0f,,,,2026-05-19T03:41:57.324976+00:00,not_checked_network_restricted,Not finalized: outbound link checking was blocked in sandbox.
,,,6,Application Security Program Manager,,XBOW,https://www.linkedin.com/jobs/view/4415654607,remote,"Program Management, Technical Documentation, Customer Success, Risk Management, GitHub
Deterministic profile match: 5 profile skills mentioned; title alignment 1.5/3.0; domain signals 5.",,,,,,,,Remote,,,,,2026-05-19T03:41:57.324976+00:00,not_checked_network_restricted,Not finalized: outbound link checking was blocked in sandbox.
,,,6,"Senior Software Quality Engineer, Imaging Systems",,Cleerly,https://www.indeed.com/viewjob?jk=c21e1a10e15c0e1e,remote,"Python, Sprint Planning, SAFe, Software Project Management, Program Management, Change Management, Sprint Reviews, Risk Management, AWS, Jira, Confluence, Google Sheets, Google Cloud
Deterministic profile match: 13 profile skills mentioned; title alignment 0.0/3.0; domain signals 5. Title relevance penalty 1.0 applied.",,,,,,,,"Remote, US (Remote)",https://cleerlyhealth.com/careers-board?gh_jid=5997795004,,,,2026-05-19T03:39:44.477961+00:00,not_checked_network_restricted,Not finalized: outbound link checking was blocked in sandbox.
,,,6,Program Manager,,Gifthealth,https://www.linkedin.com/jobs/view/4416414340,remote,"Program Management, Customer Success, QA Coordination, Resource Planning, SOPs
Deterministic profile match: 5 profile skills mentioned; title alignment 1.5/3.0; domain signals 3.",,,,,,,,Remote,,,,,2026-05-19T03:39:44.477961+00:00,not_checked_network_restricted,Not finalized: outbound link checking was blocked in sandbox.
,,,6,Commercialization Program Manager,,Genus PLC,https://www.linkedin.com/jobs/view/4413241664,unknown,"Technical Documentation, Customer Success, Legal Technology
Deterministic profile match: 3 profile skills mentioned; title alignment 1.5/3.0; domain signals 4.",,,,,,,,,,,,,2026-05-19T03:39:44.477961+00:00,not_checked_network_restricted,Not finalized: outbound link checking was blocked in sandbox.
,,,6,Project Manager - $52.88 - $62.50 per hour,,7Seventy Recruiting,https://www.linkedin.com/jobs/view/4412816546,remote,"Python, Technical Documentation, AWS
Deterministic profile match: 3 profile skills mentioned; title alignment 2.0/3.0; domain signals 6.",,,,,,,,Remote,,,,,2026-05-19T03:38:37.176824+00:00,not_checked_network_restricted,Not finalized: outbound link checking was blocked in sandbox.
,,,6,Project Manager,,Atlas Search,https://www.linkedin.com/jobs/view/4412804930,unknown,"Stakeholder Management, Change Management, Risk Management, Jira
Deterministic profile match: 4 profile skills mentioned; title alignment 2.0/3.0; domain signals 4.",,,,,,,,,,,,,2026-05-19T03:36:45.605646+00:00,not_checked_network_restricted,Not finalized: outbound link checking was blocked in sandbox.
,,,6,Project Manager,,HM Revenue & Customs,https://www.linkedin.com/jobs/view/4412839260,unknown,Deterministic profile match: 0 profile skills mentioned; title alignment 2.0/3.0; domain signals 6.,,,,,,,,,,,,,2026-05-19T03:35:32.190761+00:00,not_checked_network_restricted,Not finalized: outbound link checking was blocked in sandbox.
,,,6,Project Manager,,Fluence,https://www.linkedin.com/jobs/view/4416261064,remote,"Software Project Management, Program Management, Customer Success
Deterministic profile match: 3 profile skills mentioned; title alignment 2.0/3.0; domain signals 4.",,,,,,,,Remote,,,,,2026-05-19T03:35:32.190761+00:00,not_checked_network_restricted,Not finalized: outbound link checking was blocked in sandbox.
,,,6,Cross-Functional Project Coordinator,,Digistore24 USA,https://www.linkedin.com/jobs/view/4412819872,unknown,"Ecommerce Workflows, Stakeholder Management, Technical Documentation, Customer Success, Workflow Automation, Jira
Deterministic profile match: 6 profile skills mentioned; title alignment 0.0/3.0; domain signals 11.",,,,,,,,,,,,,2026-05-19T03:35:32.190761+00:00,not_checked_network_restricted,Not finalized: outbound link checking was blocked in sandbox.
,,,6,Senior Project Manager,,Resident360,https://www.linkedin.com/jobs/view/4416273924,remote,"Retrospectives, Change Management, Risk Management, Smartsheet
Deterministic profile match: 4 profile skills mentioned; title alignment 2.0/3.0; domain signals 4.",,,,,,,,Remote,,,,,2026-05-19T03:33:24.221345+00:00,not_checked_network_restricted,Not finalized: outbound link checking was blocked in sandbox.
,,,6,Senior Product Manager - PartsTech Search Experience,,OEConnection,https://www.indeed.com/viewjob?jk=6552d47d1c84c577,hybrid,"OKRs, Roadmap Planning, Customer Success, Resource Planning, AI/ML
Deterministic profile match: 5 profile skills mentioned; title alignment 1.0/3.0; domain signals 7.",,,,,,"Remote, US (Remote)",,"Remote, US (Remote)",https://jobs.dayforcehcm.com/en-US/oec/USCANDIDATEPORTAL/jobs/7780,,,,2026-05-19T03:33:24.221345+00:00,not_checked_network_restricted,Not finalized: outbound link checking was blocked in sandbox.
,,,6,"Project Manager I, Project Management",,Liberty Mutual Insurance,https://www.indeed.com/viewjob?jk=1598ccc018a7f9ab,remote,"Stakeholder Management, Mentoring, SOPs, Risk Management
Deterministic profile match: 4 profile skills mentioned; title alignment 2.0/3.0; domain signals 3.",,,,,,,,"Remote, US (Remote)",https://searchjobs.libertymutualgroup.com/careers/job/618516188524?microsite=libertymutual.com&domain=libertymutual.com,,,,2026-05-19T03:30:57.247300+00:00,not_checked_network_restricted,Not finalized: outbound link checking was blocked in sandbox.
,,,6,Senior Project Manager (Contract),,Movement Strategy,https://www.linkedin.com/jobs/view/4406624343,remote,"Software Project Management, Program Management, Resource Planning
Deterministic profile match: 3 profile skills mentioned; title alignment 2.0/3.0; domain signals 2.",,,,,,,,Remote,,,,,2026-05-19T03:28:48.056786+00:00,not_checked_network_restricted,Not finalized: outbound link checking was blocked in sandbox.
,,,6,Senior Project Manager,,GH Engage,https://www.linkedin.com/jobs/view/4411888102,unknown,"Stakeholder Management, Risk Management
Deterministic profile match: 2 profile skills mentioned; title alignment 2.0/3.0; domain signals 4.",,,,,,,,,,,,,2026-05-19T03:28:48.056786+00:00,not_checked_network_restricted,Not finalized: outbound link checking was blocked in sandbox.
,,,6,Senior Project Manager,,BCD Meetings & Events,https://www.linkedin.com/jobs/view/4416074882,onsite,"Stakeholder Management, Program Management, Mentoring, Change Management, Risk Management, Microsoft Planner
Deterministic profile match: 6 profile skills mentioned; title alignment 2.0/3.0; domain signals 2.",,,,,,,,,,,,,2026-05-19T03:28:48.056786+00:00,not_checked_network_restricted,Not finalized: outbound link checking was blocked in sandbox.
,,,6,Application Program Manager (SR-5266958-APM),,LMG Technology Services LLC,https://www.indeed.com/viewjob?jk=8c550f27181152c9,remote,"Program Management, Change Management, Resource Planning
Deterministic profile match: 3 profile skills mentioned; title alignment 1.5/3.0; domain signals 5.",,,,,,,,"Remote, US (Remote)",https://ht-jobs.net/c891ou6?s=in,,,,2026-05-19T03:28:48.056786+00:00,not_checked_network_restricted,Not finalized: outbound link checking was blocked in sandbox.
,,,6,UM Product Operations Analyst,,"Availity, LLC.",https://www.indeed.com/viewjob?jk=d8666ac563bec0d6,remote,"Software Project Management, Stakeholder Management, Program Management, Customer Success, Change Management
Deterministic profile match: 5 profile skills mentioned; title alignment 0.0/3.0; domain signals 9.",,,,,,,,"Remote, US (Remote)",https://availity.wd1.myworkdayjobs.com/en-US/Availity_Careers_US/job/Remote---United-States/UM-Product-Operations-Analyst--Remote-_R0008218,,,,2026-05-19T03:26:29.194443+00:00,not_checked_network_restricted,Not finalized: outbound link checking was blocked in sandbox.
,,,6,Technical Program Manager,,Advantech,https://www.indeed.com/viewjob?jk=1e7bbd9397da3340,remote,"Software Project Management, Stakeholder Management, Program Management
Deterministic profile match: 3 profile skills mentioned; title alignment 2.0/3.0; domain signals 4.",,,,,,,,"Remote, US (Remote)",https://workatadvantech.com/job-vacancies/?gnk=job&gni=8a7883a89e235a19019e3d1367336a24&gns=Indeed+Free,,,,2026-05-19T03:26:29.194443+00:00,not_checked_network_restricted,Not finalized: outbound link checking was blocked in sandbox.
,,,6,"Senior Clinical Project Manager, EU",,Rho,https://www.linkedin.com/jobs/view/4416096497,onsite,"SAFe, Presentation Skills, Mentoring, Change Management, Risk Management
Deterministic profile match: 5 profile skills mentioned; title alignment 2.0/3.0; domain signals 3.",,,,,,,,,,,,,2026-05-19T03:26:29.194443+00:00,not_checked_network_restricted,Not finalized: outbound link checking was blocked in sandbox.
,,,6,Project Manager: Installation Services,,Security Camera Warehouse,https://www.indeed.com/viewjob?jk=b093a505eba90066,remote,"Program Management, Technical Documentation, Presentation Skills, Customer Success, Change Management
Deterministic profile match: 5 profile skills mentioned; title alignment 2.0/3.0; domain signals 1.",,,,,,,,"Remote, US (Remote)",http://www.indeed.com/job/project-manager-installation-services-b093a505eba90066,,,,2026-05-19T03:26:29.194443+00:00,not_checked_network_restricted,Not finalized: outbound link checking was blocked in sandbox.
,,,6,Project Manager - Audio Visual Integration,,Diversified,https://www.indeed.com/viewjob?jk=7dcce4105268f7b8,remote,"Technical Documentation, Change Management, Scheduling Management, System Monitoring, Legal Technology
Deterministic profile match: 5 profile skills mentioned; title alignment 2.0/3.0; domain signals 1.",,,,,,,,"Remote, US (Remote)",https://jobs.dayforcehcm.com/en-US/diversified/CANDIDATEPORTAL/jobs/19377,,,,2026-05-19T03:26:29.194443+00:00,not_checked_network_restricted,Not finalized: outbound link checking was blocked in sandbox.
,,,6,Product Manager,,SIL International,https://www.indeed.com/viewjob?jk=3ac3576bb15082f1,remote,"Sprint Planning, Software Project Management, Program Management, Roadmap Planning, Sprint Reviews
Deterministic profile match: 5 profile skills mentioned; title alignment 1.0/3.0; domain signals 6.",,,,,,,,"Remote, US (Remote)",https://wycliffe.wd1.myworkdayjobs.com/en-US/SIL_Careers/job/Worldwide/Product-Manager_R16579,,,,2026-05-19T03:26:29.194443+00:00,not_checked_network_restricted,Not finalized: outbound link checking was blocked in sandbox.
,,,6,IT Project Manager (Remote),,Stage 4 Solutions,https://www.linkedin.com/jobs/view/4412836525,remote,"Jira, Confluence
Deterministic profile match: 2 profile skills mentioned; title alignment 2.5/3.0; domain signals 2.",,,,,,,,Remote,,,,,2026-05-19T03:26:29.194443+00:00,not_checked_network_restricted,Not finalized: outbound link checking was blocked in sandbox.
,,,6,Digital Project Manager - BLOX,,Lee Enterprises,https://www.indeed.com/viewjob?jk=2f7501bee0839060,remote,"Stakeholder Management, Program Management
Deterministic profile match: 2 profile skills mentioned; title alignment 2.0/3.0; domain signals 6.",,,,,,,,"Remote, US (Remote)",https://jobs.dayforcehcm.com/en-US/leeenterprises/CANDIDATEPORTAL/jobs/30642,,,,2026-05-19T03:26:29.194443+00:00,not_checked_network_restricted,Not finalized: outbound link checking was blocked in sandbox.
,,,6,Construction Project Manager,,AKS Engineering & Forestry,https://www.indeed.com/viewjob?jk=cb0f532a31eda7ab,remote,"SAFe, Change Management, QA Coordination, Risk Management
Deterministic profile match: 4 profile skills mentioned; title alignment 2.0/3.0; domain signals 2.",,,,,,,,"Remote, US (Remote)",https://grnh.se/37w23iyz9us,,,,2026-05-19T03:26:29.194443+00:00,not_checked_network_restricted,Not finalized: outbound link checking was blocked in sandbox.
,,,6,Senior Cloud Engineer,,BMO,https://bmo.wd3.myworkdayjobs.com/External/job/REMOTETELETRAVAIL-ON-CAN/Senior-Cloud-Engineer_R260012816,remote,"Python, JavaScript, Change Management, Training Enablement, Deployment Workflows, Policy Automation, AWS, GitHub
Deterministic profile match: 8 profile skills mentioned; title alignment 0.0/3.0; domain signals 8. Title relevance penalty 1.0 applied.",,,,,,,,"REMOTE/TELETRAVAIL, ON, CAN",https://bmo.wd3.myworkdayjobs.com/External/job/REMOTETELETRAVAIL-ON-CAN/Senior-Cloud-Engineer_R260012816,,,,2026-05-14T22:38:01.137015+00:00,not_checked_network_restricted,Not finalized: outbound link checking was blocked in sandbox.
,,,6,"Sr. Grants Management Implementation Consultant, Higher Education",,Workday,https://workday.wd5.myworkdayjobs.com/Workday/job/USA-Remote/Sr-Grants-Management-Implementation-Consultant--Higher-Education_JR-0106899,remote,"Software Project Management, Stakeholder Management, Customer Success
Deterministic profile match: 3 profile skills mentioned; title alignment 1.0/3.0; domain signals 6.",,,,,,,,USA Remote,https://workday.wd5.myworkdayjobs.com/Workday/job/USA-Remote/Sr-Grants-Management-Implementation-Consultant--Higher-Education_JR-0106899,,,,2026-05-14T21:56:19.504779+00:00,not_checked_network_restricted,Not finalized: outbound link checking was blocked in sandbox.
,,,6,Senior Project Manager,,LanguageLine Solutions,https://www.linkedin.com/jobs/view/4414661496,unknown,"Program Management, Mentoring, Change Management
Deterministic profile match: 3 profile skills mentioned; title alignment 2.0/3.0; domain signals 3.",,,,,,,,,,,,,2026-05-14T21:52:47.996850+00:00,not_checked_network_restricted,Not finalized: outbound link checking was blocked in sandbox.
,,,6,Clinical Project Manager,,Lightship,https://www.linkedin.com/jobs/view/4399105633,remote,"Stakeholder Management, Change Management, SOPs, Legal Technology
Deterministic profile match: 4 profile skills mentioned; title alignment 2.0/3.0; domain signals 3.",,,,,,,,Remote,,,,,2026-05-14T21:52:47.996850+00:00,not_checked_network_restricted,Not finalized: outbound link checking was blocked in sandbox.
,,,6,Client Program Manager,,Academian,https://www.indeed.com/viewjob?jk=4c3b5a6ed386dea0,remote,"Stakeholder Management, Program Management, Presentation Skills, Customer Success, Scheduling Management
Deterministic profile match: 5 profile skills mentioned; title alignment 1.5/3.0; domain signals 3.",C:\Users\bsing\.applypilot\tailored_resumes\software-pm\057_7_Academian_Client_Program_Manager.txt,failed_validation,Missing required field: projects,,,,,"Remote, US (Remote)",http://www.indeed.com/job/client-program-manager-4c3b5a6ed386dea0,,,,2026-05-14T21:52:47.996850+00:00,not_checked_network_restricted,Not finalized: outbound link checking was blocked in sandbox.
,,,6,Associate Technical Ecommerce Manager,,ePromos,https://www.indeed.com/viewjob?jk=6d4d68fedec5ecaf,remote,"Sprint Planning, Stakeholder Management, Program Management, Technical Documentation, Requirements Gathering, QA Coordination, SOPs, Release Coordination, Google Analytics
Deterministic profile match: 9 profile skills mentioned; title alignment 0.0/3.0; domain signals 8. Title relevance penalty 1.0 applied.",C:\Users\bsing\.applypilot\tailored_resumes\software-pm\054_7_ePromos_Associate_Technical_Ecommerce_Manager.txt,failed_validation,Company 'Sakhi' missing from experience; Company 'The Samaritans of New York' missing from experience,Banned words: proven track record,,,,"Remote, US (Remote)",https://epromos.applytojob.com/apply/3j3j7ZSTLz/Associate-Technical-Ecommerce-Manager?source=INDE&~,,,,2026-05-14T21:52:47.996850+00:00,not_checked_network_restricted,Not finalized: outbound link checking was blocked in sandbox.
,,,6,Project Manager,,Codekeeper,https://www.linkedin.com/jobs/view/4413976971,remote,"Sprint Planning, Software Project Management, Customer Success, Google Cloud
Deterministic profile match: 4 profile skills mentioned; title alignment 2.0/3.0; domain signals 3.",C:\Users\bsing\.applypilot\tailored_resumes\software-pm\026_8_Codekeeper_Project_Manager.txt,failed_validation,Missing required field: projects,,,,,Remote,,,,,2026-05-14T21:50:40.094592+00:00,not_checked_network_restricted,Not finalized: outbound link checking was blocked in sandbox.
,,,6,Project Manager,,6ix,https://www.linkedin.com/jobs/view/4414606518,unknown,"OKRs
Deterministic profile match: 1 profile skills mentioned; title alignment 2.0/3.0; domain signals 5.",C:\Users\bsing\.applypilot\tailored_resumes\software-pm\023_8_6ix_Project_Manager.txt,failed_validation,Missing required field: projects,,,,,,,,,,2026-05-14T21:50:40.094592+00:00,not_checked_network_restricted,Not finalized: outbound link checking was blocked in sandbox.
,,,6,Implementation Manager (AI / HealthTech),,evoke,https://www.linkedin.com/jobs/view/4413442717,onsite,"Python, SQL, JavaScript, Software Project Management, AI/ML, Deployment Workflows
Deterministic profile match: 6 profile skills mentioned; title alignment 0.0/3.0; domain signals 8.",C:\Users\bsing\.applypilot\tailored_resumes\software-pm\081_7_evoke_Implementation_Manager_AI__HealthTech.txt,failed_validation,Company 'Sakhi' missing from experience; Company 'The Samaritans of New York' missing from experience,,,,,,,,,,2026-05-14T21:49:36.838746+00:00,not_checked_network_restricted,Not finalized: outbound link checking was blocked in sandbox.
,,,6,"Project Manager, PR & Analyst Relations",,Fountain,https://www.linkedin.com/jobs/view/4410313657,unknown,"Software Project Management
Deterministic profile match: 1 profile skills mentioned; title alignment 2.0/3.0; domain signals 5.",,,,,,,,,,,,,2026-05-14T21:48:33.976678+00:00,not_checked_network_restricted,Not finalized: outbound link checking was blocked in sandbox.
,,,6,"Product Manager II - Financials, Access & Integrations",,Snapsheet,https://www.indeed.com/viewjob?jk=e5e9b0cbecd30848,remote,"Program Management, Jira, VS Code, Legal Technology
Deterministic profile match: 4 profile skills mentioned; title alignment 1.0/3.0; domain signals 10.",,,,,,,,"Remote, US (Remote)",https://snapsheet.applytojob.com/apply/DpfxQwdw4O/Product-Manager-II-Financials-Access-Integrations?source=INDE&~,,,,2026-05-14T21:48:33.976678+00:00,not_checked_network_restricted,Not finalized: outbound link checking was blocked in sandbox.
,,,6,Implementation Manager,,Foundation Health,https://www.linkedin.com/jobs/view/4409558534,unknown,"Software Project Management, Program Management, Customer Success, Risk Management, Jira, Confluence
Deterministic profile match: 6 profile skills mentioned; title alignment 0.0/3.0; domain signals 10.",,,,,,,,,,,,,2026-05-14T21:48:33.976678+00:00,not_checked_network_restricted,Not finalized: outbound link checking was blocked in sandbox.
,,,6,IT Manager II - Security Infrastructure,,TruStage,https://www.indeed.com/viewjob?jk=9eb2ec6f472acfb1,hybrid,"Hybrid Project Management, Software Project Management, Program Management, Technical Documentation, Roadmap Planning, Mentoring, Change Management, Resource Planning, Risk Management, System Monitoring
Deterministic profile match: 10 profile skills mentioned; title alignment 0.0/3.0; domain signals 8. Title relevance penalty 1.0 applied.",,,,,,"Remote, US (Remote)",,"Remote, US (Remote)",https://trustage.wd1.myworkdayjobs.com/en-US/TruStage/job/Remote---USA/IT-Manager-II---Security-Infrastructure_R-011912,,,,2026-05-14T21:48:33.976678+00:00,not_checked_network_restricted,Not finalized: outbound link checking was blocked in sandbox.
,,,6,Executive Program Manager - Mexico,,JumpCloud,https://www.linkedin.com/jobs/view/4402802810,remote,"Program Management, Presentation Skills, Customer Success, Risk Management
Deterministic profile match: 4 profile skills mentioned; title alignment 1.5/3.0; domain signals 6.",,,,,,,,Remote,,,,,2026-05-14T21:48:33.976678+00:00,not_checked_network_restricted,Not finalized: outbound link checking was blocked in sandbox.
,,,6,Technical Program Manager (TPM),,"Changeis, Inc.",https://www.linkedin.com/jobs/view/4414925645,remote,"Program Management, Technical Documentation, Change Management, Risk Management
Deterministic profile match: 4 profile skills mentioned; title alignment 2.0/3.0; domain signals 2.",,,,,,,,Remote,https://www.linkedin.com/signup/cold-join?source=jobs_registration&session_redirect=https%3A%2F%2Fwww.linkedin.com%2Fjobs%2Fview%2Ftechnical-program-manager-tpm-at-changeis-inc-4414925645&trk=public_jobs_apply-link-offsite_contextual-sign-in-modal_join-link,,,,2026-05-14T21:46:30.549281+00:00,not_checked_network_restricted,Not finalized: outbound link checking was blocked in sandbox.
,,,6,Sr. Technical Program Manager (Remote from Bulgaria),,Smartsheet,https://www.linkedin.com/jobs/view/4384844786,remote,"Program Management, Change Management, Risk Management, Smartsheet
Deterministic profile match: 4 profile skills mentioned; title alignment 2.0/3.0; domain signals 2.",,,,,,,,Remote,https://www.linkedin.com/signup/cold-join?source=jobs_registration&session_redirect=https%3A%2F%2Fbg.linkedin.com%2Fjobs%2Fview%2Fsr-technical-program-manager-remote-from-bulgaria-at-smartsheet-4384844786&trk=public_jobs_apply-link-offsite_contextual-sign-in-modal_join-link,,,,2026-05-14T21:46:30.549281+00:00,not_checked_network_restricted,Not finalized: outbound link checking was blocked in sandbox.
,,,6,Senior Program Manager,,Function Health,https://www.linkedin.com/jobs/view/4414199555,unknown,"A/B Testing, Program Management, Notion
Deterministic profile match: 3 profile skills mentioned; title alignment 1.5/3.0; domain signals 5.",,,,,,,,,https://www.linkedin.com/signup/cold-join?source=jobs_registration&session_redirect=https%3A%2F%2Fwww.linkedin.com%2Fjobs%2Fview%2Fsenior-program-manager-at-function-health-4414199555&trk=public_jobs_apply-link-offsite_contextual-sign-in-modal_join-link,,,,2026-05-14T21:46:30.549281+00:00,not_checked_network_restricted,Not finalized: outbound link checking was blocked in sandbox.
,,,6,Marketing Program Manager,,HH Global,https://www.linkedin.com/jobs/view/4404235104,unknown,"Software Project Management, Program Management, Presentation Skills, Requirements Gathering, Change Management, Scheduling Management
Deterministic profile match: 6 profile skills mentioned; title alignment 1.5/3.0; domain signals 3.",,,,,,,,,https://www.linkedin.com/signup/cold-join?source=jobs_registration&session_redirect=https%3A%2F%2Fwww.linkedin.com%2Fjobs%2Fview%2Fmarketing-program-manager-at-hh-global-4404235104&trk=public_jobs_apply-link-offsite_contextual-sign-in-modal_join-link,,,,2026-05-14T21:44:13.352357+00:00,not_checked_network_restricted,Not finalized: outbound link checking was blocked in sandbox.
,,,6,Manager Technical Program Management- Remote,,Veradigm®,https://www.linkedin.com/jobs/view/4331738689,hybrid,"Hybrid Project Management, Software Project Management, SDLC, Retrospectives, Stakeholder Management, Program Management, Technical Documentation, Customer Success
Deterministic profile match: 8 profile skills mentioned; title alignment 0.0/3.0; domain signals 7.",,,,,,Remote,,Remote,https://www.linkedin.com/signup/cold-join?source=jobs_registration&session_redirect=https%3A%2F%2Fin.linkedin.com%2Fjobs%2Fview%2Fmanager-technical-program-management-remote-at-veradigm%25C2%25AE-4331738689&trk=public_jobs_apply-link-offsite_contextual-sign-in-modal_join-link,,,,2026-05-14T21:44:13.352357+00:00,not_checked_network_restricted,Not finalized: outbound link checking was blocked in sandbox.
,,,6,"Senior Project Manager, Solutions",,"GXO Logistics, Inc.",https://www.linkedin.com/jobs/view/4413739813,unknown,"Software Project Management, Mentoring, Change Management, Resource Planning, Risk Management
Deterministic profile match: 5 profile skills mentioned; title alignment 2.0/3.0; domain signals 3.",,,,,,,,,https://www.linkedin.com/signup/cold-join?source=jobs_registration&session_redirect=https%3A%2F%2Fwww.linkedin.com%2Fjobs%2Fview%2Fsenior-project-manager-solutions-at-gxo-logistics-inc-4413739813&trk=public_jobs_apply-link-offsite_contextual-sign-in-modal_join-link,,,,2026-05-14T21:42:01.891331+00:00,not_checked_network_restricted,Not finalized: outbound link checking was blocked in sandbox.
,,,6,Digital Producer (Project Manager),,Sia/Ready Set Rocket,https://www.linkedin.com/jobs/view/4413826406,unknown,"Software Project Management, Change Management, Resource Planning
Deterministic profile match: 3 profile skills mentioned; title alignment 2.0/3.0; domain signals 4.",C:\Users\bsing\.applypilot\tailored_resumes\software-pm\070_7_SiaReady_Set_Rocket_Digital_Producer_Project_Manager.txt,failed_validation,Company 'Sakhi' missing from experience; Company 'The Samaritans of New York' missing from experience,,,,,,,,,,2026-05-14T21:41:03.898519+00:00,not_checked_network_restricted,Not finalized: outbound link checking was blocked in sandbox.
,,,6,Project Manager (Web Design) | US Clients | Pharma,,eStoreLabs,https://www.linkedin.com/jobs/view/4414625159,unknown,"Stakeholder Management, Requirements Gathering, Figma
Deterministic profile match: 3 profile skills mentioned; title alignment 2.0/3.0; domain signals 6.",,,,,,,,,https://www.linkedin.com/signup/cold-join?source=jobs_registration&session_redirect=https%3A%2F%2Fco.linkedin.com%2Fjobs%2Fview%2Fproject-manager-web-design-us-clients-pharma-at-estorelabs-4414625159&trk=public_jobs_apply-link-offsite_contextual-sign-in-modal_join-link,,,,2026-05-14T21:40:03.505024+00:00,not_checked_network_restricted,Not finalized: outbound link checking was blocked in sandbox.
,,,6,Product Specialist,,BriViz LLC,https://www.indeed.com/viewjob?jk=1ce890d2895787db,remote,"SQL, Software Project Management, SDLC, A/B Testing, Stakeholder Management, Mixpanel
Deterministic profile match: 6 profile skills mentioned; title alignment 0.0/3.0; domain signals 8.",,,,,,,,"Remote, US (Remote)",http://www.indeed.com/job/product-specialist-1ce890d2895787db,,,,2026-05-14T21:40:03.505024+00:00,not_checked_network_restricted,Not finalized: outbound link checking was blocked in sandbox.
,,,6,Technical Writing Manager,,JOURNAL TECHNOLOGIES,https://www.indeed.com/viewjob?jk=fed81718bcf21953,remote,"SQL, Agile Scrum, Technical Documentation, Mentoring, Customer Success, Jira, Confluence, Legal Technology
Deterministic profile match: 8 profile skills mentioned; title alignment 0.0/3.0; domain signals 12. Title relevance penalty 1.0 applied.",,,,,,,,"Remote, US (Remote)",https://ats.rippling.com/journaltech/jobs/55882835-0e72-4103-8b13-d2d80dff69e5?jobSite=Indeed,,,,2026-05-14T21:37:59.870693+00:00,not_checked_network_restricted,Not finalized: outbound link checking was blocked in sandbox.
,,,6,Service & Quality Delivery Manager (m/f/d),,JTI,https://www.linkedin.com/jobs/view/4413563625,remote,"Python, SQL, Root Cause Analysis, Presentation Skills, Resource Planning, Data Pipelines, Databricks, Power BI
Deterministic profile match: 8 profile skills mentioned; title alignment 0.0/3.0; domain signals 8. Title relevance penalty 1.0 applied.",,,,,,,,Remote,,,,,2026-05-14T21:37:59.870693+00:00,not_checked_network_restricted,Not finalized: outbound link checking was blocked in sandbox.
,,,6,Senior Project Manager,,Dexian,https://www.linkedin.com/jobs/view/4414757109,remote,"Risk Management
Deterministic profile match: 1 profile skills mentioned; title alignment 2.0/3.0; domain signals 7.",,,,,,,,Remote,,,,,2026-05-14T21:37:59.870693+00:00,not_checked_network_restricted,Not finalized: outbound link checking was blocked in sandbox.
,,,6,Senior Product Manager Remote - US • Remote,,Daxko,https://www.indeed.com/viewjob?jk=7df0ef285d8100f7,remote,"Presentation Skills, Requirements Gathering, Customer Success
Deterministic profile match: 3 profile skills mentioned; title alignment 1.0/3.0; domain signals 8.",,,,,,,,"Remote, US (Remote)",https://jobs.gem.com/daxko/am9icG9zdDqHGetaLk6XlRLPL6GbeQrE,,,,2026-05-14T21:37:59.870693+00:00,not_checked_network_restricted,Not finalized: outbound link checking was blocked in sandbox.
,,,6,"Project Manager, Implementation",,Evolent,https://www.indeed.com/viewjob?jk=e06b1a03195a17c7,remote,"Program Management, Risk Management, Jira, Confluence
Deterministic profile match: 4 profile skills mentioned; title alignment 2.0/3.0; domain signals 4.",,,,,,,,"Remote, US (Remote)",https://evolent.wd1.myworkdayjobs.com/en-US/External/job/Work-at-Home/Project-Manager--Implementation_JR-916215,,,,2026-05-14T21:36:03.741595+00:00,not_checked_network_restricted,Not finalized: outbound link checking was blocked in sandbox.
,,,6,Project Manager (PeopleSoft),,Intone Networks,https://www.indeed.com/viewjob?jk=75acef33c6f64152,remote,"ERP
Deterministic refreshed score: 1 profile skills mentioned
title alignment 2.5/3.0
domain signals 3",,,,,,,,"Remote, US (Remote)",https://intonenetworks.com/careers-at-intone,,,,2026-05-14T21:36:03.741595+00:00,not_checked_network_restricted,Added from ApplyPilot DB; outbound link checking was blocked in sandbox.
,,,6,Project Manager,,Powersolv Inc,https://www.indeed.com/viewjob?jk=3763036a2084a15e,remote,"Mentoring, SOPs, Release Coordination
Deterministic profile match: 3 profile skills mentioned; title alignment 2.0/3.0; domain signals 2.",,,,,,,,"Remote, US (Remote)",http://www.indeed.com/job/project-manager-3763036a2084a15e,,,,2026-05-14T21:36:03.741595+00:00,not_checked_network_restricted,Not finalized: outbound link checking was blocked in sandbox.
,,,6,Project Manager,,"Stride, Inc.",https://www.indeed.com/viewjob?jk=a0e83ebca894b38f,remote,"Stakeholder Management, Program Management
Deterministic profile match: 2 profile skills mentioned; title alignment 2.0/3.0; domain signals 5.",,,,,,,,"Remote, US (Remote)",https://strideinc.wd1.myworkdayjobs.com/en-US/SK/job/US-Nationwide---Remote/Project-Manager_JR114503,,,,2026-05-14T21:36:03.741595+00:00,not_checked_network_restricted,Not finalized: outbound link checking was blocked in sandbox.
,,,6,Oracle EPM Implementation Project Manager,,Performance Architects,https://www.indeed.com/viewjob?jk=0d4259fa2e2a4e49,remote,"A/B Testing, Program Management, Presentation Skills
Deterministic profile match: 3 profile skills mentioned; title alignment 2.5/3.0; domain signals 4.",,,,,,,,"Remote, US (Remote)",https://apply.appone.com:443/job/6a035b5b9624268c0211ebeb?utm_source=INDEED,,,,2026-05-14T21:36:03.741595+00:00,not_checked_network_restricted,Not finalized: outbound link checking was blocked in sandbox.
,,,6,"Manager, Payroll Implementations - EMEA",,Remote,https://www.indeed.com/viewjob?jk=7f3d2c44f75ff6cf,remote,"Stakeholder Management, Technical Documentation, Customer Success, Change Management, SOPs, Google Sheets
Deterministic profile match: 6 profile skills mentioned; title alignment 0.0/3.0; domain signals 8.",,,,,,,,"Remote, US (Remote)",https://grnh.se/pym70cs83us,,,,2026-05-14T21:36:03.741595+00:00,not_checked_network_restricted,Not finalized: outbound link checking was blocked in sandbox.
,,,6,Implementations Specialist,,Billee,https://www.indeed.com/viewjob?jk=a2e359091ef86e9e,remote,"SQL, Software Project Management, Requirements Gathering, Customer Success, ERP, Risk Management
Deterministic profile match: 6 profile skills mentioned; title alignment 0.0/3.0; domain signals 10.",,,,,,,,"Remote, US (Remote)",https://billee.applytojob.com/apply/TRVHUXM2fz/Implementations-Specialist?source=INDE&~,,,,2026-05-14T21:36:03.741595+00:00,not_checked_network_restricted,Not finalized: outbound link checking was blocked in sandbox.
,,,6,Implementation/Project Manager,,Rising Medical Solutions,https://www.linkedin.com/jobs/view/4414669505,unknown,"Software Project Management, Root Cause Analysis
Deterministic profile match: 2 profile skills mentioned; title alignment 2.5/3.0; domain signals 5.",C:\Users\bsing\.applypilot\tailored_resumes\software-pm\086_7_Rising_Medical_Solut_ImplementationProject_Manager.txt,failed_validation,Missing required field: projects,,,,,,,,,,2026-05-14T21:36:03.741595+00:00,not_checked_network_restricted,Not finalized: outbound link checking was blocked in sandbox.
,,,6,Healthcare IT Project Manager,,"Konica Minolta Healthcare Americas, Inc.",https://www.linkedin.com/jobs/view/4412900875,remote,"Technical Documentation
Deterministic profile match: 1 profile skills mentioned; title alignment 2.5/3.0; domain signals 3.",,,,,,,,Remote,,,,,2026-05-14T21:36:03.741595+00:00,not_checked_network_restricted,Not finalized: outbound link checking was blocked in sandbox.
,,,6,GIS IT Project Manager of Land Management Software (LMS),,MAPDEVS CORP.,https://www.indeed.com/viewjob?jk=9cb73846b333e998,remote,"Software Project Management
Deterministic profile match: 1 profile skills mentioned; title alignment 2.5/3.0; domain signals 3.",,,,,,,,"Remote, US (Remote)",http://www.indeed.com/job/gis-it-project-manager-land-management-software-lms-9cb73846b333e998,,,,2026-05-14T21:36:03.741595+00:00,not_checked_network_restricted,Not finalized: outbound link checking was blocked in sandbox.
,,,6,Delivery Manager - US,,GeorgeJon,https://www.indeed.com/viewjob?jk=468e53e126b0e770,remote,"SQL, Retrospectives, Stakeholder Management, Program Management, Technical Documentation, Customer Success, Change Management, Resource Planning, Risk Management
Deterministic profile match: 9 profile skills mentioned; title alignment 0.0/3.0; domain signals 7. Title relevance penalty 1.0 applied.",,,,,,,,"Remote, US (Remote)",https://georgejon.applytojob.com/apply/bzOL9ESNpa/Delivery-Manager-US?source=INDE&~,,,,2026-05-14T21:36:03.741595+00:00,not_checked_network_restricted,Not finalized: outbound link checking was blocked in sandbox.
,,,6,Senior Project Manager - Customer Migration (Contract),,Oho,https://www.linkedin.com/jobs/view/4414408193,hybrid,"Hybrid Project Management, Stakeholder Management, Customer Success, Change Management, Risk Management
Deterministic profile match: 5 profile skills mentioned; title alignment 2.0/3.0; domain signals 3.",,,,,,Remote,,Remote,,,,,2026-05-14T21:33:49.397717+00:00,not_checked_network_restricted,Not finalized: outbound link checking was blocked in sandbox.
,,,6,Project Manager II - Data Centers,,VERTECH,https://www.indeed.com/viewjob?jk=469e2239b9199b22,remote,"Customer Success, Change Management
Deterministic profile match: 2 profile skills mentioned; title alignment 2.0/3.0; domain signals 4.",,,,,,,,"Remote, US (Remote)",https://www.vertech.com/open-positions?gnk=job&gni=8a78859f9de070d0019e1879bc220226&gns=Indeed+Free,,,,2026-05-14T21:33:49.397717+00:00,not_checked_network_restricted,Not finalized: outbound link checking was blocked in sandbox.
,,,6,Project Manager - Sr.,,Highstep Technologies,https://www.indeed.com/viewjob?jk=1159413b2a2920b5,remote,"Stakeholder Management, Program Management, Risk Management
Deterministic profile match: 3 profile skills mentioned; title alignment 2.0/3.0; domain signals 3.",,,,,,,,"Remote, US (Remote)",http://www.indeed.com/job/project-manager-sr-1159413b2a2920b5,,,,2026-05-14T21:33:49.397717+00:00,not_checked_network_restricted,Not finalized: outbound link checking was blocked in sandbox.
,,,6,Product Operations Coordinator,,EPIC Insurance Brokers & Consultants,https://www.indeed.com/viewjob?jk=c2bf6a0a3ade0998,remote,"SQL, Program Management, Technical Documentation, Resource Planning, Power BI, Smartsheet, Legal Technology
Deterministic profile match: 7 profile skills mentioned; title alignment 0.0/3.0; domain signals 7.",,,,,,,,"Remote, US (Remote)",https://grnh.se/nd44bhxc2us,,,,2026-05-14T21:33:49.397717+00:00,not_checked_network_restricted,Not finalized: outbound link checking was blocked in sandbox.
,,,6,Information Technology Project Manager,,Call Quest Solution,https://www.linkedin.com/jobs/view/4414104991,remote,"Agile Scrum, Change Management
Deterministic profile match: 2 profile skills mentioned; title alignment 2.0/3.0; domain signals 4.",C:\Users\bsing\.applypilot\tailored_resumes\software-pm\008_8_Call_Quest_Solution_Information_Technology_Project_Manager.txt,failed_validation,Missing required field: projects,,,,,Remote,,,,,2026-05-14T21:33:49.397717+00:00,not_checked_network_restricted,Not finalized: outbound link checking was blocked in sandbox.
,,,6,Applications Project Manager - Industrial Water Treatment,,Solenis,https://www.indeed.com/viewjob?jk=e67eacde57469e1a,remote,"Customer Success, Resource Planning, System Monitoring
Deterministic profile match: 3 profile skills mentioned; title alignment 2.0/3.0; domain signals 2.",,,,,,,,"Remote, US (Remote)",https://solenis.wd1.myworkdayjobs.com/en-US/Solenis/job/United-States-of-America-Remote/Applications-Project-Manager---Industrial-Water-Treatment_R0029769,,,,2026-05-14T21:33:49.397717+00:00,not_checked_network_restricted,Not finalized: outbound link checking was blocked in sandbox.
,,,6,Associate Project Manager,,Savills North America,https://www.linkedin.com/jobs/view/4414265547,remote,"Program Management, Technical Documentation, Smartsheet
Deterministic profile match: 3 profile skills mentioned; title alignment 2.0/3.0; domain signals 2.",,,,,,,,Remote,,,,,2026-05-14T21:32:43.337726+00:00,not_checked_network_restricted,Not finalized: outbound link checking was blocked in sandbox.
,,,6,Technical Project Manager,,Identify Solutions,https://www.linkedin.com/jobs/view/4414131027,hybrid,"Hybrid Project Management
Deterministic profile match: 1 profile skills mentioned; title alignment 3.0/3.0; domain signals 3.",,,,,,Remote,,Remote,,,,,2026-05-14T21:31:37.952938+00:00,not_checked_network_restricted,Not finalized: outbound link checking was blocked in sandbox.
,,,6,Sr. Global Project Manager,,Cabot Corporation,https://www.linkedin.com/jobs/view/4411187235,unknown,"SAFe, A/B Testing, Presentation Skills
Deterministic profile match: 3 profile skills mentioned; title alignment 2.0/3.0; domain signals 4.",,,,,,,,,,,,,2026-05-14T21:31:37.952938+00:00,not_checked_network_restricted,Not finalized: outbound link checking was blocked in sandbox.
,,,6,Project Management Officer,,HFM,https://www.linkedin.com/jobs/view/4411156637,unknown,"Technical Documentation, Change Management, Jira, Confluence, Trello, Figma
Deterministic profile match: 6 profile skills mentioned; title alignment 0.0/3.0; domain signals 8.",C:\Users\bsing\.applypilot\tailored_resumes\software-pm\022_8_HFM_Project_Management_Officer.txt,failed_validation,Company 'Sakhi' missing from experience; Company 'The Samaritans of New York' missing from experience,,,,,,,,,,2026-05-14T21:31:37.952938+00:00,not_checked_network_restricted,Not finalized: outbound link checking was blocked in sandbox.
,,,6,Product Owner,,Mutual of Omaha,https://www.indeed.com/viewjob?jk=2e5416e641318379,remote,"SAFe, Retrospectives, Stakeholder Management, Risk Management, System Monitoring
Deterministic profile match: 5 profile skills mentioned; title alignment 0.0/3.0; domain signals 9.",C:\Users\bsing\.applypilot\tailored_resumes\software-pm\017_8_Mutual_of_Omaha_Product_Owner.txt,failed_validation,Company 'Sakhi' missing from experience; Company 'The Samaritans of New York' missing from experience,Banned words: proven track record,,,,"Remote, US (Remote)",https://www.mutualofomaha.com/careers/jobs/detail/504814,,,,2026-05-14T21:31:37.952938+00:00,not_checked_network_restricted,Not finalized: outbound link checking was blocked in sandbox.
,,,6,Senior Program Manager,,ATR International,https://www.linkedin.com/jobs/view/4414715054,unknown,"Stakeholder Management, Program Management, Change Management
Deterministic profile match: 3 profile skills mentioned; title alignment 1.5/3.0; domain signals 5.",,,,,,,,,,,,,2026-05-14T21:30:36.685596+00:00,not_checked_network_restricted,Not finalized: outbound link checking was blocked in sandbox.
,,,6,Sr. Project Manager- Remote,,KOMAN Sustainable Solutions,https://www.indeed.com/viewjob?jk=17617737dd7d90c7,remote,"Software Project Management, Technical Documentation, Change Management, Scheduling Management
Deterministic profile match: 4 profile skills mentioned; title alignment 2.0/3.0; domain signals 3.",,,,,,,,"Remote, US (Remote)",https://kss.hrmdirect.com/employment/view.php?req=3715055&jbsrc=1014&location=cca31bbb-8612-6356-481b-ef411f35bb13,,,,2026-05-14T21:29:36.448824+00:00,not_checked_network_restricted,Not finalized: outbound link checking was blocked in sandbox.
,,,6,Sr. Project Manager- Remote,,KOMAN Family of Companies,https://www.linkedin.com/jobs/view/4414176610,remote,"Software Project Management, Technical Documentation, Change Management, Scheduling Management
Deterministic profile match: 4 profile skills mentioned; title alignment 2.0/3.0; domain signals 3.",,,,,,,,Remote,,,,,2026-05-14T21:29:36.448824+00:00,not_checked_network_restricted,Not finalized: outbound link checking was blocked in sandbox.
,,,6,Senior Staff Cloud Engineer,,Credit Acceptance,https://www.indeed.com/viewjob?jk=c72531553f4436f5,hybrid,"SAFe, Technical Documentation, Mentoring, Customer Success, Policy Automation, AWS, GitHub, Legal Technology, Google Analytics, Google Cloud
Deterministic profile match: 10 profile skills mentioned; title alignment 0.0/3.0; domain signals 9. Title relevance penalty 1.0 applied.",,,,,,"Remote, US (Remote)",,"Remote, US (Remote)",https://creditacceptance.wd5.myworkdayjobs.com/en-US/Credit_Acceptance/job/USA---Remote/Senior-Staff-Cloud-Engineer_R13637,,,,2026-05-14T21:29:36.448824+00:00,not_checked_network_restricted,Not finalized: outbound link checking was blocked in sandbox.
,,,6,Senior Project Manager (Remote),,Trace3,https://www.linkedin.com/jobs/view/4404228370,remote,"Presentation Skills, Customer Success, Change Management, Scheduling Management, ERP, Risk Management
Deterministic profile match: 6 profile skills mentioned; title alignment 2.0/3.0; domain signals 2.",,,,,,,,Remote,,,,,2026-05-14T21:29:36.448824+00:00,not_checked_network_restricted,Not finalized: outbound link checking was blocked in sandbox.
,,,6,Senior Project Manager (Fixed Term contract Pharma Agency),,Avalere Health,https://www.indeed.com/viewjob?jk=f41b0c349d894619,hybrid,"Hybrid Project Management, Software Project Management, Program Management
Deterministic profile match: 3 profile skills mentioned; title alignment 2.0/3.0; domain signals 2.",,,,,,"Remote, US (Remote)",,"Remote, US (Remote)",https://jobs.lever.co/avalerehealth/ae9b9e1a-a5f9-47d6-bea0-ffaa453cebbf?lever-source=Indeed,,,,2026-05-14T21:29:36.448824+00:00,not_checked_network_restricted,Not finalized: outbound link checking was blocked in sandbox.
,,,6,Senior Project Manager,,Centific,https://www.linkedin.com/jobs/view/4414492576,unknown,"SAFe, Program Management, Data Pipelines
Deterministic profile match: 3 profile skills mentioned; title alignment 2.0/3.0; domain signals 2.",,,,,,,,,,,,,2026-05-14T21:29:36.448824+00:00,not_checked_network_restricted,Not finalized: outbound link checking was blocked in sandbox.
,,,6,Information Technology Project Manager,,Talentmatics,https://www.linkedin.com/jobs/view/4413808462,hybrid,"Hybrid Project Management, SDLC, Stakeholder Management
Deterministic profile match: 3 profile skills mentioned; title alignment 2.0/3.0; domain signals 5.",C:\Users\bsing\.applypilot\tailored_resumes\software-pm\090_7_Talentmatics_Information_Technology_Project_Manager.txt,failed_validation,Company 'Sakhi' missing from experience; Company 'The Samaritans of New York' missing from experience,"Banned words: scalable solutions, proven track record",,,,,,,,,2026-05-14T21:29:36.448824+00:00,not_checked_network_restricted,Not finalized: outbound link checking was blocked in sandbox.
,,,6,Information Technology Project Manager,,Salt,https://www.linkedin.com/jobs/view/4411157289,remote,"Software Project Management, Risk Management
Deterministic profile match: 2 profile skills mentioned; title alignment 2.0/3.0; domain signals 5.",C:\Users\bsing\.applypilot\tailored_resumes\software-pm\089_7_Salt_Information_Technology_Project_Manager.txt,failed_validation,Company 'Sakhi' missing from experience; Company 'The Samaritans of New York' missing from experience,,,,,Remote,,,,,2026-05-14T21:29:36.448824+00:00,not_checked_network_restricted,Not finalized: outbound link checking was blocked in sandbox.
,,,5,Customer Success Account Manager - APAC/EMEA,,Adobe,https://adobe.wd5.myworkdayjobs.com/external_experienced/job/Remote-India/Customer-Success-Account-Manager---APAC-EMEA_R166413,remote,"Customer Success
Deterministic refreshed score: 1 profile skills mentioned
title alignment 1.0/3.0
domain signals 3",,,,,,,,Remote India,https://adobe.wd5.myworkdayjobs.com/external_experienced/job/Remote-India/Customer-Success-Account-Manager---APAC-EMEA_R166413,,,,2026-05-20T23:51:33.243250+00:00,not_checked_network_restricted,Added from ApplyPilot DB; outbound link checking was blocked in sandbox.
,,,5,"Senior Manager, E-commerce Business Development",,Wunderkind,https://www.linkedin.com/jobs/view/4413621389,unknown,"Deterministic refreshed score: 0 profile skills mentioned
title alignment 1.0/3.0
domain signals 5",,,,,,,,,,,,,2026-05-20T23:41:28.095623+00:00,not_checked_network_restricted,Added from ApplyPilot DB; outbound link checking was blocked in sandbox.
,,,5,Staff Technical Product Marketing Manager - Platform Infrastructure New,,Temporal Technologies,https://www.indeed.com/viewjob?jk=2d95abc9e8178903,remote,"ERP
Deterministic refreshed score: 1 profile skills mentioned
title alignment 1.0/3.0
domain signals 4",,,,,,,,"Remote, US (Remote)",https://job-boards.greenhouse.io/temporaltechnologies/jobs/5118465007,,,,2026-05-20T23:38:50.206073+00:00,not_checked_network_restricted,Added from ApplyPilot DB; outbound link checking was blocked in sandbox.
,,,5,(Senior) ERP Projectmanager,,REMONDIS Nederland,https://www.linkedin.com/jobs/view/4416146131,unknown,"Change Management, ERP
Deterministic refreshed score: 2 profile skills mentioned
title alignment 1.0/3.0
domain signals 4",,,,,,,,,,,,,2026-05-20T23:34:51.899289+00:00,not_checked_network_restricted,Added from ApplyPilot DB; outbound link checking was blocked in sandbox.
,,,5,Technical Project Lead,,CM First Group,https://www.indeed.com/viewjob?jk=4251fba9ca5155ee,remote,"Deterministic refreshed score: 0 profile skills mentioned
title alignment 1.0/3.0
domain signals 6",,,,,,,,"Remote, US (Remote)",http://www.indeed.com/job/technical-project-lead-4251fba9ca5155ee,,,,2026-05-20T23:32:56.497262+00:00,not_checked_network_restricted,Added from ApplyPilot DB; outbound link checking was blocked in sandbox.
,,,5,IP Research Manager,,RWS,https://www.indeed.com/viewjob?jk=82b21157c6ef9c0f,hybrid,"Deterministic refreshed score: 0 profile skills mentioned
title alignment 1.0/3.0
domain signals 5",,,,,,,,"Remote, US (Remote)",https://uscareers-rws.icims.com/jobs/6062/job?utm_source=indeed_integration&iis=Job%20Board&iisn=Indeed&indeed-apply-token=73a2d2b2a8d6d5c0a62696875eaebd669103652d3f0c2cd5445d3e66b1592b0f,,,,2026-05-20T23:32:56.497262+00:00,not_checked_network_restricted,Added from ApplyPilot DB; outbound link checking was blocked in sandbox.
,,,5,"Consultant, Manufacturing Solutions Business Consulting",,c&f,https://www.indeed.com/viewjob?jk=b7d040e1eed95b65,hybrid,"ERP, Requirements Gathering, Retrospectives, SAFe, Sprint Planning
Deterministic refreshed score: 5 profile skills mentioned
title alignment 0.0/3.0
domain signals 13",,,,,,,,"Remote, US (Remote)",http://www.indeed.com/job/consultant-manufacturing-solutions-business-consulting-b7d040e1eed95b65,,,,2026-05-20T23:32:56.497262+00:00,not_checked_network_restricted,Added from ApplyPilot DB; outbound link checking was blocked in sandbox.
,,,5,Test Eng Manager,,Honeywell,https://www.linkedin.com/jobs/view/4407408184,unknown,"Resource Planning, SAFe
Deterministic refreshed score: 2 profile skills mentioned
title alignment 1.0/3.0
domain signals 5",,,,,,,,,,,,,2026-05-20T23:30:56.351886+00:00,not_checked_network_restricted,Added from ApplyPilot DB; outbound link checking was blocked in sandbox.
,,,5,Senior Solution Owner | AI & Data Solutions,,Provectus,https://www.indeed.com/viewjob?jk=9ac97a7be4ed2b2d,remote,"AI/ML, AWS, Databricks, ERP, SAFe, Snowflake
Deterministic refreshed score: 6 profile skills mentioned
title alignment 0.0/3.0
domain signals 15",,,,,,,,"Remote, US (Remote)",https://jobs.lever.co/provectus/c28a4381-9a4e-4a1b-b531-b308694654b3?lever-source=Indeed,,,,2026-05-20T23:30:56.351886+00:00,not_checked_network_restricted,Added from ApplyPilot DB; outbound link checking was blocked in sandbox.
,,,5,Logistics Operations Manager,,Hoffmann Oberweis Dairy,https://www.indeed.com/viewjob?jk=1ad9f818595e643b,remote,"SAFe
Deterministic refreshed score: 1 profile skills mentioned
title alignment 1.0/3.0
domain signals 4",,,,,,,,"Remote, US (Remote)",https://oberweis.hrmdirect.com/employment/view.php?req=3719678&jbsrc=1014&location=8ec2972e-d6f9-53ee-18f2-c514a188d8db,,,,2026-05-20T23:30:56.351886+00:00,not_checked_network_restricted,Added from ApplyPilot DB; outbound link checking was blocked in sandbox.
,,,5,Senior Delivery Manager,,ISR Recruitment,https://www.linkedin.com/jobs/view/4417324530,hybrid,"ERP, Risk Management
Deterministic refreshed score: 2 profile skills mentioned
title alignment 2.0/3.0
domain signals 8",,,,,,,,Remote,,,,,2026-05-20T23:29:02.788372+00:00,not_checked_network_restricted,Added from ApplyPilot DB; outbound link checking was blocked in sandbox.
,,,5,Site Manager,,Goppion,https://www.linkedin.com/jobs/view/4416188285,onsite,"ERP, SAFe
Deterministic refreshed score: 2 profile skills mentioned
title alignment 1.0/3.0
domain signals 4",,,,,,,,,,,,,2026-05-20T23:26:42.173360+00:00,not_checked_network_restricted,Added from ApplyPilot DB; outbound link checking was blocked in sandbox.
,,,5,Senior Marketing Automation Consultant,,Granicus,https://www.indeed.com/viewjob?jk=f5446655cfab4f33,remote,"SAFe, Program Management, Technical Documentation, Presentation Skills, Mentoring, Customer Success, Change Management
Deterministic profile match: 7 profile skills mentioned; title alignment 0.0/3.0; domain signals 8. Title relevance penalty 1.0 applied.",,,,,,,,"Remote, US (Remote)",https://careers-granicus.icims.com/jobs/10126/job?utm_source=indeed_integration&iis=Job%20Board&iisn=Indeed&indeed-apply-token=73a2d2b2a8d6d5c0a62696875eaebd669103652d3f0c2cd5445d3e66b1592b0f,,,,2026-05-19T03:47:58.625216+00:00,not_checked_network_restricted,Not finalized: outbound link checking was blocked in sandbox.
,,,5,IT infrastructure Project Manager_100% remote(CST or EST  ),,"Prudent Technologies and Consulting, Inc.",https://www.linkedin.com/jobs/view/4414758543,remote,Deterministic profile match: 0 profile skills mentioned; title alignment 2.0/3.0; domain signals 5.,,,,,,,,Remote,,,,,2026-05-19T03:45:43.877251+00:00,not_checked_network_restricted,Not finalized: outbound link checking was blocked in sandbox.
,,,5,Construction & Facilities Project Manager,,Telnyx,https://www.linkedin.com/jobs/view/4375833941,remote,"SAFe
Deterministic profile match: 1 profile skills mentioned; title alignment 2.0/3.0; domain signals 4.",,,,,,,,Remote,,,,,2026-05-19T03:45:43.877251+00:00,not_checked_network_restricted,Not finalized: outbound link checking was blocked in sandbox.
,,,5,"Senior Program Manager (Program Analyst, Sr)",,Aptive Resources,https://www.linkedin.com/jobs/view/4416410184,unknown,"Program Management, Risk Management
Deterministic profile match: 2 profile skills mentioned; title alignment 1.5/3.0; domain signals 3.",,,,,,,,,,,,,2026-05-19T03:41:57.324976+00:00,not_checked_network_restricted,Not finalized: outbound link checking was blocked in sandbox.
,,,5,Product Manager (Menufy),,HungerRush,https://www.indeed.com/viewjob?jk=e42f5a71b7ea6c36,remote,"A/B Testing, Customer Success
Deterministic profile match: 2 profile skills mentioned; title alignment 1.0/3.0; domain signals 5.",,,,,,,,"Remote, US (Remote)",https://hungerrush.breezy.hr/p/8ad5f2f4360b-product-manager-menufy?source=indeed,,,,2026-05-19T03:41:57.324976+00:00,not_checked_network_restricted,Not finalized: outbound link checking was blocked in sandbox.
,,,5,"LID Life Cycle & Product Manager, North America",,Datamars,https://www.indeed.com/viewjob?jk=fbfec17146371cb3,remote,"Roadmap Planning, Customer Success, Training Enablement, Power BI
Deterministic profile match: 4 profile skills mentioned; title alignment 1.0/3.0; domain signals 4.",,,,,,,,"Remote, US (Remote)",https://gethired.com/job/lid-life-cycle-product-manager-north-america?rcid=inply,,,,2026-05-19T03:41:57.324976+00:00,not_checked_network_restricted,Not finalized: outbound link checking was blocked in sandbox.
,,,5,Finance Director - Product & Technology,,ESO,https://www.indeed.com/viewjob?jk=9734dd5a5e11f917,remote,"Sprint Planning, Program Management, Technical Documentation, Roadmap Planning, Resource Planning, AWS, Jira, GitHub
Deterministic profile match: 8 profile skills mentioned; title alignment 0.0/3.0; domain signals 10. Title relevance penalty 1.5 applied.",,,,,,,,"Remote, US (Remote)",https://www.eso.com/careers/job/?gh_jid=4696454005,,,,2026-05-19T03:39:44.477961+00:00,not_checked_network_restricted,Not finalized: outbound link checking was blocked in sandbox.
,,,5,Litigation Support Project Manager,,Plona Partners,https://www.linkedin.com/jobs/view/4416250300,onsite,"Legal Technology
Deterministic profile match: 1 profile skills mentioned; title alignment 2.0/3.0; domain signals 3.",,,,,,,,,,,,,2026-05-19T03:38:37.176824+00:00,not_checked_network_restricted,Not finalized: outbound link checking was blocked in sandbox.
,,,5,Senior Manager Marketing Strategy,,Amgen,https://www.indeed.com/viewjob?jk=0f16f22e4adde3f5,hybrid,"Hybrid Project Management, Stakeholder Management, Program Management, Roadmap Planning, Customer Success, Change Management, Risk Management
Deterministic profile match: 7 profile skills mentioned; title alignment 0.0/3.0; domain signals 7. Title relevance penalty 1.0 applied.",,,,,,"Remote, US (Remote)",,"Remote, US (Remote)",https://careers.amgen.com/en/job/washington-d-c/senior-manager-marketing-strategy/87/95269473728,,,,2026-05-19T03:35:32.190761+00:00,not_checked_network_restricted,Not finalized: outbound link checking was blocked in sandbox.
,,,5,Project Manager,,BT1,https://www.linkedin.com/jobs/view/4415666005,remote,"Software Project Management, Lean Product Development
Deterministic profile match: 2 profile skills mentioned; title alignment 2.0/3.0; domain signals 3.",,,,,,,,Remote,,,,,2026-05-19T03:35:32.190761+00:00,not_checked_network_restricted,Not finalized: outbound link checking was blocked in sandbox.
,,,5,Pharmaceutical Project Manager,,Medasource,https://www.linkedin.com/jobs/view/4415656761,remote,"Jira
Deterministic profile match: 1 profile skills mentioned; title alignment 2.0/3.0; domain signals 3.",,,,,,,,Remote,,,,,2026-05-19T03:35:32.190761+00:00,not_checked_network_restricted,Not finalized: outbound link checking was blocked in sandbox.
,,,5,Operations - Project Manager,,Sevita,https://www.indeed.com/viewjob?jk=f921b9be5ab19cdb,remote,"Change Management
Deterministic profile match: 1 profile skills mentioned; title alignment 2.0/3.0; domain signals 3.",,,,,,,,"Remote, US (Remote)",https://jobs.sevitahealth.com/us/en/job/674092/Operations-Project-Manager?utm_source=indeed&utm_medium=phenom-feeds,,,,2026-05-19T03:30:57.247300+00:00,not_checked_network_restricted,Not finalized: outbound link checking was blocked in sandbox.
,,,5,Technical Delivery Manager with JIVA - REMOTE,,PEOPLE FORCE CONSULTING INC,https://www.linkedin.com/jobs/view/4414782907,remote,"SQL, Program Management, Technical Documentation, Change Management, Resource Planning, Risk Management, Release Coordination
Deterministic profile match: 7 profile skills mentioned; title alignment 0.0/3.0; domain signals 7. Title relevance penalty 1.0 applied.",,,,,,,,Remote,,,,,2026-05-19T03:28:48.056786+00:00,not_checked_network_restricted,Not finalized: outbound link checking was blocked in sandbox.
,,,5,Product Operations Manager,,DigiCert,https://www.indeed.com/viewjob?jk=7e047e35b185cd8b,remote,"SAFe, Stakeholder Management, Program Management, Customer Success
Deterministic profile match: 4 profile skills mentioned; title alignment 0.0/3.0; domain signals 6.",,,,,,,,"Remote, US (Remote)",https://grnh.se/d124b9gf2us,,,,2026-05-19T03:28:48.056786+00:00,not_checked_network_restricted,Not finalized: outbound link checking was blocked in sandbox.
,,,5,IT PROJECT MANAGER (REMOTO),,IRIUM,https://www.linkedin.com/jobs/view/4416240331,remote,Deterministic profile match: 0 profile skills mentioned; title alignment 2.5/3.0; domain signals 2.,,,,,,,,Remote,,,,,2026-05-19T03:28:48.056786+00:00,not_checked_network_restricted,Not finalized: outbound link checking was blocked in sandbox.
,,,5,Head of Implementation,,APTEM,https://www.indeed.com/viewjob?jk=9c5da6e1468b24df,remote,"Software Project Management, Stakeholder Management, Customer Success, Change Management
Deterministic profile match: 4 profile skills mentioned; title alignment 0.0/3.0; domain signals 7.",,,,,,,,"Remote, US (Remote)",https://aptem.pinpointhq.com/en/postings/4f776a9b-2c73-423b-a2e5-90bd506e62bc,,,,2026-05-19T03:28:48.056786+00:00,not_checked_network_restricted,Not finalized: outbound link checking was blocked in sandbox.
,,,5,Sr Program Manager,,"Stratom, Inc.",https://www.indeed.com/viewjob?jk=eaafc2832a60b8c5,remote,"SAFe, Program Management, Resource Planning, Risk Management
Deterministic profile match: 4 profile skills mentioned; title alignment 1.5/3.0; domain signals 2.",,,,,,,,"Remote, US (Remote)",https://stratom.pinpointhq.com/postings/aaba3de8-65c6-4126-874c-964251af24d6?utm_medium=job_board&utm_source=indeed,,,,2026-05-19T03:26:29.194443+00:00,not_checked_network_restricted,Not finalized: outbound link checking was blocked in sandbox.
,,,5,Service Program Manager,,GE HealthCare,https://www.linkedin.com/jobs/view/4406810055,unknown,"Program Management, Customer Success, Risk Management
Deterministic profile match: 3 profile skills mentioned; title alignment 1.5/3.0; domain signals 1.",,,,,,,,,,,,,2026-05-19T03:26:29.194443+00:00,not_checked_network_restricted,Not finalized: outbound link checking was blocked in sandbox.
,,,5,Senior Appian Business Analyst,,Nuvitek,https://www.indeed.com/viewjob?jk=ebd52ab7953b75f8,remote,"Agile Scrum, Sprint Planning, Stakeholder Management, Roadmap Planning, Requirements Gathering, Customer Success
Deterministic profile match: 6 profile skills mentioned; title alignment 0.0/3.0; domain signals 12. Title relevance penalty 1.0 applied.",,,,,,,,"Remote, US (Remote)",https://nuvitek.pinpointhq.com/postings/fdda4c8c-749a-4d06-a8bd-1656cc1fc9f6?utm_medium=job_board&utm_source=indeed,,,,2026-05-19T03:26:29.194443+00:00,not_checked_network_restricted,Not finalized: outbound link checking was blocked in sandbox.
,,,5,"Manager, Operations Program Management",,Samsara,https://www.linkedin.com/jobs/view/4356655604,hybrid,"Hybrid Project Management, Program Management, Customer Success, Jira, Confluence
Deterministic profile match: 5 profile skills mentioned; title alignment 0.0/3.0; domain signals 7.",,,,,,Remote,,Remote,,,,,2026-05-19T03:26:29.194443+00:00,not_checked_network_restricted,Not finalized: outbound link checking was blocked in sandbox.
,,,5,Director of Engineering,,Career TEAM,https://www.indeed.com/viewjob?jk=4863f7937a7fe396,remote,"JavaScript, Program Management, Technical Documentation, Roadmap Planning, Change Management, Risk Management, Audit Logging, Data Pipelines, MongoDB, AWS, Legal Technology
Deterministic profile match: 11 profile skills mentioned; title alignment 0.0/3.0; domain signals 8. Title relevance penalty 2.5 applied.",,,,,,,,"Remote, US (Remote)",https://grnh.se/ofeeehc75us,,,,2026-05-19T03:26:29.194443+00:00,not_checked_network_restricted,Not finalized: outbound link checking was blocked in sandbox.
,,,5,Senior Project Manager - Remote,,Metric Geo,https://www.linkedin.com/jobs/view/4416208626,remote,"Scheduling Management
Deterministic profile match: 1 profile skills mentioned; title alignment 2.0/3.0; domain signals 1.",,,,,,,,Remote,,,,,2026-05-19T03:25:28.289938+00:00,not_checked_network_restricted,Not finalized: outbound link checking was blocked in sandbox.
,,,5,Deals Strategy & Operation Manager - HR Specialist - M&A Integration and Transformation Projects,,PwC,https://pwc.wd3.myworkdayjobs.com/Global_Experienced_Careers/job/Deals-Strategy---Operation-Manager---HR-Specialist---M-A-Integration-and-Transformation-Projects_626717WD,unknown,"Software Project Management, Stakeholder Management, Customer Success, Change Management, Risk Management
Deterministic profile match: 5 profile skills mentioned; title alignment 0.0/3.0; domain signals 4.",,,,,,,,,https://pwc.wd3.myworkdayjobs.com/Global_Experienced_Careers/job/Deals-Strategy---Operation-Manager---HR-Specialist---M-A-Integration-and-Transformation-Projects_626717WD,,,,2026-05-14T22:02:48.190234+00:00,not_checked_network_restricted,Not finalized: outbound link checking was blocked in sandbox.
,,,5,Senior Project Manager | Data Centers,,TYG,https://www.linkedin.com/jobs/view/4414214003,unknown,"Change Management, Scheduling Management
Deterministic profile match: 2 profile skills mentioned; title alignment 2.0/3.0; domain signals 2.",,,,,,,,,,,,,2026-05-14T21:52:47.996850+00:00,not_checked_network_restricted,Not finalized: outbound link checking was blocked in sandbox.
,,,5,"Senior Product Manager, New Products",,OrderlyMeds,https://www.indeed.com/viewjob?jk=d0f0c4fce1d14402,remote,"Lean Product Development, Stakeholder Management
Deterministic profile match: 2 profile skills mentioned; title alignment 1.0/3.0; domain signals 4.",,,,,,,,"Remote, US (Remote)",https://ats.rippling.com/orderly-wellness/jobs/1a58b2b4-5085-4ced-bbc9-fba424abbb6e?jobSite=Indeed,,,,2026-05-14T21:52:47.996850+00:00,not_checked_network_restricted,Not finalized: outbound link checking was blocked in sandbox.
,,,5,Project Manager,,IOON,https://www.linkedin.com/jobs/view/4411171028,unknown,"SQL
Deterministic profile match: 1 profile skills mentioned; title alignment 2.0/3.0; domain signals 3.",,,,,,,,,,,,,2026-05-14T21:50:40.094592+00:00,not_checked_network_restricted,Not finalized: outbound link checking was blocked in sandbox.
,,,5,"Manager, Implementation Management",,Hightouch,https://www.linkedin.com/jobs/view/4375083863,remote,"Customer Success, Risk Management, Snowflake, Databricks
Deterministic profile match: 4 profile skills mentioned; title alignment 0.0/3.0; domain signals 10.",,,,,,,,Remote,,,,,2026-05-14T21:50:40.094592+00:00,not_checked_network_restricted,Not finalized: outbound link checking was blocked in sandbox.
,,,5,Implementation Manager,,avante,https://www.linkedin.com/jobs/view/4414162029,onsite,"SQL, Customer Success, Deployment Workflows, ServiceNow
Deterministic profile match: 4 profile skills mentioned; title alignment 0.0/3.0; domain signals 9.",C:\Users\bsing\.applypilot\tailored_resumes\software-pm\080_7_avante_Implementation_Manager.txt,failed_validation,Company 'Sakhi' missing from experience; Company 'The Samaritans of New York' missing from experience,Banned words: seamless,,,,,,,,,2026-05-14T21:49:36.838746+00:00,not_checked_network_restricted,Not finalized: outbound link checking was blocked in sandbox.
,,,5,Enterprise Implementation Specialist,,Kollective Group,https://www.linkedin.com/jobs/view/4414678549,hybrid,"Hybrid Project Management, Software Project Management, Stakeholder Management, Customer Success
Deterministic profile match: 4 profile skills mentioned; title alignment 0.0/3.0; domain signals 9.",C:\Users\bsing\.applypilot\tailored_resumes\software-pm\076_7_Kollective_Group_Enterprise_Implementation_Specialist.txt,failed_validation,Company 'Sakhi' missing from experience; Company 'The Samaritans of New York' missing from experience,,,,,,,,,,2026-05-14T21:49:36.838746+00:00,not_checked_network_restricted,Not finalized: outbound link checking was blocked in sandbox.
,,,5,Priority Project Manager,,Priority Software,https://www.linkedin.com/jobs/view/4413195787,unknown,"Software Project Management
Deterministic profile match: 1 profile skills mentioned; title alignment 2.0/3.0; domain signals 3.",,,,,,,,,,,,,2026-05-14T21:48:33.976678+00:00,not_checked_network_restricted,Not finalized: outbound link checking was blocked in sandbox.
,,,5,Go-to-Market Enablement Manager,,ProShop ERP,https://www.indeed.com/viewjob?jk=94c65df35acbaa6d,remote,"Software Project Management, Customer Success, Change Management, Training Enablement, ERP, SOPs, HubSpot
Deterministic profile match: 7 profile skills mentioned; title alignment 0.0/3.0; domain signals 7. Title relevance penalty 1.0 applied.",,,,,,,,"Remote, US (Remote)",https://ats.rippling.com/proshop/jobs/c0c6db1e-0f2f-4c4e-bbec-949bbff070d3?jobSite=Indeed,,,,2026-05-14T21:48:33.976678+00:00,not_checked_network_restricted,Not finalized: outbound link checking was blocked in sandbox.
,,,5,"Senior Product Manager, Growth & Enrollment",,Imagine Pediatrics,https://www.indeed.com/viewjob?jk=de83e36fd3e3717b,remote,"SAFe, Program Management
Deterministic profile match: 2 profile skills mentioned; title alignment 1.0/3.0; domain signals 4.",,,,,,,,"Remote, US (Remote)",https://grnh.se/ryn9ezuu5us,,,,2026-05-14T21:46:30.549281+00:00,not_checked_network_restricted,Not finalized: outbound link checking was blocked in sandbox.
,,,5,"Product Manager, Handpiece, Small Equipment & Rotary",,Henry Schein,https://www.indeed.com/viewjob?jk=8f895dc9f21df7f5,remote,"Program Management, Presentation Skills, Roadmap Planning, Customer Success, Resource Planning
Deterministic profile match: 5 profile skills mentioned; title alignment 1.0/3.0; domain signals 3.",,,,,,,,"Remote, US (Remote)",https://henryschein.wd1.myworkdayjobs.com/nl-NL/External_Careers/job/United-States---Remote/Product-Manager--Handpiece--Small-Equipment---Rotary_R133694,,,,2026-05-14T21:46:30.549281+00:00,not_checked_network_restricted,Not finalized: outbound link checking was blocked in sandbox.
,,,5,Principal Salesforce Developer and Release Manager,,Veradigm,https://www.indeed.com/viewjob?jk=0083d0807bc63a9a,remote,"Program Management, Mentoring, Change Management, Deployment Workflows, Policy Automation, Data Pipelines, Jira, GitHub
Deterministic profile match: 8 profile skills mentioned; title alignment 0.0/3.0; domain signals 7. Title relevance penalty 1.0 applied.",,,,,,,,"Remote, US (Remote)",https://veradigm.wd12.myworkdayjobs.com/en-US/VR/job/Remote---US/Principal-Salesforce-Developer-and-Release-Manager_JR10568,,,,2026-05-14T21:46:30.549281+00:00,not_checked_network_restricted,Not finalized: outbound link checking was blocked in sandbox.
,,,5,Technical Program Lead,,Kraken,https://www.linkedin.com/jobs/view/4413962855,remote,"Program Management, Customer Success, Change Management
Deterministic profile match: 3 profile skills mentioned; title alignment 0.0/3.0; domain signals 8.",,,,,,,,Remote,,,,,2026-05-14T21:44:13.352357+00:00,not_checked_network_restricted,Not finalized: outbound link checking was blocked in sandbox.
,,,5,Project Manager Senior - Remote,,INDI Staffing Services,https://www.linkedin.com/jobs/view/4414203950,remote,"Software Project Management
Deterministic profile match: 1 profile skills mentioned; title alignment 2.0/3.0; domain signals 3.",,,,,,,,Remote,https://www.linkedin.com/jobs/view/project-manager-at-apply-digital-4409702976?refId=uK1D%2BAr2miyfNTKDTraS%2BQ%3D%3D&trackingId=Hw9lNau75PMJD1NMZNrfhA%3D%3D,,,,2026-05-14T21:44:13.352357+00:00,not_checked_network_restricted,Not finalized: outbound link checking was blocked in sandbox.
,,,5,Project Coordinator,,Tundra Technical Solutions,https://www.linkedin.com/jobs/view/4414212842,unknown,"Software Project Management, Program Management, Technical Documentation, Release Coordination, Jira
Deterministic profile match: 5 profile skills mentioned; title alignment 0.0/3.0; domain signals 5.",C:\Users\bsing\.applypilot\tailored_resumes\software-pm\020_8_Tundra_Technical_Sol_Project_Coordinator.txt,failed_validation,Company 'Sakhi' missing from experience; Company 'The Samaritans of New York' missing from experience,Banned words: detail-oriented,,,,,,,,,2026-05-14T21:44:13.352357+00:00,not_checked_network_restricted,Not finalized: outbound link checking was blocked in sandbox.
,,,5,Project Coordinator,,Leidos,https://www.linkedin.com/jobs/view/4410313573,remote,"Software Project Management, Stakeholder Management, Program Management, Customer Success, Change Management
Deterministic profile match: 5 profile skills mentioned; title alignment 0.0/3.0; domain signals 4.",,,,,,,,Remote,,,,,2026-05-14T21:44:13.352357+00:00,not_checked_network_restricted,Not finalized: outbound link checking was blocked in sandbox.
,,,5,Programs Manager EMEA & JAPAC (F/M),,Parrot,https://www.linkedin.com/jobs/view/4399724338,remote,"Technical Documentation, Roadmap Planning, Customer Success, Training Enablement, Deployment Workflows
Deterministic profile match: 5 profile skills mentioned; title alignment 0.0/3.0; domain signals 4.",,,,,,,,Remote,https://www.linkedin.com/signup/cold-join?source=jobs_registration&session_redirect=https%3A%2F%2Fuk.linkedin.com%2Fjobs%2Fview%2Fprograms-manager-emea-japac-f-m-at-parrot-4399724338&trk=public_jobs_apply-link-offsite_contextual-sign-in-modal_join-link,,,,2026-05-14T21:44:13.352357+00:00,not_checked_network_restricted,Not finalized: outbound link checking was blocked in sandbox.
,,,5,Program Manager,,Strategic Employment Partners (SEP),https://www.linkedin.com/jobs/view/4414500009,remote,"Program Management, Change Management
Deterministic profile match: 2 profile skills mentioned; title alignment 1.5/3.0; domain signals 5.",,,,,,,,Remote,,,,,2026-05-14T21:44:13.352357+00:00,not_checked_network_restricted,Not finalized: outbound link checking was blocked in sandbox.
,,,5,General Program Manager,,AnsibleHealth,https://www.linkedin.com/jobs/view/4414256615,remote,"Program Management, Change Management, Risk Management
Deterministic profile match: 3 profile skills mentioned; title alignment 1.5/3.0; domain signals 3.",C:\Users\bsing\.applypilot\tailored_resumes\software-pm\077_7_AnsibleHealth_General_Program_Manager.txt,failed_validation,Company 'Sakhi' missing from experience; Company 'The Samaritans of New York' missing from experience,,,,,Remote,https://www.linkedin.com/signup/cold-join?source=jobs_registration&session_redirect=https%3A%2F%2Fph.linkedin.com%2Fjobs%2Fview%2Fgeneral-program-manager-at-ansiblehealth-4414256615&trk=public_jobs_apply-link-offsite_contextual-sign-in-modal_join-link,,,,2026-05-14T21:44:13.352357+00:00,not_checked_network_restricted,Not finalized: outbound link checking was blocked in sandbox.
,,,5,Senior Project Manager (Early Phase) - Australia - Remote,,Worldwide Clinical Trials,https://www.linkedin.com/jobs/view/4414721462,remote,"SAFe
Deterministic profile match: 1 profile skills mentioned; title alignment 2.0/3.0; domain signals 2.",,,,,,,,Remote,https://www.linkedin.com/signup/cold-join?source=jobs_registration&session_redirect=https%3A%2F%2Fau.linkedin.com%2Fjobs%2Fview%2Fsenior-project-manager-early-phase-australia-remote-at-worldwide-clinical-trials-4414721462&trk=public_jobs_apply-link-offsite_contextual-sign-in-modal_join-link,,,,2026-05-14T21:42:01.891331+00:00,not_checked_network_restricted,Not finalized: outbound link checking was blocked in sandbox.
,,,5,SCRUM Master/ Project Manager (Experience w/AI),,Ampleshift,https://www.linkedin.com/jobs/view/4414657249,unknown,"Agile Scrum
Deterministic profile match: 1 profile skills mentioned; title alignment 2.0/3.0; domain signals 4.",,,,,,,,,,,,,2026-05-14T21:42:01.891331+00:00,not_checked_network_restricted,Not finalized: outbound link checking was blocked in sandbox.
,,,5,Project Manager (Pipeline Construction Contractor),,LONGHORN STAFFING SOLUTIONS,https://www.linkedin.com/jobs/view/4413431344,unknown,"SAFe, Change Management, Scheduling Management
Deterministic profile match: 3 profile skills mentioned; title alignment 2.0/3.0; domain signals 0.",,,,,,,,,,,,,2026-05-14T21:42:01.891331+00:00,not_checked_network_restricted,Not finalized: outbound link checking was blocked in sandbox.
,,,5,Digital Project Manager,,ApTask,https://www.linkedin.com/jobs/view/4410628583,unknown,"Program Management, Risk Management
Deterministic profile match: 2 profile skills mentioned; title alignment 2.0/3.0; domain signals 0.",C:\Users\bsing\.applypilot\tailored_resumes\software-pm\071_7_ApTask_Digital_Project_Manager.txt,failed_validation,Company 'Sakhi' missing from experience; Company 'The Samaritans of New York' missing from experience,Banned words: proven track record,,,,,,,,,2026-05-14T21:41:03.898519+00:00,not_checked_network_restricted,Not finalized: outbound link checking was blocked in sandbox.
,,,5,"Sr. Director, Strategy & Program Management (PMO)",,Atom,https://www.linkedin.com/jobs/view/4414187122,hybrid,"Agile Scrum, Hybrid Project Management, Software Project Management, Stakeholder Management, Program Management, Customer Success, Change Management, ERP
Deterministic profile match: 8 profile skills mentioned; title alignment 0.0/3.0; domain signals 9. Title relevance penalty 1.5 applied.",,,,,,,,,,,,,2026-05-14T21:40:03.505024+00:00,not_checked_network_restricted,Not finalized: outbound link checking was blocked in sandbox.
,,,5,"Senior Product UX Designer , AI Products & Agents",,Hyland,https://www.indeed.com/viewjob?jk=2dc67b5337f52985,remote,"Technical Documentation, Customer Success, Legal Technology, Figma
Deterministic profile match: 4 profile skills mentioned; title alignment 0.0/3.0; domain signals 8.",,,,,,,,"Remote, US (Remote)",https://careers-hyland.icims.com/jobs/13985/senior-product-ux-designer-%2c-ai-products-%26-agents/job,,,,2026-05-14T21:40:03.505024+00:00,not_checked_network_restricted,Not finalized: outbound link checking was blocked in sandbox.
,,,5,"Senior Backend Engineer, Data",,Grüns,https://www.indeed.com/viewjob?jk=f2469f77d1229910,remote,"Python, SQL, ERP, System Monitoring, Data Pipelines
Deterministic profile match: 5 profile skills mentioned; title alignment 0.0/3.0; domain signals 8. Title relevance penalty 1.0 applied.",,,,,,,,"Remote, US (Remote)",https://grnh.se/asv8a1868us,,,,2026-05-14T21:40:03.505024+00:00,not_checked_network_restricted,Not finalized: outbound link checking was blocked in sandbox.
,,,5,Project Manager - Pleno,,Runtalent,https://www.linkedin.com/jobs/view/4414261896,unknown,"Agile Scrum, SAFe
Deterministic profile match: 2 profile skills mentioned; title alignment 2.0/3.0; domain signals 3.",,,,,,,,,,,,,2026-05-14T21:40:03.505024+00:00,not_checked_network_restricted,Not finalized: outbound link checking was blocked in sandbox.
,,,5,PMO Coordinator,,Truvio,https://www.linkedin.com/jobs/view/4410610801,hybrid,"Hybrid Project Management, Software Project Management, Retrospectives, Technical Documentation, Change Management, ERP, SOPs
Deterministic profile match: 7 profile skills mentioned; title alignment 0.0/3.0; domain signals 5. Title relevance penalty 1.0 applied.",,,,,,Remote,,Remote,https://www.linkedin.com/signup/cold-join?source=jobs_registration&session_redirect=https%3A%2F%2Fwww.linkedin.com%2Fjobs%2Fview%2Fpmo-coordinator-at-truvio-4410610801&trk=public_jobs_apply-link-offsite_contextual-sign-in-modal_join-link,,,,2026-05-14T21:40:03.505024+00:00,not_checked_network_restricted,Not finalized: outbound link checking was blocked in sandbox.
,,,5,Delivery Manager,,Robots & Pencils,https://www.linkedin.com/jobs/view/4414424240,unknown,"Agile Scrum, Software Project Management, Stakeholder Management, Technical Documentation, Risk Management, Jira, Confluence
Deterministic profile match: 7 profile skills mentioned; title alignment 0.0/3.0; domain signals 10. Title relevance penalty 1.0 applied.",,,,,,,,,,,,,2026-05-14T21:40:03.505024+00:00,not_checked_network_restricted,Not finalized: outbound link checking was blocked in sandbox.
,,,5,Senior Delivery Manager,,Ensono,https://www.linkedin.com/jobs/view/4414903293,unknown,"SAFe, Software Project Management, SDLC, Stakeholder Management, Change Management, Risk Management
Deterministic profile match: 6 profile skills mentioned; title alignment 0.0/3.0; domain signals 8. Title relevance penalty 1.0 applied.",,,,,,,,,,,,,2026-05-14T21:37:59.870693+00:00,not_checked_network_restricted,Not finalized: outbound link checking was blocked in sandbox.
,,,5,Product Operations Associate,,Victory Live,https://www.indeed.com/viewjob?jk=3bd70671b4d7b249,remote,"Agile Scrum, Sprint Planning, Roadmap Planning, Jira
Deterministic profile match: 4 profile skills mentioned; title alignment 0.0/3.0; domain signals 11.",C:\Users\bsing\.applypilot\tailored_resumes\software-pm\015_8_Victory_Live_Product_Operations_Associate.txt,failed_validation,Company 'Sakhi' missing from experience; Company 'The Samaritans of New York' missing from experience,,,,,"Remote, US (Remote)",https://ticketevolution.applytojob.com/apply/bXadMQNHfN/Product-Operations-Associate?source=INDE&~,,,,2026-05-14T21:37:59.870693+00:00,not_checked_network_restricted,Not finalized: outbound link checking was blocked in sandbox.
,,,5,Delivery Lead,,Halo Media,https://www.linkedin.com/jobs/view/4414105916,unknown,"Agile Scrum, Software Project Management, Stakeholder Management, Roadmap Planning, Release Coordination
Deterministic profile match: 5 profile skills mentioned; title alignment 0.0/3.0; domain signals 9. Title relevance penalty 1.0 applied.",C:\Users\bsing\.applypilot\tailored_resumes\software-pm\007_8_Halo_Media_Delivery_Lead.txt,failed_validation,Company 'Sakhi' missing from experience; Company 'The Samaritans of New York' missing from experience,Banned words: proven track record,,,,,,,,,2026-05-14T21:37:59.870693+00:00,not_checked_network_restricted,Not finalized: outbound link checking was blocked in sandbox.
,,,5,Delivery Lead,,RWS Group,https://www.linkedin.com/jobs/view/4414619425,remote,"CI/CD Collaboration, Stakeholder Management, Technical Documentation, Risk Management, Workflow Automation
Deterministic profile match: 5 profile skills mentioned; title alignment 0.0/3.0; domain signals 10. Title relevance penalty 1.0 applied.",C:\Users\bsing\.applypilot\tailored_resumes\software-pm\068_7_RWS_Group_Delivery_Lead.txt,failed_validation,Missing required field: projects,,,,,Remote,,,,,2026-05-14T21:37:59.870693+00:00,not_checked_network_restricted,Not finalized: outbound link checking was blocked in sandbox.
,,,5,Associate Product Manager,,"Mastery Logistics Systems, Inc.",https://www.indeed.com/viewjob?jk=234d69a36136e9d0,remote,"Stakeholder Management
Deterministic profile match: 1 profile skills mentioned; title alignment 1.0/3.0; domain signals 6.",C:\Users\bsing\.applypilot\tailored_resumes\software-pm\004_8_Mastery_Logistics_Sy_Associate_Product_Manager.txt,failed_validation,Company 'Sakhi' missing from experience; Company 'The Samaritans of New York' missing from experience,,,,,"Remote, US (Remote)",https://ats.rippling.com/mastery-logistics-systems/jobs/d72afa67-a2cb-47b7-941e-88e89a62174e?jobSite=Indeed,,,,2026-05-14T21:37:59.870693+00:00,not_checked_network_restricted,Not finalized: outbound link checking was blocked in sandbox.
,,,5,Customer Success Manager,,Metaforms,https://www.linkedin.com/jobs/view/4413987368,hybrid,"Hybrid Project Management, Software Project Management, Stakeholder Management, Customer Success, Risk Management, Workflow Automation
Deterministic profile match: 6 profile skills mentioned; title alignment 0.0/3.0; domain signals 8. Title relevance penalty 1.0 applied.",,,,,,,,,,,,,2026-05-14T21:37:03.391393+00:00,not_checked_network_restricted,Not finalized: outbound link checking was blocked in sandbox.
,,,5,Program Manager,,Goldbelt,https://www.indeed.com/viewjob?jk=3f500972f598eec9,remote,"Program Management, Mentoring, Risk Management
Deterministic profile match: 3 profile skills mentioned; title alignment 1.5/3.0; domain signals 1.",,,,,,,,"Remote, US (Remote)",https://talent.goldbelt.com/jobs/19579/job?utm_source=indeed_integration&iis=Job%20Board&iisn=Indeed&indeed-apply-token=73a2d2b2a8d6d5c0a62696875eaebd669103652d3f0c2cd5445d3e66b1592b0f,,,,2026-05-14T21:36:03.741595+00:00,not_checked_network_restricted,Not finalized: outbound link checking was blocked in sandbox.
,,,5,People Operations Program Manager,,CBRE,https://www.indeed.com/viewjob?jk=f7bf5971142a572e,remote,"SOPs
Deterministic profile match: 1 profile skills mentioned; title alignment 1.5/3.0; domain signals 4.",,,,,,,,"Remote, US (Remote)",https://cbreglobal.avature.net/careers/JobDetail/276218,,,,2026-05-14T21:36:03.741595+00:00,not_checked_network_restricted,Not finalized: outbound link checking was blocked in sandbox.
,,,5,AI Marketing Systems Manager,,Onist Digital Agency,https://www.indeed.com/viewjob?jk=ac70c05461c2b40d,remote,"JavaScript, Software Project Management, Technical Documentation, SOPs, Google Sheets, Google Analytics, HubSpot
Deterministic profile match: 7 profile skills mentioned; title alignment 0.0/3.0; domain signals 7. Title relevance penalty 1.0 applied.",C:\Users\bsing\.applypilot\tailored_resumes\software-pm\048_7_Onist_Digital_Agency_AI_Marketing_Systems_Manager.txt,failed_validation,Missing required field: projects,,,,,"Remote, US (Remote)",http://www.indeed.com/job/ai-marketing-systems-manager-ac70c05461c2b40d,,,,2026-05-14T21:36:03.741595+00:00,not_checked_network_restricted,Not finalized: outbound link checking was blocked in sandbox.
,,,5,Senior Project Manager,,Thor,https://www.linkedin.com/jobs/view/4413581957,remote,"Stakeholder Management, AWS
Deterministic profile match: 2 profile skills mentioned; title alignment 2.0/3.0; domain signals 3.",,,,,,,,Remote,,,,,2026-05-14T21:33:49.397717+00:00,not_checked_network_restricted,Not finalized: outbound link checking was blocked in sandbox.
,,,5,Senior Functional Consultant,,nCino,https://www.indeed.com/viewjob?jk=fd72ca49db3d8a06,remote,"Software Project Management, Program Management, Technical Documentation, Customer Success, Change Management, Risk Management
Deterministic profile match: 6 profile skills mentioned; title alignment 0.0/3.0; domain signals 7. Title relevance penalty 1.0 applied.",,,,,,,,"Remote, US (Remote)",https://ncino.wd5.myworkdayjobs.com/en-US/nCinoCareers/job/Remote-USA/Senior-Project-Manager_R6221,,,,2026-05-14T21:33:49.397717+00:00,not_checked_network_restricted,Not finalized: outbound link checking was blocked in sandbox.
,,,5,Implementation Specialist,,PatientNOW,https://www.indeed.com/viewjob?jk=042e4321654956ea,remote,"Software Project Management, Technical Documentation, Customer Success, Change Management
Deterministic profile match: 4 profile skills mentioned; title alignment 0.0/3.0; domain signals 6.",C:\Users\bsing\.applypilot\tailored_resumes\software-pm\085_7_PatientNOW_Implementation_Specialist.txt,failed_validation,Missing required field: projects,,,,,"Remote, US (Remote)",https://ats.rippling.com/patientnow/jobs/71475feb-3a88-4cf0-a1ff-b92c637696bb?jobSite=Indeed,,,,2026-05-14T21:33:49.397717+00:00,not_checked_network_restricted,Not finalized: outbound link checking was blocked in sandbox.
,,,5,IT Business Analyst III,,Gama-1 Technologies,https://www.indeed.com/viewjob?jk=20bddd88e1307b39,remote,"Agile Scrum, Sprint Planning, Software Project Management, Retrospectives, Program Management, Technical Documentation, Sprint Reviews
Deterministic profile match: 7 profile skills mentioned; title alignment 0.0/3.0; domain signals 7. Title relevance penalty 1.0 applied.",C:\Users\bsing\.applypilot\tailored_resumes\software-pm\009_8_Gama-1_Technologies_IT_Business_Analyst_III.txt,failed_validation,Company 'Sakhi' missing from experience; Company 'The Samaritans of New York' missing from experience,Banned words: proven track record,,,,"Remote, US (Remote)",https://secure.entertimeonline.com/ta/PayServ214003.careers?ShowJob=503664643,,,,2026-05-14T21:33:49.397717+00:00,not_checked_network_restricted,Not finalized: outbound link checking was blocked in sandbox.
,,,5,Solutions Architect,,Signifyd,https://www.indeed.com/viewjob?jk=979c532775d8c05a,remote,"Stakeholder Management, Program Management, Customer Success, AI/ML, Risk Management
Deterministic profile match: 5 profile skills mentioned; title alignment 0.0/3.0; domain signals 10. Title relevance penalty 1.0 applied.",,,,,,,,"Remote, US (Remote)",https://job-boards.greenhouse.io/signifyd95/jobs/7913439,,,,2026-05-14T21:31:37.952938+00:00,not_checked_network_restricted,Not finalized: outbound link checking was blocked in sandbox.
,,,5,Senior Project Manager,,Apex Imaging Services,https://www.linkedin.com/jobs/view/4373135326,unknown,"Software Project Management, Risk Management
Deterministic profile match: 2 profile skills mentioned; title alignment 2.0/3.0; domain signals 2.",,,,,,,,,,,,,2026-05-14T21:31:37.952938+00:00,not_checked_network_restricted,Not finalized: outbound link checking was blocked in sandbox.
,,,5,"Knowledge Management, Learning and Systemic Capacity Development Specialist",,Food and Agriculture Organization of the United Nations,https://www.indeed.com/viewjob?jk=575068239e532161,remote,"A/B Testing, Data Governance Frameworks, Stakeholder Management, Technical Documentation, Change Management, Database Access Governance, Trello
Deterministic profile match: 7 profile skills mentioned; title alignment 0.0/3.0; domain signals 5. Title relevance penalty 1.0 applied.",,,,,,,,"Remote, US (Remote)",https://jobs.fao.org/careersection/fao_external/jobdetail.ftl?job=2601069&tz=GMT-05%3A00&tzname=America%2FChicago,,,,2026-05-14T21:31:37.952938+00:00,not_checked_network_restricted,Not finalized: outbound link checking was blocked in sandbox.
,,,5,CQV Senior Project Manager,,CAI,https://www.linkedin.com/jobs/view/4313221691,unknown,"Stakeholder Management, Risk Management
Deterministic profile match: 2 profile skills mentioned; title alignment 2.0/3.0; domain signals 3.",,,,,,,,,,,,,2026-05-14T21:31:37.952938+00:00,not_checked_network_restricted,Not finalized: outbound link checking was blocked in sandbox.
,,,5,Sr Project Manager - Mission Critical,,Scott Humphrey Corporation,https://www.linkedin.com/jobs/view/4414218548,unknown,"Change Management, Risk Management
Deterministic profile match: 2 profile skills mentioned; title alignment 2.0/3.0; domain signals 3.",,,,,,,,,,,,,2026-05-14T21:29:36.448824+00:00,not_checked_network_restricted,Not finalized: outbound link checking was blocked in sandbox.
,,,5,"Manager, Professional Services",,Origami Risk LLC,https://www.indeed.com/viewjob?jk=eeae2dd0a9f299f7,hybrid,"SQL, JavaScript, Hybrid Project Management, Software Project Management, Program Management, Change Management, Risk Management
Deterministic profile match: 7 profile skills mentioned; title alignment 0.0/3.0; domain signals 8. Title relevance penalty 1.0 applied.",,,,,,"Remote, US (Remote)",,"Remote, US (Remote)",https://careers-origamirisk.icims.com/jobs/4394/job?utm_source=indeed_integration&iis=Job%20Board&iisn=Indeed&indeed-apply-token=73a2d2b2a8d6d5c0a62696875eaebd669103652d3f0c2cd5445d3e66b1592b0f,,,,2026-05-14T21:29:36.448824+00:00,not_checked_network_restricted,Not finalized: outbound link checking was blocked in sandbox.
,,,5,"Manager, Healthcare Data Analytics",,Valenz,https://www.indeed.com/viewjob?jk=4c8ebdbf67f13b69,remote,"Python, SQL, Software Project Management, Program Management, Databricks, AWS
Deterministic profile match: 6 profile skills mentioned; title alignment 0.0/3.0; domain signals 7. Title relevance penalty 1.0 applied.",,,,,,,,"Remote, US (Remote)",https://valenz.applytojob.com/apply/Yw6gh0Owlg/Manager-Healthcare-Data-Analytics?source=Our%20Career%20Page%20Widget,,,,2026-05-14T21:29:36.448824+00:00,not_checked_network_restricted,Not finalized: outbound link checking was blocked in sandbox.
,,,5,IT Manager,,Ascension,https://www.indeed.com/viewjob?jk=d3ecdaf8b2c4dc3b,remote,"Software Project Management, Data Governance Frameworks, Program Management, Mentoring, System Monitoring, Data Pipelines, AWS
Deterministic profile match: 7 profile skills mentioned; title alignment 0.0/3.0; domain signals 7. Title relevance penalty 1.0 applied.",,,,,,,,"Remote, US (Remote)",https://ascensionjobs1-ascension.icims.com/jobs/448848/job?utm_source=indeed_integration&iis=Job%20Board&iisn=Indeed&indeed-apply-token=73a2d2b2a8d6d5c0a62696875eaebd669103652d3f0c2cd5445d3e66b1592b0f,,,,2026-05-14T21:29:36.448824+00:00,not_checked_network_restricted,Not finalized: outbound link checking was blocked in sandbox.
,,,5,Engineering Project Manager,,ANS,https://www.indeed.com/viewjob?jk=87829c1fbe8b3ad8,remote,"Software Project Management
Deterministic profile match: 1 profile skills mentioned; title alignment 2.0/3.0; domain signals 2.",,,,,,,,"Remote, US (Remote)",https://jobs.lever.co/ans/34fa209e-f240-4582-b068-ca08222ade41?lever-source=Indeed,,,,2026-05-14T21:29:36.448824+00:00,not_checked_network_restricted,Not finalized: outbound link checking was blocked in sandbox.
,,,4,Program Management Advisor,,Macy's,https://www.linkedin.com/jobs/view/4404596320,hybrid,"Change Management, ERP, Program Management
Deterministic refreshed score: 3 profile skills mentioned
title alignment 0.0/3.0
domain signals 13",,,,,,,,Remote,,,,,2026-05-20T23:37:41.965708+00:00,not_checked_network_restricted,Added from ApplyPilot DB; outbound link checking was blocked in sandbox.
,,,4,Junior Project Coordinator,,Fortray Global Service Limited,https://www.linkedin.com/jobs/view/4416303036,unknown,"Deterministic refreshed score: 0 profile skills mentioned
title alignment 1.0/3.0
domain signals 2",,,,,,,,,,,,,2026-05-20T23:35:50.486677+00:00,not_checked_network_restricted,Added from ApplyPilot DB; outbound link checking was blocked in sandbox.
,,,4,Salesforce Technical Lead,,ASPCA,https://www.indeed.com/viewjob?jk=53722653ccdf092a,remote,"AWS, ERP, GitHub, JavaScript, Mentoring, Sprint Planning, SQL
Deterministic refreshed score: 7 profile skills mentioned
title alignment 0.0/3.0
domain signals 16",,,,,,,,"Remote, US (Remote)",https://careers.aspca.org/search/jobdetails/salesforce-technical-lead/1547ab4f-5bac-4805-b029-563f3828cb60,,,,2026-05-20T23:32:56.497262+00:00,not_checked_network_restricted,Added from ApplyPilot DB; outbound link checking was blocked in sandbox.
,,,4,Senior Technical Consultant - Network Security,,Ahead,https://www.indeed.com/viewjob?jk=8b8b7e8b5b03c46d,hybrid,"AWS, Change Management, ERP
Deterministic refreshed score: 3 profile skills mentioned
title alignment 0.0/3.0
domain signals 13",,,,,,,,"Remote, US (Remote)",https://jobs.lever.co/thinkahead/62ed1590-66a8-4038-8096-aff041ae9505?lever-source=Indeed,,,,2026-05-20T23:30:56.351886+00:00,not_checked_network_restricted,Added from ApplyPilot DB; outbound link checking was blocked in sandbox.
,,,4,"Engineering Manager, Data Solutions",,Magpie Health Analytics,https://www.indeed.com/viewjob?jk=4ce3caef1cd44e69,remote,"AWS, Data Pipelines, Mentoring, Python, Resource Planning, Workflow Automation
Deterministic refreshed score: 6 profile skills mentioned
title alignment 0.0/3.0
domain signals 11",,,,,,,,"Remote, US (Remote)",https://magpie-health-analytics.breezy.hr/p/791a7820f310-engineering-manager-data-solutions?source=indeed,,,,2026-05-20T23:30:56.351886+00:00,not_checked_network_restricted,Added from ApplyPilot DB; outbound link checking was blocked in sandbox.
,,,4,"Senior Manager, Customer Insights",,SWORD Health,https://www.indeed.com/viewjob?jk=2d7bc04454a8cabb,remote,"Python, SQL, Customer Success, Legal Technology
Deterministic profile match: 4 profile skills mentioned; title alignment 0.0/3.0; domain signals 5. Title relevance penalty 1.0 applied.",,,,,,,,"Remote, US (Remote)",https://jobs.lever.co/swordhealth/5b5a4d22-a67c-4a7b-b6b7-f778a0fc0b55?lever-source=Indeed,,,,2026-05-19T03:47:58.625216+00:00,not_checked_network_restricted,Not finalized: outbound link checking was blocked in sandbox.
,,,4,"Manager, Growth Marketing",,Patch My PC,https://www.indeed.com/viewjob?jk=4eab9f744db46265,remote,"A/B Testing, Program Management, Customer Success, KPI Tracking, Policy Automation
Deterministic profile match: 5 profile skills mentioned; title alignment 0.0/3.0; domain signals 5. Title relevance penalty 1.0 applied.",,,,,,,,"Remote, US (Remote)",https://jobs.lever.co/patchmypc/91b03778-c9f8-42ec-bcf9-d36532411a70?lever-source=Indeed,,,,2026-05-19T03:47:58.625216+00:00,not_checked_network_restricted,Not finalized: outbound link checking was blocked in sandbox.
,,,4,Program Coordinator,,Cambium Learning Group,https://www.indeed.com/viewjob?jk=737a94c0bcdecc3d,remote,"SAFe, Software Project Management, Program Management, Risk Management, Smartsheet
Deterministic profile match: 5 profile skills mentioned; title alignment 0.0/3.0; domain signals 3.",,,,,,,,"Remote, US (Remote)",https://cambiumlearning.wd1.myworkdayjobs.com/en-US/camb/job/Remote/Program-Coordinator_REQ-4464,,,,2026-05-19T03:39:44.477961+00:00,not_checked_network_restricted,Not finalized: outbound link checking was blocked in sandbox.
,,,4,Full Stack Developer - 4 Month Contract,,Netrist,https://www.indeed.com/viewjob?jk=3bebe81abf06308b,remote,"Python, Agile Scrum, AWS
Deterministic profile match: 3 profile skills mentioned; title alignment 0.0/3.0; domain signals 7. Title relevance penalty 1.0 applied.",,,,,,,,"Remote, US (Remote)",https://netrist.zohorecruit.com/jobs/Careers/363984000010608001/Full-Stack-Developer---4-Month-Contract?source=CareerSite,,,,2026-05-19T03:39:44.477961+00:00,not_checked_network_restricted,Not finalized: outbound link checking was blocked in sandbox.
,,,4,Head of Enterprise Operational Effectiveness,,LIMRA,https://www.indeed.com/viewjob?jk=c1f96cd0e44ad141,hybrid,"Hybrid Project Management, Stakeholder Management, Program Management, Change Management, Resource Planning
Deterministic profile match: 5 profile skills mentioned; title alignment 0.0/3.0; domain signals 4. Title relevance penalty 1.0 applied.",,,,,,"Remote, US (Remote)",,"Remote, US (Remote)",https://limra-loma.applicantstack.com/x/detail/a2gkybzaiqhp,,,,2026-05-19T03:35:32.190761+00:00,not_checked_network_restricted,Not finalized: outbound link checking was blocked in sandbox.
,,,4,Solutions Delivery Manager,,Vulqan.ai,https://www.linkedin.com/jobs/view/4416438837,hybrid,"Stakeholder Management, Deployment Workflows, Snowflake, Databricks
Deterministic profile match: 4 profile skills mentioned; title alignment 0.0/3.0; domain signals 10. Title relevance penalty 1.0 applied.",,,,,,,,,,,,,2026-05-19T03:34:24.090303+00:00,not_checked_network_restricted,Not finalized: outbound link checking was blocked in sandbox.
,,,4,Transformation Delivery Lead,,TECHTRACE PARTNERS,https://www.linkedin.com/jobs/view/4416088779,hybrid,"Hybrid Project Management, Stakeholder Management, Change Management, Training Enablement, ServiceNow
Deterministic profile match: 5 profile skills mentioned; title alignment 0.0/3.0; domain signals 5. Title relevance penalty 1.0 applied.",,,,,,Remote,,Remote,,,,,2026-05-19T03:33:24.221345+00:00,not_checked_network_restricted,Not finalized: outbound link checking was blocked in sandbox.
,,,4,ServiceNow Delivery Lead,,Hire Better Talent Solutions,https://www.linkedin.com/jobs/view/4415858512,remote,"Agile Scrum, SAFe, Technical Documentation, Risk Management, ServiceNow
Deterministic profile match: 5 profile skills mentioned; title alignment 0.0/3.0; domain signals 5. Title relevance penalty 1.0 applied.",,,,,,,,Remote,,,,,2026-05-19T03:33:24.221345+00:00,not_checked_network_restricted,Not finalized: outbound link checking was blocked in sandbox.
,,,4,Senior Partner Ecosystem Manager - Puppet,,Perforce Software,https://www.indeed.com/viewjob?jk=cc9210f428ca57b6,remote,"Presentation Skills, Customer Success, Policy Automation
Deterministic profile match: 3 profile skills mentioned; title alignment 0.0/3.0; domain signals 7. Title relevance penalty 1.0 applied.",,,,,,,,"Remote, US (Remote)",https://jobs.lever.co/perforce/37835fa2-16cd-4222-b930-6007bcc76bd4?lever-source=Indeed,,,,2026-05-19T03:33:24.221345+00:00,not_checked_network_restricted,Not finalized: outbound link checking was blocked in sandbox.
,,,4,"Senior Manager, Global Technology Solutions Systems Engineer",,BeOne Medicines,https://www.indeed.com/viewjob?jk=86c1b017e8927763,hybrid,"SDLC, Technical Documentation, Mentoring, Change Management, Risk Management
Deterministic profile match: 5 profile skills mentioned; title alignment 0.0/3.0; domain signals 6. Title relevance penalty 1.0 applied.",,,,,,"Remote, US (Remote)",,"Remote, US (Remote)",https://beigene.wd5.myworkdayjobs.com/en-US/BeiGene/job/Remote-US/Senior-Manager--Global-Technology-Solutions-Systems-Engineer_R34715,,,,2026-05-19T03:33:24.221345+00:00,not_checked_network_restricted,Not finalized: outbound link checking was blocked in sandbox.
,,,4,Manager Operations,,BCD,https://www.indeed.com/viewjob?jk=cdf77d7207c07817,remote,"Root Cause Analysis, Program Management, Presentation Skills, Customer Success, Change Management, Scheduling Management, Risk Management
Deterministic profile match: 7 profile skills mentioned; title alignment 0.0/3.0; domain signals 2. Title relevance penalty 1.0 applied.",,,,,,,,"Remote, US (Remote)",https://jobs.bcdtravel.com/job/Manager-Operations/1361198257/?feedId=412357&utm_source=Indeed,,,,2026-05-19T03:33:24.221345+00:00,not_checked_network_restricted,Not finalized: outbound link checking was blocked in sandbox.
,,,4,"Government Contracts Manager, Medical Informatics",,FujiFilm,https://www.indeed.com/viewjob?jk=6e403b1cd006bc59,remote,"SAFe, Technical Documentation, Presentation Skills, Training Enablement, Resource Planning
Deterministic profile match: 5 profile skills mentioned; title alignment 0.0/3.0; domain signals 6. Title relevance penalty 1.0 applied.",,,,,,,,"Remote, US (Remote)",https://uscareers-fujifilm.icims.com/jobs/37766/job?utm_source=indeed_integration&iis=Job%20Board&iisn=Indeed&indeed-apply-token=73a2d2b2a8d6d5c0a62696875eaebd669103652d3f0c2cd5445d3e66b1592b0f,,,,2026-05-19T03:33:24.221345+00:00,not_checked_network_restricted,Not finalized: outbound link checking was blocked in sandbox.
,,,4,"Director, AI-Enabled DevOps Transformation",,VALIANTYS,https://www.indeed.com/viewjob?jk=8aad2cdd7dc06cf1,remote,"SAFe, SDLC, Policy Automation, Data Pipelines, AWS, Jira, Confluence, GitHub
Deterministic profile match: 8 profile skills mentioned; title alignment 0.0/3.0; domain signals 9. Title relevance penalty 2.5 applied.",,,,,,,,"Remote, US (Remote)",https://jobs.lever.co/valiantys/349ed7fd-4fde-4d41-832c-23de5c7b9ffe?lever-source=Indeed,,,,2026-05-19T03:33:24.221345+00:00,not_checked_network_restricted,Not finalized: outbound link checking was blocked in sandbox.
,,,4,Director of Product Management,,Slingshot Aerospace,https://www.indeed.com/viewjob?jk=cac22d70b9ce2933,hybrid,"Stakeholder Management, Program Management, Roadmap Planning, Customer Success, Data Pipelines
Deterministic profile match: 5 profile skills mentioned; title alignment 0.0/3.0; domain signals 10. Title relevance penalty 1.5 applied.",,,,,,"Remote, US (Remote)",,"Remote, US (Remote)",https://grnh.se/no5dhljr4us,,,,2026-05-19T03:33:24.221345+00:00,not_checked_network_restricted,Not finalized: outbound link checking was blocked in sandbox.
,,,4,"Coordinator, Program",,National Math and Science Initiative,https://www.indeed.com/viewjob?jk=64e1e329c109ea66,remote,"Program Management, Scheduling Management
Deterministic profile match: 2 profile skills mentioned; title alignment 0.0/3.0; domain signals 7.",,,,,,,,"Remote, US (Remote)",https://www.paycomonline.net/v4/ats/web.php/portal/AAB9947AA0D6C7C3BCDA1F6FF5007EF8/jobs/350675?source=Indeed,,,,2026-05-19T03:33:24.221345+00:00,not_checked_network_restricted,Not finalized: outbound link checking was blocked in sandbox.
,,,4,Customer Success Manager,,EqualAccess,https://www.linkedin.com/jobs/view/4415879627,onsite,"Technical Documentation, Customer Success, Workflow Automation, Notion, HubSpot
Deterministic profile match: 5 profile skills mentioned; title alignment 0.0/3.0; domain signals 4. Title relevance penalty 1.0 applied.",,,,,,,,,,,,,2026-05-19T03:32:04.798805+00:00,not_checked_network_restricted,Not finalized: outbound link checking was blocked in sandbox.
,,,4,Product Manager - Ford App Storefront,,Ford Motor Company,https://www.careers.ford.com/job/united-states/product-manager-ford-app-storefront/48560/94832265936,remote,Deterministic profile match: 0 profile skills mentioned; title alignment 1.0/3.0; domain signals 4.,C:\Users\bsing\OneDrive\Documents\Projects\ApplyPilot\portable_applypilot\software-pm\tailored_resumes\software-pm\Brianna Singer_resume_Product Manager - Ford App Storefront.txt,,,,C:\Users\bsing\OneDrive\Documents\Projects\ApplyPilot\portable_applypilot\software-pm\tailored_resumes\software-pm\Brianna Singer_resume_Product Manager - Ford App Storefront.txt,,,"United States, Remote",https://apply.ford.com,,,,2026-05-19T03:31:04.306436+00:00,not_checked_network_restricted,Not finalized: outbound link checking was blocked in sandbox.
,,,4,Implementation Manager,,The Method Staffing,https://www.linkedin.com/jobs/view/4412230666,unknown,"Customer Success
Deterministic profile match: 1 profile skills mentioned; title alignment 0.0/3.0; domain signals 6.",,,,,,,,,,,,,2026-05-19T03:30:57.247300+00:00,not_checked_network_restricted,Not finalized: outbound link checking was blocked in sandbox.
,,,4,Technical PM SAP e-invoicing XML Spanish speaking remote 7+months,,CandorGrp.com,https://www.indeed.com/viewjob?jk=d99bd284975be4be,remote,"Stakeholder Management, Change Management, Scheduling Management, Resource Planning, Smartsheet
Deterministic profile match: 5 profile skills mentioned; title alignment 0.0/3.0; domain signals 6. Title relevance penalty 1.0 applied.",,,,,,,,"Remote, US (Remote)",http://www.indeed.com/job/technical-pm-sap-e-invoicing-xml-spanish-speaking-remote-7months-d99bd284975be4be,,,,2026-05-19T03:28:48.056786+00:00,not_checked_network_restricted,Not finalized: outbound link checking was blocked in sandbox.
,,,4,Project Coordinator,,Secur-Serv,https://www.indeed.com/viewjob?jk=86b0082afcf14d79,remote,"Software Project Management, Program Management, Technical Documentation, Change Management
Deterministic profile match: 4 profile skills mentioned; title alignment 0.0/3.0; domain signals 4.",,,,,,,,"Remote, US (Remote)",https://securserv.applytojob.com/apply/Q3yR5WCDBn/Project-Coordinator?source=INDE&~,,,,2026-05-19T03:28:48.056786+00:00,not_checked_network_restricted,Not finalized: outbound link checking was blocked in sandbox.
,,,4,Associate Consultant/Sr. Project Coordinator,,Korn Ferry,https://www.linkedin.com/jobs/view/4406660343,remote,"Training Enablement, Resource Planning, ERP, Legal Technology
Deterministic profile match: 4 profile skills mentioned; title alignment 0.0/3.0; domain signals 3.",,,,,,,,Remote,,,,,2026-05-19T03:28:48.056786+00:00,not_checked_network_restricted,Not finalized: outbound link checking was blocked in sandbox.
,,,4,Senior Technology Partner Manager - USA,,Storyblok,https://www.indeed.com/viewjob?jk=87c3cac0ad41bdd6,remote,"Program Management, Presentation Skills, Roadmap Planning, Customer Success
Deterministic profile match: 4 profile skills mentioned; title alignment 0.0/3.0; domain signals 8. Title relevance penalty 1.0 applied.",,,,,,,,"Remote, US (Remote)",https://www.storyblok.com/job?gh_jid=4867774101,,,,2026-05-19T03:26:29.194443+00:00,not_checked_network_restricted,Not finalized: outbound link checking was blocked in sandbox.
,,,4,Senior Proposal Manager,,Trellint,https://www.indeed.com/viewjob?jk=66defda120366c0c,remote,"Data Governance Frameworks, Stakeholder Management, Program Management, Technical Documentation, Presentation Skills, Legal Technology
Deterministic profile match: 6 profile skills mentioned; title alignment 0.0/3.0; domain signals 5. Title relevance penalty 1.0 applied.",,,,,,,,"Remote, US (Remote)",https://wd3.myworkdaysite.com/en-US/recruiting/modaxo/Trellint/job/Remote-United-States/Senior-Proposal-Manager_R57428,,,,2026-05-19T03:26:29.194443+00:00,not_checked_network_restricted,Not finalized: outbound link checking was blocked in sandbox.
,,,4,Senior Program Control Specialist,,MTSI,https://www.indeed.com/viewjob?jk=1cfc3519df215348,remote,"Program Management, Customer Success, ERP, Power BI
Deterministic profile match: 4 profile skills mentioned; title alignment 0.0/3.0; domain signals 2.",,,,,,,,"Remote, US (Remote)",https://talent.mtsi-va.com/careers/job/1133913340636?domain=mtsi-va.com,,,,2026-05-19T03:26:29.194443+00:00,not_checked_network_restricted,Not finalized: outbound link checking was blocked in sandbox.
,,,4,"Senior Manager, NetSuite Enterprise Applications",,Perfect Landing,https://www.indeed.com/viewjob?jk=4fa553ec051991aa,hybrid,"Hybrid Project Management, Stakeholder Management, ERP, Workflow Automation
Deterministic profile match: 4 profile skills mentioned; title alignment 0.0/3.0; domain signals 9. Title relevance penalty 1.0 applied.",,,,,,"Remote, US (Remote)",,"Remote, US (Remote)",https://recruiterflow.com/db_ab59463111d91b843163b4b0e8cb8d67/jobs/26?source=indeed&utm_channel=recruiterflow-posting&location=4,,,,2026-05-19T03:26:29.194443+00:00,not_checked_network_restricted,Not finalized: outbound link checking was blocked in sandbox.
,,,4,"Senior Manager, Engineering",,Beacon Biosignals,https://www.indeed.com/viewjob?jk=c23aaecb5f05e5c5,remote,"Software Project Management, Roadmap Planning, Requirements Gathering
Deterministic profile match: 3 profile skills mentioned; title alignment 0.0/3.0; domain signals 8. Title relevance penalty 1.0 applied.",,,,,,,,"Remote, US (Remote)",https://grnh.se/ri00ivgg9us,,,,2026-05-19T03:26:29.194443+00:00,not_checked_network_restricted,Not finalized: outbound link checking was blocked in sandbox.
,,,4,Project Manager Senior (English & Portuguese),,Selecta Digital,https://www.linkedin.com/jobs/view/4412288985,unknown,Deterministic profile match: 0 profile skills mentioned; title alignment 2.0/3.0; domain signals 2.,,,,,,,,,,,,,2026-05-19T03:26:29.194443+00:00,not_checked_network_restricted,Not finalized: outbound link checking was blocked in sandbox.
,,,4,Product Designer,,Spatial Data Logic,https://www.indeed.com/viewjob?jk=bc841e309349d49e,hybrid,"Sprint Planning
Deterministic profile match: 1 profile skills mentioned; title alignment 0.0/3.0; domain signals 6.",,,,,,"Remote, US (Remote)",,"Remote, US (Remote)",https://ats.rippling.com/sdl/jobs/911d7e4b-9e11-4268-913f-36a3b3affd8e?jobSite=Indeed,,,,2026-05-19T03:26:29.194443+00:00,not_checked_network_restricted,Not finalized: outbound link checking was blocked in sandbox.
,,,4,Cloud Engineer,,Bamboo Health,https://www.indeed.com/viewjob?jk=de8ea03efdc31e4c,remote,"Python, Technical Documentation, Deployment Workflows, Policy Automation, AWS, GitHub
Deterministic profile match: 6 profile skills mentioned; title alignment 0.0/3.0; domain signals 6. Title relevance penalty 1.0 applied.",,,,,,,,"Remote, US (Remote)",https://ats.rippling.com/bamboo-health-careers/jobs/e6926821-5dbe-48b5-ae46-671499b6c243?jobSite=Indeed,,,,2026-05-19T03:26:29.194443+00:00,not_checked_network_restricted,Not finalized: outbound link checking was blocked in sandbox.
,,,4,Senior Project Manager,,Allegiance Group,https://www.linkedin.com/jobs/view/4412555505,unknown,Deterministic profile match: 0 profile skills mentioned; title alignment 2.0/3.0; domain signals 1.,,,,,,,,,,,,,2026-05-19T03:25:28.289938+00:00,not_checked_network_restricted,Not finalized: outbound link checking was blocked in sandbox.
,,,4,"Product Manager, Modules",,Canadian Solar,https://canadiansolar.wd5.myworkdayjobs.com/CanadianSolar/job/Mexico---Remote/Product-Manager--Modules_10001168-1,remote,"Presentation Skills, Roadmap Planning, Customer Success
Deterministic profile match: 3 profile skills mentioned; title alignment 1.0/3.0; domain signals 2.",,,,,,,,Mexico - Remote,https://canadiansolar.wd5.myworkdayjobs.com/CanadianSolar/job/Mexico---Remote/Product-Manager--Modules_10001168-1,,,,2026-05-14T22:13:28.680494+00:00,not_checked_network_restricted,Not finalized: outbound link checking was blocked in sandbox.
,,,4,Senior Technical and Financial Crime Intelligence Analyst,,Manulife,https://manulife.wd3.myworkdayjobs.com/MFCJH_Jobs/job/CAN-Ontario---Full-Time-Remote/Senior-Technical---Financial-Crime-Intelligence-Analyst_JR25110828,remote,"Python, SQL, Program Management, Presentation Skills, Risk Management, Power BI
Deterministic profile match: 6 profile skills mentioned; title alignment 0.0/3.0; domain signals 3. Title relevance penalty 1.0 applied.",,,,,,,,"CAN, Ontario - Full Time Remote",https://manulife.wd3.myworkdayjobs.com/MFCJH_Jobs/job/CAN-Ontario---Full-Time-Remote/Senior-Technical---Financial-Crime-Intelligence-Analyst_JR25110828,,,,2026-05-14T22:05:22.908404+00:00,not_checked_network_restricted,Not finalized: outbound link checking was blocked in sandbox.
,,,4,Senior Engineer (Critical Environments -US),,TD Bank,https://td.wd3.myworkdayjobs.com/TD_Bank_Careers/job/Remote-Mount-Laurel-NJ/Senior-Engineer--Critical-Environments--US-_R_1487901-1,remote,"Root Cause Analysis, Data Governance Frameworks, Program Management, Mentoring, SOPs, Risk Management
Deterministic profile match: 6 profile skills mentioned; title alignment 0.0/3.0; domain signals 3. Title relevance penalty 1.0 applied.",,,,,,,,Remote Mount Laurel (NJ),https://td.wd3.myworkdayjobs.com/TD_Bank_Careers/job/Remote-Mount-Laurel-NJ/Senior-Engineer--Critical-Environments--US-_R_1487901-1,,,,2026-05-14T22:03:38.175527+00:00,not_checked_network_restricted,Not finalized: outbound link checking was blocked in sandbox.
,,,4,Senior Proposal Writer,,TELUS Health,https://lifeworks.wd3.myworkdayjobs.com/External/job/APAC---Singapore---Remote/Senior-Proposal-Writer_R-22028,remote,"Software Project Management, Stakeholder Management, Mentoring, Customer Success, Legal Technology
Deterministic profile match: 5 profile skills mentioned; title alignment 0.0/3.0; domain signals 5. Title relevance penalty 1.0 applied.",,,,,,,,APAC - Singapore - Remote,https://lifeworks.wd3.myworkdayjobs.com/External/job/APAC---Singapore---Remote/Senior-Proposal-Writer_R-22028,,,,2026-05-14T22:02:55.884851+00:00,not_checked_network_restricted,Not finalized: outbound link checking was blocked in sandbox.
,,,4,"Senior Manager, Project Discovery & Transitions",,Multiplier,https://www.linkedin.com/jobs/view/4414925382,remote,"Stakeholder Management, Program Management, Resource Planning, Risk Management, Legal Technology
Deterministic profile match: 5 profile skills mentioned; title alignment 0.0/3.0; domain signals 3.",,,,,,,,Remote,,,,,2026-05-14T21:52:47.996850+00:00,not_checked_network_restricted,Not finalized: outbound link checking was blocked in sandbox.
,,,4,Project Manager,,Woven Health Collective,https://www.indeed.com/viewjob?jk=4b2923f4caf884d7,remote,Deterministic profile match: 0 profile skills mentioned; title alignment 2.0/3.0; domain signals 2.,,,,,,,,"Remote, US (Remote)",https://woven.hrmdirect.com/employment/view.php?req=3709926&jbsrc=1014&location=b642d2e6-6a8a-7977-c756-55b9055c9f37,,,,2026-05-14T21:52:47.996850+00:00,not_checked_network_restricted,Not finalized: outbound link checking was blocked in sandbox.
,,,4,Marketing Product Manager - Surgical Ultrasonics,,Bioventus,https://www.indeed.com/viewjob?jk=37adfa2d363b7a93,remote,"Customer Success
Deterministic profile match: 1 profile skills mentioned; title alignment 1.0/3.0; domain signals 3.",,,,,,,,"Remote, US (Remote)",https://osv-bioventus.wd501.myworkdayjobs.com/en-US/External/job/Remote-US/Marketing-Product-Manager---Surgical-Ultrasonics_R-2026-05-001638,,,,2026-05-14T21:52:47.996850+00:00,not_checked_network_restricted,Not finalized: outbound link checking was blocked in sandbox.
,,,4,Project Supervisor,,Clobotics,https://www.indeed.com/viewjob?jk=03f7ef7de62b96a0,remote,"Software Project Management
Deterministic profile match: 1 profile skills mentioned; title alignment 0.0/3.0; domain signals 6.",,,,,,,,"Remote, US (Remote)",http://www.indeed.com/job/project-supervisor-03f7ef7de62b96a0,,,,2026-05-14T21:50:40.094592+00:00,not_checked_network_restricted,Not finalized: outbound link checking was blocked in sandbox.
,,,4,Solution Success Manager,,Flexera,https://www.indeed.com/viewjob?jk=068e178a08ef9fc9,hybrid,"Hybrid Project Management, Software Project Management, Customer Success, Risk Management
Deterministic profile match: 4 profile skills mentioned; title alignment 0.0/3.0; domain signals 7. Title relevance penalty 1.0 applied.",,,,,,"Remote, US (Remote)",,"Remote, US (Remote)",https://flexerasoftware.wd1.myworkdayjobs.com/en-US/FlexeraSoftware/job/Home-United-States/Solution-Success-Manager_17340,,,,2026-05-14T21:48:33.976678+00:00,not_checked_network_restricted,Not finalized: outbound link checking was blocked in sandbox.
,,,4,Service Delivery Manager,,Astronomer,https://www.linkedin.com/jobs/view/4387867401,unknown,"Software Project Management, Stakeholder Management, Program Management
Deterministic profile match: 3 profile skills mentioned; title alignment 0.0/3.0; domain signals 8. Title relevance penalty 1.0 applied.",,,,,,,,,,,,,2026-05-14T21:48:33.976678+00:00,not_checked_network_restricted,Not finalized: outbound link checking was blocked in sandbox.
,,,4,Senior Technical Engineering Manager,,ClearCompany,https://www.indeed.com/viewjob?jk=0b7769ee5d534b10,remote,"Software Project Management, Experimentation Frameworks, Change Management, AWS, GitHub
Deterministic profile match: 5 profile skills mentioned; title alignment 0.0/3.0; domain signals 6. Title relevance penalty 1.0 applied.",,,,,,,,"Remote, US (Remote)",https://jobs.hrmdirect.com/employment/view.php?req=3712112&jbsrc=1014&location=561b3160-e4d4-0d47-ce0f-e8c56e3348aa,,,,2026-05-14T21:48:33.976678+00:00,not_checked_network_restricted,Not finalized: outbound link checking was blocked in sandbox.
,,,4,Senior Client Success Manager,,Cordial,https://www.indeed.com/viewjob?jk=2e8148100afbfcdd,remote,"Program Management, Change Management, Jira, Trello
Deterministic profile match: 4 profile skills mentioned; title alignment 0.0/3.0; domain signals 6. Title relevance penalty 1.0 applied.",,,,,,,,"Remote, US (Remote)",https://boards.greenhouse.io/cordial81/jobs/8547617002?gh_jid=8547617002,,,,2026-05-14T21:48:33.976678+00:00,not_checked_network_restricted,Not finalized: outbound link checking was blocked in sandbox.
,,,4,Partner Delivery Manager,,SailPoint,https://www.linkedin.com/jobs/view/4414910899,remote,"Software Project Management, Program Management, Technical Documentation, Customer Success, Training Enablement, System Monitoring
Deterministic profile match: 6 profile skills mentioned; title alignment 0.0/3.0; domain signals 6. Title relevance penalty 1.0 applied.",,,,,,,,Remote,,,,,2026-05-14T21:48:33.976678+00:00,not_checked_network_restricted,Not finalized: outbound link checking was blocked in sandbox.
,,,4,Internal & External Communications Manager,,Transact Campus,https://www.indeed.com/viewjob?jk=9f09bd28fd4220d0,remote,"Program Management, Technical Documentation, Customer Success, Legal Technology, HubSpot
Deterministic profile match: 5 profile skills mentioned; title alignment 0.0/3.0; domain signals 5. Title relevance penalty 1.0 applied.",,,,,,,,"Remote, US (Remote)",https://transact-campus.breezy.hr/p/f9dfc3331f63-internal-external-communications-manager?source=indeed,,,,2026-05-14T21:48:33.976678+00:00,not_checked_network_restricted,Not finalized: outbound link checking was blocked in sandbox.
,,,4,Field & Partner Marketing (US/Canada),,Algomarketing,https://www.indeed.com/viewjob?jk=53f17fb840093bf9,hybrid,"Hybrid Project Management, Stakeholder Management, Program Management, Customer Success
Deterministic profile match: 4 profile skills mentioned; title alignment 0.0/3.0; domain signals 6. Title relevance penalty 1.0 applied.",,,,,,"Remote, US (Remote)",,"Remote, US (Remote)",https://algomarketing.pinpointhq.com/postings/aff8f547-4fb0-4470-9ff9-95c7b3271d47?utm_medium=job_board&utm_source=indeed,,,,2026-05-14T21:48:33.976678+00:00,not_checked_network_restricted,Not finalized: outbound link checking was blocked in sandbox.
,,,4,"Engineering Manager, Core APIs",,Fingerprint,https://www.indeed.com/viewjob?jk=8dccf0c419b597c1,remote,"AWS, GitHub
Deterministic profile match: 2 profile skills mentioned; title alignment 0.0/3.0; domain signals 8. Title relevance penalty 1.0 applied.",,,,,,,,"Remote, US (Remote)",https://fingerprint.com/careers/jobs/apply/?gh_jid=5994225004,,,,2026-05-14T21:48:33.976678+00:00,not_checked_network_restricted,Not finalized: outbound link checking was blocked in sandbox.
,,,4,"Director, Website & SEO",,Dodge Construction Network,https://www.indeed.com/viewjob?jk=f2e1f609a7ea1b9a,remote,"A/B Testing, Experimentation Frameworks, Data Governance Frameworks, Stakeholder Management, Roadmap Planning, Customer Success
Deterministic profile match: 6 profile skills mentioned; title alignment 0.0/3.0; domain signals 9. Title relevance penalty 2.5 applied.",,,,,,,,"Remote, US (Remote)",https://apply.workable.com/dodge-construction-network/j/0328B7DA81/,,,,2026-05-14T21:48:33.976678+00:00,not_checked_network_restricted,Not finalized: outbound link checking was blocked in sandbox.
,,,4,Demand Generation Manager,,Magna Technology Group,https://www.indeed.com/viewjob?jk=692ca6dde5d515d7,remote,"Stakeholder Management, Program Management, Customer Success
Deterministic profile match: 3 profile skills mentioned; title alignment 0.0/3.0; domain signals 8. Title relevance penalty 1.0 applied.",,,,,,,,"Remote, US (Remote)",https://magnatech.io/technology-careers/?gh_jid=4692872005,,,,2026-05-14T21:48:33.976678+00:00,not_checked_network_restricted,Not finalized: outbound link checking was blocked in sandbox.
,,,4,Cybersecurity & Compliance Delivery Specialist (Gov Frameworks | Contract-to-Hire | Remote),,eSilo,https://www.indeed.com/viewjob?jk=0ad8ce6d925a00b9,remote,"Technical Documentation, Presentation Skills, Requirements Gathering, Policy Automation, AWS
Deterministic profile match: 5 profile skills mentioned; title alignment 0.0/3.0; domain signals 6. Title relevance penalty 1.0 applied.",,,,,,,,"Remote, US (Remote)",http://www.indeed.com/job/cybersecurity-compliance-delivery-specialist-gov-frameworks-contract-hire-remote-0ad8ce6d925a00b9,,,,2026-05-14T21:48:33.976678+00:00,not_checked_network_restricted,Not finalized: outbound link checking was blocked in sandbox.
,,,4,Contract Operations & Strategic Enablement Manager,,Reserv,https://www.indeed.com/viewjob?jk=4b0788833c939cea,remote,"Technical Documentation, Customer Success, Risk Management, Workflow Automation, Policy Automation, Legal Technology
Deterministic profile match: 6 profile skills mentioned; title alignment 0.0/3.0; domain signals 5. Title relevance penalty 1.0 applied.",,,,,,,,"Remote, US (Remote)",https://ats.rippling.com/reserv/jobs/c20cbf0a-a5ce-49bd-a58d-421eab411e72?jobSite=Indeed,,,,2026-05-14T21:48:33.976678+00:00,not_checked_network_restricted,Not finalized: outbound link checking was blocked in sandbox.
,,,4,Cloud Network Engineer,,Core4ce,https://www.indeed.com/viewjob?jk=5041ccf187ae747d,hybrid,"Python, Technical Documentation, Change Management, Resource Planning, AWS
Deterministic profile match: 5 profile skills mentioned; title alignment 0.0/3.0; domain signals 7. Title relevance penalty 1.0 applied.",,,,,,"Remote, US (Remote)",,"Remote, US (Remote)",https://jobs.silkroad.com/Core4ce/Careers/jobs/1267,,,,2026-05-14T21:48:33.976678+00:00,not_checked_network_restricted,Not finalized: outbound link checking was blocked in sandbox.
,,,4,Associate Consultant - 26187,,Enverus,https://www.indeed.com/viewjob?jk=c05ea3efc7fdc75b,remote,"Program Management, Presentation Skills, Customer Success, Change Management, Risk Management
Deterministic profile match: 5 profile skills mentioned; title alignment 0.0/3.0; domain signals 4. Title relevance penalty 1.0 applied.",C:\Users\bsing\.applypilot\tailored_resumes\software-pm\051_7_Enverus_Associate_Consultant_-_26187.txt,failed_validation,Company 'Sakhi' missing from experience; Company 'The Samaritans of New York' missing from experience,,,,,"Remote, US (Remote)",https://app.jobvite.com/CompanyJobs/Job.aspx?j=ovh7zfwc&loc=CsDzWfwk&s=Indeed,,,,2026-05-14T21:48:33.976678+00:00,not_checked_network_restricted,Not finalized: outbound link checking was blocked in sandbox.
,,,4,(US) Customer Operation Launch Manager,,PointClickCare,https://www.linkedin.com/jobs/view/4403994467,unknown,"Stakeholder Management, Program Management, Presentation Skills, Mentoring
Deterministic profile match: 4 profile skills mentioned; title alignment 0.0/3.0; domain signals 6. Title relevance penalty 1.0 applied.",C:\Users\bsing\.applypilot\tailored_resumes\software-pm\046_7_PointClickCare_US_Customer_Operation_Launch_Manager.txt,failed_validation,Company 'Sakhi' missing from experience; Company 'The Samaritans of New York' missing from experience,,,,,,,,,,2026-05-14T21:48:33.976678+00:00,not_checked_network_restricted,Not finalized: outbound link checking was blocked in sandbox.
,,,4,"Senior Manager, Monitoring & Observability",,Conduent,https://www.indeed.com/viewjob?jk=aa4d8b213557f6ee,hybrid,"Root Cause Analysis, Stakeholder Management, Change Management, Policy Automation
Deterministic profile match: 4 profile skills mentioned; title alignment 0.0/3.0; domain signals 7. Title relevance penalty 1.0 applied.",,,,,,"Remote, US (Remote)",,"Remote, US (Remote)",https://click.appcast.io/t/TjBXbNRM991m4s0ozkhE3ZAnHaZ79rqCOIz71f22-Ac=,,,,2026-05-14T21:46:30.549281+00:00,not_checked_network_restricted,Not finalized: outbound link checking was blocked in sandbox.
,,,4,Competitive Intelligence Manager,,Trellix,https://www.indeed.com/viewjob?jk=9e30c7c1568d7970,remote,"Go-to-market Strategy, SAFe, Stakeholder Management, Training Enablement
Deterministic profile match: 4 profile skills mentioned; title alignment 0.0/3.0; domain signals 6. Title relevance penalty 1.0 applied.",,,,,,,,"Remote, US (Remote)",https://careers.trellix.com/jobs/competitive-intelligence-manager/,,,,2026-05-14T21:46:30.549281+00:00,not_checked_network_restricted,Not finalized: outbound link checking was blocked in sandbox.
,,,4,Senior Incident Response Manager,,Axon,https://www.linkedin.com/jobs/view/4414703344,hybrid,"Root Cause Analysis, Change Management, Distributed Systems Concepts
Deterministic profile match: 3 profile skills mentioned; title alignment 0.0/3.0; domain signals 7. Title relevance penalty 1.0 applied.",,,,,,,,,https://www.linkedin.com/signup/cold-join?source=jobs_registration&session_redirect=https%3A%2F%2Fwww.linkedin.com%2Fjobs%2Fview%2Fsenior-incident-response-manager-at-axon-4414703344&trk=public_jobs_apply-link-offsite_contextual-sign-in-modal_join-link,,,,2026-05-14T21:45:28.863915+00:00,not_checked_network_restricted,Not finalized: outbound link checking was blocked in sandbox.
,,,4,"Sr. Manager Communications, Product and Technology",,General Motors (GM),https://www.indeed.com/viewjob?jk=5608db81b6e20d3c,remote,"Program Management, Change Management, Legal Technology
Deterministic profile match: 3 profile skills mentioned; title alignment 0.0/3.0; domain signals 2.",,,,,,,,"Remote, US (Remote)",https://generalmotors.wd5.myworkdayjobs.com/en-US/Careers_GM/job/Remote---United-States/Sr-Manager-Communications--Product-and-Technology_JR-202610615,,,,2026-05-14T21:44:13.352357+00:00,not_checked_network_restricted,Not finalized: outbound link checking was blocked in sandbox.
,,,4,Quality Assurance Specialist/Engineer & Documentation,,Strategic Technology Partners,https://www.indeed.com/viewjob?jk=ccc065391857d336,remote,"SDLC, Program Management, Technical Documentation, Jira, Confluence, ServiceNow
Deterministic profile match: 6 profile skills mentioned; title alignment 0.0/3.0; domain signals 5. Title relevance penalty 1.0 applied.",,,,,,,,"Remote, US (Remote)",https://strategictechpartners.hrmdirect.com/employment/job-opening.php?req=3713112&req_loc=1321909&nohd#job,,,,2026-05-14T21:40:03.505024+00:00,not_checked_network_restricted,Not finalized: outbound link checking was blocked in sandbox.
,,,4,Quality Assurance Specialist/Engineer & Documentation,,Stp,https://www.indeed.com/viewjob?jk=83739369192718ed,remote,"SDLC, Program Management, Technical Documentation, Jira, Confluence, ServiceNow
Deterministic profile match: 6 profile skills mentioned; title alignment 0.0/3.0; domain signals 5. Title relevance penalty 1.0 applied.",,,,,,,,"Remote, US (Remote)",https://strategictechpartners.hrmdirect.com/employment/view.php?req=3713112&jbsrc=1014&location=675195a9-761a-403e-f76a-2ce7c6816e8c,,,,2026-05-14T21:40:03.505024+00:00,not_checked_network_restricted,Not finalized: outbound link checking was blocked in sandbox.
,,,4,Project Coordinator,,Sourcedpeople,https://www.linkedin.com/jobs/view/4414544095,unknown,"Stakeholder Management, Change Management, Jira
Deterministic profile match: 3 profile skills mentioned; title alignment 0.0/3.0; domain signals 2.",C:\Users\bsing\.applypilot\tailored_resumes\software-pm\019_8_Sourcedpeople_Project_Coordinator.txt,failed_validation,Missing required field: projects,,,,,,,,,,2026-05-14T21:40:03.505024+00:00,not_checked_network_restricted,Not finalized: outbound link checking was blocked in sandbox.
,,,4,Account Support Manager - Technology,,Premier Inc.,https://www.indeed.com/viewjob?jk=259c7f8754d7391a,remote,"Software Project Management, Program Management, Change Management
Deterministic profile match: 3 profile skills mentioned; title alignment 0.0/3.0; domain signals 6. Title relevance penalty 1.0 applied.",,,,,,,,"Remote, US (Remote)",https://premierinc.wd1.myworkdayjobs.com/en-US/External_Professional/job/Remote/Account-Support-Manager---Technology_R0008371,,,,2026-05-14T21:40:03.505024+00:00,not_checked_network_restricted,Not finalized: outbound link checking was blocked in sandbox.
,,,4,Delivery Manager / Delivery Lead,,SR Talent Solution Inc.,https://www.linkedin.com/jobs/view/4414720657,onsite,"SAFe, SDLC, AWS, Jira, Confluence
Deterministic profile match: 5 profile skills mentioned; title alignment 0.0/3.0; domain signals 4. Title relevance penalty 1.0 applied.",C:\Users\bsing\.applypilot\tailored_resumes\software-pm\069_7_SR_Talent_Solution_I_Delivery_Manager__Delivery_Lead.txt,failed_validation,Company 'Sakhi' missing from experience; Company 'The Samaritans of New York' missing from experience,,,,,,,,,,2026-05-14T21:39:02.422718+00:00,not_checked_network_restricted,Not finalized: outbound link checking was blocked in sandbox.
,,,4,"Senior Manager, Trust & Safety",,Roadie,https://www.indeed.com/viewjob?jk=268a33946db84315,remote,"OKRs, Change Management, Risk Management, Policy Automation, Legal Technology
Deterministic profile match: 5 profile skills mentioned; title alignment 0.0/3.0; domain signals 6. Title relevance penalty 1.0 applied.",,,,,,,,"Remote, US (Remote)",https://job-boards.greenhouse.io/roadie/jobs/8547567002,,,,2026-05-14T21:37:59.870693+00:00,not_checked_network_restricted,Not finalized: outbound link checking was blocked in sandbox.
,,,4,"Manager, Sales & Customer Experience Operations",,Instinct Science,https://www.indeed.com/viewjob?jk=5233b384204536fa,remote,"Roadmap Planning, Customer Success, Change Management, Resource Planning, Risk Management, Workflow Automation, Mixpanel, HubSpot
Deterministic profile match: 8 profile skills mentioned; title alignment 0.0/3.0; domain signals 8. Title relevance penalty 2.5 applied.",,,,,,,,"Remote, US (Remote)",https://instinctscience.applytojob.com/apply/X3r9qfdpY0/Manager-Sales-Customer-Experience-Operations?source=INDE&~,,,,2026-05-14T21:37:59.870693+00:00,not_checked_network_restricted,Not finalized: outbound link checking was blocked in sandbox.
,,,4,"Director, Web Engineering",,Insight Software,https://www.indeed.com/viewjob?jk=2b3b65eab0a097a4,remote,"Sprint Planning, OKRs, Technical Documentation, Roadmap Planning, Customer Success, Sprint Reviews, ERP, Data Pipelines
Deterministic profile match: 8 profile skills mentioned; title alignment 0.0/3.0; domain signals 12. Title relevance penalty 2.5 applied.",,,,,,,,"Remote, US (Remote)",https://magnitudesoftware.wd1.myworkdayjobs.com/en-US/External/job/USA---Remote/Director--Web-Engineering_REQ000642,,,,2026-05-14T21:37:59.870693+00:00,not_checked_network_restricted,Not finalized: outbound link checking was blocked in sandbox.
,,,4,Delivery Lead,,RELISH,https://www.linkedin.com/jobs/view/4414671214,remote,"Software Project Management, Technical Documentation, Presentation Skills, Customer Success
Deterministic profile match: 4 profile skills mentioned; title alignment 0.0/3.0; domain signals 11. Title relevance penalty 1.0 applied.",C:\Users\bsing\.applypilot\tailored_resumes\software-pm\067_7_RELISH_Delivery_Lead.txt,failed_validation,Company 'Sakhi' missing from experience; Company 'The Samaritans of New York' missing from experience,,,,,Remote,,,,,2026-05-14T21:37:59.870693+00:00,not_checked_network_restricted,Not finalized: outbound link checking was blocked in sandbox.
,,,4,DELIVERY TECHNICAL LEAD (DTL),,Nasscomm,https://www.linkedin.com/jobs/view/4414485105,remote,"Milestone Tracking, Technical Documentation, Requirements Gathering, Data Pipelines, AWS
Deterministic profile match: 5 profile skills mentioned; title alignment 0.0/3.0; domain signals 7. Title relevance penalty 1.0 applied.",,,,,,,,Remote,,,,,2026-05-14T21:37:59.870693+00:00,not_checked_network_restricted,Not finalized: outbound link checking was blocked in sandbox.
,,,4,Customer Strategy and Delivery Lead,,Keebler Health,https://www.linkedin.com/jobs/view/4413284444,unknown,"Stakeholder Management, Customer Success, Risk Management
Deterministic profile match: 3 profile skills mentioned; title alignment 0.0/3.0; domain signals 8. Title relevance penalty 1.0 applied.",C:\Users\bsing\.applypilot\tailored_resumes\software-pm\061_7_Keebler_Health_Customer_Strategy_and_Delivery_Lead.txt,failed_validation,Company 'Sakhi' missing from experience; Company 'The Samaritans of New York' missing from experience,Banned words: proven track record,,,,,,,,,2026-05-14T21:37:59.870693+00:00,not_checked_network_restricted,Not finalized: outbound link checking was blocked in sandbox.
,,,4,Client Solutions Manager,,VC3,https://www.indeed.com/viewjob?jk=6f183d9075bab862,remote,"Program Management, Technical Documentation, Change Management, Scheduling Management
Deterministic profile match: 4 profile skills mentioned; title alignment 0.0/3.0; domain signals 5. Title relevance penalty 1.0 applied.",,,,,,,,"Remote, US (Remote)",https://careers.vc3.com/postings/c8e2e958-d882-417e-8acf-e27387688e7b?utm_medium=job_board&utm_source=indeed,,,,2026-05-14T21:37:59.870693+00:00,not_checked_network_restricted,Not finalized: outbound link checking was blocked in sandbox.
,,,4,AWS Partnerships Manager,,Modus Create,https://www.indeed.com/viewjob?jk=4b3bf97ca467e877,hybrid,"Program Management, Change Management, AWS, GitHub
Deterministic profile match: 4 profile skills mentioned; title alignment 0.0/3.0; domain signals 5. Title relevance penalty 1.0 applied.",,,,,,"Remote, US (Remote)",,"Remote, US (Remote)",https://grnh.se/w8oez5su3us,,,,2026-05-14T21:37:59.870693+00:00,not_checked_network_restricted,Not finalized: outbound link checking was blocked in sandbox.
,,,4,Senior Manager Project Development - West,,Hanwha Renewables,https://www.linkedin.com/jobs/view/4404439243,hybrid,"Hybrid Project Management, Presentation Skills, Resource Planning, Risk Management, Legal Technology
Deterministic profile match: 5 profile skills mentioned; title alignment 0.0/3.0; domain signals 0.",,,,,,,,,,,,,2026-05-14T21:36:03.741595+00:00,not_checked_network_restricted,Not finalized: outbound link checking was blocked in sandbox.
,,,4,Senior Manager Implementation - LH,,Luminare Health,https://www.indeed.com/viewjob?jk=83beae328524c2f2,remote,"Program Management, Presentation Skills, Change Management
Deterministic profile match: 3 profile skills mentioned; title alignment 0.0/3.0; domain signals 2.",,,,,,,,"Remote, US (Remote)",https://hcsc.wd1.myworkdayjobs.com/en-US/HCSC_LuminareHealth/job/Work-From-Home-HB/Senior-Manager-Implementation---LH_R0050624,,,,2026-05-14T21:36:03.741595+00:00,not_checked_network_restricted,Not finalized: outbound link checking was blocked in sandbox.
,,,4,Technical Manager (APAC Region),,CarbonCure Technologies,https://www.indeed.com/viewjob?jk=4c03005b77bf6bb1,remote,"Program Management, Customer Success, Change Management, Scheduling Management, Training Enablement, Resource Planning
Deterministic profile match: 6 profile skills mentioned; title alignment 0.0/3.0; domain signals 4. Title relevance penalty 1.0 applied.",,,,,,,,"Remote, US (Remote)",https://carboncure.bamboohr.com/careers/256?source=indeed&src=indeed&postedDate=2026-05-12,,,,2026-05-14T21:33:49.397717+00:00,not_checked_network_restricted,Not finalized: outbound link checking was blocked in sandbox.
,,,4,Mergers and Acquisition (M &A) Digital Integration Consultant,,Progressive,https://www.indeed.com/viewjob?jk=6c73012d7c3f0b08,remote,"Stakeholder Management, Program Management, Requirements Gathering, Change Management, Resource Planning
Deterministic profile match: 5 profile skills mentioned; title alignment 0.0/3.0; domain signals 4. Title relevance penalty 1.0 applied.",,,,,,,,"Remote, US (Remote)",https://careers.progressive.com/en/jobs/17733194-mergers-and-acquisition-m-and-a-digital-integration-consultant?tm_job=259952&tm_event=view&tm_company=90779,,,,2026-05-14T21:33:49.397717+00:00,not_checked_network_restricted,Not finalized: outbound link checking was blocked in sandbox.
,,,4,Tendering Manager II,,FieldCore,https://www.indeed.com/viewjob?jk=018a336e21b890e1,remote,"Lean Product Development, Stakeholder Management, Program Management, Presentation Skills, Customer Success, Risk Management
Deterministic profile match: 6 profile skills mentioned; title alignment 0.0/3.0; domain signals 4. Title relevance penalty 1.0 applied.",,,,,,,,"Remote, US (Remote)",https://app.jobvite.com/CompanyJobs/Job.aspx?j=o9V8zfwv&s=Indeed,,,,2026-05-14T21:31:37.952938+00:00,not_checked_network_restricted,Not finalized: outbound link checking was blocked in sandbox.
,,,4,Solution Architect,,Speed & Function,https://www.indeed.com/viewjob?jk=b7b28db4087d60fa,remote,"Python, Machine Learning Frameworks, Roadmap Planning, Distributed Systems Concepts, AWS
Deterministic profile match: 5 profile skills mentioned; title alignment 0.0/3.0; domain signals 6. Title relevance penalty 1.0 applied.",,,,,,,,"Remote, US (Remote)",https://speedandfunction.peopleforce.io/careers/v/208386-solution-architect,,,,2026-05-14T21:31:37.952938+00:00,not_checked_network_restricted,Not finalized: outbound link checking was blocked in sandbox.
,,,4,Principal Consultant - Wireless/Network,,TEECOM,https://www.indeed.com/viewjob?jk=ea30eeda9c91f18c,remote,"Technical Documentation, Mentoring, QA Coordination, Resource Planning, GitHub, Legal Technology
Deterministic profile match: 6 profile skills mentioned; title alignment 0.0/3.0; domain signals 4. Title relevance penalty 1.0 applied.",,,,,,,,"Remote, US (Remote)",https://jobs.lever.co/teecom/0946e818-bd47-4622-9516-1df4c11ebefd?lever-source=Indeed,,,,2026-05-14T21:31:37.952938+00:00,not_checked_network_restricted,Not finalized: outbound link checking was blocked in sandbox.
,,,4,Account Manager II,,Blackhawk Network,https://www.indeed.com/viewjob?jk=0224e7ff8b94fe32,hybrid,"Hybrid Project Management, Program Management, Presentation Skills, Risk Management, Legal Technology
Deterministic profile match: 5 profile skills mentioned; title alignment 0.0/3.0; domain signals 5. Title relevance penalty 1.0 applied.",,,,,,"Remote, US (Remote)",,"Remote, US (Remote)",https://careers-blackhawknetwork.icims.com/jobs/26579/job?utm_source=indeed_integration&iis=Job%20Board&iisn=Indeed&indeed-apply-token=73a2d2b2a8d6d5c0a62696875eaebd669103652d3f0c2cd5445d3e66b1592b0f,,,,2026-05-14T21:31:37.952938+00:00,not_checked_network_restricted,Not finalized: outbound link checking was blocked in sandbox.
,,,4,Technical Customer Success Manager,,Livable,https://www.indeed.com/viewjob?jk=2080f3f1594d334b,remote,"Software Project Management, Customer Success, Jira, HubSpot
Deterministic profile match: 4 profile skills mentioned; title alignment 0.0/3.0; domain signals 5. Title relevance penalty 1.0 applied.",,,,,,,,"Remote, US (Remote)",http://www.indeed.com/job/technical-customer-success-manager-2080f3f1594d334b,,,,2026-05-14T21:29:36.448824+00:00,not_checked_network_restricted,Not finalized: outbound link checking was blocked in sandbox.
,,,4,Technical Account Manager,,FireMon,https://www.indeed.com/viewjob?jk=6bc65e5dcfbb07a6,hybrid,"Hybrid Project Management, Software Project Management, Customer Success, System Monitoring, Policy Automation
Deterministic profile match: 5 profile skills mentioned; title alignment 0.0/3.0; domain signals 7. Title relevance penalty 1.0 applied.",,,,,,"Remote, US (Remote)",,"Remote, US (Remote)",https://jobs.lever.co/firemon/65208e7b-0d5c-473c-9579-a0dab419fbd6,,,,2026-05-14T21:29:36.448824+00:00,not_checked_network_restricted,Not finalized: outbound link checking was blocked in sandbox.
,,,4,Subcontract Administrator III,,Amentum,https://www.indeed.com/viewjob?jk=83343cbee6ba90db,hybrid,"Hybrid Project Management, Software Project Management, Program Management, Change Management, Risk Management, Legal Technology
Deterministic profile match: 6 profile skills mentioned; title alignment 0.0/3.0; domain signals 3. Title relevance penalty 1.0 applied.",,,,,,"Remote, US (Remote)",,"Remote, US (Remote)",https://www.amentumcareers.com/jobs/subcontract-administrator-iii-jacksonville-florida-united-states-21d4e881-a1a4-4dcc-9b3f-2f929352bf2f?source=Indeed+Feed,,,,2026-05-14T21:29:36.448824+00:00,not_checked_network_restricted,Not finalized: outbound link checking was blocked in sandbox.
,,,4,Sr. Project Manager (Telehealth),,HealthCare Recruiters International,https://www.linkedin.com/jobs/view/4413803803,remote,Deterministic profile match: 0 profile skills mentioned; title alignment 2.0/3.0; domain signals 0.,,,,,,,,Remote,,,,,2026-05-14T21:29:36.448824+00:00,not_checked_network_restricted,Not finalized: outbound link checking was blocked in sandbox.
,,,4,"Sr. Business Analyst, Salesforce",,PAR Technology,https://www.indeed.com/viewjob?jk=add9bbefb45b0b80,remote,"Sprint Planning, Acceptance Criteria Frameworks
Deterministic profile match: 2 profile skills mentioned; title alignment 0.0/3.0; domain signals 10. Title relevance penalty 1.0 applied.",,,,,,,,"Remote, US (Remote)",https://partech.com/careers-at-par/?ashby_jid=5c8c84cf-b2f6-419f-b51a-cd125ce74925#careers,,,,2026-05-14T21:29:36.448824+00:00,not_checked_network_restricted,Not finalized: outbound link checking was blocked in sandbox.
,,,4,Senior Software Engineer,,Kinetic Plc,https://www.indeed.com/viewjob?jk=2eb09fd16f988004,remote,"SQL, Root Cause Analysis, Program Management, Technical Documentation, Data Warehousing, AWS
Deterministic profile match: 6 profile skills mentioned; title alignment 0.0/3.0; domain signals 9. Title relevance penalty 2.5 applied.",,,,,,,,"Remote, US (Remote)",https://jobs.gem.com/kinetic/am9icG9zdDpAXBNe4QxUqGXU_GIVbUoy,,,,2026-05-14T21:29:36.448824+00:00,not_checked_network_restricted,Not finalized: outbound link checking was blocked in sandbox.
,,,4,Epic Application Architect (Healthy Planet) Population Health,,University Hospitals,https://www.indeed.com/viewjob?jk=52d46c661c374d11,remote,"Software Project Management, Root Cause Analysis, Technical Documentation, Requirements Gathering, Change Management
Deterministic profile match: 5 profile skills mentioned; title alignment 0.0/3.0; domain signals 4. Title relevance penalty 1.0 applied.",,,,,,,,"Remote, US (Remote)",https://d.hodes.com/r/tp2?e=se&tv=pixel_tracker&aid=universityhospitals&p=web&se_ca=indeed&se_ac=click&se_la=23385280&u=http%3A%2F%2Fcareers.uhhospitals.org%2Fjob%2F23385280%2Fepic-application-architect-healthy-planet-population-health-remote%2F%3Futm_medium%3Dsymphonytalent-jobads%26utm_campaign%3DInformation%2520Technology%26utm_content%3DEpic%2520Application%2520Architect%2520(Healthy%2520Planet)%2520Population%2520Health%2520%2520%26utm_term%3D2600047Y%26utm_source%3DIndeed&se_pr=f9d8f643ab72ad13&se_va=1710&tr_af=organic&ti_id=2022_2600047Y&signature=CmoH2O1Gpb4B1P8fw8JpiGOlKKOTj0K4GKmAjK5lkFw,,,,2026-05-14T21:29:36.448824+00:00,not_checked_network_restricted,Not finalized: outbound link checking was blocked in sandbox.
,,,4,Director / Senior Director of Product Management,,ONTIC TECHNOLOGIES,https://www.indeed.com/viewjob?jk=42ba7d9b5c75c493,remote,"SAFe, Customer Success, Risk Management, Jira
Deterministic profile match: 4 profile skills mentioned; title alignment 0.0/3.0; domain signals 11. Title relevance penalty 1.5 applied.",C:\Users\bsing\.applypilot\tailored_resumes\software-pm\072_7_ONTIC_TECHNOLOGIES_Director__Senior_Director_of_Product_Management.txt,failed_validation,Company 'Sakhi' missing from experience; Company 'The Samaritans of New York' missing from experience,Banned words: proven track record,,,,"Remote, US (Remote)",https://jobs.ashbyhq.com/Ontic/3510b6f7-7b20-41ab-a51e-1ab64ec876a4?embed=js,,,,2026-05-14T21:29:36.448824+00:00,not_checked_network_restricted,Not finalized: outbound link checking was blocked in sandbox.
,,,4,Customer Support Representative,,Nelnet,https://www.indeed.com/viewjob?jk=4e9518cd66376ffb,remote,"Software Project Management, Program Management, Technical Documentation, Customer Success, Change Management
Deterministic profile match: 5 profile skills mentioned; title alignment 0.0/3.0; domain signals 6. Title relevance penalty 1.0 applied.",,,,,,,,"Remote, US (Remote)",https://nelnet.wd1.myworkdayjobs.com/en-US/MyNelnet/job/Remote/Customer-Support-Representative_R22610,,,,2026-05-14T21:29:36.448824+00:00,not_checked_network_restricted,Not finalized: outbound link checking was blocked in sandbox.
,,,4,Client Success Manager,,EGiftify,https://www.indeed.com/viewjob?jk=67e06fbe4d2fa88a,remote,"Software Project Management, Program Management
Deterministic profile match: 2 profile skills mentioned; title alignment 0.0/3.0; domain signals 8. Title relevance penalty 1.0 applied.",,,,,,,,"Remote, US (Remote)",https://egiftify.breezy.hr/p/ec539d006882-client-success-manager?source=indeed,,,,2026-05-14T21:29:36.448824+00:00,not_checked_network_restricted,Not finalized: outbound link checking was blocked in sandbox.
,,,4,Account Manager - National Accounts,,MILLCRAFT PAPER COMPANY,https://www.indeed.com/viewjob?jk=7248d7cb58d541e4,remote,"SAFe, Program Management, Presentation Skills, Customer Success, Change Management, ERP, SOPs, Power BI
Deterministic profile match: 8 profile skills mentioned; title alignment 0.0/3.0; domain signals 3. Title relevance penalty 1.0 applied.",,,,,,,,"Remote, US (Remote)",http://www.millcraft.com/careers/?gnk=job&gni=8a78839e9de0709e019e22dce4be3655&gns=Indeed+Free,,,,2026-05-14T21:29:36.448824+00:00,not_checked_network_restricted,Not finalized: outbound link checking was blocked in sandbox.
,,,3,Gerente de Projetos  | nstech | Remoto,,nstech,https://www.linkedin.com/jobs/view/4415995130,unknown,"Change Management
Deterministic refreshed score: 1 profile skills mentioned
title alignment 0.0/3.0
domain signals 7",,,,,,,,,,,,,2026-05-20T23:42:26.572633+00:00,not_checked_network_restricted,Added from ApplyPilot DB; outbound link checking was blocked in sandbox.
,,,3,Turbine Controls Field Technical Advisor,,GE Vernova,https://www.indeed.com/viewjob?jk=473b9eaa82f9c1c1,remote,"ERP
Deterministic refreshed score: 1 profile skills mentioned
title alignment 0.0/3.0
domain signals 9",,,,,,,,"Remote, US (Remote)",https://careers.gevernova.com/turbine-controls-field-technical-advisor/job/R5042315,,,,2026-05-20T23:38:50.206073+00:00,not_checked_network_restricted,Added from ApplyPilot DB; outbound link checking was blocked in sandbox.
,,,3,Program Executive,,Thermo Systems LLC,https://www.indeed.com/viewjob?jk=d039ed0a869c4db5,remote,"Customer Success, Retrospectives, SAFe
Deterministic refreshed score: 3 profile skills mentioned
title alignment 0.0/3.0
domain signals 8",,,,,,,,"Remote, US (Remote)",https://thermo.hrmdirect.com/employment/view.php?req=3677474&jbsrc=1014&location=500b4209-f965-9c80-092f-4f179dccc156,,,,2026-05-20T23:38:50.206073+00:00,not_checked_network_restricted,Added from ApplyPilot DB; outbound link checking was blocked in sandbox.
,,,3,Lighting Application Specialist,,Energy Systems Group,https://www.indeed.com/viewjob?jk=8a38a5f8f3448a16,remote,"ERP, Presentation Skills, SAFe
Deterministic refreshed score: 3 profile skills mentioned
title alignment 0.0/3.0
domain signals 6",,,,,,,,"Remote, US (Remote)",https://energysystemsgroup.hrmdirect.com/employment/view.php?req=3713249&jbsrc=1014&location=4794fa29-fc55-90c3-fc61-9ed9cf930938,,,,2026-05-20T23:38:50.206073+00:00,not_checked_network_restricted,Added from ApplyPilot DB; outbound link checking was blocked in sandbox.
,,,3,Solution Architect Financial Planning & Analysis - Planful,,Top Down CPM LLC,https://www.indeed.com/viewjob?jk=68a165e626592cbe,remote,"Customer Success, ERP, Presentation Skills
Deterministic refreshed score: 3 profile skills mentioned
title alignment 0.0/3.0
domain signals 6",,,,,,,,"Remote, US (Remote)",http://www.indeed.com/job/solution-architect-financial-planning-analysis-planful-68a165e626592cbe,,,,2026-05-20T23:32:56.497262+00:00,not_checked_network_restricted,Added from ApplyPilot DB; outbound link checking was blocked in sandbox.
,,,3,Staff Engineer,,Incode Technologies,https://www.indeed.com/viewjob?jk=cbae294f6879efdd,remote,"ERP, JavaScript, Mentoring, SAFe
Deterministic refreshed score: 4 profile skills mentioned
title alignment 0.0/3.0
domain signals 11",,,,,,,,"Remote, US (Remote)",https://job-boards.greenhouse.io/incode/jobs/6000760004,,,,2026-05-20T23:30:56.351886+00:00,not_checked_network_restricted,Added from ApplyPilot DB; outbound link checking was blocked in sandbox.
,,,3,"Solution Architect, Product",,Kinaxis,https://www.indeed.com/viewjob?jk=ae4e8d110ca645a3,hybrid,"Program Management, SDLC
Deterministic refreshed score: 2 profile skills mentioned
title alignment 0.0/3.0
domain signals 9",,,,,,,,"Remote, US (Remote)",https://careers-kinaxis.icims.com/jobs/34785/job?utm_source=indeed_integration&iis=Job%20Board&iisn=Indeed&indeed-apply-token=73a2d2b2a8d6d5c0a62696875eaebd669103652d3f0c2cd5445d3e66b1592b0f,,,,2026-05-20T23:30:56.351886+00:00,not_checked_network_restricted,Added from ApplyPilot DB; outbound link checking was blocked in sandbox.
,,,3,Junior Site Reliability Engineer (SRE),,BrandRank.ai,https://www.indeed.com/viewjob?jk=b1c344e045ac04bc,remote,"AWS, Deployment Workflows, GitHub, Python, Technical Documentation
Deterministic refreshed score: 5 profile skills mentioned
title alignment 0.0/3.0
domain signals 8",,,,,,,,"Remote, US (Remote)",http://www.indeed.com/job/junior-site-reliability-engineer-sre-b1c344e045ac04bc,,,,2026-05-20T23:30:56.351886+00:00,not_checked_network_restricted,Added from ApplyPilot DB; outbound link checking was blocked in sandbox.
,,,3,Epic Analyst - Optime Anesthesia,,Xtensys Connected Health solutions,https://www.indeed.com/viewjob?jk=85083c3a703bd5af,remote,"Deterministic refreshed score: 0 profile skills mentioned
title alignment 0.0/3.0
domain signals 9",,,,,,,,"Remote, US (Remote)",https://apply.appone.com:443/job/6a0c59519624268c0211ef71?utm_source=INDEED,,,,2026-05-20T23:30:56.351886+00:00,not_checked_network_restricted,Added from ApplyPilot DB; outbound link checking was blocked in sandbox.
,,,3,Android Systems Engineer,,Imagine Worldwide,https://www.indeed.com/viewjob?jk=6430ba138bd1f92f,remote,"Requirements Gathering, SAFe, Technical Documentation
Deterministic refreshed score: 3 profile skills mentioned
title alignment 0.0/3.0
domain signals 10",,,,,,,,"Remote, US (Remote)",https://job-boards.greenhouse.io/imagineworldwide/jobs/4249692009,,,,2026-05-20T23:30:56.351886+00:00,not_checked_network_restricted,Added from ApplyPilot DB; outbound link checking was blocked in sandbox.
,,,3,"Operations Support Specialist, Strategic Partnerships",,TechSoup,https://www.indeed.com/viewjob?jk=2a4334fe1e512c65,remote,"ERP, Program Management
Deterministic refreshed score: 2 profile skills mentioned
title alignment 0.0/3.0
domain signals 6",,,,,,,,"Remote, US (Remote)",https://techsoup.applytojob.com/apply/GhUeUvYhYD/Operations-Support-Specialist-Strategic-Partnerships?source=INDE&~,,,,2026-05-20T23:29:02.788372+00:00,not_checked_network_restricted,Added from ApplyPilot DB; outbound link checking was blocked in sandbox.
,,,3,Delivery Director (remote),,Blue Acorn iCi,https://www.indeed.com/viewjob?jk=d13a93a063172ea4,remote,"ERP, Resource Planning, SDLC
Deterministic refreshed score: 3 profile skills mentioned
title alignment 0.0/3.0
domain signals 10",,,,,,,,"Remote, US (Remote)",https://blueacornici.applytojob.com/apply/KbCCKBunBo/Delivery-Director-remote?source=INDE&~,,,,2026-05-20T23:29:02.788372+00:00,not_checked_network_restricted,Added from ApplyPilot DB; outbound link checking was blocked in sandbox.
,,,3,Sr Manager - Digital Marketing,,TDS Telecom,https://www.indeed.com/viewjob?jk=e9c9c7c95550694e,remote,"Customer Success, Resource Planning, Google Analytics, Google Cloud
Deterministic profile match: 4 profile skills mentioned; title alignment 0.0/3.0; domain signals 3. Title relevance penalty 1.0 applied.",,,,,,,,"Remote, US (Remote)",https://external-telecom-teldta.icims.com/jobs/29323/job?utm_source=indeed_integration&iis=Job%20Board&iisn=Indeed&indeed-apply-token=73a2d2b2a8d6d5c0a62696875eaebd669103652d3f0c2cd5445d3e66b1592b0f,,,,2026-05-19T03:47:58.625216+00:00,not_checked_network_restricted,Not finalized: outbound link checking was blocked in sandbox.
,,,3,"Senior Brand Manager, Drink Mixes",,The Jel Sert Company,https://www.indeed.com/viewjob?jk=04d43e59b38f57a7,remote,"Software Project Management, Milestone Tracking, Stakeholder Management
Deterministic profile match: 3 profile skills mentioned; title alignment 0.0/3.0; domain signals 4. Title relevance penalty 1.0 applied.",,,,,,,,"Remote, US (Remote)",https://jelsert.hrmdirect.com/employment/view.php?req=3715630&jbsrc=1014&location=2f814580-9267-30d3-156c-37a05f1c4d4e,,,,2026-05-19T03:47:58.625216+00:00,not_checked_network_restricted,Not finalized: outbound link checking was blocked in sandbox.
,,,3,Ad Ops Specialist (Evergreen),,Bauer Entertainment Marketing,https://www.indeed.com/viewjob?jk=ab6c9d34a7951840,remote,"Scheduling Management
Deterministic profile match: 1 profile skills mentioned; title alignment 0.0/3.0; domain signals 5. Title relevance penalty 1.0 applied.",,,,,,,,"Remote, US (Remote)",https://bauer-entertainment-marketing.breezy.hr/p/8558f13b915a-ad-ops-specialist-evergreen?source=indeed,,,,2026-05-19T03:47:58.625216+00:00,not_checked_network_restricted,Not finalized: outbound link checking was blocked in sandbox.
,,,3,Senior Service Delivery Manager,,Two Point Consulting,https://www.linkedin.com/jobs/view/4415735817,hybrid,"Data Governance Frameworks, ServiceNow
Deterministic profile match: 2 profile skills mentioned; title alignment 0.0/3.0; domain signals 4. Title relevance penalty 1.0 applied.",,,,,,,,,,,,,2026-05-19T03:46:52.708643+00:00,not_checked_network_restricted,Not finalized: outbound link checking was blocked in sandbox.
,,,3,Project Coordinator Team Lead,,LanceSoft Europe,https://www.linkedin.com/jobs/view/4415649847,remote,"Customer Success
Deterministic profile match: 1 profile skills mentioned; title alignment 0.0/3.0; domain signals 1.",,,,,,,,Remote,,,,,2026-05-19T03:45:43.877251+00:00,not_checked_network_restricted,Not finalized: outbound link checking was blocked in sandbox.
,,,3,Environmental Compliance Manager,,ProEnergy Services,https://www.indeed.com/viewjob?jk=49c7c5b8eeda8728,remote,"Program Management, Change Management
Deterministic profile match: 2 profile skills mentioned; title alignment 0.0/3.0; domain signals 5. Title relevance penalty 1.0 applied.",,,,,,,,"Remote, US (Remote)",https://www.proenergyservices.com/meet-the-pros/join-our-team/opportunities/?gnk=job&gni=8a7887a19de07068019df56caff174e5&gns=Indeed+Free,,,,2026-05-19T03:41:57.324976+00:00,not_checked_network_restricted,Not finalized: outbound link checking was blocked in sandbox.
,,,3,"Senior Director, Medical Economics",,Teladoc Health,https://www.indeed.com/viewjob?jk=40cf95d6574def6b,remote,"Python, SQL, SAFe, Software Project Management, Program Management, Change Management, Risk Management
Deterministic profile match: 7 profile skills mentioned; title alignment 0.0/3.0; domain signals 3. Title relevance penalty 2.5 applied.",,,,,,,,"Remote, US (Remote)",https://teladoc.wd503.myworkdayjobs.com/en-US/teladochealth_is_hiring/job/USA---Any-Location-Remote/Senior-Director--Medical-Economics_JR20564,,,,2026-05-19T03:39:44.477961+00:00,not_checked_network_restricted,Not finalized: outbound link checking was blocked in sandbox.
,,,3,Program Success Associate (Tuition Assistance),,"Tuition.io, Inc.",https://www.indeed.com/viewjob?jk=ce50a8438c8c8c16,remote,"Program Management, Customer Success
Deterministic profile match: 2 profile skills mentioned; title alignment 0.0/3.0; domain signals 2.",,,,,,,,"Remote, US (Remote)",http://www.indeed.com/job/program-success-associate-tuition-assistance-ce50a8438c8c8c16,,,,2026-05-19T03:39:44.477961+00:00,not_checked_network_restricted,Not finalized: outbound link checking was blocked in sandbox.
,,,3,Marketing Events Coordinator,,Transcend Inc.,https://www.indeed.com/viewjob?jk=f60ac83a4290f3df,remote,"Program Management, HubSpot
Deterministic profile match: 2 profile skills mentioned; title alignment 0.0/3.0; domain signals 5. Title relevance penalty 1.0 applied.",,,,,,,,"Remote, US (Remote)",https://grnh.se/2tqoi5si9us,,,,2026-05-19T03:39:44.477961+00:00,not_checked_network_restricted,Not finalized: outbound link checking was blocked in sandbox.
,,,3,Financial Analyst VI,,BlueForge Alliance,https://www.indeed.com/viewjob?jk=bc826053511fd7bf,remote,"Software Project Management, Program Management, Technical Documentation
Deterministic profile match: 3 profile skills mentioned; title alignment 0.0/3.0; domain signals 4. Title relevance penalty 1.0 applied.",,,,,,,,"Remote, US (Remote)",https://secure7.saashr.com/ta/6202495.careers?ShowJob=604444302,,,,2026-05-19T03:39:44.477961+00:00,not_checked_network_restricted,Not finalized: outbound link checking was blocked in sandbox.
,,,3,Research & Insights Manager,,Consumer Tech,https://www.indeed.com/viewjob?jk=aa55e2b0e3fc8732,remote,"Go-to-market Strategy, Presentation Skills, Training Enablement, Google Analytics
Deterministic profile match: 4 profile skills mentioned; title alignment 0.0/3.0; domain signals 3. Title relevance penalty 1.0 applied.",,,,,,,,"Remote, US (Remote)",https://app.jobvite.com/CompanyJobs/Job.aspx?j=otr9Afwn&loc=C0HIWfw5&s=Indeed,,,,2026-05-19T03:35:32.190761+00:00,not_checked_network_restricted,Not finalized: outbound link checking was blocked in sandbox.
,,,3,Project Coordinator - Remote,,VITA CV,https://www.linkedin.com/jobs/view/4415448450,remote,"Notion
Deterministic profile match: 1 profile skills mentioned; title alignment 0.0/3.0; domain signals 3.",,,,,,,,Remote,,,,,2026-05-19T03:35:32.190761+00:00,not_checked_network_restricted,Not finalized: outbound link checking was blocked in sandbox.
,,,3,Utilization Review RN - PT - Day - Utilization Resource Mgmt Pennington NJ,,Capital Health,https://www.indeed.com/viewjob?jk=8b739e71ac16f30e,remote,"Program Management, Resource Planning, Risk Management, Legal Technology
Deterministic profile match: 4 profile skills mentioned; title alignment 0.0/3.0; domain signals 3. Title relevance penalty 1.0 applied.",,,,,,,,"Remote, US (Remote)",https://capitalhealth.wd1.myworkdayjobs.com/en-US/CapitalHealthCareers/job/Telecommuters/Utilization-Review-RN---PT---Day---Utilization-Resource-Mgmt-Pennington-NJ_JR109784,,,,2026-05-19T03:33:24.221345+00:00,not_checked_network_restricted,Not finalized: outbound link checking was blocked in sandbox.
,,,3,Technical Delivery Lead,,AgileEngine,https://www.linkedin.com/jobs/view/4415720547,unknown,"AI/ML
Deterministic profile match: 1 profile skills mentioned; title alignment 0.0/3.0; domain signals 5. Title relevance penalty 1.0 applied.",,,,,,,,,,,,,2026-05-19T03:33:24.221345+00:00,not_checked_network_restricted,Not finalized: outbound link checking was blocked in sandbox.
,,,3,Sr Sales Exec - Identity Security,,Entrust Corporation,https://www.indeed.com/viewjob?jk=60c6fc89640b8322,hybrid,"Go-to-market Strategy, Program Management, Roadmap Planning, Customer Success, Resource Planning, Data Pipelines
Deterministic profile match: 6 profile skills mentioned; title alignment 0.0/3.0; domain signals 7. Title relevance penalty 2.5 applied.",,,,,,"Remote, US (Remote)",,"Remote, US (Remote)",https://entrust.wd1.myworkdayjobs.com/en-US/EntrustCareers/job/United-States---Field/Sr-Sales-Exec---Identity-Security_R004151,,,,2026-05-19T03:33:24.221345+00:00,not_checked_network_restricted,Not finalized: outbound link checking was blocked in sandbox.
,,,3,Principal Software Engineer,,"Clarity Innovations, LLC",https://www.indeed.com/viewjob?jk=dadda4d191ed7783,remote,"Python, JavaScript, Machine Learning Frameworks, Mentoring, Training Enablement
Deterministic profile match: 5 profile skills mentioned; title alignment 0.0/3.0; domain signals 8. Title relevance penalty 2.5 applied.",,,,,,,,"Remote, US (Remote)",https://job-boards.greenhouse.io/clarityinnovates/jobs/5140062007,,,,2026-05-19T03:33:24.221345+00:00,not_checked_network_restricted,Not finalized: outbound link checking was blocked in sandbox.
,,,3,"Medical Science Liaison, CNS - Northeast Texas/Oklahoma",,Otsuka,https://www.indeed.com/viewjob?jk=9d73c86b45af6996,remote,"Software Project Management, Program Management, Mentoring, Change Management
Deterministic profile match: 4 profile skills mentioned; title alignment 0.0/3.0; domain signals 4. Title relevance penalty 1.0 applied.",,,,,,,,"Remote, US (Remote)",https://vhr-otsuka.wd1.myworkdayjobs.com/en-US/External/job/Remote/Medical-Science-Liaison--CNS---Northeast-Texas-Oklahoma_R12150,,,,2026-05-19T03:33:24.221345+00:00,not_checked_network_restricted,Not finalized: outbound link checking was blocked in sandbox.
,,,3,Customer Success Manager,,Durlston Partners,https://www.linkedin.com/jobs/view/4412815694,unknown,"Customer Success, Risk Management
Deterministic profile match: 2 profile skills mentioned; title alignment 0.0/3.0; domain signals 4. Title relevance penalty 1.0 applied.",,,,,,,,,,,,,2026-05-19T03:32:04.798805+00:00,not_checked_network_restricted,Not finalized: outbound link checking was blocked in sandbox.
,,,3,Regional Project Lead,,PSI CRO,https://www.linkedin.com/jobs/view/4406650082,onsite,"Presentation Skills
Deterministic profile match: 1 profile skills mentioned; title alignment 0.0/3.0; domain signals 2.",,,,,,,,,,,,,2026-05-19T03:30:57.247300+00:00,not_checked_network_restricted,Not finalized: outbound link checking was blocked in sandbox.
,,,3,Project Management Officer,,"Absolute Sales & Marketing Recruitment Ltd.,",https://www.linkedin.com/jobs/view/4416266122,remote,"ERP
Deterministic profile match: 1 profile skills mentioned; title alignment 0.0/3.0; domain signals 2.",,,,,,,,Remote,,,,,2026-05-19T03:30:57.247300+00:00,not_checked_network_restricted,Not finalized: outbound link checking was blocked in sandbox.
,,,3,IT Project Coordinator,,Tencate Grass,https://www.indeed.com/viewjob?jk=434f53c5511b505d,remote,"Change Management, Power BI
Deterministic profile match: 2 profile skills mentioned; title alignment 0.0/3.0; domain signals 3.",,,,,,,,"Remote, US (Remote)",https://recruitingbypaycor.com/career/JobIntroduction.action?id=8a7883ac9e235a1c019e3cfdee7d63d4&source=Indeed+Free,,,,2026-05-19T03:28:48.056786+00:00,not_checked_network_restricted,Not finalized: outbound link checking was blocked in sandbox.
,,,3,Website Developer / Web Systems Specialist,,Highland Cabinetry Inc,https://www.indeed.com/viewjob?jk=0fc5adbb25ba7b78,remote,"JavaScript, PHP, Google Analytics
Deterministic profile match: 3 profile skills mentioned; title alignment 0.0/3.0; domain signals 4. Title relevance penalty 1.0 applied.",,,,,,,,"Remote, US (Remote)",http://www.indeed.com/job/website-developer-web-systems-specialist-0fc5adbb25ba7b78,,,,2026-05-19T03:26:29.194443+00:00,not_checked_network_restricted,Not finalized: outbound link checking was blocked in sandbox.
,,,3,Senior PLC Design Engineer,,Divcon Controls,https://www.indeed.com/viewjob?jk=ea8f8b9b8ea34d45,remote,"Technical Documentation, Mentoring, QA Coordination, System Monitoring
Deterministic profile match: 4 profile skills mentioned; title alignment 0.0/3.0; domain signals 4. Title relevance penalty 1.0 applied.",,,,,,,,"Remote, US (Remote)",https://ats.rippling.com/divcon-controls/jobs/1c8fc9a5-bf0c-4b44-a3a5-0c6270bc5443?jobSite=Indeed,,,,2026-05-19T03:26:29.194443+00:00,not_checked_network_restricted,Not finalized: outbound link checking was blocked in sandbox.
,,,3,Senior Director/Director - AI Engineering,,FICO,https://www.indeed.com/viewjob?jk=9c419fd6db436ee5,remote,"A/B Testing, Data Governance Frameworks, Machine Learning Frameworks, Mentoring, Customer Success, Policy Automation
Deterministic profile match: 6 profile skills mentioned; title alignment 0.0/3.0; domain signals 7. Title relevance penalty 2.5 applied.",,,,,,,,"Remote, US (Remote)",https://fico.wd1.myworkdayjobs.com/en-US/External/job/Work-from-Home-United-States/Senior-Director-Director---AI-Engineering_32013,,,,2026-05-19T03:26:29.194443+00:00,not_checked_network_restricted,Not finalized: outbound link checking was blocked in sandbox.
,,,3,Field Construction Coordinator,,K&A Engineering,https://www.indeed.com/viewjob?jk=1ccb389f64bdc652,remote,"SAFe, Program Management, Technical Documentation, Change Management
Deterministic profile match: 4 profile skills mentioned; title alignment 0.0/3.0; domain signals 3. Title relevance penalty 1.0 applied.",,,,,,,,"Remote, US (Remote)",https://kaengineering.hrmdirect.com/employment/view.php?req=3718085&jbsrc=1014&location=a7d66b50-5a9b-d35f-a95b-6a0f510d6a44,,,,2026-05-19T03:26:29.194443+00:00,not_checked_network_restricted,Not finalized: outbound link checking was blocked in sandbox.
,,,3,Consulting Senior Health Physicist,,Plexus Scientific Corporation,https://www.indeed.com/viewjob?jk=d1a8626c35f68772,remote,"Software Project Management, Program Management
Deterministic profile match: 2 profile skills mentioned; title alignment 0.0/3.0; domain signals 4. Title relevance penalty 1.0 applied.",,,,,,,,"Remote, US (Remote)",http://www.indeed.com/job/consulting-senior-health-physicist-d1a8626c35f68772,,,,2026-05-19T03:26:29.194443+00:00,not_checked_network_restricted,Not finalized: outbound link checking was blocked in sandbox.
,,,3,Associate Commissioning Manager,,Thermo Systems,https://www.linkedin.com/jobs/view/4405997099,remote,"Technical Documentation, Customer Success, Scheduling Management
Deterministic profile match: 3 profile skills mentioned; title alignment 0.0/3.0; domain signals 5. Title relevance penalty 1.0 applied.",,,,,,,,Remote,,,,,2026-05-19T03:26:29.194443+00:00,not_checked_network_restricted,Not finalized: outbound link checking was blocked in sandbox.
,,,3,"Managing Consultant, Advisors & Consulting Services, Strategy & Transformation",,Mastercard,https://mastercard.wd1.myworkdayjobs.com/CorporateCareers/job/Managing-Consultant--Advisors---Consulting-Services--Strategy---Transformation_R-271207,unknown,"SAFe, Stakeholder Management, Change Management, Risk Management
Deterministic profile match: 4 profile skills mentioned; title alignment 0.0/3.0; domain signals 3. Title relevance penalty 1.0 applied.",,,,,,,,,https://mastercard.wd1.myworkdayjobs.com/CorporateCareers/job/Managing-Consultant--Advisors---Consulting-Services--Strategy---Transformation_R-271207,,,,2026-05-14T22:18:08.588067+00:00,not_checked_network_restricted,Not finalized: outbound link checking was blocked in sandbox.
,,,3,Software Engineer - Graduate - Slovakia,,Cisco,https://cisco.wd5.myworkdayjobs.com/Cisco_Careers/job/Software-Engineer---Graduate---Slovakia_2013016,hybrid,"Python, SQL, JavaScript, Technical Documentation, Mentoring, Distributed Systems Concepts
Deterministic profile match: 6 profile skills mentioned; title alignment 0.0/3.0; domain signals 5. Title relevance penalty 2.5 applied.",,,,,,,,,https://cisco.wd5.myworkdayjobs.com/Cisco_Careers/job/Software-Engineer---Graduate---Slovakia_2013016,,,,2026-05-14T21:57:05.943321+00:00,not_checked_network_restricted,Not finalized: outbound link checking was blocked in sandbox.
,,,3,Social Media Manager – Fully Remote,,BlackDog Advertising,https://www.indeed.com/viewjob?jk=48cb01a9b9435e99,remote,"Software Project Management, System Monitoring, Google Sheets, Google Analytics
Deterministic profile match: 4 profile skills mentioned; title alignment 0.0/3.0; domain signals 3. Title relevance penalty 1.0 applied.",,,,,,,,"Remote, US (Remote)",https://www.blackdogadvertising.com/careers/social-media-manager/,,,,2026-05-14T21:52:47.996850+00:00,not_checked_network_restricted,Not finalized: outbound link checking was blocked in sandbox.
,,,3,Marketing Brand Manager,,Custom Brand Service,https://www.indeed.com/viewjob?jk=d6abf8ecdb9d344e,remote,"Presentation Skills, Change Management, Google Analytics
Deterministic profile match: 3 profile skills mentioned; title alignment 0.0/3.0; domain signals 5. Title relevance penalty 1.0 applied.",,,,,,,,"Remote, US (Remote)",http://www.indeed.com/job/marketing-brand-manager-d6abf8ecdb9d344e,,,,2026-05-14T21:52:47.996850+00:00,not_checked_network_restricted,Not finalized: outbound link checking was blocked in sandbox.
,,,3,"Manager, Digital Media",,Amsive,https://www.indeed.com/viewjob?jk=49800280fbfb35f6,hybrid,"Hybrid Project Management, Mentoring, Change Management, Google Analytics
Deterministic profile match: 4 profile skills mentioned; title alignment 0.0/3.0; domain signals 4. Title relevance penalty 1.0 applied.",,,,,,"Remote, US (Remote)",,"Remote, US (Remote)",https://amsive.applytojob.com/apply/9CZIRx6KVp/Manager-Digital-Media?source=INDE&~,,,,2026-05-14T21:52:47.996850+00:00,not_checked_network_restricted,Not finalized: outbound link checking was blocked in sandbox.
,,,3,Program Director,,Qodea,https://www.linkedin.com/jobs/view/4414259695,unknown,"Program Management, Roadmap Planning, Change Management, Resource Planning, Google Cloud
Deterministic profile match: 5 profile skills mentioned; title alignment 0.0/3.0; domain signals 4. Title relevance penalty 1.5 applied.",,,,,,,,,,,,,2026-05-14T21:50:40.094592+00:00,not_checked_network_restricted,Not finalized: outbound link checking was blocked in sandbox.
,,,3,Customer Adoption Manager,,Higharc,https://www.linkedin.com/jobs/view/4404205858,remote,"Software Project Management, Customer Success, Change Management
Deterministic profile match: 3 profile skills mentioned; title alignment 0.0/3.0; domain signals 4. Title relevance penalty 1.0 applied.",,,,,,,,Remote,,,,,2026-05-14T21:50:40.094592+00:00,not_checked_network_restricted,Not finalized: outbound link checking was blocked in sandbox.
,,,3,Professional Services Lead,,OneUp Sales,https://www.linkedin.com/jobs/view/4413431846,remote,"Mentoring
Deterministic profile match: 1 profile skills mentioned; title alignment 0.0/3.0; domain signals 8. Title relevance penalty 1.0 applied.",,,,,,,,Remote,,,,,2026-05-14T21:48:33.976678+00:00,not_checked_network_restricted,Not finalized: outbound link checking was blocked in sandbox.
,,,3,"Customer Success Manager, Merchant Services",,Versapay,https://www.indeed.com/viewjob?jk=2c86bdc90b1f5a91,remote,"Customer Success, Training Enablement, ERP
Deterministic profile match: 3 profile skills mentioned; title alignment 0.0/3.0; domain signals 4. Title relevance penalty 1.0 applied.",,,,,,,,"Remote, US (Remote)",https://jobs.lever.co/versapay/a55913e5-907b-4280-95d2-3a3abfb69ca0?lever-source=Indeed,,,,2026-05-14T21:48:33.976678+00:00,not_checked_network_restricted,Not finalized: outbound link checking was blocked in sandbox.
,,,3,Sr. Manager Production Engineering (Electrical),,Crown Holdings,https://www.indeed.com/viewjob?jk=cbdfb5f9fc669dbf,remote,"Program Management, Technical Documentation
Deterministic profile match: 2 profile skills mentioned; title alignment 0.0/3.0; domain signals 1.",,,,,,,,"Remote, US (Remote)",https://crownholdings.wd501.myworkdayjobs.com/en-US/CrownHoldings/job/Remote/Sr-Manager-Production-Engineering--Electrical-_JR102394,,,,2026-05-14T21:46:30.549281+00:00,not_checked_network_restricted,Not finalized: outbound link checking was blocked in sandbox.
,,,3,Senior Software Safety Engineer-Aerospace Controls,,Rolls-Royce,https://www.indeed.com/viewjob?jk=24fd53fa5703e8af,hybrid,"Technical Documentation, System Monitoring
Deterministic profile match: 2 profile skills mentioned; title alignment 0.0/3.0; domain signals 4. Title relevance penalty 1.0 applied.",,,,,,"Remote, US (Remote)",,"Remote, US (Remote)",https://rollsroyce.wd3.myworkdayjobs.com/en-US/professional/job/Working-from-home-US/Senior-Software-Safety-Engineer-Aerospace-Controls_JR6153887,,,,2026-05-14T21:46:30.549281+00:00,not_checked_network_restricted,Not finalized: outbound link checking was blocked in sandbox.
,,,3,Senior Partner Success Manager,,Corporate Travel Management,https://www.indeed.com/viewjob?jk=43e9cb40f2ff6185,hybrid,"Program Management, Presentation Skills, Customer Success, Legal Technology
Deterministic profile match: 4 profile skills mentioned; title alignment 0.0/3.0; domain signals 2. Title relevance penalty 1.0 applied.",,,,,,"Remote, US (Remote)",,"Remote, US (Remote)",https://careers.travelctm.com/career-home/jobs/1712?lang=en-us,,,,2026-05-14T21:46:30.549281+00:00,not_checked_network_restricted,Not finalized: outbound link checking was blocked in sandbox.
,,,3,F-35 Reliability and Maintainability (R&M) Program Analyst (Remote),,Andromeda Systems Incorporated,https://www.indeed.com/viewjob?jk=affeab8cb1c0fd83,remote,"Program Management
Deterministic profile match: 1 profile skills mentioned; title alignment 0.0/3.0; domain signals 2.",,,,,,,,"Remote, US (Remote)",https://androsysinc.hrmdirect.com/employment/view.php?req=3710627&jbsrc=1014&location=26ecb3e9-3372-55b7-d9f8-63a84d0e0b2a,,,,2026-05-14T21:46:30.549281+00:00,not_checked_network_restricted,Not finalized: outbound link checking was blocked in sandbox.
,,,3,Senior Machine Learning Engineer,,Cohere Health,https://www.indeed.com/viewjob?jk=522dc0a859b7559c,remote,"Python, Machine Learning Frameworks, AI/ML
Deterministic profile match: 3 profile skills mentioned; title alignment 0.0/3.0; domain signals 3. Title relevance penalty 1.0 applied.",,,,,,,,"Remote, US (Remote)",https://grnh.se/c6tq8v1s3us,,,,2026-05-14T21:44:13.352357+00:00,not_checked_network_restricted,Not finalized: outbound link checking was blocked in sandbox.
,,,3,Customer Experience Manager (SME),,Agile Defense,https://www.indeed.com/viewjob?jk=1a9715e2bd34a887,remote,"SAFe, Customer Success, Change Management
Deterministic profile match: 3 profile skills mentioned; title alignment 0.0/3.0; domain signals 5. Title relevance penalty 1.0 applied.",,,,,,,,"Remote, US (Remote)",https://jobs.lever.co/agile-defense/e2f5e6cc-828a-416d-be1a-b957b9c061e1?lever-source=Indeed,,,,2026-05-14T21:40:03.505024+00:00,not_checked_network_restricted,Not finalized: outbound link checking was blocked in sandbox.
,,,3,TechnologyOne / TechOne -  Service Delivery Manager / Lead,,Private Company,https://www.linkedin.com/jobs/view/4413866479,unknown,"Software Project Management, ERP
Deterministic profile match: 2 profile skills mentioned; title alignment 0.0/3.0; domain signals 5. Title relevance penalty 1.0 applied.",,,,,,,,,,,,,2026-05-14T21:37:59.870693+00:00,not_checked_network_restricted,Not finalized: outbound link checking was blocked in sandbox.
,,,3,Global Delivery & Partnerships Lead,,Penta Global Limited,https://www.linkedin.com/jobs/view/4414572472,unknown,"Software Project Management, SDLC, Technical Documentation
Deterministic profile match: 3 profile skills mentioned; title alignment 0.0/3.0; domain signals 3. Title relevance penalty 1.0 applied.",,,,,,,,,,,,,2026-05-14T21:37:59.870693+00:00,not_checked_network_restricted,Not finalized: outbound link checking was blocked in sandbox.
,,,3,Delivery Manager,,Undelucram.ro,https://www.linkedin.com/jobs/view/4414193995,remote,"SAFe, Stakeholder Management
Deterministic profile match: 2 profile skills mentioned; title alignment 0.0/3.0; domain signals 5. Title relevance penalty 1.0 applied.",,,,,,,,Remote,,,,,2026-05-14T21:37:59.870693+00:00,not_checked_network_restricted,Not finalized: outbound link checking was blocked in sandbox.
,,,3,Associate Construction Task Catalog Publisher,,Gordian,https://www.indeed.com/viewjob?jk=62e695e739b39552,remote,"SAFe, Technical Documentation, Smartsheet
Deterministic profile match: 3 profile skills mentioned; title alignment 0.0/3.0; domain signals 4. Title relevance penalty 1.0 applied.",,,,,,,,"Remote, US (Remote)",https://fortive.eightfold.ai/careers/job/893395087363?domain=fortive.com,,,,2026-05-14T21:37:59.870693+00:00,not_checked_network_restricted,Not finalized: outbound link checking was blocked in sandbox.
,,,3,Customer Success Manager,,Embrava,https://www.linkedin.com/jobs/view/4411184484,hybrid,"Customer Success, Risk Management
Deterministic profile match: 2 profile skills mentioned; title alignment 0.0/3.0; domain signals 4. Title relevance penalty 1.0 applied.",,,,,,,,,,,,,2026-05-14T21:37:03.391393+00:00,not_checked_network_restricted,Not finalized: outbound link checking was blocked in sandbox.
,,,3,"Manager, Onboarding",,Lumistry,https://www.indeed.com/viewjob?jk=cfa737c527e82b0d,remote,"Customer Success, Scheduling Management, Smartsheet
Deterministic profile match: 3 profile skills mentioned; title alignment 0.0/3.0; domain signals 4. Title relevance penalty 1.0 applied.",,,,,,,,"Remote, US (Remote)",https://ats.rippling.com/lumistry/jobs/2866ee8d-f026-4f16-b230-42bbb7712695?jobSite=Indeed,,,,2026-05-14T21:36:03.741595+00:00,not_checked_network_restricted,Not finalized: outbound link checking was blocked in sandbox.
,,,3,"Strategic Project Lead, MD/Health",,micro1,https://www.indeed.com/viewjob?jk=eb603ea1087ccab1,remote,"Stakeholder Management, Data Pipelines
Deterministic profile match: 2 profile skills mentioned; title alignment 0.0/3.0; domain signals 3.",,,,,,,,"Remote, US (Remote)",https://jobs.micro1.ai/post/1e517627-0b81-452e-aa8f-40ba8e78f19f?first_page=/careers&last_page=/careers,,,,2026-05-14T21:33:49.397717+00:00,not_checked_network_restricted,Not finalized: outbound link checking was blocked in sandbox.
,,,3,SAP SuccessFactors – HCM ABAP-CPI Consultant - Part Time,,Cross Solutions,https://www.indeed.com/viewjob?jk=04c61c29fec07f39,remote,"Software Project Management, Technical Documentation, Requirements Gathering, Change Management
Deterministic profile match: 4 profile skills mentioned; title alignment 0.0/3.0; domain signals 4. Title relevance penalty 1.0 applied.",,,,,,,,"Remote, US (Remote)",https://crosssolutions.catsone.com/careers/24619-Jobs/jobs/16810769-SAP-SuccessFactors--HCM-ABAPCPI-Consultant--Part-Time/?ref=Indeed,,,,2026-05-14T21:33:49.397717+00:00,not_checked_network_restricted,Not finalized: outbound link checking was blocked in sandbox.
,,,3,Implementation Coordinator - UKG Ready,,Hill Country Payroll,https://www.indeed.com/viewjob?jk=226eb4777c74247a,remote,"Customer Success
Deterministic profile match: 1 profile skills mentioned; title alignment 0.0/3.0; domain signals 3.",,,,,,,,"Remote, US (Remote)",http://www.indeed.com/job/implementation-coordinator-ukg-ready-226eb4777c74247a,,,,2026-05-14T21:33:49.397717+00:00,not_checked_network_restricted,Not finalized: outbound link checking was blocked in sandbox.
,,,3,"Senior Manager, Program Management",,New York Technology Partners,https://www.linkedin.com/jobs/view/4413724324,unknown,"Program Management
Deterministic profile match: 1 profile skills mentioned; title alignment 0.0/3.0; domain signals 3.",,,,,,,,,,,,,2026-05-14T21:32:43.337726+00:00,not_checked_network_restricted,Added from ApplyPilot DB; outbound link checking was blocked in sandbox.
,,,3,Virtual Classroom Training Instructor,,ScribeAmerica,https://www.indeed.com/viewjob?jk=2da223ea7e17e781,remote,"Program Management, Technical Documentation, Presentation Skills, Change Management
Deterministic profile match: 4 profile skills mentioned; title alignment 0.0/3.0; domain signals 4. Title relevance penalty 1.0 applied.",,,,,,,,"Remote, US (Remote)",https://scribeamerica.hiringplatform.com/processes/23cd03e6-e951-4a2f-8fe0-73da93d8120f?locale=en&source=indeed,,,,2026-05-14T21:31:37.952938+00:00,not_checked_network_restricted,Not finalized: outbound link checking was blocked in sandbox.
,,,3,Freelance Senior Digital Asset Manager,,Syneos Health Commercial Solutions,https://www.indeed.com/viewjob?jk=68dd0f3084d77f45,remote,"Technical Documentation, Change Management, Legal Technology
Deterministic profile match: 3 profile skills mentioned; title alignment 0.0/3.0; domain signals 4. Title relevance penalty 1.0 applied.",,,,,,,,"Remote, US (Remote)",https://commercialcareers.syneoshealth.com/jobs/17734551-freelance-senior-digital-asset-manager?tm_job=15627&tm_event=view&tm_company=575,,,,2026-05-14T21:31:37.952938+00:00,not_checked_network_restricted,Not finalized: outbound link checking was blocked in sandbox.
,,,3,Freelance Senior Digital Asset Manager,,サイネオス・ヘルス,https://www.indeed.com/viewjob?jk=5e508356c3e0d600,remote,"Technical Documentation, Change Management, Legal Technology
Deterministic profile match: 3 profile skills mentioned; title alignment 0.0/3.0; domain signals 4. Title relevance penalty 1.0 applied.",,,,,,,,"Remote, US (Remote)",https://jp.syneoshealth.com/careers/jobs/17738384-freelance-senior-digital-asset-manager,,,,2026-05-14T21:31:37.952938+00:00,not_checked_network_restricted,Not finalized: outbound link checking was blocked in sandbox.
,,,3,Epic Beacon Analyst,,Altec RG,https://www.indeed.com/viewjob?jk=d4d41d924458efd3,remote,"SDLC, Technical Documentation, System Monitoring
Deterministic profile match: 3 profile skills mentioned; title alignment 0.0/3.0; domain signals 3. Title relevance penalty 1.0 applied.",,,,,,,,"Remote, US (Remote)",http://www.indeed.com/job/epic-beacon-analyst-d4d41d924458efd3,,,,2026-05-14T21:31:37.952938+00:00,not_checked_network_restricted,Not finalized: outbound link checking was blocked in sandbox.
,,,3,Business Developer Manager - Medical Imaging (US),,Intelerad,https://www.indeed.com/viewjob?jk=c2cbb355f85477b2,remote,"Mentoring, Customer Success
Deterministic profile match: 2 profile skills mentioned; title alignment 0.0/3.0; domain signals 4. Title relevance penalty 1.0 applied.",,,,,,,,"Remote, US (Remote)",https://jobs.smartrecruiters.com/Intelerad/744000126548316-business-developer-manager-medical-imaging-us-,,,,2026-05-14T21:29:36.448824+00:00,not_checked_network_restricted,Not finalized: outbound link checking was blocked in sandbox.
,,,3,Assistant Superintendent,,"Henning Companies, LLC",https://www.indeed.com/viewjob?jk=08ebf965f4d512cd,remote,"Software Project Management, Program Management, Customer Success, Change Management
Deterministic profile match: 4 profile skills mentioned; title alignment 0.0/3.0; domain signals 2. Title relevance penalty 1.0 applied.",,,,,,,,"Remote, US (Remote)",https://secure7.saashr.com/ta/6206113.careers?ShowJob=604439907,,,,2026-05-14T21:29:36.448824+00:00,not_checked_network_restricted,Not finalized: outbound link checking was blocked in sandbox.
,,,2,Procurement Director,,Vertice,https://www.linkedin.com/jobs/view/4415717041,unknown,"Deterministic refreshed score: 0 profile skills mentioned
title alignment 0.0/3.0
domain signals 9",,,,,,,,,,,,,2026-05-20T23:41:28.095623+00:00,not_checked_network_restricted,Added from ApplyPilot DB; outbound link checking was blocked in sandbox.
,,,2,Process/Mechanical Engineer,,Regenis LLC,https://www.indeed.com/viewjob?jk=b24aadcc82f81ed3,remote,"SAFe, SOPs, Technical Documentation
Deterministic refreshed score: 3 profile skills mentioned
title alignment 0.0/3.0
domain signals 6",,,,,,,,"Remote, US (Remote)",https://regenisllc.hrmdirect.com/employment/view.php?req=3718596&jbsrc=1014&location=32dff98b-7785-5cbc-0f75-11e75d6e4efc,,,,2026-05-20T23:38:50.206073+00:00,not_checked_network_restricted,Added from ApplyPilot DB; outbound link checking was blocked in sandbox.
,,,2,Energy Program Manger,,Atlas Technical Consultants,https://www.indeed.com/viewjob?jk=9df6abcbdf731b88,remote,"AWS, ERP, SAFe
Deterministic refreshed score: 3 profile skills mentioned
title alignment 0.0/3.0
domain signals 3",,,,,,,,"Remote, US (Remote)",https://oneatlas.hrmdirect.com/employment/view.php?req=3720221&jbsrc=1014&location=cde72aca-5ac1-36ad-de25-474afe849f77,,,,2026-05-20T23:38:50.206073+00:00,not_checked_network_restricted,Added from ApplyPilot DB; outbound link checking was blocked in sandbox.
,,,2,Marketing Review – Compliance Associate,,JW Michaels & Co.,https://www.linkedin.com/jobs/view/4416312527,unknown,"ERP
Deterministic refreshed score: 1 profile skills mentioned
title alignment 0.0/3.0
domain signals 3",,,,,,,,,,,,,2026-05-20T23:37:41.965708+00:00,not_checked_network_restricted,Added from ApplyPilot DB; outbound link checking was blocked in sandbox.
,,,2,Treasury Analyst,,Naviga Inc.,https://www.indeed.com/viewjob?jk=cf807cc57580d12d,remote,"Deterministic refreshed score: 0 profile skills mentioned
title alignment 0.0/3.0
domain signals 5",,,,,,,,"Remote, US (Remote)",http://recruit.hirebridge.com/v3/careercenter/v2/details.aspx?bid=3&jid=610059&cid=6970&locvalue=1107,,,,2026-05-20T23:32:56.497262+00:00,not_checked_network_restricted,Added from ApplyPilot DB; outbound link checking was blocked in sandbox.
,,,2,Technical PM,,Diligente Technologies,https://www.linkedin.com/jobs/view/4340338550,remote,"Confluence, Jira
Deterministic refreshed score: 2 profile skills mentioned
title alignment 0.0/3.0
domain signals 4",,,,,,,,Remote,,,,,2026-05-20T23:32:56.497262+00:00,not_checked_network_restricted,Added from ApplyPilot DB; outbound link checking was blocked in sandbox.
,,,2,Senior Java API Engineer,,Genius Match,https://www.indeed.com/viewjob?jk=8ca560f099ae2c28,remote,"ERP, Mentoring, Root Cause Analysis
Deterministic refreshed score: 3 profile skills mentioned
title alignment 0.0/3.0
domain signals 8",,,,,,,,"Remote, US (Remote)",http://www.indeed.com/job/senior-java-api-engineer-8ca560f099ae2c28,,,,2026-05-20T23:30:56.351886+00:00,not_checked_network_restricted,Added from ApplyPilot DB; outbound link checking was blocked in sandbox.
,,,2,"Public Policy Manager, Midwest",,Meta,https://www.indeed.com/viewjob?jk=4746a9fb73002240,remote,"SAFe, Legal Technology
Deterministic profile match: 2 profile skills mentioned; title alignment 0.0/3.0; domain signals 1. Title relevance penalty 1.0 applied.",,,,,,,,"Remote, US (Remote)",https://jsv3.recruitics.com/redirect?rx_cid=3239&rx_jobId=a1KDp000000B9NGMA0_1001&rx_url=https%3A%2F%2Fwww.metacareers.com%2Fjobs%2F2429019654286536%2F%3Frx_campaign%3Dindeed0%26rx_ch%3Dvp%26rx_group%3D187943%26rx_id%3D3d6e6ce0-50ac-11f1-93b8-87f9b97caeff%26rx_job%3Da1KDp000000B9NGMA0_1001%26rx_medium%3Dcpc%26rx_r%3Dnone%26rx_source%3Dindeed%26rx_ts%3D20260519T001202Z%26rx_vp%3Dcpc%26utm_campaign%3DJob%252Bboard%26utm_medium%3Djobs%26utm_source%3Dindeedorganic,,,,2026-05-19T03:47:58.625216+00:00,not_checked_network_restricted,Not finalized: outbound link checking was blocked in sandbox.
,,,2,Meta Ads Specialist (Local Service Businesses,,The Overcome Media,https://www.indeed.com/viewjob?jk=6a280766783d0113,remote,Deterministic profile match: 0 profile skills mentioned; title alignment 0.0/3.0; domain signals 4. Title relevance penalty 1.0 applied.,,,,,,,,"Remote, US (Remote)",http://www.indeed.com/job/meta-ads-specialist-local-service-businesses-6a280766783d0113,,,,2026-05-19T03:47:58.625216+00:00,not_checked_network_restricted,Not finalized: outbound link checking was blocked in sandbox.
,,,2,"Associate Director, Project Management",,WebMD,https://www.linkedin.com/jobs/view/4416244952,unknown,"Mentoring, Risk Management
Deterministic profile match: 2 profile skills mentioned; title alignment 0.0/3.0; domain signals 2. Title relevance penalty 1.5 applied.",,,,,,,,,,,,,2026-05-19T03:47:58.625216+00:00,not_checked_network_restricted,Not finalized: outbound link checking was blocked in sandbox.
,,,2,Senior Partnerships & Alliances Manager,,Expert Executive Recruiters (EER Global),https://www.linkedin.com/jobs/view/4406227871,hybrid,Deterministic profile match: 0 profile skills mentioned; title alignment 0.0/3.0; domain signals 2. Title relevance penalty 1.0 applied.,,,,,,,,,,,,,2026-05-19T03:44:41.785105+00:00,not_checked_network_restricted,Not finalized: outbound link checking was blocked in sandbox.
,,,2,Technical Proposal Writer,,Strategic Business Assistance Solutions,https://www.indeed.com/viewjob?jk=8862f4aeddbdf587,remote,"Software Project Management
Deterministic profile match: 1 profile skills mentioned; title alignment 0.0/3.0; domain signals 2. Title relevance penalty 1.0 applied.",,,,,,,,"Remote, US (Remote)",https://sbasolutions.zohorecruit.com/jobs/Careers/772043000000504155/Technical-Proposal-Writer?source=CareerSite,,,,2026-05-19T03:39:44.477961+00:00,not_checked_network_restricted,Not finalized: outbound link checking was blocked in sandbox.
,,,2,Sr. Product Marketing Manager,,One Rain,https://www.indeed.com/viewjob?jk=39515980f5bc2d7e,remote,"Training Enablement, Workflow Automation
Deterministic profile match: 2 profile skills mentioned; title alignment 0.0/3.0; domain signals 4. Title relevance penalty 1.5 applied.",,,,,,,,"Remote, US (Remote)",http://www.indeed.com/job/sr-product-marketing-manager-39515980f5bc2d7e,,,,2026-05-19T03:39:44.477961+00:00,not_checked_network_restricted,Not finalized: outbound link checking was blocked in sandbox.
,,,2,Scheduling and Authorization Coordinator,,Elevate Patient Financial Solutions,https://www.indeed.com/viewjob?jk=c27bca9c22025407,hybrid,"Program Management, Change Management, Scheduling Management
Deterministic profile match: 3 profile skills mentioned; title alignment 0.0/3.0; domain signals 1. Title relevance penalty 1.0 applied.",,,,,,"Remote, US (Remote)",,"Remote, US (Remote)",http://elevatepfs.com/careers/?gnk=job&gni=8a78879e9de07184019e1d5c289a31ae&gns=Indeed+Free,,,,2026-05-19T03:39:44.477961+00:00,not_checked_network_restricted,Not finalized: outbound link checking was blocked in sandbox.
,,,2,Property Adjuster - Inside Estimating ET,,Allstate Insurance,https://www.indeed.com/viewjob?jk=473ef5ec558e9218,remote,"Program Management, Scheduling Management, Legal Technology
Deterministic profile match: 3 profile skills mentioned; title alignment 0.0/3.0; domain signals 1. Title relevance penalty 1.0 applied.",,,,,,,,"Remote, US (Remote)",https://allstateinsurance.contacthr.com/152148401,,,,2026-05-19T03:39:44.477961+00:00,not_checked_network_restricted,Not finalized: outbound link checking was blocked in sandbox.
,,,2,Epic Principal Trainer - Dorothy Application,,Grady Health System,https://www.indeed.com/viewjob?jk=28ac3c561d6afa99,remote,"SAFe, Mentoring
Deterministic profile match: 2 profile skills mentioned; title alignment 0.0/3.0; domain signals 1. Title relevance penalty 1.0 applied.",,,,,,,,"Remote, US (Remote)",https://gmh.wd12.myworkdayjobs.com/en-US/external_careers/job/Remote/Epic-Principal-Trainer---Dorothy-Application_R26001693,,,,2026-05-19T03:39:44.477961+00:00,not_checked_network_restricted,Not finalized: outbound link checking was blocked in sandbox.
,,,2,"Director, Clinical Pharmacology",,Arcus Biosciences,https://www.indeed.com/viewjob?jk=18920d3c63b0f362,remote,"Software Project Management, Program Management, SOPs, Risk Management
Deterministic profile match: 4 profile skills mentioned; title alignment 0.0/3.0; domain signals 3. Title relevance penalty 2.5 applied.",,,,,,,,"Remote, US (Remote)",https://app.jobvite.com/CompanyJobs/Job.aspx?j=ono8zfwc&loc=CwNcXfwc&s=Indeed,,,,2026-05-19T03:39:44.477961+00:00,not_checked_network_restricted,Not finalized: outbound link checking was blocked in sandbox.
,,,2,Director Sales Operations,,Merative,https://www.indeed.com/viewjob?jk=3849945437eb1967,remote,"Data Governance Frameworks, Program Management, Change Management, Training Enablement, Risk Management, Policy Automation, Power BI
Deterministic profile match: 7 profile skills mentioned; title alignment 0.0/3.0; domain signals 5. Title relevance penalty 4.0 applied.",,,,,,,,"Remote, US (Remote)",https://merative.wd12.myworkdayjobs.com/en-US/External_Career_Site/job/Remote--United-States/Director-Sales-Operations_JR01610-1,,,,2026-05-19T03:39:44.477961+00:00,not_checked_network_restricted,Not finalized: outbound link checking was blocked in sandbox.
,,,2,"Client Manager, Surety - Construction Practice",,The Baldwin Group,https://www.indeed.com/viewjob?jk=dd6d50608dc7c917,remote,"Presentation Skills, Risk Management, Policy Automation
Deterministic profile match: 3 profile skills mentioned; title alignment 0.0/3.0; domain signals 2. Title relevance penalty 1.0 applied.",,,,,,,,"Remote, US (Remote)",https://baldwin.wd1.myworkdayjobs.com/en-US/Baldwin/job/Remote-US/Client-Manager--Surety---Construction-Practice_JR109661,,,,2026-05-19T03:39:44.477961+00:00,not_checked_network_restricted,Not finalized: outbound link checking was blocked in sandbox.
,,,2,Account Manager,,Heartbeat Health,https://www.indeed.com/viewjob?jk=38553e7df1445432,remote,"Customer Success
Deterministic profile match: 1 profile skills mentioned; title alignment 0.0/3.0; domain signals 4. Title relevance penalty 1.0 applied.",,,,,,,,"Remote, US (Remote)",https://jobs.lever.co/heartbeathealth/a43caa23-7683-4d50-ba56-75043c2bb816,,,,2026-05-19T03:35:32.190761+00:00,not_checked_network_restricted,Not finalized: outbound link checking was blocked in sandbox.
,,,2,QHSE Delivery Manager,,hackajob,https://www.linkedin.com/jobs/view/4404491165,onsite,"SAFe, Data Governance Frameworks
Deterministic profile match: 2 profile skills mentioned; title alignment 0.0/3.0; domain signals 3. Title relevance penalty 1.0 applied.",,,,,,,,,,,,,2026-05-19T03:33:24.221345+00:00,not_checked_network_restricted,Not finalized: outbound link checking was blocked in sandbox.
,,,2,Part Time Tax Manager of Tax Services (100% Remote),,OpStart,https://www.indeed.com/viewjob?jk=02c0a78ae31a4d5f,remote,"Mentoring
Deterministic profile match: 1 profile skills mentioned; title alignment 0.0/3.0; domain signals 4. Title relevance penalty 1.0 applied.",,,,,,,,"Remote, US (Remote)",http://www.indeed.com/job/part-time-tax-manager-tax-services-100-remote-02c0a78ae31a4d5f,,,,2026-05-19T03:33:24.221345+00:00,not_checked_network_restricted,Not finalized: outbound link checking was blocked in sandbox.
,,,2,"Director, Corporate Partnerships (Fee for Service)",,Points of Light,https://www.indeed.com/viewjob?jk=11a6ef37238acc62,remote,"Software Project Management, Program Management, Change Management, Resource Planning, Risk Management
Deterministic profile match: 5 profile skills mentioned; title alignment 0.0/3.0; domain signals 4. Title relevance penalty 2.5 applied.",,,,,,,,"Remote, US (Remote)",https://workforcenow.adp.com/mascsr/default/mdf/recruitment/recruitment.html?cid=8111a18b-3c54-4bdc-8d99-6bb527a27f0e&ccId=19000101_000003&jobId=949719&jwId=SYS:JW:001&source=IN&lang=en_US,,,,2026-05-19T03:33:24.221345+00:00,not_checked_network_restricted,Not finalized: outbound link checking was blocked in sandbox.
,,,2,Delivery Manager IT,,NTT DATA Europe & Latam,https://www.linkedin.com/jobs/view/4415683908,unknown,Deterministic profile match: 0 profile skills mentioned; title alignment 0.0/3.0; domain signals 4. Title relevance penalty 1.0 applied.,,,,,,,,,,,,,2026-05-19T03:33:24.221345+00:00,not_checked_network_restricted,Not finalized: outbound link checking was blocked in sandbox.
,,,2,Delivery & Fulfillment Manager,,LONGi Solar,https://www.linkedin.com/jobs/view/4415673541,unknown,"Customer Success, Change Management
Deterministic profile match: 2 profile skills mentioned; title alignment 0.0/3.0; domain signals 1. Title relevance penalty 1.0 applied.",,,,,,,,,,,,,2026-05-19T03:33:24.221345+00:00,not_checked_network_restricted,Not finalized: outbound link checking was blocked in sandbox.
,,,2,Client Delivery & Performance Manager (Lead Generation Agency),,Wessel Media,https://www.linkedin.com/jobs/view/4412247862,remote,Deterministic profile match: 0 profile skills mentioned; title alignment 0.0/3.0; domain signals 2. Title relevance penalty 1.0 applied.,,,,,,,,Remote,,,,,2026-05-19T03:33:24.221345+00:00,not_checked_network_restricted,Not finalized: outbound link checking was blocked in sandbox.
,,,2,Business Development Manager,,Fortis Solutions Group,https://www.indeed.com/viewjob?jk=f5a22d14340a352a,remote,"Software Project Management
Deterministic profile match: 1 profile skills mentioned; title alignment 0.0/3.0; domain signals 4. Title relevance penalty 1.0 applied.",,,,,,,,"Remote, US (Remote)",http://www.indeed.com/job/business-development-manager-f5a22d14340a352a,,,,2026-05-19T03:33:24.221345+00:00,not_checked_network_restricted,Not finalized: outbound link checking was blocked in sandbox.
,,,2,Customer Success Manager,,Luma,https://www.linkedin.com/jobs/view/4411625699,unknown,"Customer Success, Notion, Figma
Deterministic profile match: 3 profile skills mentioned; title alignment 0.0/3.0; domain signals 1. Title relevance penalty 1.0 applied.",,,,,,,,,,,,,2026-05-19T03:32:04.798805+00:00,not_checked_network_restricted,Not finalized: outbound link checking was blocked in sandbox.
,,,2,Chief of Staff,,Pandit View Software LLC,https://www.indeed.com/viewjob?jk=f6f2ceead4ca6fe9,remote,"Software Project Management, Stakeholder Management, Presentation Skills, Change Management, Power BI
Deterministic profile match: 5 profile skills mentioned; title alignment 0.0/3.0; domain signals 4. Title relevance penalty 2.5 applied.",,,,,,,,"Remote, US (Remote)",http://www.indeed.com/job/chief-staff-f6f2ceead4ca6fe9,,,,2026-05-19T03:28:48.056786+00:00,not_checked_network_restricted,Not finalized: outbound link checking was blocked in sandbox.
,,,2,Sequencing Specialist II,,Illumina,https://www.indeed.com/viewjob?jk=b62d7dd2c4e092ef,remote,"Presentation Skills, Change Management, Resource Planning
Deterministic profile match: 3 profile skills mentioned; title alignment 0.0/3.0; domain signals 1. Title relevance penalty 1.0 applied.",,,,,,,,"Remote, US (Remote)",https://illumina.wd1.myworkdayjobs.com/en-US/illumina-careers/job/US---Remote/Sequencing-Specialist-II_42837-JOB,,,,2026-05-19T03:26:29.194443+00:00,not_checked_network_restricted,Not finalized: outbound link checking was blocked in sandbox.
,,,2,"Project Director, Opening Services (Northeast Region)",,Choice Hotels,https://www.indeed.com/viewjob?jk=1f0eef44ad7407b4,remote,"Milestone Tracking, Program Management
Deterministic profile match: 2 profile skills mentioned; title alignment 0.0/3.0; domain signals 2. Title relevance penalty 1.5 applied.",,,,,,,,"Remote, US (Remote)",https://choicehotels.wd5.myworkdayjobs.com/en-US/External/job/FieldRemote/Project-Director--Opening-Services_R21764,,,,2026-05-19T03:26:29.194443+00:00,not_checked_network_restricted,Not finalized: outbound link checking was blocked in sandbox.
,,,2,Mainframe Systems Developer / Mainframe Support Engineer,,Superseva Global Services,https://www.indeed.com/viewjob?jk=745a3871ad6bd6e4,remote,"Technical Documentation
Deterministic profile match: 1 profile skills mentioned; title alignment 0.0/3.0; domain signals 3. Title relevance penalty 1.0 applied.",,,,,,,,"Remote, US (Remote)",http://www.indeed.com/job/mainframe-systems-developer-mainframe-support-engineer-745a3871ad6bd6e4,,,,2026-05-19T03:26:29.194443+00:00,not_checked_network_restricted,Not finalized: outbound link checking was blocked in sandbox.
,,,2,Key Account Manager,,AMETEK,https://www.indeed.com/viewjob?jk=9c3619716707c890,remote,"Customer Success
Deterministic profile match: 1 profile skills mentioned; title alignment 0.0/3.0; domain signals 1. Title relevance penalty 1.0 applied.",,,,,,,,"Remote, US (Remote)",https://jobs.ametek.com/job/Virtual-Key-Account-Manager-99999/1391736700/,,,,2026-05-19T03:26:29.194443+00:00,not_checked_network_restricted,Not finalized: outbound link checking was blocked in sandbox.
,,,2,IT Network Infrastructure Engineer III,,Packaging Corporation of America,https://www.indeed.com/viewjob?jk=8f5e56ae157fb0e2,remote,Deterministic profile match: 0 profile skills mentioned; title alignment 0.0/3.0; domain signals 4. Title relevance penalty 1.0 applied.,,,,,,,,"Remote, US (Remote)",https://jobs.dayforcehcm.com/en-US/pca/CANDIDATEPORTAL/jobs/60034,,,,2026-05-19T03:26:29.194443+00:00,not_checked_network_restricted,Not finalized: outbound link checking was blocked in sandbox.
,,,2,Chief Technology Officer,,Digital Harbor Foundation,https://www.indeed.com/viewjob?jk=8ee101dd9d08a9a7,remote,"Program Management, Change Management, Risk Management
Deterministic profile match: 3 profile skills mentioned; title alignment 0.0/3.0; domain signals 4. Title relevance penalty 2.5 applied.",,,,,,,,"Remote, US (Remote)",https://digitalharborfoundation.applytojob.com/apply/U61UO8AICV/Chief-Technology-Officer?source=INDE&~,,,,2026-05-19T03:26:29.194443+00:00,not_checked_network_restricted,Not finalized: outbound link checking was blocked in sandbox.
,,,2,Business Development Manager,,Columbus McKinnon,https://www.indeed.com/viewjob?jk=55d145fcf35d0d28,remote,Deterministic profile match: 0 profile skills mentioned; title alignment 0.0/3.0; domain signals 2. Title relevance penalty 1.0 applied.,,,,,,,,"Remote, US (Remote)",https://career41.sapsf.com/career?company=columbusmc&career_ns=job_listing&career_job_req_id=3042&lang=en_US&source=Indeed,,,,2026-05-19T03:26:29.194443+00:00,not_checked_network_restricted,Not finalized: outbound link checking was blocked in sandbox.
,,,2,"Vice President, External Relations",,CAF America,https://www.indeed.com/viewjob?jk=8b29741be56629c4,remote,"Lean Product Development, Stakeholder Management, Program Management, Change Management, Resource Planning, Risk Management
Deterministic profile match: 6 profile skills mentioned; title alignment 0.0/3.0; domain signals 4. Title relevance penalty 2.5 applied.",,,,,,,,"Remote, US (Remote)",https://www.cafamerica.org/careers/?gnk=job&gni=8a78839e9de0709e019e22499f1b24a8&gns=Indeed+Free,,,,2026-05-14T21:52:47.996850+00:00,not_checked_network_restricted,Not finalized: outbound link checking was blocked in sandbox.
,,,2,Veterinary Specialty & Emergency Marketing Specialist,,Innovetive Petcare,https://www.indeed.com/viewjob?jk=883f499a0fd441cb,remote,"Presentation Skills, SOPs
Deterministic profile match: 2 profile skills mentioned; title alignment 0.0/3.0; domain signals 3. Title relevance penalty 1.0 applied.",,,,,,,,"Remote, US (Remote)",https://innovetivepetcare.pinpointhq.com/postings/ebf5cca7-5641-4863-b500-b363dccf59b8?utm_medium=job_board&utm_source=indeed,,,,2026-05-14T21:52:47.996850+00:00,not_checked_network_restricted,Not finalized: outbound link checking was blocked in sandbox.
,,,2,SEO Account Manager,,Stan Ventures,https://www.indeed.com/viewjob?jk=65c442ac854055c0,remote,"Risk Management, Google Analytics
Deterministic profile match: 2 profile skills mentioned; title alignment 0.0/3.0; domain signals 2. Title relevance penalty 1.0 applied.",,,,,,,,"Remote, US (Remote)",http://www.indeed.com/job/seo-account-manager-65c442ac854055c0,,,,2026-05-14T21:52:47.996850+00:00,not_checked_network_restricted,Not finalized: outbound link checking was blocked in sandbox.
,,,2,Google Ads Specialist – eCommerce,,Thriftizer Sulutions LLP,https://www.indeed.com/viewjob?jk=24c832ded2f84be1,remote,"A/B Testing, Google Analytics
Deterministic profile match: 2 profile skills mentioned; title alignment 0.0/3.0; domain signals 2. Title relevance penalty 1.0 applied.",,,,,,,,"Remote, US (Remote)",http://www.indeed.com/job/google-ads-specialist-ecommerce-24c832ded2f84be1,,,,2026-05-14T21:52:47.996850+00:00,not_checked_network_restricted,Not finalized: outbound link checking was blocked in sandbox.
,,,2,"Director, Marketing Analytics",,loanDepot,https://www.indeed.com/viewjob?jk=a051b04ac5e274d7,hybrid,"SQL, A/B Testing, Databricks
Deterministic profile match: 3 profile skills mentioned; title alignment 0.0/3.0; domain signals 4. Title relevance penalty 2.5 applied.",,,,,,"Remote, US (Remote)",,"Remote, US (Remote)",https://app.jobvite.com/CompanyJobs/Job.aspx?j=oxM6zfwI&loc=CrRFVfwC&s=Indeed,,,,2026-05-14T21:52:47.996850+00:00,not_checked_network_restricted,Not finalized: outbound link checking was blocked in sandbox.
,,,2,Customer Success Manager,,Edynamic Learning,https://www.indeed.com/viewjob?jk=2112e4a968e23aaf,remote,"Presentation Skills, Customer Success
Deterministic profile match: 2 profile skills mentioned; title alignment 0.0/3.0; domain signals 1. Title relevance penalty 1.0 applied.",,,,,,,,"Remote, US (Remote)",https://edynamiclearning.applytojob.com/apply/yRpAR3OO06/Customer-Success-Manager?source=INDE&~,,,,2026-05-14T21:52:47.996850+00:00,not_checked_network_restricted,Not finalized: outbound link checking was blocked in sandbox.
,,,2,Content Manager,,terra,https://www.indeed.com/viewjob?jk=e21ee6760fd90c4c,remote,"A/B Testing, Figma
Deterministic profile match: 2 profile skills mentioned; title alignment 0.0/3.0; domain signals 2. Title relevance penalty 1.0 applied.",,,,,,,,"Remote, US (Remote)",https://jobs.lever.co/terrahq/de603c2e-b462-4f1a-b1eb-0f2078873e82?lever-source=Indeed,,,,2026-05-14T21:52:47.996850+00:00,not_checked_network_restricted,Not finalized: outbound link checking was blocked in sandbox.
,,,2,Client Relations Manager,,Craft & Communicate,https://www.indeed.com/viewjob?jk=9fd99e4c17cc1942,remote,"Presentation Skills, Requirements Gathering
Deterministic profile match: 2 profile skills mentioned; title alignment 0.0/3.0; domain signals 2. Title relevance penalty 1.0 applied.",,,,,,,,"Remote, US (Remote)",http://www.indeed.com/job/client-relations-manager-9fd99e4c17cc1942,,,,2026-05-14T21:52:47.996850+00:00,not_checked_network_restricted,Not finalized: outbound link checking was blocked in sandbox.
,,,2,Content Editor,,Siege Media,https://www.indeed.com/viewjob?jk=32d744f52ae6f06f,remote,"Presentation Skills, Legal Technology
Deterministic profile match: 2 profile skills mentioned; title alignment 0.0/3.0; domain signals 2. Title relevance penalty 1.0 applied.",,,,,,,,"Remote, US (Remote)",https://siegemedia.applytojob.com/apply/UvoqWAycV1/Content-Editor?source=INDE&~,,,,2026-05-14T21:48:33.976678+00:00,not_checked_network_restricted,Not finalized: outbound link checking was blocked in sandbox.
,,,2,LTS Controls Engineer,,TGW Systems,https://www.indeed.com/viewjob?jk=605bc40e31ef2646,remote,"Technical Documentation
Deterministic profile match: 1 profile skills mentioned; title alignment 0.0/3.0; domain signals 3. Title relevance penalty 1.0 applied.",,,,,,,,"Remote, US (Remote)",https://secure7.saashr.com/ta/6213716.careers?ShowJob=604438997,,,,2026-05-14T21:46:30.549281+00:00,not_checked_network_restricted,Not finalized: outbound link checking was blocked in sandbox.
,,,2,Senior BIM Coordinator/Manager,,Gigantes Group,https://www.linkedin.com/jobs/view/4413555149,remote,"Software Project Management, Technical Documentation
Deterministic profile match: 2 profile skills mentioned; title alignment 0.0/3.0; domain signals 2. Title relevance penalty 1.0 applied.",,,,,,,,Remote,,,,,2026-05-14T21:45:28.863915+00:00,not_checked_network_restricted,Not finalized: outbound link checking was blocked in sandbox.
,,,2,Payroll Manager,,Mary Welsh Foundation Inc,https://www.indeed.com/viewjob?jk=e39c59daab888eb4,remote,"Program Management, Technical Documentation
Deterministic profile match: 2 profile skills mentioned; title alignment 0.0/3.0; domain signals 3. Title relevance penalty 1.0 applied.",,,,,,,,"Remote, US (Remote)",http://www.indeed.com/job/payroll-manager-e39c59daab888eb4,,,,2026-05-14T21:44:13.352357+00:00,not_checked_network_restricted,Not finalized: outbound link checking was blocked in sandbox.
,,,2,PATENT PROSECUTION COORDINATOR – 100% Remote,,McNeill PLLC,https://www.indeed.com/viewjob?jk=3b22159905f1aaf8,remote,"Program Management, System Monitoring
Deterministic profile match: 2 profile skills mentioned; title alignment 0.0/3.0; domain signals 2. Title relevance penalty 1.0 applied.",,,,,,,,"Remote, US (Remote)",http://www.indeed.com/job/patent-prosecution-coordinator-100-remote-3b22159905f1aaf8,,,,2026-05-14T21:44:13.352357+00:00,not_checked_network_restricted,Not finalized: outbound link checking was blocked in sandbox.
,,,2,Marketing Director – Behavioral Health SaaS,,Opus EHR,https://www.indeed.com/viewjob?jk=0cc2d691b074c566,remote,"Google Analytics, HubSpot
Deterministic profile match: 2 profile skills mentioned; title alignment 0.0/3.0; domain signals 7. Title relevance penalty 2.5 applied.",,,,,,,,"Remote, US (Remote)",http://www.indeed.com/job/marketing-director-behavioral-health-saas-0cc2d691b074c566,,,,2026-05-14T21:44:13.352357+00:00,not_checked_network_restricted,Not finalized: outbound link checking was blocked in sandbox.
,,,2,INTERVIEWING NOW FOR CALIFORNIA!! - LICENSED CLINICAL THERAPIST - LCSW/LPCC/LMFT – Adult Evening IOP Virtual Group Therapist..,,HealthLinkNow,https://www.indeed.com/viewjob?jk=c3aa9fb4c72e32d7,remote,"Program Management, Scheduling Management
Deterministic profile match: 2 profile skills mentioned; title alignment 0.0/3.0; domain signals 1. Title relevance penalty 1.0 applied.",,,,,,,,"Remote, US (Remote)",https://uhs.jibeapply.com/careers/jobs/352885/job?utm_source=indeed_integration&iis=Job%20Board&iisn=Indeed&indeed-apply-token=73a2d2b2a8d6d5c0a62696875eaebd669103652d3f0c2cd5445d3e66b1592b0f,,,,2026-05-14T21:44:13.352357+00:00,not_checked_network_restricted,Not finalized: outbound link checking was blocked in sandbox.
,,,2,FP&A Manager,,ID Logistics,https://www.indeed.com/viewjob?jk=04f37fba9805870d,remote,"ERP, Power BI
Deterministic profile match: 2 profile skills mentioned; title alignment 0.0/3.0; domain signals 3. Title relevance penalty 1.0 applied.",,,,,,,,"Remote, US (Remote)",https://recruiting.adp.com/srccsh/public/RTI.home?r=5001198900406&c=1098841&d=External&rb=INDEED&idUnique=5001198900406,,,,2026-05-14T21:44:13.352357+00:00,not_checked_network_restricted,Not finalized: outbound link checking was blocked in sandbox.
,,,2,Account Manager,,WellDyne,https://www.indeed.com/viewjob?jk=a08c094167ee3974,remote,"Program Management, Change Management
Deterministic profile match: 2 profile skills mentioned; title alignment 0.0/3.0; domain signals 2. Title relevance penalty 1.0 applied.",,,,,,,,"Remote, US (Remote)",https://recruitingbypaycor.com/career/JobIntroduction.action?id=8a7885a89e235a1d019e2715b29d56f7&source=Indeed+Free,,,,2026-05-14T21:44:13.352357+00:00,not_checked_network_restricted,Not finalized: outbound link checking was blocked in sandbox.
,,,2,Quant Equities PM,,CW Talent Solutions,https://www.linkedin.com/jobs/view/4413990712,unknown,"Risk Management
Deterministic profile match: 1 profile skills mentioned; title alignment 0.0/3.0; domain signals 1. Title relevance penalty 1.0 applied.",,,,,,,,,,,,,2026-05-14T21:43:10.197062+00:00,not_checked_network_restricted,Added from ApplyPilot DB; outbound link checking was blocked in sandbox.
,,,2,GERENTE DE PROJETO,,CAST,https://www.linkedin.com/jobs/view/4413485777,unknown,"Kanban, Power BI
Deterministic profile match: 2 profile skills mentioned; title alignment 0.0/3.0; domain signals 2. Title relevance penalty 1.0 applied.",,,,,,,,,,,,,2026-05-14T21:40:03.505024+00:00,not_checked_network_restricted,Added from ApplyPilot DB; outbound link checking was blocked in sandbox.
,,,2,Contract/Acquisition Specialist (Remote),,DLS Engineering,https://www.indeed.com/viewjob?jk=3e4f9661ec319ae3,remote,Deterministic profile match: 0 profile skills mentioned; title alignment 0.0/3.0; domain signals 3. Title relevance penalty 1.0 applied.,,,,,,,,"Remote, US (Remote)",https://ats.rippling.com/dlsengineering/jobs/bc3c0641-e763-4866-aea9-a01b8e428ad1?jobSite=Indeed,,,,2026-05-14T21:40:03.505024+00:00,not_checked_network_restricted,Not finalized: outbound link checking was blocked in sandbox.
,,,2,Líder de entrega ágil,,Comfama Empleo,https://www.linkedin.com/jobs/view/4414687889,unknown,"Kanban, Power BI
Deterministic profile match: 2 profile skills mentioned; title alignment 0.0/3.0; domain signals 3. Title relevance penalty 1.0 applied.",C:\Users\bsing\.applypilot\tailored_resumes\software-pm\100_7_Comfama_Empleo_Líder_de_entrega_ágil.txt,failed_validation,Company 'Sakhi' missing from experience; Company 'The Samaritans of New York' missing from experience,Banned words: proven track record,,,,,,,,,2026-05-14T21:37:59.870693+00:00,not_checked_network_restricted,Not finalized: outbound link checking was blocked in sandbox.
,,,2,Data Scientist,,Community Care of North Carolina Inc,https://www.indeed.com/viewjob?jk=0d18563009247b29,remote,"SQL, Program Management, Risk Management, AWS
Deterministic profile match: 4 profile skills mentioned; title alignment 0.0/3.0; domain signals 6. Title relevance penalty 2.5 applied.",,,,,,,,"Remote, US (Remote)",https://workforcenow.adp.com/mascsr/default/mdf/recruitment/recruitment.html?cid=e19abba7-a8ad-4c26-948f-cf26888754a7&ccId=19000101_000001&jobId=588437&source=IN&lang=en_US,,,,2026-05-14T21:37:59.870693+00:00,not_checked_network_restricted,Not finalized: outbound link checking was blocked in sandbox.
,,,2,Customer Support Specialist,,"Healthcare Systems and Technologies, LLC",https://www.indeed.com/viewjob?jk=97a1814b7de765fe,remote,"Customer Success
Deterministic profile match: 1 profile skills mentioned; title alignment 0.0/3.0; domain signals 4. Title relevance penalty 1.0 applied.",,,,,,,,"Remote, US (Remote)",https://hstpathways.applytojob.com/apply/w9gHXNBA23/Customer-Support-Specialist?source=INDE&~,,,,2026-05-14T21:37:59.870693+00:00,not_checked_network_restricted,Not finalized: outbound link checking was blocked in sandbox.
,,,2,"Customer Service Team Manager (Italy DSL), Delivery Station Liaison Team Manager",,Amazon,https://www.linkedin.com/jobs/view/4414659759,remote,"Customer Success, Change Management
Deterministic profile match: 2 profile skills mentioned; title alignment 0.0/3.0; domain signals 2. Title relevance penalty 1.0 applied.",,,,,,,,Remote,,,,,2026-05-14T21:37:59.870693+00:00,not_checked_network_restricted,Not finalized: outbound link checking was blocked in sandbox.
,,,2,Clinical Guide: Cardiology Nurse,,Devoted Health,https://www.indeed.com/viewjob?jk=3b050f0e7c3ebb4e,remote,"SAFe, Program Management, Change Management
Deterministic profile match: 3 profile skills mentioned; title alignment 0.0/3.0; domain signals 2. Title relevance penalty 1.0 applied.",,,,,,,,"Remote, US (Remote)",https://devoted.wd1.myworkdayjobs.com/en-US/Devoted/job/Remote-USA/Clinical-Guide--Cardiology-Nurse_R3163,,,,2026-05-14T21:37:59.870693+00:00,not_checked_network_restricted,Not finalized: outbound link checking was blocked in sandbox.
,,,2,ACCOUNT MANAGER III,,Yokogawa,https://www.indeed.com/viewjob?jk=d5ed7b80abb5bbe8,remote,"Customer Success
Deterministic profile match: 1 profile skills mentioned; title alignment 0.0/3.0; domain signals 3. Title relevance penalty 1.0 applied.",,,,,,,,"Remote, US (Remote)",https://wd3.myworkdaysite.com/en-US/recruiting/yokogawa/yokogawa-career-site/job/YCA_Home-Office-Alabama/ACCOUNT-MANAGER-III_R-11366,,,,2026-05-14T21:37:59.870693+00:00,not_checked_network_restricted,Not finalized: outbound link checking was blocked in sandbox.
,,,2,Marketing Documentation & Project Management Intern,,Kiva.org,https://www.indeed.com/viewjob?jk=a7af99ccbe3c8fae,remote,"Program Management, Change Management, Confluence
Deterministic profile match: 3 profile skills mentioned; title alignment 0.0/3.0; domain signals 2. Title relevance penalty 1.5 applied.",,,,,,,,"Remote, US (Remote)",https://boards.greenhouse.io/kivaorg/jobs/7914710?gh_jid=7914710,,,,2026-05-14T21:36:03.741595+00:00,not_checked_network_restricted,Not finalized: outbound link checking was blocked in sandbox.
,,,2,"Director, Technical Operations",,Hello Heart,https://www.indeed.com/viewjob?jk=17046449c6174d0e,remote,"Stakeholder Management, Program Management, Technical Documentation, Risk Management
Deterministic profile match: 4 profile skills mentioned; title alignment 0.0/3.0; domain signals 4. Title relevance penalty 2.5 applied.",,,,,,,,"Remote, US (Remote)",https://www.helloheart.com/careers/listings?gh_jid=8547431002,,,,2026-05-14T21:33:49.397717+00:00,not_checked_network_restricted,Not finalized: outbound link checking was blocked in sandbox.
,,,2,VP of Engineering,,"Counterpart, Inc.",https://www.indeed.com/viewjob?jk=b874cbe44901772e,remote,"Software Project Management, Risk Management, Data Pipelines
Deterministic profile match: 3 profile skills mentioned; title alignment 0.0/3.0; domain signals 5. Title relevance penalty 2.5 applied.",,,,,,,,"Remote, US (Remote)",https://job-boards.greenhouse.io/counterpart/jobs/4364580005,,,,2026-05-14T21:29:36.448824+00:00,not_checked_network_restricted,Not finalized: outbound link checking was blocked in sandbox.
,,,2,Short-term REMOTE Instructional Designer (Oracle ERP),,CapeTalent,https://www.indeed.com/viewjob?jk=ff8f0f08524613b0,remote,"ERP
Deterministic profile match: 1 profile skills mentioned; title alignment 0.0/3.0; domain signals 3. Title relevance penalty 1.0 applied.",,,,,,,,"Remote, US (Remote)",https://recruiterflow.com/capetalent/jobs/86?source=indeed&utm_channel=recruiterflow-posting&location=1,,,,2026-05-14T21:29:36.448824+00:00,not_checked_network_restricted,Not finalized: outbound link checking was blocked in sandbox.
,,,2,GIS QA Test Analyst,,"Sheersoft Technologies, LLC",https://www.indeed.com/viewjob?jk=866bd62f9cbe0e7a,remote,"SDLC
Deterministic profile match: 1 profile skills mentioned; title alignment 0.0/3.0; domain signals 4. Title relevance penalty 1.0 applied.",,,,,,,,"Remote, US (Remote)",http://www.indeed.com/job/gis-qa-test-analyst-866bd62f9cbe0e7a,,,,2026-05-14T21:29:36.448824+00:00,not_checked_network_restricted,Not finalized: outbound link checking was blocked in sandbox.
,,,2,Field Adjuster - Panhandle,,Security First Insurance Company (Security First Managers),https://www.indeed.com/viewjob?jk=843055b4ba0f8a8d,remote,"Change Management
Deterministic profile match: 1 profile skills mentioned; title alignment 0.0/3.0; domain signals 1. Title relevance penalty 1.0 applied.",,,,,,,,"Remote, US (Remote)",https://securityfirstmanagers.hrmdirect.com/employment/view.php?req=3714478&jbsrc=1014&location=1a653385-0b21-5493-5877-f13a407037c4,,,,2026-05-14T21:29:36.448824+00:00,not_checked_network_restricted,Not finalized: outbound link checking was blocked in sandbox.
,,,2,Client Success Specialist (Southeast or Midwest Candidates),,Basic Home Infusion,https://www.indeed.com/viewjob?jk=e7a5f45d7884a65f,remote,"Software Project Management, Customer Success
Deterministic profile match: 2 profile skills mentioned; title alignment 0.0/3.0; domain signals 2. Title relevance penalty 1.0 applied.",,,,,,,,"Remote, US (Remote)",http://www.indeed.com/job/client-success-specialist-southeast-or-midwest-candidates-e7a5f45d7884a65f,,,,2026-05-14T21:29:36.448824+00:00,not_checked_network_restricted,Not finalized: outbound link checking was blocked in sandbox.
,,,2,Business Development & Account Executive,,On Call COO,https://www.indeed.com/viewjob?jk=28a54d102c546a70,remote,"Software Project Management, Scheduling Management, SOPs, Risk Management, HubSpot
Deterministic profile match: 5 profile skills mentioned; title alignment 0.0/3.0; domain signals 5. Title relevance penalty 2.5 applied.",,,,,,,,"Remote, US (Remote)",http://www.indeed.com/job/business-development-account-executive-28a54d102c546a70,,,,2026-05-14T21:29:36.448824+00:00,not_checked_network_restricted,Not finalized: outbound link checking was blocked in sandbox.
,,,1,,,Intel,https://intel.wd1.myworkdayjobs.com/External/job/Sr-Infrastructure-Engineer---Storage_JR0281566,unknown,"Deterministic refreshed score: 0 profile skills mentioned
title alignment 0.0/3.0
domain signals 0",,,,,,,,,https://intel.wd1.myworkdayjobs.com/External/job/Sr-Infrastructure-Engineer---Storage_JR0281566,,,,2026-05-21T00:02:00.988321+00:00,not_checked_network_restricted,Added from ApplyPilot DB; outbound link checking was blocked in sandbox.
,,,1,"Engineering Manager, AI",,Vanta,https://www.indeed.com/viewjob?jk=1e35bd291e448790,remote,"Deterministic refreshed score: 0 profile skills mentioned
title alignment 0.0/3.0
domain signals 4",,,,,,,,"Remote, US (Remote)",https://jobs.ashbyhq.com/vanta/cb12e9ef-d4c1-47fb-8581-038e29f61c6a,,,,2026-05-20T23:38:50.206073+00:00,not_checked_network_restricted,Added from ApplyPilot DB; outbound link checking was blocked in sandbox.
,,,1,Territory Sales Manager - PNW East,,PROFARM,https://www.indeed.com/viewjob?jk=4c97d77de34a543c,remote,"ERP
Deterministic refreshed score: 1 profile skills mentioned
title alignment 0.0/3.0
domain signals 5",,,,,,,,"Remote, US (Remote)",https://ats.rippling.com/profarm/jobs/ec2a87a1-906b-404c-b804-f5ca467c2ace?jobSite=Indeed,,,,2026-05-20T23:32:56.497262+00:00,not_checked_network_restricted,Added from ApplyPilot DB; outbound link checking was blocked in sandbox.
,,,1,Physical Security Solutions Engineer,,New Era Technology,https://www.indeed.com/viewjob?jk=15f841eb2807f5a1,remote,"Deterministic refreshed score: 0 profile skills mentioned
title alignment 0.0/3.0
domain signals 6",,,,,,,,"Remote, US (Remote)",https://job-boards.greenhouse.io/neweratech/jobs/8555029002,,,,2026-05-20T23:32:56.497262+00:00,not_checked_network_restricted,Added from ApplyPilot DB; outbound link checking was blocked in sandbox.
,,,1,Jefe de Proyecto IT Senior (Teletrabajo 100%),,Plexus Tech,https://www.linkedin.com/jobs/view/4413311238,unknown,"Deterministic refreshed score: 0 profile skills mentioned
title alignment 0.0/3.0
domain signals 0",,,,,,,,,,,,,2026-05-20T23:32:56.497262+00:00,not_checked_network_restricted,Added from ApplyPilot DB; outbound link checking was blocked in sandbox.
,,,1,Sales Account Manager,,EthosEnergy,https://www.indeed.com/viewjob?jk=48f24bb02f13f8c8,remote,"Deterministic refreshed score: 0 profile skills mentioned
title alignment 0.0/3.0
domain signals 6",,,,,,,,"Remote, US (Remote)",https://careers.ethosenergy.com/careers/job/EPR009287/Sales-Account-Manager,,,,2026-05-20T23:30:56.351886+00:00,not_checked_network_restricted,Added from ApplyPilot DB; outbound link checking was blocked in sandbox.
,,,1,Occupational Therapy Services Supervisor - LiveOT,,Connections Education,https://www.indeed.com/viewjob?jk=d6e4ca678ccfadeb,remote,"AWS, ERP, Power BI
Deterministic refreshed score: 3 profile skills mentioned
title alignment 0.0/3.0
domain signals 8",,,,,,,,"Remote, US (Remote)",https://recruiting.ultipro.com/CON1019ACADE/JobBoard/c2b42121-092c-4125-8209-60593d2c63e0/OpportunityDetail?opportunityId=bb8909d9-5894-46fa-97dc-78271dcd0946&postingId=ff387cfb-36a2-4d1d-af2e-fb2db7ee00e5,,,,2026-05-20T23:30:56.351886+00:00,not_checked_network_restricted,Added from ApplyPilot DB; outbound link checking was blocked in sandbox.
,,,1,Social Media & Podcast Intern,,FranklinCovey,https://www.indeed.com/viewjob?jk=452d466e5759d722,remote,"Program Management, Change Management, Scheduling Management
Deterministic profile match: 3 profile skills mentioned; title alignment 0.0/3.0; domain signals 1. Title relevance penalty 2.5 applied.",,,,,,,,"Remote, US (Remote)",https://franklincovey.hrmdirect.com/employment/view.php?req=3707339&jbsrc=1014&location=aa8cff2c-498c-73d0-d69e-5d0a4ca6aa23,,,,2026-05-19T03:47:58.625216+00:00,not_checked_network_restricted,Not finalized: outbound link checking was blocked in sandbox.
,,,1,Project Director,,FINN Partners,https://www.indeed.com/viewjob?jk=617bd95b3564c025,remote,"Software Project Management, Risk Management
Deterministic profile match: 2 profile skills mentioned; title alignment 0.0/3.0; domain signals 1. Title relevance penalty 1.5 applied.",,,,,,,,"Remote, US (Remote)",https://joinus.applytojob.com/apply/LUhvTN0JB8/Project-Director?source=INDE&~,,,,2026-05-19T03:47:58.625216+00:00,not_checked_network_restricted,Not finalized: outbound link checking was blocked in sandbox.
,,,1,Multifamily Digital Marketing Manager – Lease-Up,,Grocapitus,https://www.indeed.com/viewjob?jk=fbbb434eaafa69bf,remote,"SOPs
Deterministic profile match: 1 profile skills mentioned; title alignment 0.0/3.0; domain signals 1. Title relevance penalty 2.5 applied.",,,,,,,,"Remote, US (Remote)",http://www.indeed.com/job/multifamily-digital-marketing-manager-lease--fbbb434eaafa69bf,,,,2026-05-19T03:47:58.625216+00:00,not_checked_network_restricted,Not finalized: outbound link checking was blocked in sandbox.
,,,1,Regional Sales Manager (Remote-United States),,Nextech Systems,https://www.indeed.com/viewjob?jk=1a335b06bd3c1e6f,remote,"Program Management, Customer Success, Change Management
Deterministic profile match: 3 profile skills mentioned; title alignment 0.0/3.0; domain signals 3. Title relevance penalty 2.5 applied.",,,,,,,,"Remote, US (Remote)",https://jobs.lever.co/nextech/7f51d180-79d2-4781-beec-5472c0a62c13,,,,2026-05-19T03:39:44.477961+00:00,not_checked_network_restricted,Not finalized: outbound link checking was blocked in sandbox.
,,,1,Director Provider Account Management,,One Call,https://www.indeed.com/viewjob?jk=c47fede7c157f8f6,remote,"Change Management
Deterministic profile match: 1 profile skills mentioned; title alignment 0.0/3.0; domain signals 5. Title relevance penalty 2.5 applied.",,,,,,,,"Remote, US (Remote)",https://onecall.avature.net/careers/JobDetail/Dir-Prvdr-Acct-Mgmt/5649,,,,2026-05-19T03:35:32.190761+00:00,not_checked_network_restricted,Not finalized: outbound link checking was blocked in sandbox.
,,,1,Senior Projektmanager (Shopify),,beyondesign,https://www.linkedin.com/jobs/view/4412231189,remote,Deterministic profile match: 0 profile skills mentioned; title alignment 0.0/3.0; domain signals 1. Title relevance penalty 1.0 applied.,,,,,,,,Remote,,,,,2026-05-19T03:28:48.056786+00:00,not_checked_network_restricted,Not finalized: outbound link checking was blocked in sandbox.
,,,1,Sales Manager - Life Science Division - East Coast,,ANTARES VISION,https://www.indeed.com/viewjob?jk=12387012c633e59c,remote,Deterministic profile match: 0 profile skills mentioned; title alignment 0.0/3.0; domain signals 2. Title relevance penalty 2.5 applied.,,,,,,,,"Remote, US (Remote)",http://www.indeed.com/job/sales-manager-life-science-division-east-coast-12387012c633e59c,,,,2026-05-19T03:26:29.194443+00:00,not_checked_network_restricted,Not finalized: outbound link checking was blocked in sandbox.
,,,1,"Sr. Marketing Manager & Youth to Pro Integration, LYTE",,League One Volleyball,https://www.indeed.com/viewjob?jk=1f9c7f76f15c166a,remote,"Program Management, Change Management
Deterministic profile match: 2 profile skills mentioned; title alignment 0.0/3.0; domain signals 2. Title relevance penalty 2.5 applied.",,,,,,,,"Remote, US (Remote)",https://recruitingbypaycor.com/career/JobIntroduction.action?id=8a7887a19de07068019e1947b1ef2675&source=Indeed+Free,,,,2026-05-14T21:52:47.996850+00:00,not_checked_network_restricted,Not finalized: outbound link checking was blocked in sandbox.
,,,1,"Senior Director, Enterprise PMO & Strategy Execution",,QFormia,https://www.indeed.com/viewjob?jk=352459bf6e44ecad,remote,"Stakeholder Management, Resource Planning
Deterministic profile match: 2 profile skills mentioned; title alignment 0.0/3.0; domain signals 3. Title relevance penalty 2.5 applied.",,,,,,,,"Remote, US (Remote)",http://www.indeed.com/job/senior-director-enterprise-pmo-strategy-execution-352459bf6e44ecad,,,,2026-05-14T21:52:47.996850+00:00,not_checked_network_restricted,Not finalized: outbound link checking was blocked in sandbox.
,,,1,"Marketing and Growth, Senior Manager",,Vanna Health,https://www.indeed.com/viewjob?jk=05acf5f44c9a6f6f,remote,"Lean Product Development
Deterministic profile match: 1 profile skills mentioned; title alignment 0.0/3.0; domain signals 0. Title relevance penalty 1.0 applied.",,,,,,,,"Remote, US (Remote)",https://grnh.se/hznrp2rj5us,,,,2026-05-14T21:52:47.996850+00:00,not_checked_network_restricted,Not finalized: outbound link checking was blocked in sandbox.
,,,1,"E-Commerce Manager — Amazon, Walmart, Target.com & TikTok Shop",,"Burlington, VT Farmers Insurance Agency",https://www.indeed.com/viewjob?jk=bdde4addcb98fb5c,remote,Deterministic profile match: 0 profile skills mentioned; title alignment 0.0/3.0; domain signals 0. Title relevance penalty 1.0 applied.,,,,,,,,"Remote, US (Remote)",http://www.indeed.com/job/e-commerce-manager-amazon-walmart-targetcom-tiktok-shop-bdde4addcb98fb5c,,,,2026-05-14T21:52:47.996850+00:00,not_checked_network_restricted,Not finalized: outbound link checking was blocked in sandbox.
,,,1,Digital Marketing Manager,,Local and Qualified,https://www.indeed.com/viewjob?jk=2355e1cdabdbef87,remote,Deterministic profile match: 0 profile skills mentioned; title alignment 0.0/3.0; domain signals 0. Title relevance penalty 2.5 applied.,,,,,,,,"Remote, US (Remote)",http://www.indeed.com/job/digital-marketing-manager-2355e1cdabdbef87,,,,2026-05-14T21:52:47.996850+00:00,not_checked_network_restricted,Not finalized: outbound link checking was blocked in sandbox.
,,,1,"Oncology Clinical Account Executive, Rhode Island/Southern MA",,Tempus,https://www.indeed.com/viewjob?jk=ba69059d75bba65b,remote,"Presentation Skills, Change Management
Deterministic profile match: 2 profile skills mentioned; title alignment 0.0/3.0; domain signals 5. Title relevance penalty 2.5 applied.",,,,,,,,"Remote, US (Remote)",https://tempus.wd5.myworkdayjobs.com/en-US/Tempus_Careers/job/Remote---Rhode-Island/Oncology-Clinical-Account-Executive--Rhode-Island-Southern-MA_JR202600427,,,,2026-05-14T21:48:33.976678+00:00,not_checked_network_restricted,Not finalized: outbound link checking was blocked in sandbox.
,,,1,"Account Executive, Enterprise",,Restaurant365,https://www.indeed.com/viewjob?jk=3d7cf12716f9431b,hybrid,"Presentation Skills, ERP
Deterministic profile match: 2 profile skills mentioned; title alignment 0.0/3.0; domain signals 5. Title relevance penalty 2.5 applied.",,,,,,"Remote, US (Remote)",,"Remote, US (Remote)",https://jobs.lever.co/restaurant365/92a5665e-ad5c-48ad-a60c-7ba4703e70b0?lever-source=Indeed,,,,2026-05-14T21:48:33.976678+00:00,not_checked_network_restricted,Not finalized: outbound link checking was blocked in sandbox.
,,,1,Mechanical Claims Adjuster,,"DKP Administration, Inc.",https://www.indeed.com/viewjob?jk=f8225e4210ec6367,remote,Deterministic profile match: 0 profile skills mentioned; title alignment 0.0/3.0; domain signals 1. Title relevance penalty 1.0 applied.,,,,,,,,"Remote, US (Remote)",http://www.indeed.com/job/mechanical-claims-adjuster-f8225e4210ec6367,,,,2026-05-14T21:44:13.352357+00:00,not_checked_network_restricted,Not finalized: outbound link checking was blocked in sandbox.
,,,1,Business & Proposal Development Intern,,Technology & Bussiness Managment Inc.,https://www.indeed.com/viewjob?jk=7403d4f838cc74e5,remote,Deterministic profile match: 0 profile skills mentioned; title alignment 0.0/3.0; domain signals 4. Title relevance penalty 2.5 applied.,,,,,,,,"Remote, US (Remote)",http://www.indeed.com/job/business-proposal-development-intern-7403d4f838cc74e5,,,,2026-05-14T21:40:03.505024+00:00,not_checked_network_restricted,Not finalized: outbound link checking was blocked in sandbox.
,,,1,Solution Sales Specialist - BitTitan,,"Idera, Inc.",https://www.indeed.com/viewjob?jk=9761baed90e0bcc8,remote,"Google Cloud
Deterministic profile match: 1 profile skills mentioned; title alignment 0.0/3.0; domain signals 6. Title relevance penalty 2.5 applied.",,,,,,,,"Remote, US (Remote)",https://idera.applytojob.com/apply/XDvE6ATwzi/Solution-Sales-Specialist-BitTitan?source=INDE&~,,,,2026-05-14T21:37:59.870693+00:00,not_checked_network_restricted,Not finalized: outbound link checking was blocked in sandbox.
,,,1,Regional Sales Executive - Automotive Marketing,,Dealer Alchemist,https://www.indeed.com/viewjob?jk=4d5b543f2df7cd06,remote,"Customer Success
Deterministic profile match: 1 profile skills mentioned; title alignment 0.0/3.0; domain signals 4. Title relevance penalty 2.5 applied.",,,,,,,,"Remote, US (Remote)",https://ht-jobs.net/tdm9qku?s=in,,,,2026-05-14T21:37:59.870693+00:00,not_checked_network_restricted,Not finalized: outbound link checking was blocked in sandbox.
,,,1,"Director, Operations Delivery Lead",,Healthmap Solutions,https://www.linkedin.com/jobs/view/4413580566,unknown,"Program Management, Presentation Skills
Deterministic profile match: 2 profile skills mentioned; title alignment 0.0/3.0; domain signals 4. Title relevance penalty 2.5 applied.",,,,,,,,,,,,,2026-05-14T21:37:59.870693+00:00,not_checked_network_restricted,Not finalized: outbound link checking was blocked in sandbox.
,,,1,Technical Sales Manager - Equipment,,Bucher Vaslin North America,https://www.indeed.com/viewjob?jk=1677fb83fd540af3,remote,Deterministic profile match: 0 profile skills mentioned; title alignment 0.0/3.0; domain signals 2. Title relevance penalty 2.5 applied.,,,,,,,,"Remote, US (Remote)",http://www.indeed.com/job/technical-sales-manager-equipment-1677fb83fd540af3,,,,2026-05-14T21:31:37.952938+00:00,not_checked_network_restricted,Not finalized: outbound link checking was blocked in sandbox.
,,,1,General Construction Cost Estimator-Federal,,BRS,https://www.indeed.com/viewjob?jk=8937363d7b8f30ed,hybrid,Deterministic profile match: 0 profile skills mentioned; title alignment 0.0/3.0; domain signals 1. Title relevance penalty 1.0 applied.,,,,,,"Remote, US (Remote)",,"Remote, US (Remote)",https://jobs.dayforcehcm.com/en-US/brs/PPSCANDIDATEPORTAL/jobs/31724,,,,2026-05-14T21:29:36.448824+00:00,not_checked_network_restricted,Not finalized: outbound link checking was blocked in sandbox.
,,,1,"EverPro - Cross-sell Account Executive (Remote, US)",,Evercommerce,https://www.indeed.com/viewjob?jk=0e22ac8cdf6b1dba,hybrid,"Program Management, Customer Success, Scheduling Management
Deterministic profile match: 3 profile skills mentioned; title alignment 0.0/3.0; domain signals 3. Title relevance penalty 2.5 applied.",,,,,,"Remote, US (Remote)",,"Remote, US (Remote)",https://careers.evercommerce.com/us/en/job/R-106139/EverPro-Cross-sell-Account-Executive-Remote-US,,,,2026-05-14T21:29:36.448824+00:00,not_checked_network_restricted,Not finalized: outbound link checking was blocked in sandbox.
